ISO-10303-21;
HEADER;
FILE_DESCRIPTION (( 'STEP AP214' ),
    '1' );
FILE_NAME ('bottom part.STEP',
    '2026-07-20T12:15:26',
    ( '' ),
    ( '' ),
    'SwSTEP 2.0',
    'SolidWorks 2023',
    '' );
FILE_SCHEMA (( 'AUTOMOTIVE_DESIGN' ));
ENDSEC;

DATA;
#1 = DIRECTION ( 'NONE',  ( -1.000000000000000000, -0.000000000000000000, -0.000000000000000000 ) ) ;
#2 = VERTEX_POINT ( 'NONE', #2313 ) ;
#3 = ORIENTED_EDGE ( 'NONE', *, *, #1917, .T. ) ;
#4 = FACE_BOUND ( 'NONE', #7142, .T. ) ;
#5 = VERTEX_POINT ( 'NONE', #2270 ) ;
#6 = LINE ( 'NONE', #1725, #3110 ) ;
#7 = AXIS2_PLACEMENT_3D ( 'NONE', #6051, #343, #6684 ) ;
#8 = APPLICATION_PROTOCOL_DEFINITION ( 'draft international standard', 'automotive_design', 1998, #677 ) ;
#9 = CARTESIAN_POINT ( 'NONE',  ( 44.99999999999996447, 74.99999999999998579, 2.000000000000000000 ) ) ;
#10 = ADVANCED_FACE ( 'NONE', ( #8071 ), #7445, .F. ) ;
#11 = LINE ( 'NONE', #2018, #3074 ) ;
#12 = ORIENTED_EDGE ( 'NONE', *, *, #7592, .T. ) ;
#13 = CARTESIAN_POINT ( 'NONE',  ( 56.39999999999997726, -3.500000000000000000, 0.000000000000000000 ) ) ;
#14 = VERTEX_POINT ( 'NONE', #6229 ) ;
#15 = FACE_OUTER_BOUND ( 'NONE', #4127, .T. ) ;
#16 = ORIENTED_EDGE ( 'NONE', *, *, #7665, .F. ) ;
#17 = CARTESIAN_POINT ( 'NONE',  ( 31.99999999999999289, -72.00000000000001421, 5.000000000000000000 ) ) ;
#18 = ORIENTED_EDGE ( 'NONE', *, *, #6528, .F. ) ;
#19 = PLANE ( 'NONE',  #1476 ) ;
#20 = VECTOR ( 'NONE', #1513, 1000.000000000000000 ) ;
#21 = ORIENTED_EDGE ( 'NONE', *, *, #7922, .T. ) ;
#22 = CARTESIAN_POINT ( 'NONE',  ( 71.99999999999998579, -10.00000000000002309, -6.123233995736766282E-16 ) ) ;
#23 = CARTESIAN_POINT ( 'NONE',  ( -75.00000000000002842, 6.999999999999978684, 5.000000000000000000 ) ) ;
#25 = ADVANCED_FACE ( 'NONE', ( #1727 ), #3603, .F. ) ;
#24 = DIRECTION ( 'NONE',  ( -0.000000000000000000, -0.000000000000000000, -1.000000000000000000 ) ) ;
#26 = ORIENTED_EDGE ( 'NONE', *, *, #489, .T. ) ;
#27 = PLANE ( 'NONE',  #632 ) ;
#28 = ORIENTED_EDGE ( 'NONE', *, *, #5383, .T. ) ;
#29 = CARTESIAN_POINT ( 'NONE',  ( 59.99999999999995737, 71.99999999999998579, 5.000000000000000000 ) ) ;
#30 = LINE ( 'NONE', #5865, #5995 ) ;
#31 = CARTESIAN_POINT ( 'NONE',  ( 74.99999999999998579, -10.00000000000002309, 5.000000000000000000 ) ) ;
#32 = COLOUR_RGB ( '',0.7921568627450980005, 0.8196078431372548767, 0.9333333333333333481 ) ;
#33 = CARTESIAN_POINT ( 'NONE',  ( 72.00000000000000000, -40.00000000000002132, 1.999999999999986677 ) ) ;
#34 = ADVANCED_FACE ( 'NONE', ( #6188 ), #4228, .F. ) ;
#35 = ORIENTED_EDGE ( 'NONE', *, *, #6616, .T. ) ;
#36 = VECTOR ( 'NONE', #7249, 1000.000000000000000 ) ;
#37 = EDGE_CURVE ( 'NONE', #6853, #2788, #5430, .T. ) ;
#38 = PLANE ( 'NONE',  #1253 ) ;
#39 = VECTOR ( 'NONE', #1721, 1000.000000000000000 ) ;
#40 = LINE ( 'NONE', #750, #2716 ) ;
#41 = DIRECTION ( 'NONE',  ( 0.000000000000000000, 0.000000000000000000, -1.000000000000000000 ) ) ;
#42 = ORIENTED_EDGE ( 'NONE', *, *, #4776, .T. ) ;
#43 = VECTOR ( 'NONE', #5978, 1000.000000000000000 ) ;
#44 = VECTOR ( 'NONE', #3704, 1000.000000000000000 ) ;
#45 = EDGE_CURVE ( 'NONE', #6972, #4438, #7986, .T. ) ;
#46 = ORIENTED_EDGE ( 'NONE', *, *, #4087, .F. ) ;
#47 = ORIENTED_EDGE ( 'NONE', *, *, #5386, .F. ) ;
#48 = PLANE ( 'NONE',  #1703 ) ;
#49 = ORIENTED_EDGE ( 'NONE', *, *, #5844, .F. ) ;
#50 = LINE ( 'NONE', #843, #2513 ) ;
#51 = FACE_OUTER_BOUND ( 'NONE', #5278, .T. ) ;
#52 = PLANE ( 'NONE',  #3876 ) ;
#53 = VECTOR ( 'NONE', #1726, 1000.000000000000000 ) ;
#54 = VECTOR ( 'NONE', #3167, 1000.000000000000000 ) ;
#55 = VERTEX_POINT ( 'NONE', #475 ) ;
#56 = ADVANCED_FACE ( 'NONE', ( #6813 ), #4770, .F. ) ;
#57 = CARTESIAN_POINT ( 'NONE',  ( -72.00000000000002842, -3.000000000000016431, 5.000000000000000000 ) ) ;
#58 = ORIENTED_EDGE ( 'NONE', *, *, #5862, .T. ) ;
#59 = VECTOR ( 'NONE', #2480, 1000.000000000000000 ) ;
#60 = PLANE ( 'NONE',  #496 ) ;
#61 = EDGE_LOOP ( 'NONE', ( #6848, #5884, #3906, #3860 ) ) ;
#62 = LINE ( 'NONE', #2616, #6966 ) ;
#63 = EDGE_LOOP ( 'NONE', ( #5510, #7140, #7812, #1066 ) ) ;
#64 = LINE ( 'NONE', #5688, #3335 ) ;
#65 = VECTOR ( 'NONE', #6459, 1000.000000000000000 ) ;
#66 = VERTEX_POINT ( 'NONE', #7483 ) ;
#67 = CARTESIAN_POINT ( 'NONE',  ( 74.99999999999997158, 74.99999999999998579, 5.000000000000000000 ) ) ;
#68 = CARTESIAN_POINT ( 'NONE',  ( -75.00000000000002842, 71.99999999999998579, 2.000000000000000000 ) ) ;
#69 = PLANE ( 'NONE',  #2056 ) ;
#70 = ORIENTED_EDGE ( 'NONE', *, *, #1990, .F. ) ;
#71 = PLANE ( 'NONE',  #8239 ) ;
#72 = AXIS2_PLACEMENT_3D ( 'NONE', #2661, #4528, #5117 ) ;
#73 = EDGE_LOOP ( 'NONE', ( #635, #4156, #7282, #6633 ) ) ;
#74 = DIRECTION ( 'NONE',  ( 0.000000000000000000, 1.000000000000000000, 0.000000000000000000 ) ) ;
#75 = CARTESIAN_POINT ( 'NONE',  ( 26.99999999999998934, -72.00000000000001421, 5.000000000000000000 ) ) ;
#76 = CARTESIAN_POINT ( 'NONE',  ( 72.00000000000000000, -40.00000000000002132, 1.999999999999986677 ) ) ;
#77 = DIRECTION ( 'NONE',  ( -1.000000000000000000, -1.850371707708594316E-16, 0.000000000000000000 ) ) ;
#78 = ORIENTED_EDGE ( 'NONE', *, *, #6864, .T. ) ;
#79 = CARTESIAN_POINT ( 'NONE',  ( -75.00000000000002842, 21.99999999999997868, 2.000000000000000000 ) ) ;
#80 = LINE ( 'NONE', #250, #453 ) ;
#81 = CARTESIAN_POINT ( 'NONE',  ( 41.99999999999999289, -72.00000000000001421, 1.999999999999982236 ) ) ;
#82 = CARTESIAN_POINT ( 'NONE',  ( 71.99999999999997158, 69.99999999999998579, 2.000000000000000000 ) ) ;
#83 = EDGE_CURVE ( 'NONE', #2724, #4190, #6141, .T. ) ;
#84 = EDGE_CURVE ( 'NONE', #2326, #4569, #8026, .T. ) ;
#85 = ORIENTED_EDGE ( 'NONE', *, *, #6793, .F. ) ;
#86 = EDGE_CURVE ( 'NONE', #1015, #3413, #4812, .T. ) ;
#87 = ORIENTED_EDGE ( 'NONE', *, *, #1995, .T. ) ;
#88 = ORIENTED_EDGE ( 'NONE', *, *, #2242, .T. ) ;
#89 = CARTESIAN_POINT ( 'NONE',  ( -75.00000000000002842, 71.99999999999998579, 2.000000000000000000 ) ) ;
#90 = VECTOR ( 'NONE', #1959, 1000.000000000000000 ) ;
#91 = LINE ( 'NONE', #2644, #6104 ) ;
#92 = LINE ( 'NONE', #1431, #1395 ) ;
#93 = CARTESIAN_POINT ( 'NONE',  ( -75.00000000000002842, 74.99999999999998579, 5.000000000000000000 ) ) ;
#94 = EDGE_CURVE ( 'NONE', #4751, #510, #3021, .T. ) ;
#95 = ORIENTED_EDGE ( 'NONE', *, *, #7154, .F. ) ;
#96 = EDGE_CURVE ( 'NONE', #347, #480, #1017, .T. ) ;
#97 = VECTOR ( 'NONE', #645, 1000.000000000000000 ) ;
#98 = LINE ( 'NONE', #5846, #6955 ) ;
#99 = ORIENTED_EDGE ( 'NONE', *, *, #4533, .T. ) ;
#100 = CARTESIAN_POINT ( 'NONE',  ( -72.00000000000002842, -23.00000000000002132, 5.000000000000000000 ) ) ;
#101 = VERTEX_POINT ( 'NONE', #389 ) ;
#102 = DIRECTION ( 'NONE',  ( 0.000000000000000000, 1.000000000000000000, 0.000000000000000000 ) ) ;
#103 = VERTEX_POINT ( 'NONE', #2934 ) ;
#104 = CARTESIAN_POINT ( 'NONE',  ( -68.00000000000000000, -75.00000000000001421, 5.000000000000000000 ) ) ;
#105 = VECTOR ( 'NONE', #3549, 1000.000000000000000 ) ;
#106 = EDGE_CURVE ( 'NONE', #7795, #6321, #8237, .T. ) ;
#107 = ORIENTED_EDGE ( 'NONE', *, *, #7818, .T. ) ;
#108 = FACE_OUTER_BOUND ( 'NONE', #5975, .T. ) ;
#109 = VECTOR ( 'NONE', #1583, 1000.000000000000000 ) ;
#110 = DIRECTION ( 'NONE',  ( -0.000000000000000000, -0.000000000000000000, -1.000000000000000000 ) ) ;
#111 = CARTESIAN_POINT ( 'NONE',  ( 56.99999999999998579, -72.00000000000001421, 5.000000000000000000 ) ) ;
#112 = ORIENTED_EDGE ( 'NONE', *, *, #2657, .F. ) ;
#113 = DIRECTION ( 'NONE',  ( 1.000000000000000000, 0.000000000000000000, 0.000000000000000000 ) ) ;
#114 = ORIENTED_EDGE ( 'NONE', *, *, #5796, .T. ) ;
#115 = LINE ( 'NONE', #7673, #90 ) ;
#116 = CARTESIAN_POINT ( 'NONE',  ( 5.100000000000008527, -57.99999999999997868, 15.00000000000000000 ) ) ;
#117 = ADVANCED_FACE ( 'NONE', ( #4350 ), #599, .F. ) ;
#118 = DIRECTION ( 'NONE',  ( 2.312964634635729250E-15, 0.000000000000000000, 1.000000000000000000 ) ) ;
#119 = CARTESIAN_POINT ( 'NONE',  ( 59.99999999999995737, 71.99999999999998579, 5.000000000000000000 ) ) ;
#120 = ORIENTED_EDGE ( 'NONE', *, *, #1462, .F. ) ;
#121 = LINE ( 'NONE', #7047, #2733 ) ;
#122 = DIRECTION ( 'NONE',  ( 0.000000000000000000, 0.000000000000000000, -1.000000000000000000 ) ) ;
#123 = PLANE ( 'NONE',  #1915 ) ;
#124 = CARTESIAN_POINT ( 'NONE',  ( -75.00000000000002842, 74.99999999999998579, 5.000000000000000000 ) ) ;
#125 = ORIENTED_EDGE ( 'NONE', *, *, #5950, .T. ) ;
#126 = ORIENTED_EDGE ( 'NONE', *, *, #4684, .F. ) ;
#127 = VERTEX_POINT ( 'NONE', #3816 ) ;
#128 = VERTEX_POINT ( 'NONE', #5016 ) ;
#129 = LINE ( 'NONE', #2060, #6768 ) ;
#130 = EDGE_CURVE ( 'NONE', #7910, #2476, #6351, .T. ) ;
#131 = CARTESIAN_POINT ( 'NONE',  ( -75.00000000000002842, 74.99999999999998579, 2.000000000000000000 ) ) ;
#132 = CARTESIAN_POINT ( 'NONE',  ( -75.00000000000002842, 31.99999999999997868, 2.000000000000000000 ) ) ;
#133 = CARTESIAN_POINT ( 'NONE',  ( -75.00000000000002842, 74.99999999999998579, 2.000000000000000000 ) ) ;
#134 = ORIENTED_EDGE ( 'NONE', *, *, #5394, .T. ) ;
#135 = AXIS2_PLACEMENT_3D ( 'NONE', #3634, #504, #1202 ) ;
#136 =( NAMED_UNIT ( * ) PLANE_ANGLE_UNIT ( ) SI_UNIT ( $, .RADIAN. ) );
#137 = VECTOR ( 'NONE', #2979, 1000.000000000000000 ) ;
#138 = VERTEX_POINT ( 'NONE', #3223 ) ;
#139 = CARTESIAN_POINT ( 'NONE',  ( -57.99999999999999289, -3.500000000000003109, 5.000000000000000888 ) ) ;
#140 = ADVANCED_FACE ( 'NONE', ( #3769 ), #1812, .F. ) ;
#141 = ORIENTED_EDGE ( 'NONE', *, *, #2569, .F. ) ;
#142 = CARTESIAN_POINT ( 'NONE',  ( -75.00000000000002842, 71.99999999999998579, 2.000000000000000000 ) ) ;
#143 = ORIENTED_EDGE ( 'NONE', *, *, #6979, .F. ) ;
#144 = ADVANCED_FACE ( 'NONE', ( #1891 ), #1301, .F. ) ;
#145 = VECTOR ( 'NONE', #1794, 1000.000000000000000 ) ;
#146 = ORIENTED_EDGE ( 'NONE', *, *, #6252, .T. ) ;
#147 = DIRECTION ( 'NONE',  ( 1.000000000000000000, 0.000000000000000000, 0.000000000000000000 ) ) ;
#148 = LINE ( 'NONE', #1993, #5704 ) ;
#149 = CARTESIAN_POINT ( 'NONE',  ( -72.00000000000002842, -53.00000000000000711, 2.000000000000000000 ) ) ;
#150 = EDGE_CURVE ( 'NONE', #6002, #7534, #5143, .T. ) ;
#151 = ORIENTED_EDGE ( 'NONE', *, *, #5317, .F. ) ;
#152 = VECTOR ( 'NONE', #4909, 1000.000000000000000 ) ;
#153 = DIRECTION ( 'NONE',  ( -1.000000000000000000, -1.850371707708594070E-16, 0.000000000000000000 ) ) ;
#154 = ORIENTED_EDGE ( 'NONE', *, *, #1477, .T. ) ;
#155 = DIRECTION ( 'NONE',  ( -0.000000000000000000, 1.000000000000000000, -0.000000000000000000 ) ) ;
#156 = CARTESIAN_POINT ( 'NONE',  ( 1.999999999999994893, -72.00000000000001421, 5.000000000000000000 ) ) ;
#157 = CARTESIAN_POINT ( 'NONE',  ( -25.00000000000004263, 71.99999999999998579, 2.000000000000000000 ) ) ;
#158 = LINE ( 'NONE', #2591, #3807 ) ;
#159 = DIRECTION ( 'NONE',  ( 1.000000000000000000, 0.000000000000000000, 0.000000000000000000 ) ) ;
#160 = EDGE_CURVE ( 'NONE', #5265, #6094, #3185, .T. ) ;
#161 = VERTEX_POINT ( 'NONE', #9 ) ;
#162 = PLANE ( 'NONE',  #4192 ) ;
#163 = DIRECTION ( 'NONE',  ( 1.914177628664063128E-16, -1.000000000000000000, -1.226270043362915368E-16 ) ) ;
#164 = DIRECTION ( 'NONE',  ( 0.000000000000000000, -1.000000000000000000, 0.000000000000000000 ) ) ;
#165 = DIRECTION ( 'NONE',  ( 1.000000000000000000, 0.000000000000000000, 0.000000000000000000 ) ) ;
#166 = ORIENTED_EDGE ( 'NONE', *, *, #6355, .F. ) ;
#167 = ORIENTED_EDGE ( 'NONE', *, *, #5958, .T. ) ;
#168 = ORIENTED_EDGE ( 'NONE', *, *, #3310, .T. ) ;
#169 =( GEOMETRIC_REPRESENTATION_CONTEXT ( 3 ) GLOBAL_UNCERTAINTY_ASSIGNED_CONTEXT ( ( #5617 ) ) GLOBAL_UNIT_ASSIGNED_CONTEXT ( ( #3311, #136, #5225 ) ) REPRESENTATION_CONTEXT ( 'NONE', 'WORKASPACE' ) );
#170 = EDGE_LOOP ( 'NONE', ( #5981, #1521, #838, #8163 ) ) ;
#171 = LINE ( 'NONE', #6515, #3702 ) ;
#172 = PLANE ( 'NONE',  #640 ) ;
#173 = DIRECTION ( 'NONE',  ( -1.000000000000000000, 0.000000000000000000, 0.000000000000000000 ) ) ;
#174 = CARTESIAN_POINT ( 'NONE',  ( -8.000000000000014211, -75.00000000000001421, 5.000000000000000000 ) ) ;
#175 = VECTOR ( 'NONE', #1223, 1000.000000000000000 ) ;
#176 = AXIS2_PLACEMENT_3D ( 'NONE', #675, #7100, #5927 ) ;
#177 = ORIENTED_EDGE ( 'NONE', *, *, #5438, .F. ) ;
#178 = VECTOR ( 'NONE', #912, 1000.000000000000000 ) ;
#179 = EDGE_CURVE ( 'NONE', #1275, #2055, #6892, .T. ) ;
#180 = LINE ( 'NONE', #5273, #6437 ) ;
#181 = ORIENTED_EDGE ( 'NONE', *, *, #7398, .F. ) ;
#182 = CARTESIAN_POINT ( 'NONE',  ( 1.999999999999994893, -75.00000000000001421, 5.000000000000000000 ) ) ;
#183 = ORIENTED_EDGE ( 'NONE', *, *, #7294, .F. ) ;
#184 = VECTOR ( 'NONE', #2269, 1000.000000000000000 ) ;
#185 = LINE ( 'NONE', #4564, #6164 ) ;
#186 = VECTOR ( 'NONE', #7549, 1000.000000000000000 ) ;
#187 = ORIENTED_EDGE ( 'NONE', *, *, #86, .F. ) ;
#188 = VERTEX_POINT ( 'NONE', #4513 ) ;
#189 = ADVANCED_FACE ( 'NONE', ( #51 ), #5718, .F. ) ;
#190 = EDGE_CURVE ( 'NONE', #6573, #6257, #7650, .T. ) ;
#191 = VECTOR ( 'NONE', #5396, 1000.000000000000000 ) ;
#192 = CARTESIAN_POINT ( 'NONE',  ( 71.99999999999997158, 54.99999999999997868, 5.000000000000000000 ) ) ;
#193 = EDGE_CURVE ( 'NONE', #6970, #7852, #556, .T. ) ;
#194 = CARTESIAN_POINT ( 'NONE',  ( 61.99999999999999289, -72.00000000000001421, 5.000000000000000000 ) ) ;
#195 = CARTESIAN_POINT ( 'NONE',  ( 19.99999999999996092, 71.99999999999998579, 5.000000000000000000 ) ) ;
#196 = AXIS2_PLACEMENT_3D ( 'NONE', #8182, #7551, #1838 ) ;
#197 = VERTEX_POINT ( 'NONE', #3895 ) ;
#198 = CARTESIAN_POINT ( 'NONE',  ( 74.99999999999998579, -15.00000000000001421, 0.000000000000000000 ) ) ;
#199 = ORIENTED_EDGE ( 'NONE', *, *, #2552, .F. ) ;
#200 = LINE ( 'NONE', #943, #8084 ) ;
#201 = DIRECTION ( 'NONE',  ( -1.000000000000000000, 0.000000000000000000, 2.312964634635729250E-15 ) ) ;
#202 = EDGE_CURVE ( 'NONE', #1099, #478, #4476, .T. ) ;
#203 = CARTESIAN_POINT ( 'NONE',  ( 71.99999999999997158, 69.99999999999998579, 2.000000000000000000 ) ) ;
#204 = EDGE_CURVE ( 'NONE', #3818, #2427, #5761, .T. ) ;
#205 = VECTOR ( 'NONE', #1741, 1000.000000000000000 ) ;
#206 = DIRECTION ( 'NONE',  ( -0.000000000000000000, -1.000000000000000000, -0.000000000000000000 ) ) ;
#207 = ORIENTED_EDGE ( 'NONE', *, *, #7689, .T. ) ;
#208 = FACE_OUTER_BOUND ( 'NONE', #1220, .T. ) ;
#209 = CARTESIAN_POINT ( 'NONE',  ( 34.99999999999995737, 74.99999999999998579, 5.000000000000000000 ) ) ;
#210 = DIRECTION ( 'NONE',  ( 0.000000000000000000, -1.000000000000000000, -4.625929269271485322E-15 ) ) ;
#211 = CARTESIAN_POINT ( 'NONE',  ( 71.99999999999997158, 69.99999999999998579, 2.000000000000000000 ) ) ;
#212 = EDGE_CURVE ( 'NONE', #5415, #2122, #5593, .T. ) ;
#213 = ORIENTED_EDGE ( 'NONE', *, *, #2962, .T. ) ;
#214 = ORIENTED_EDGE ( 'NONE', *, *, #3628, .F. ) ;
#215 = EDGE_LOOP ( 'NONE', ( #3569, #4059, #6362, #559 ) ) ;
#216 = ORIENTED_EDGE ( 'NONE', *, *, #2185, .T. ) ;
#217 = ORIENTED_EDGE ( 'NONE', *, *, #2601, .F. ) ;
#218 = DIRECTION ( 'NONE',  ( -0.000000000000000000, -0.000000000000000000, -1.000000000000000000 ) ) ;
#219 = CARTESIAN_POINT ( 'NONE',  ( 5.100000000000008527, 57.99999999999997868, 15.00000000000000000 ) ) ;
#220 = DIRECTION ( 'NONE',  ( -1.850371707708594316E-16, 1.000000000000000000, -0.000000000000000000 ) ) ;
#221 = CARTESIAN_POINT ( 'NONE',  ( -75.00000000000002842, 71.99999999999998579, 2.000000000000000000 ) ) ;
#222 = EDGE_CURVE ( 'NONE', #7968, #390, #3728, .T. ) ;
#223 = ORIENTED_EDGE ( 'NONE', *, *, #4734, .F. ) ;
#224 = AXIS2_PLACEMENT_3D ( 'NONE', #7292, #241, #5405 ) ;
#225 = CARTESIAN_POINT ( 'NONE',  ( -72.00000000000002842, -38.00000000000002842, 5.000000000000000000 ) ) ;
#226 = ORIENTED_EDGE ( 'NONE', *, *, #773, .F. ) ;
#227 = DIRECTION ( 'NONE',  ( 1.000000000000000000, 0.000000000000000000, 0.000000000000000000 ) ) ;
#228 = VERTEX_POINT ( 'NONE', #3099 ) ;
#229 = LINE ( 'NONE', #7868, #2714 ) ;
#230 = ORIENTED_EDGE ( 'NONE', *, *, #5938, .T. ) ;
#231 = AXIS2_PLACEMENT_3D ( 'NONE', #5934, #1481, #3229 ) ;
#232 = ORIENTED_EDGE ( 'NONE', *, *, #4533, .F. ) ;
#233 = CARTESIAN_POINT ( 'NONE',  ( -72.00000000000002842, -33.00000000000001421, 5.000000000000000000 ) ) ;
#234 = CARTESIAN_POINT ( 'NONE',  ( -72.00000000000002842, 74.99999999999998579, 5.000000000000000000 ) ) ;
#235 = FACE_OUTER_BOUND ( 'NONE', #3476, .T. ) ;
#236 = VERTEX_POINT ( 'NONE', #6932 ) ;
#237 = VECTOR ( 'NONE', #7054, 1000.000000000000000 ) ;
#238 = CARTESIAN_POINT ( 'NONE',  ( 61.99999999999998579, -75.00000000000001421, 1.999999999999982236 ) ) ;
#239 = ORIENTED_EDGE ( 'NONE', *, *, #6126, .F. ) ;
#240 = ADVANCED_FACE ( 'NONE', ( #8197 ), #1215, .F. ) ;
#241 = DIRECTION ( 'NONE',  ( 0.000000000000000000, 1.000000000000000000, 0.000000000000000000 ) ) ;
#242 = CARTESIAN_POINT ( 'NONE',  ( -75.00000000000002842, 21.99999999999997868, 5.000000000000000000 ) ) ;
#243 = VECTOR ( 'NONE', #6946, 1000.000000000000000 ) ;
#244 = DIRECTION ( 'NONE',  ( 1.000000000000000000, 1.850371707708594070E-16, 0.000000000000000000 ) ) ;
#245 = DIRECTION ( 'NONE',  ( 1.000000000000000000, 1.850371707708594070E-16, -0.000000000000000000 ) ) ;
#246 = VERTEX_POINT ( 'NONE', #2807 ) ;
#247 = EDGE_CURVE ( 'NONE', #6527, #1790, #6517, .T. ) ;
#248 = DIRECTION ( 'NONE',  ( 1.850371707708594070E-16, -1.000000000000000000, 0.000000000000000000 ) ) ;
#249 = VECTOR ( 'NONE', #4530, 1000.000000000000000 ) ;
#250 = CARTESIAN_POINT ( 'NONE',  ( 72.00000000000000000, -55.00000000000002132, 5.000000000000000000 ) ) ;
#251 = FACE_OUTER_BOUND ( 'NONE', #7205, .T. ) ;
#252 = DIRECTION ( 'NONE',  ( -1.000000000000000000, -0.000000000000000000, -0.000000000000000000 ) ) ;
#253 = EDGE_CURVE ( 'NONE', #5931, #3591, #799, .T. ) ;
#254 = VERTEX_POINT ( 'NONE', #844 ) ;
#255 = ORIENTED_EDGE ( 'NONE', *, *, #5250, .F. ) ;
#256 = VERTEX_POINT ( 'NONE', #5882 ) ;
#257 = CARTESIAN_POINT ( 'NONE',  ( -72.00000000000002842, -58.00000000000001421, 2.000000000000000000 ) ) ;
#258 = EDGE_CURVE ( 'NONE', #6859, #2189, #3392, .T. ) ;
#259 = CARTESIAN_POINT ( 'NONE',  ( 57.00000000000000000, -72.00000000000001421, 1.999999999999982236 ) ) ;
#260 = LINE ( 'NONE', #2294, #2473 ) ;
#261 = DIRECTION ( 'NONE',  ( -0.000000000000000000, -1.000000000000000000, -0.000000000000000000 ) ) ;
#262 = LINE ( 'NONE', #2809, #5592 ) ;
#263 = ORIENTED_EDGE ( 'NONE', *, *, #5530, .T. ) ;
#264 = DIRECTION ( 'NONE',  ( 0.000000000000000000, 4.625929269271485322E-15, -1.000000000000000000 ) ) ;
#265 = ORIENTED_EDGE ( 'NONE', *, *, #1929, .F. ) ;
#266 = FACE_OUTER_BOUND ( 'NONE', #1530, .T. ) ;
#267 = ADVANCED_FACE ( 'NONE', ( #5345 ), #2105, .F. ) ;
#268 = EDGE_LOOP ( 'NONE', ( #6816, #6804, #3103, #6884 ) ) ;
#269 = CARTESIAN_POINT ( 'NONE',  ( 72.00000000000000000, -75.00000000000001421, 1.999999999999982236 ) ) ;
#270 = ORIENTED_EDGE ( 'NONE', *, *, #5135, .F. ) ;
#271 = ORIENTED_EDGE ( 'NONE', *, *, #959, .F. ) ;
#272 = VERTEX_POINT ( 'NONE', #132 ) ;
#273 = VECTOR ( 'NONE', #3527, 1000.000000000000000 ) ;
#274 = CARTESIAN_POINT ( 'NONE',  ( 71.99999999999998579, 29.99999999999997868, -6.123233995736766282E-16 ) ) ;
#275 = DIRECTION ( 'NONE',  ( -1.000000000000000000, -0.000000000000000000, -0.000000000000000000 ) ) ;
#276 = LINE ( 'NONE', #5324, #3116 ) ;
#277 = ORIENTED_EDGE ( 'NONE', *, *, #1045, .T. ) ;
#278 = LINE ( 'NONE', #1362, #5763 ) ;
#279 = ORIENTED_EDGE ( 'NONE', *, *, #3731, .F. ) ;
#280 = DIRECTION ( 'NONE',  ( 0.000000000000000000, -1.000000000000000000, 0.000000000000000000 ) ) ;
#281 = VECTOR ( 'NONE', #4673, 1000.000000000000000 ) ;
#282 = CARTESIAN_POINT ( 'NONE',  ( 71.99999999999998579, -20.00000000000001776, 1.999999999999989120 ) ) ;
#283 = EDGE_CURVE ( 'NONE', #4771, #8036, #2769, .T. ) ;
#284 = FACE_OUTER_BOUND ( 'NONE', #7362, .T. ) ;
#285 = VECTOR ( 'NONE', #339, 1000.000000000000000 ) ;
#286 = CARTESIAN_POINT ( 'NONE',  ( 57.99999999999999289, 3.500000000000003109, 15.00000000000000000 ) ) ;
#287 = VERTEX_POINT ( 'NONE', #5841 ) ;
#288 = DIRECTION ( 'NONE',  ( 2.312964634635729250E-15, 0.000000000000000000, 1.000000000000000000 ) ) ;
#289 = PLANE ( 'NONE',  #588 ) ;
#290 = CARTESIAN_POINT ( 'NONE',  ( -56.39999999999999147, -3.500000000000003109, 0.000000000000000000 ) ) ;
#291 = AXIS2_PLACEMENT_3D ( 'NONE', #6875, #1157, #8220 ) ;
#292 = ORIENTED_EDGE ( 'NONE', *, *, #4415, .F. ) ;
#293 = EDGE_CURVE ( 'NONE', #4309, #7453, #5929, .T. ) ;
#294 = EDGE_CURVE ( 'NONE', #3365, #2, #92, .T. ) ;
#295 = VERTEX_POINT ( 'NONE', #6477 ) ;
#296 = CARTESIAN_POINT ( 'NONE',  ( -48.00000000000001421, -72.00000000000001421, 1.999999999999982236 ) ) ;
#297 = LINE ( 'NONE', #2846, #1087 ) ;
#298 = DIRECTION ( 'NONE',  ( -0.000000000000000000, 1.000000000000000000, -0.000000000000000000 ) ) ;
#299 = CARTESIAN_POINT ( 'NONE',  ( -75.00000000000002842, 71.99999999999998579, 2.000000000000000000 ) ) ;
#300 = ORIENTED_EDGE ( 'NONE', *, *, #1129, .T. ) ;
#301 = EDGE_CURVE ( 'NONE', #6197, #6527, #7101, .T. ) ;
#302 = VECTOR ( 'NONE', #8074, 1000.000000000000000 ) ;
#303 = CARTESIAN_POINT ( 'NONE',  ( 59.59999999999998721, -3.500000000000000000, 0.000000000000000000 ) ) ;
#304 = ADVANCED_FACE ( 'NONE', ( #7896 ), #4682, .F. ) ;
#305 = ORIENTED_EDGE ( 'NONE', *, *, #7457, .T. ) ;
#306 = CARTESIAN_POINT ( 'NONE',  ( -72.00000000000002842, 71.99999999999998579, 0.000000000000000000 ) ) ;
#307 = VERTEX_POINT ( 'NONE', #7773 ) ;
#308 = LINE ( 'NONE', #2898, #1516 ) ;
#309 = EDGE_LOOP ( 'NONE', ( #3858, #6591, #5050, #7729 ) ) ;
#310 = VECTOR ( 'NONE', #5364, 1000.000000000000000 ) ;
#311 = ORIENTED_EDGE ( 'NONE', *, *, #6908, .T. ) ;
#312 = DIRECTION ( 'NONE',  ( 1.000000000000000000, -0.000000000000000000, 4.625929269271458501E-15 ) ) ;
#313 = VECTOR ( 'NONE', #5624, 1000.000000000000000 ) ;
#314 = VECTOR ( 'NONE', #4344, 1000.000000000000000 ) ;
#315 = ORIENTED_EDGE ( 'NONE', *, *, #3759, .F. ) ;
#316 = EDGE_CURVE ( 'NONE', #2153, #1409, #2062, .T. ) ;
#317 = DIRECTION ( 'NONE',  ( -1.000000000000000000, -0.000000000000000000, -0.000000000000000000 ) ) ;
#318 = VECTOR ( 'NONE', #693, 1000.000000000000000 ) ;
#319 = LINE ( 'NONE', #5361, #6378 ) ;
#320 = DIRECTION ( 'NONE',  ( 1.000000000000000000, 1.850371707708594070E-16, 0.000000000000000000 ) ) ;
#321 = CARTESIAN_POINT ( 'NONE',  ( 19.99999999999996092, 71.99999999999998579, 5.000000000000000000 ) ) ;
#322 = ORIENTED_EDGE ( 'NONE', *, *, #2112, .T. ) ;
#323 = DIRECTION ( 'NONE',  ( 1.000000000000000000, 0.000000000000000000, 0.000000000000000000 ) ) ;
#324 = DIRECTION ( 'NONE',  ( -1.000000000000000000, -1.850371707708594070E-16, 0.000000000000000000 ) ) ;
#325 = VECTOR ( 'NONE', #7761, 1000.000000000000000 ) ;
#326 = AXIS2_PLACEMENT_3D ( 'NONE', #5171, #3883, #1418 ) ;
#327 = LINE ( 'NONE', #5444, #873 ) ;
#328 = CARTESIAN_POINT ( 'NONE',  ( 16.99999999999998579, -72.00000000000001421, 5.000000000000000000 ) ) ;
#329 = DIRECTION ( 'NONE',  ( -1.000000000000000000, 0.000000000000000000, 0.000000000000000000 ) ) ;
#330 = VECTOR ( 'NONE', #2142, 1000.000000000000000 ) ;
#331 = EDGE_LOOP ( 'NONE', ( #2609, #4888, #3482, #2478 ) ) ;
#332 = CARTESIAN_POINT ( 'NONE',  ( -72.00000000000002842, -72.00000000000001421, 1.999999999999982236 ) ) ;
#333 = CARTESIAN_POINT ( 'NONE',  ( 71.99999999999997158, 69.99999999999998579, 2.000000000000000000 ) ) ;
#334 = CARTESIAN_POINT ( 'NONE',  ( 72.00000000000000000, -65.00000000000002842, 5.000000000000000000 ) ) ;
#335 = AXIS2_PLACEMENT_3D ( 'NONE', #2167, #1618, #1661 ) ;
#336 = VERTEX_POINT ( 'NONE', #4062 ) ;
#337 = VERTEX_POINT ( 'NONE', #4602 ) ;
#338 = LINE ( 'NONE', #5307, #2243 ) ;
#339 = DIRECTION ( 'NONE',  ( 1.914177628664063128E-16, -1.000000000000000000, -1.226270043362915368E-16 ) ) ;
#340 = EDGE_CURVE ( 'NONE', #5579, #4853, #1670, .T. ) ;
#341 = EDGE_CURVE ( 'NONE', #6798, #6659, #884, .T. ) ;
#342 = PLANE ( 'NONE',  #7059 ) ;
#343 = DIRECTION ( 'NONE',  ( -0.000000000000000000, 1.000000000000000000, 0.000000000000000000 ) ) ;
#344 = EDGE_CURVE ( 'NONE', #3786, #7276, #260, .T. ) ;
#345 = ORIENTED_EDGE ( 'NONE', *, *, #1485, .F. ) ;
#346 = FACE_OUTER_BOUND ( 'NONE', #1416, .T. ) ;
#347 = VERTEX_POINT ( 'NONE', #7189 ) ;
#348 = DIRECTION ( 'NONE',  ( 1.000000000000000000, 0.000000000000000000, 0.000000000000000000 ) ) ;
#349 = ORIENTED_EDGE ( 'NONE', *, *, #8155, .F. ) ;
#350 = LINE ( 'NONE', #7985, #43 ) ;
#351 = VERTEX_POINT ( 'NONE', #7383 ) ;
#352 = ADVANCED_FACE ( 'NONE', ( #1472 ), #1667, .F. ) ;
#353 = VERTEX_POINT ( 'NONE', #2017 ) ;
#354 = CARTESIAN_POINT ( 'NONE',  ( 0.000000000000000000, 0.000000000000000000, 5.000000000000000000 ) ) ;
#355 = EDGE_CURVE ( 'NONE', #2497, #6542, #1387, .T. ) ;
#356 = VERTEX_POINT ( 'NONE', #6123 ) ;
#357 = DIRECTION ( 'NONE',  ( 1.850371707708594070E-16, -1.000000000000000000, 0.000000000000000000 ) ) ;
#358 = LINE ( 'NONE', #4234, #5972 ) ;
#359 = ORIENTED_EDGE ( 'NONE', *, *, #3205, .F. ) ;
#360 = DIRECTION ( 'NONE',  ( -0.000000000000000000, -4.625929269271485322E-15, 1.000000000000000000 ) ) ;
#361 = EDGE_LOOP ( 'NONE', ( #2743, #95, #1168, #7196 ) ) ;
#362 = EDGE_CURVE ( 'NONE', #3445, #4030, #4249, .T. ) ;
#363 = CARTESIAN_POINT ( 'NONE',  ( -75.00000000000002842, -75.00000000000001421, 5.000000000000000000 ) ) ;
#364 = CARTESIAN_POINT ( 'NONE',  ( 49.99999999999996447, 74.99999999999998579, 5.000000000000000000 ) ) ;
#365 = CARTESIAN_POINT ( 'NONE',  ( -72.00000000000002842, -72.00000000000001421, 1.999999999999982236 ) ) ;
#366 = AXIS2_PLACEMENT_3D ( 'NONE', #6235, #3149, #1856 ) ;
#367 = CARTESIAN_POINT ( 'NONE',  ( -75.00000000000002842, 74.99999999999998579, 5.000000000000000000 ) ) ;
#368 = DIRECTION ( 'NONE',  ( -0.000000000000000000, -0.000000000000000000, -1.000000000000000000 ) ) ;
#369 = ORIENTED_EDGE ( 'NONE', *, *, #5885, .F. ) ;
#370 = EDGE_LOOP ( 'NONE', ( #7703, #4395, #3698, #2324 ) ) ;
#371 = ADVANCED_FACE ( 'NONE', ( #2959 ), #8050, .F. ) ;
#372 = DIRECTION ( 'NONE',  ( -0.000000000000000000, 0.000000000000000000, 1.000000000000000000 ) ) ;
#373 = DIRECTION ( 'NONE',  ( 1.000000000000000000, 0.000000000000000000, 0.000000000000000000 ) ) ;
#374 = DIRECTION ( 'NONE',  ( 0.000000000000000000, -1.000000000000000000, 0.000000000000000000 ) ) ;
#375 = AXIS2_PLACEMENT_3D ( 'NONE', #5035, #4494, #7582 ) ;
#376 = VECTOR ( 'NONE', #110, 1000.000000000000000 ) ;
#377 = VERTEX_POINT ( 'NONE', #2338 ) ;
#378 = LINE ( 'NONE', #5926, #6637 ) ;
#379 = CARTESIAN_POINT ( 'NONE',  ( 1.999999999999988010, -72.00000000000001421, 1.999999999999982236 ) ) ;
#380 = LINE ( 'NONE', #4761, #3071 ) ;
#381 = LINE ( 'NONE', #2263, #6268 ) ;
#382 = ORIENTED_EDGE ( 'NONE', *, *, #3888, .T. ) ;
#383 = EDGE_CURVE ( 'NONE', #5074, #3953, #4876, .T. ) ;
#384 = CARTESIAN_POINT ( 'NONE',  ( -1.899999999999987477, 57.99999999999997868, 0.000000000000000000 ) ) ;
#385 = ORIENTED_EDGE ( 'NONE', *, *, #4970, .T. ) ;
#386 = CARTESIAN_POINT ( 'NONE',  ( 74.99999999999998579, 24.99999999999998224, 5.000000000000000000 ) ) ;
#387 = ORIENTED_EDGE ( 'NONE', *, *, #2646, .F. ) ;
#388 = LINE ( 'NONE', #7279, #4049 ) ;
#389 = CARTESIAN_POINT ( 'NONE',  ( 74.99999999999998579, 34.99999999999998579, 5.000000000000000000 ) ) ;
#390 = VERTEX_POINT ( 'NONE', #3842 ) ;
#391 = LINE ( 'NONE', #1138, #1076 ) ;
#392 = VERTEX_POINT ( 'NONE', #6380 ) ;
#393 = EDGE_CURVE ( 'NONE', #2012, #2497, #2044, .T. ) ;
#394 = CARTESIAN_POINT ( 'NONE',  ( -72.00000000000002842, -33.00000000000000000, 2.000000000000000000 ) ) ;
#395 = EDGE_LOOP ( 'NONE', ( #6655, #85, #2099, #6174 ) ) ;
#396 = CARTESIAN_POINT ( 'NONE',  ( 44.99999999999996447, 71.99999999999998579, 5.000000000000000000 ) ) ;
#397 = ORIENTED_EDGE ( 'NONE', *, *, #2710, .T. ) ;
#398 = EDGE_CURVE ( 'NONE', #6653, #5474, #2997, .T. ) ;
#399 = LINE ( 'NONE', #1575, #4706 ) ;
#400 = ORIENTED_EDGE ( 'NONE', *, *, #3298, .F. ) ;
#401 = CARTESIAN_POINT ( 'NONE',  ( 9.999999999999968026, 71.99999999999998579, 5.000000000000000000 ) ) ;
#402 = DIRECTION ( 'NONE',  ( 0.000000000000000000, -0.000000000000000000, -1.000000000000000000 ) ) ;
#403 = VECTOR ( 'NONE', #6402, 1000.000000000000000 ) ;
#404 = EDGE_CURVE ( 'NONE', #6553, #6555, #5868, .T. ) ;
#405 = DIRECTION ( 'NONE',  ( -4.625929269271458501E-15, -0.000000000000000000, 1.000000000000000000 ) ) ;
#406 = LINE ( 'NONE', #6076, #3580 ) ;
#407 = CARTESIAN_POINT ( 'NONE',  ( 71.99999999999997158, 44.99999999999998579, 5.000000000000000000 ) ) ;
#408 = VERTEX_POINT ( 'NONE', #4541 ) ;
#409 = AXIS2_PLACEMENT_3D ( 'NONE', #221, #7861, #4724 ) ;
#410 = EDGE_LOOP ( 'NONE', ( #7603, #777, #4736, #5849 ) ) ;
#411 = DIRECTION ( 'NONE',  ( -2.312964634635729250E-15, 0.000000000000000000, -1.000000000000000000 ) ) ;
#412 = DIRECTION ( 'NONE',  ( 1.000000000000000000, 1.850371707708594070E-16, -0.000000000000000000 ) ) ;
#413 = FACE_OUTER_BOUND ( 'NONE', #4594, .T. ) ;
#414 = CARTESIAN_POINT ( 'NONE',  ( 71.99999999999997158, 44.99999999999998579, 1.999999999999997113 ) ) ;
#415 = VECTOR ( 'NONE', #1040, 1000.000000000000000 ) ;
#416 = EDGE_CURVE ( 'NONE', #3685, #2815, #4462, .T. ) ;
#417 = EDGE_LOOP ( 'NONE', ( #6015, #214, #3872, #687 ) ) ;
#418 = DIRECTION ( 'NONE',  ( -1.000000000000000000, -1.850371707708594070E-16, 0.000000000000000000 ) ) ;
#419 = DIRECTION ( 'NONE',  ( 1.914177628664063128E-16, -1.000000000000000000, -1.226270043362915368E-16 ) ) ;
#420 = DIRECTION ( 'NONE',  ( -1.000000000000000000, 0.000000000000000000, 2.312964634635729250E-15 ) ) ;
#421 = PLANE ( 'NONE',  #7 ) ;
#422 = EDGE_LOOP ( 'NONE', ( #1145, #2025, #5009, #7623 ) ) ;
#423 = DIRECTION ( 'NONE',  ( -2.312964634635729250E-15, 0.000000000000000000, -1.000000000000000000 ) ) ;
#424 = ORIENTED_EDGE ( 'NONE', *, *, #7073, .F. ) ;
#425 = CARTESIAN_POINT ( 'NONE',  ( 71.99999999999998579, -35.00000000000001421, 5.000000000000000000 ) ) ;
#426 = ORIENTED_EDGE ( 'NONE', *, *, #1322, .T. ) ;
#427 = LINE ( 'NONE', #4227, #184 ) ;
#428 = DIRECTION ( 'NONE',  ( -1.850371707708594070E-16, 1.000000000000000000, 0.000000000000000000 ) ) ;
#429 = DIRECTION ( 'NONE',  ( 0.000000000000000000, -1.000000000000000000, -1.226270043362915368E-16 ) ) ;
#430 = EDGE_CURVE ( 'NONE', #2772, #8024, #1370, .T. ) ;
#431 = EDGE_LOOP ( 'NONE', ( #7502, #3498, #3358, #143 ) ) ;
#432 = VECTOR ( 'NONE', #3485, 1000.000000000000000 ) ;
#433 = DIRECTION ( 'NONE',  ( 0.000000000000000000, -1.000000000000000000, 0.000000000000000000 ) ) ;
#434 = CARTESIAN_POINT ( 'NONE',  ( 11.99999999999998934, -75.00000000000001421, 5.000000000000000000 ) ) ;
#435 = VECTOR ( 'NONE', #5850, 1000.000000000000000 ) ;
#436 = LINE ( 'NONE', #4864, #7103 ) ;
#437 = AXIS2_PLACEMENT_3D ( 'NONE', #4749, #7298, #6668 ) ;
#438 = ORIENTED_EDGE ( 'NONE', *, *, #5224, .T. ) ;
#439 = DIRECTION ( 'NONE',  ( -4.625929269271485322E-15, -0.000000000000000000, 1.000000000000000000 ) ) ;
#440 = ADVANCED_FACE ( 'NONE', ( #7003 ), #5251, .F. ) ;
#441 = EDGE_CURVE ( 'NONE', #5973, #1161, #1413, .T. ) ;
#442 = DIRECTION ( 'NONE',  ( -0.000000000000000000, 1.000000000000000000, -0.000000000000000000 ) ) ;
#443 = CIRCLE ( 'NONE', #2587, 1.600000000000005196 ) ;
#444 = EDGE_CURVE ( 'NONE', #3145, #1546, #1329, .T. ) ;
#445 = VECTOR ( 'NONE', #4430, 1000.000000000000000 ) ;
#446 = FACE_OUTER_BOUND ( 'NONE', #63, .T. ) ;
#447 = LINE ( 'NONE', #2994, #6504 ) ;
#448 = DIRECTION ( 'NONE',  ( 1.914177628664063128E-16, -1.000000000000000000, -1.226270043362915368E-16 ) ) ;
#449 = VERTEX_POINT ( 'NONE', #784 ) ;
#450 = ORIENTED_EDGE ( 'NONE', *, *, #1377, .T. ) ;
#451 = CARTESIAN_POINT ( 'NONE',  ( 71.99999999999998579, 14.99999999999998579, 5.000000000000000000 ) ) ;
#452 = LINE ( 'NONE', #3546, #5116 ) ;
#453 = VECTOR ( 'NONE', #5335, 1000.000000000000000 ) ;
#454 = EDGE_CURVE ( 'NONE', #1427, #1551, #746, .T. ) ;
#455 = DIRECTION ( 'NONE',  ( 1.000000000000000000, 1.850371707708594070E-16, -0.000000000000000000 ) ) ;
#456 = EDGE_CURVE ( 'NONE', #5943, #5613, #158, .T. ) ;
#457 = DIRECTION ( 'NONE',  ( -1.000000000000000000, -0.000000000000000000, -0.000000000000000000 ) ) ;
#458 = VECTOR ( 'NONE', #6737, 1000.000000000000000 ) ;
#459 = ORIENTED_EDGE ( 'NONE', *, *, #6571, .T. ) ;
#460 = LINE ( 'NONE', #5499, #7701 ) ;
#461 = VECTOR ( 'NONE', #4289, 1000.000000000000000 ) ;
#462 = LINE ( 'NONE', #583, #1355 ) ;
#463 = EDGE_CURVE ( 'NONE', #3079, #6890, #2087, .T. ) ;
#464 = DIRECTION ( 'NONE',  ( 1.000000000000000000, 1.850371707708594070E-16, -0.000000000000000000 ) ) ;
#465 = DIRECTION ( 'NONE',  ( -0.000000000000000000, -1.000000000000000000, -0.000000000000000000 ) ) ;
#466 = VECTOR ( 'NONE', #2711, 1000.000000000000000 ) ;
#467 = ORIENTED_EDGE ( 'NONE', *, *, #7899, .F. ) ;
#468 = DIRECTION ( 'NONE',  ( 1.914177628664063128E-16, -1.000000000000000000, -1.226270043362915368E-16 ) ) ;
#469 = ORIENTED_EDGE ( 'NONE', *, *, #6214, .F. ) ;
#470 = AXIS2_PLACEMENT_3D ( 'NONE', #5157, #1444, #4451 ) ;
#471 = CARTESIAN_POINT ( 'NONE',  ( 71.99999999999997158, 69.99999999999998579, 2.000000000000000000 ) ) ;
#472 = EDGE_LOOP ( 'NONE', ( #2245, #7934, #5395, #680 ) ) ;
#473 = FACE_OUTER_BOUND ( 'NONE', #5358, .T. ) ;
#474 = DIRECTION ( 'NONE',  ( 1.000000000000000000, 1.850371707708594070E-16, -0.000000000000000000 ) ) ;
#475 = CARTESIAN_POINT ( 'NONE',  ( 75.00000000000000000, -55.00000000000002132, 1.999999999999984901 ) ) ;
#476 = EDGE_CURVE ( 'NONE', #2681, #4944, #827, .T. ) ;
#477 = CARTESIAN_POINT ( 'NONE',  ( -75.00000000000002842, 74.99999999999998579, 5.000000000000000000 ) ) ;
#478 = VERTEX_POINT ( 'NONE', #7172 ) ;
#479 = CARTESIAN_POINT ( 'NONE',  ( -72.00000000000002842, 36.99999999999999289, 2.000000000000000000 ) ) ;
#480 = VERTEX_POINT ( 'NONE', #5827 ) ;
#481 = CARTESIAN_POINT ( 'NONE',  ( -5.099999999999998757, -57.99999999999997868, 5.000000000000000888 ) ) ;
#482 = LINE ( 'NONE', #3027, #1239 ) ;
#483 = ORIENTED_EDGE ( 'NONE', *, *, #1961, .T. ) ;
#484 = DIRECTION ( 'NONE',  ( 1.000000000000000000, 1.850371707708594070E-16, -0.000000000000000000 ) ) ;
#485 = CARTESIAN_POINT ( 'NONE',  ( -75.00000000000002842, 74.99999999999998579, 5.000000000000000000 ) ) ;
#486 = LINE ( 'NONE', #3117, #2873 ) ;
#487 = DIRECTION ( 'NONE',  ( -4.625929269271485322E-15, -0.000000000000000000, 1.000000000000000000 ) ) ;
#489 = EDGE_CURVE ( 'NONE', #1762, #3297, #5128, .T. ) ;
#488 = LINE ( 'NONE', #4453, #4979 ) ;
#490 = VECTOR ( 'NONE', #3578, 1000.000000000000000 ) ;
#491 = VERTEX_POINT ( 'NONE', #4501 ) ;
#492 = ORIENTED_EDGE ( 'NONE', *, *, #6785, .T. ) ;
#493 = CARTESIAN_POINT ( 'NONE',  ( 71.99999999999998579, -25.00000000000002132, 5.000000000000000000 ) ) ;
#494 = LINE ( 'NONE', #575, #2064 ) ;
#495 = DIRECTION ( 'NONE',  ( -0.000000000000000000, -0.000000000000000000, -1.000000000000000000 ) ) ;
#496 = AXIS2_PLACEMENT_3D ( 'NONE', #6483, #7866, #2069 ) ;
#497 = CARTESIAN_POINT ( 'NONE',  ( 59.99999999999997158, 71.99999999999998579, 2.000000000000000000 ) ) ;
#498 = ADVANCED_FACE ( 'NONE', ( #1455 ), #2671, .F. ) ;
#499 = EDGE_LOOP ( 'NONE', ( #1518, #187, #7414, #7113 ) ) ;
#500 = ADVANCED_FACE ( 'NONE', ( #4001 ), #6543, .F. ) ;
#501 = DIRECTION ( 'NONE',  ( 0.000000000000000000, -1.000000000000000000, -1.226270043362915368E-16 ) ) ;
#502 = VECTOR ( 'NONE', #6330, 1000.000000000000000 ) ;
#503 = ORIENTED_EDGE ( 'NONE', *, *, #7871, .F. ) ;
#504 = DIRECTION ( 'NONE',  ( -0.000000000000000000, 0.000000000000000000, 1.000000000000000000 ) ) ;
#505 = LINE ( 'NONE', #6090, #539 ) ;
#506 = ORIENTED_EDGE ( 'NONE', *, *, #8188, .F. ) ;
#507 = AXIS2_PLACEMENT_3D ( 'NONE', #3910, #7873, #817 ) ;
#508 = ADVANCED_FACE ( 'NONE', ( #5169 ), #7715, .F. ) ;
#509 = DIRECTION ( 'NONE',  ( -0.000000000000000000, -1.000000000000000000, -0.000000000000000000 ) ) ;
#510 = VERTEX_POINT ( 'NONE', #4747 ) ;
#511 = CARTESIAN_POINT ( 'NONE',  ( 71.99999999999998579, -35.00000000000001421, 1.999999999999987121 ) ) ;
#512 = EDGE_LOOP ( 'NONE', ( #1043, #7523, #5571, #5137 ) ) ;
#513 = VERTEX_POINT ( 'NONE', #1031 ) ;
#514 = CARTESIAN_POINT ( 'NONE',  ( 71.99999999999997158, 74.99999999999998579, 5.000000000000000000 ) ) ;
#515 = DIRECTION ( 'NONE',  ( 1.000000000000000000, 0.000000000000000000, 0.000000000000000000 ) ) ;
#516 = ORIENTED_EDGE ( 'NONE', *, *, #2667, .F. ) ;
#517 = DIRECTION ( 'NONE',  ( -0.000000000000000000, 1.000000000000000000, -0.000000000000000000 ) ) ;
#518 = VERTEX_POINT ( 'NONE', #7333 ) ;
#519 = ADVANCED_FACE ( 'NONE', ( #4159 ), #2876, .F. ) ;
#520 = PLANE ( 'NONE',  #1369 ) ;
#521 = ORIENTED_EDGE ( 'NONE', *, *, #7951, .T. ) ;
#522 = CARTESIAN_POINT ( 'NONE',  ( -72.00000000000002842, 26.99999999999998224, 5.000000000000000000 ) ) ;
#523 = ORIENTED_EDGE ( 'NONE', *, *, #4325, .T. ) ;
#524 = ORIENTED_EDGE ( 'NONE', *, *, #5147, .T. ) ;
#525 = LINE ( 'NONE', #3070, #2971 ) ;
#526 = ORIENTED_EDGE ( 'NONE', *, *, #383, .F. ) ;
#527 = FACE_OUTER_BOUND ( 'NONE', #215, .T. ) ;
#528 = CARTESIAN_POINT ( 'NONE',  ( -72.00000000000002842, -28.00000000000001776, 2.000000000000000000 ) ) ;
#529 = CARTESIAN_POINT ( 'NONE',  ( 71.99999999999997158, 64.99999999999998579, 1.999999999999999556 ) ) ;
#530 = LINE ( 'NONE', #3078, #1783 ) ;
#531 = EDGE_LOOP ( 'NONE', ( #2932, #7397, #7124, #2414 ) ) ;
#532 = EDGE_LOOP ( 'NONE', ( #811, #3312, #657, #7959 ) ) ;
#533 = DIRECTION ( 'NONE',  ( 1.000000000000000000, 0.000000000000000000, 0.000000000000000000 ) ) ;
#534 = CARTESIAN_POINT ( 'NONE',  ( 71.99999999999998579, -30.00000000000002842, 1.999999999999988010 ) ) ;
#535 = DIRECTION ( 'NONE',  ( -1.000000000000000000, 0.000000000000000000, 0.000000000000000000 ) ) ;
#536 = VECTOR ( 'NONE', #6801, 1000.000000000000000 ) ;
#537 = EDGE_CURVE ( 'NONE', #7191, #6184, #5407, .T. ) ;
#538 = CARTESIAN_POINT ( 'NONE',  ( 71.99999999999997158, 54.99999999999997868, 1.999999999999998224 ) ) ;
#539 = VECTOR ( 'NONE', #2927, 1000.000000000000000 ) ;
#540 = ORIENTED_EDGE ( 'NONE', *, *, #4568, .T. ) ;
#541 = CARTESIAN_POINT ( 'NONE',  ( -5.000000000000046185, 71.99999999999998579, 2.000000000000000000 ) ) ;
#542 = CARTESIAN_POINT ( 'NONE',  ( 34.99999999999995737, 74.99999999999998579, 2.000000000000000000 ) ) ;
#543 = EDGE_LOOP ( 'NONE', ( #4805, #7989, #6991, #1685 ) ) ;
#544 = DIRECTION ( 'NONE',  ( -0.000000000000000000, 0.000000000000000000, 1.000000000000000000 ) ) ;
#545 = AXIS2_PLACEMENT_3D ( 'NONE', #6716, #3463, #1711 ) ;
#546 = EDGE_CURVE ( 'NONE', #3793, #4184, #2287, .T. ) ;
#547 = ORIENTED_EDGE ( 'NONE', *, *, #7990, .F. ) ;
#548 = EDGE_CURVE ( 'NONE', #670, #2903, #3581, .T. ) ;
#549 = CARTESIAN_POINT ( 'NONE',  ( -72.00000000000002842, -68.00000000000000000, 2.000000000000000000 ) ) ;
#550 = AXIS2_PLACEMENT_3D ( 'NONE', #744, #2166, #3328 ) ;
#551 = EDGE_LOOP ( 'NONE', ( #1182, #4640, #6880, #1217 ) ) ;
#552 = CARTESIAN_POINT ( 'NONE',  ( 74.99999999999997158, 49.99999999999997158, 5.000000000000000000 ) ) ;
#553 = ORIENTED_EDGE ( 'NONE', *, *, #4674, .T. ) ;
#554 = CARTESIAN_POINT ( 'NONE',  ( 39.99999999999996447, 74.99999999999998579, 5.000000000000000000 ) ) ;
#555 = DIRECTION ( 'NONE',  ( -0.000000000000000000, 1.000000000000000000, -0.000000000000000000 ) ) ;
#556 = LINE ( 'NONE', #1978, #2865 ) ;
#557 = CARTESIAN_POINT ( 'NONE',  ( 54.99999999999995737, 74.99999999999998579, 5.000000000000000000 ) ) ;
#558 = EDGE_CURVE ( 'NONE', #7235, #6428, #946, .T. ) ;
#559 = ORIENTED_EDGE ( 'NONE', *, *, #5842, .F. ) ;
#560 = ADVANCED_FACE ( 'NONE', ( #7963 ), #8002, .F. ) ;
#561 = DIRECTION ( 'NONE',  ( 1.000000000000000000, 0.000000000000000000, 0.000000000000000000 ) ) ;
#562 = ORIENTED_EDGE ( 'NONE', *, *, #8123, .T. ) ;
#563 = DIRECTION ( 'NONE',  ( -2.312964634635729250E-15, 0.000000000000000000, -1.000000000000000000 ) ) ;
#564 = ORIENTED_EDGE ( 'NONE', *, *, #4516, .F. ) ;
#565 = LINE ( 'NONE', #3192, #6570 ) ;
#566 = ORIENTED_EDGE ( 'NONE', *, *, #6343, .T. ) ;
#567 = LINE ( 'NONE', #3115, #804 ) ;
#568 = ADVANCED_FACE ( 'NONE', ( #872 ), #5371, .F. ) ;
#569 = DIRECTION ( 'NONE',  ( -0.000000000000000000, 1.000000000000000000, -0.000000000000000000 ) ) ;
#570 = CARTESIAN_POINT ( 'NONE',  ( 75.00000000000000000, -40.00000000000002132, 5.000000000000000000 ) ) ;
#571 = DIRECTION ( 'NONE',  ( -4.625929269271485322E-15, 0.000000000000000000, 1.000000000000000000 ) ) ;
#572 = ORIENTED_EDGE ( 'NONE', *, *, #4745, .F. ) ;
#573 = ORIENTED_EDGE ( 'NONE', *, *, #3506, .T. ) ;
#574 = FACE_OUTER_BOUND ( 'NONE', #5416, .T. ) ;
#575 = CARTESIAN_POINT ( 'NONE',  ( 71.99999999999997158, 69.99999999999998579, 2.000000000000000000 ) ) ;
#576 = LINE ( 'NONE', #1870, #145 ) ;
#577 = VECTOR ( 'NONE', #4319, 1000.000000000000000 ) ;
#578 = VECTOR ( 'NONE', #7636, 1000.000000000000000 ) ;
#579 = VECTOR ( 'NONE', #468, 1000.000000000000000 ) ;
#580 = CARTESIAN_POINT ( 'NONE',  ( 41.99999999999999289, -72.00000000000001421, 5.000000000000000000 ) ) ;
#581 = AXIS2_PLACEMENT_3D ( 'NONE', #2826, #7325, #7204 ) ;
#582 = ORIENTED_EDGE ( 'NONE', *, *, #1306, .T. ) ;
#583 = CARTESIAN_POINT ( 'NONE',  ( 49.99999999999996447, 71.99999999999998579, 5.000000000000000000 ) ) ;
#584 = EDGE_LOOP ( 'NONE', ( #5052, #6462, #5642, #1816 ) ) ;
#585 = LINE ( 'NONE', #8184, #536 ) ;
#586 = CARTESIAN_POINT ( 'NONE',  ( -72.00000000000002842, 66.99999999999997158, 5.000000000000000000 ) ) ;
#587 = ORIENTED_EDGE ( 'NONE', *, *, #4286, .F. ) ;
#588 = AXIS2_PLACEMENT_3D ( 'NONE', #3462, #1000, #7887 ) ;
#589 = DIRECTION ( 'NONE',  ( 0.000000000000000000, 1.000000000000000000, 0.000000000000000000 ) ) ;
#590 = AXIS2_PLACEMENT_3D ( 'NONE', #1331, #3253, #5791 ) ;
#591 = VERTEX_POINT ( 'NONE', #6629 ) ;
#592 = EDGE_CURVE ( 'NONE', #3230, #6739, #4666, .T. ) ;
#593 = DIRECTION ( 'NONE',  ( 0.000000000000000000, -0.000000000000000000, 1.000000000000000000 ) ) ;
#594 = ADVANCED_FACE ( 'NONE', ( #3457 ), #4708, .F. ) ;
#595 = ORIENTED_EDGE ( 'NONE', *, *, #5797, .F. ) ;
#596 = CARTESIAN_POINT ( 'NONE',  ( -75.00000000000002842, -75.00000000000001421, 5.000000000000000000 ) ) ;
#597 = LINE ( 'NONE', #6350, #7254 ) ;
#598 = VECTOR ( 'NONE', #220, 1000.000000000000000 ) ;
#599 = PLANE ( 'NONE',  #8196 ) ;
#600 = CARTESIAN_POINT ( 'NONE',  ( -75.00000000000002842, 71.99999999999998579, 2.000000000000000000 ) ) ;
#601 = ORIENTED_EDGE ( 'NONE', *, *, #5234, .T. ) ;
#602 = VECTOR ( 'NONE', #1071, 1000.000000000000000 ) ;
#603 = DIRECTION ( 'NONE',  ( 0.000000000000000000, -1.000000000000000000, -4.625929269271485322E-15 ) ) ;
#604 = EDGE_LOOP ( 'NONE', ( #6387, #7948, #822, #5223 ) ) ;
#605 = LINE ( 'NONE', #6899, #4223 ) ;
#606 = ADVANCED_FACE ( 'NONE', ( #1543 ), #7374, .F. ) ;
#607 = LINE ( 'NONE', #3111, #5236 ) ;
#608 = ORIENTED_EDGE ( 'NONE', *, *, #3678, .T. ) ;
#609 = DIRECTION ( 'NONE',  ( -0.000000000000000000, -0.000000000000000000, -1.000000000000000000 ) ) ;
#610 = EDGE_CURVE ( 'NONE', #5924, #101, #327, .T. ) ;
#611 = ORIENTED_EDGE ( 'NONE', *, *, #6540, .F. ) ;
#612 = CARTESIAN_POINT ( 'NONE',  ( 9.999999999999968026, 71.99999999999998579, 5.000000000000000000 ) ) ;
#613 = LINE ( 'NONE', #3789, #4374 ) ;
#614 = LINE ( 'NONE', #3160, #984 ) ;
#615 = ADVANCED_FACE ( 'NONE', ( #4786 ), #4045, .F. ) ;
#616 = ORIENTED_EDGE ( 'NONE', *, *, #8263, .F. ) ;
#617 = CARTESIAN_POINT ( 'NONE',  ( 9.999999999999968026, 71.99999999999998579, 5.000000000000000000 ) ) ;
#618 = VERTEX_POINT ( 'NONE', #911 ) ;
#619 = DIRECTION ( 'NONE',  ( 0.000000000000000000, -1.000000000000000000, 0.000000000000000000 ) ) ;
#620 = DIRECTION ( 'NONE',  ( -4.625929269271485322E-15, -0.000000000000000000, 1.000000000000000000 ) ) ;
#621 = FACE_OUTER_BOUND ( 'NONE', #8230, .T. ) ;
#622 = VECTOR ( 'NONE', #3203, 1000.000000000000000 ) ;
#623 = DIRECTION ( 'NONE',  ( -0.000000000000000000, 0.000000000000000000, -1.000000000000000000 ) ) ;
#624 = ADVANCED_FACE ( 'NONE', ( #2914 ), #4204, .T. ) ;
#625 = ORIENTED_EDGE ( 'NONE', *, *, #2939, .T. ) ;
#626 = CARTESIAN_POINT ( 'NONE',  ( 66.99999999999998579, -72.00000000000001421, 5.000000000000000000 ) ) ;
#627 = CARTESIAN_POINT ( 'NONE',  ( -75.00000000000002842, 74.99999999999998579, 5.000000000000000000 ) ) ;
#628 = CARTESIAN_POINT ( 'NONE',  ( 66.99999999999998579, -75.00000000000001421, 5.000000000000000000 ) ) ;
#629 = VECTOR ( 'NONE', #2614, 1000.000000000000000 ) ;
#630 = ORIENTED_EDGE ( 'NONE', *, *, #6964, .F. ) ;
#631 = DIRECTION ( 'NONE',  ( -0.000000000000000000, 1.000000000000000000, -0.000000000000000000 ) ) ;
#632 = AXIS2_PLACEMENT_3D ( 'NONE', #6996, #5698, #2535 ) ;
#633 = VERTEX_POINT ( 'NONE', #3540 ) ;
#634 = CARTESIAN_POINT ( 'NONE',  ( 74.99999999999997158, 69.99999999999998579, 2.000000000000000000 ) ) ;
#635 = ORIENTED_EDGE ( 'NONE', *, *, #3774, .F. ) ;
#636 = CARTESIAN_POINT ( 'NONE',  ( 71.99999999999997158, 49.99999999999997158, 1.999999999999997335 ) ) ;
#637 = DIRECTION ( 'NONE',  ( -1.000000000000000000, -0.000000000000000000, -0.000000000000000000 ) ) ;
#638 = DIRECTION ( 'NONE',  ( 1.000000000000000000, 1.850371707708594070E-16, 0.000000000000000000 ) ) ;
#639 = CARTESIAN_POINT ( 'NONE',  ( -75.00000000000002842, 71.99999999999998579, 2.000000000000000000 ) ) ;
#640 = AXIS2_PLACEMENT_3D ( 'NONE', #5267, #7687, #1977 ) ;
#641 = ORIENTED_EDGE ( 'NONE', *, *, #860, .T. ) ;
#642 = ADVANCED_FACE ( 'NONE', ( #284 ), #6075, .F. ) ;
#643 = CARTESIAN_POINT ( 'NONE',  ( 72.00000000000000000, -75.00000000000001421, 1.999999999999982236 ) ) ;
#644 = VERTEX_POINT ( 'NONE', #612 ) ;
#645 = DIRECTION ( 'NONE',  ( -0.000000000000000000, -4.625929269271485322E-15, 1.000000000000000000 ) ) ;
#646 = ORIENTED_EDGE ( 'NONE', *, *, #4040, .T. ) ;
#647 = VECTOR ( 'NONE', #6108, 1000.000000000000000 ) ;
#648 = LINE ( 'NONE', #17, #8176 ) ;
#649 = ORIENTED_EDGE ( 'NONE', *, *, #7702, .T. ) ;
#650 = DIRECTION ( 'NONE',  ( -4.625929269271485322E-15, -0.000000000000000000, 1.000000000000000000 ) ) ;
#651 = ORIENTED_EDGE ( 'NONE', *, *, #3760, .F. ) ;
#652 = EDGE_CURVE ( 'NONE', #6276, #4771, #1785, .T. ) ;
#653 = FACE_OUTER_BOUND ( 'NONE', #2682, .T. ) ;
#654 = ADVANCED_FACE ( 'NONE', ( #1148 ), #4324, .F. ) ;
#655 = FACE_OUTER_BOUND ( 'NONE', #309, .T. ) ;
#656 = DIRECTION ( 'NONE',  ( -4.625929269271458501E-15, -0.000000000000000000, 1.000000000000000000 ) ) ;
#657 = ORIENTED_EDGE ( 'NONE', *, *, #37, .T. ) ;
#658 = DIRECTION ( 'NONE',  ( 0.000000000000000000, 0.000000000000000000, -1.000000000000000000 ) ) ;
#659 = VERTEX_POINT ( 'NONE', #1702 ) ;
#660 = LINE ( 'NONE', #29, #2096 ) ;
#661 = DIRECTION ( 'NONE',  ( -0.000000000000000000, -0.000000000000000000, -1.000000000000000000 ) ) ;
#662 = FACE_OUTER_BOUND ( 'NONE', #3529, .T. ) ;
#663 = ADVANCED_FACE ( 'NONE', ( #446 ), #3788, .F. ) ;
#664 = DIRECTION ( 'NONE',  ( 0.000000000000000000, 0.000000000000000000, 1.000000000000000000 ) ) ;
#665 = ORIENTED_EDGE ( 'NONE', *, *, #4195, .T. ) ;
#666 = DIRECTION ( 'NONE',  ( -0.000000000000000000, -1.000000000000000000, -0.000000000000000000 ) ) ;
#667 = DIRECTION ( 'NONE',  ( 1.850371707708594070E-16, -1.000000000000000000, 0.000000000000000000 ) ) ;
#668 = PLANE ( 'NONE',  #2282 ) ;
#669 = EDGE_CURVE ( 'NONE', #7512, #6236, #4282, .T. ) ;
#670 = VERTEX_POINT ( 'NONE', #4993 ) ;
#671 = ORIENTED_EDGE ( 'NONE', *, *, #7134, .F. ) ;
#672 = VERTEX_POINT ( 'NONE', #6241 ) ;
#673 = CARTESIAN_POINT ( 'NONE',  ( 71.99999999999997158, 69.99999999999998579, 2.000000000000000000 ) ) ;
#674 = ORIENTED_EDGE ( 'NONE', *, *, #1874, .F. ) ;
#675 = CARTESIAN_POINT ( 'NONE',  ( 71.99999999999997158, 69.99999999999998579, 2.000000000000000000 ) ) ;
#676 = VECTOR ( 'NONE', #1432, 1000.000000000000000 ) ;
#677 = APPLICATION_CONTEXT ( 'automotive_design' ) ;
#678 = CARTESIAN_POINT ( 'NONE',  ( -72.00000000000002842, -23.00000000000002132, 5.000000000000000000 ) ) ;
#679 = FACE_OUTER_BOUND ( 'NONE', #5650, .T. ) ;
#680 = ORIENTED_EDGE ( 'NONE', *, *, #610, .F. ) ;
#681 = AXIS2_PLACEMENT_3D ( 'NONE', #5088, #7555, #712 ) ;
#682 = DIRECTION ( 'NONE',  ( -1.000000000000000000, 0.000000000000000000, -4.625929269271485322E-15 ) ) ;
#683 = ORIENTED_EDGE ( 'NONE', *, *, #7381, .F. ) ;
#684 = CARTESIAN_POINT ( 'NONE',  ( -72.00000000000002842, 36.99999999999999289, 2.000000000000000000 ) ) ;
#685 = ORIENTED_EDGE ( 'NONE', *, *, #7030, .F. ) ;
#686 = DIRECTION ( 'NONE',  ( -1.000000000000000000, -0.000000000000000000, -0.000000000000000000 ) ) ;
#687 = ORIENTED_EDGE ( 'NONE', *, *, #5452, .F. ) ;
#688 = CARTESIAN_POINT ( 'NONE',  ( -5.099999999999997868, -57.99999999999997868, 15.00000000000000000 ) ) ;
#689 = VECTOR ( 'NONE', #4582, 1000.000000000000000 ) ;
#690 = EDGE_LOOP ( 'NONE', ( #2765, #1561, #5735, #7656 ) ) ;
#691 = CARTESIAN_POINT ( 'NONE',  ( -72.00000000000002842, -38.00000000000002842, 5.000000000000000000 ) ) ;
#692 = CARTESIAN_POINT ( 'NONE',  ( 36.99999999999999289, -72.00000000000001421, 5.000000000000000000 ) ) ;
#693 = DIRECTION ( 'NONE',  ( -0.000000000000000000, 1.000000000000000000, -0.000000000000000000 ) ) ;
#694 = ORIENTED_EDGE ( 'NONE', *, *, #6589, .F. ) ;
#695 = DIRECTION ( 'NONE',  ( 0.000000000000000000, 4.625929269271485322E-15, -1.000000000000000000 ) ) ;
#696 = EDGE_CURVE ( 'NONE', #5552, #3852, #6202, .T. ) ;
#697 = ORIENTED_EDGE ( 'NONE', *, *, #6097, .T. ) ;
#698 = ADVANCED_FACE ( 'NONE', ( #3619 ), #5609, .F. ) ;
#699 = LINE ( 'NONE', #7712, #7291 ) ;
#700 = DIRECTION ( 'NONE',  ( -1.850371707708594070E-16, 1.000000000000000000, 0.000000000000000000 ) ) ;
#701 = DIRECTION ( 'NONE',  ( -1.000000000000000000, -0.000000000000000000, -0.000000000000000000 ) ) ;
#702 = EDGE_CURVE ( 'NONE', #1736, #2517, #4950, .T. ) ;
#703 = VECTOR ( 'NONE', #6780, 1000.000000000000000 ) ;
#704 = DIRECTION ( 'NONE',  ( 1.000000000000000000, 0.000000000000000000, 0.000000000000000000 ) ) ;
#705 = ORIENTED_EDGE ( 'NONE', *, *, #3298, .T. ) ;
#706 = EDGE_CURVE ( 'NONE', #6205, #5139, #6326, .T. ) ;
#707 = VECTOR ( 'NONE', #5023, 1000.000000000000000 ) ;
#708 = DIRECTION ( 'NONE',  ( 2.269055394249329430E-32, -1.226270043362915368E-16, 1.000000000000000000 ) ) ;
#709 = LINE ( 'NONE', #5211, #723 ) ;
#710 = VECTOR ( 'NONE', #3809, 1000.000000000000000 ) ;
#711 = LINE ( 'NONE', #3255, #4968 ) ;
#712 = DIRECTION ( 'NONE',  ( 0.000000000000000000, -1.000000000000000000, -1.226270043362915368E-16 ) ) ;
#713 = EDGE_CURVE ( 'NONE', #4716, #8140, #7417, .T. ) ;
#714 = ORIENTED_EDGE ( 'NONE', *, *, #1523, .F. ) ;
#715 = VECTOR ( 'NONE', #6167, 1000.000000000000000 ) ;
#716 = ORIENTED_EDGE ( 'NONE', *, *, #202, .F. ) ;
#717 = ORIENTED_EDGE ( 'NONE', *, *, #789, .T. ) ;
#718 = DIRECTION ( 'NONE',  ( 2.269055394249329430E-32, -1.226270043362915368E-16, 1.000000000000000000 ) ) ;
#719 = EDGE_CURVE ( 'NONE', #6002, #7941, #4870, .T. ) ;
#720 = LINE ( 'NONE', #7726, #7848 ) ;
#721 = CARTESIAN_POINT ( 'NONE',  ( -68.00000000000000000, -72.00000000000001421, 5.000000000000000000 ) ) ;
#722 = PLANE ( 'NONE',  #2148 ) ;
#723 = VECTOR ( 'NONE', #4052, 1000.000000000000000 ) ;
#724 = EDGE_LOOP ( 'NONE', ( #5845, #6567, #3036, #5889 ) ) ;
#725 = ORIENTED_EDGE ( 'NONE', *, *, #83, .T. ) ;
#726 = VECTOR ( 'NONE', #1767, 1000.000000000000000 ) ;
#727 = LINE ( 'NONE', #3273, #4635 ) ;
#728 = EDGE_CURVE ( 'NONE', #4260, #4030, #8166, .T. ) ;
#729 = ORIENTED_EDGE ( 'NONE', *, *, #2494, .F. ) ;
#730 = FACE_OUTER_BOUND ( 'NONE', #7647, .T. ) ;
#731 = VERTEX_POINT ( 'NONE', #2370 ) ;
#732 = LINE ( 'NONE', #6363, #5726 ) ;
#733 = VECTOR ( 'NONE', #3305, 1000.000000000000000 ) ;
#734 = EDGE_LOOP ( 'NONE', ( #7487, #6381, #7645, #6691 ) ) ;
#735 = CARTESIAN_POINT ( 'NONE',  ( -35.00000000000004263, 71.99999999999998579, 5.000000000000000000 ) ) ;
#736 = LINE ( 'NONE', #3362, #1580 ) ;
#737 = CARTESIAN_POINT ( 'NONE',  ( -72.00000000000002842, 71.99999999999998579, 2.000000000000000000 ) ) ;
#738 = ORIENTED_EDGE ( 'NONE', *, *, #5138, .T. ) ;
#739 = DIRECTION ( 'NONE',  ( -4.625929269271485322E-15, -0.000000000000000000, 1.000000000000000000 ) ) ;
#740 = AXIS2_PLACEMENT_3D ( 'NONE', #4034, #4658, #7914 ) ;
#741 = ORIENTED_EDGE ( 'NONE', *, *, #7585, .F. ) ;
#742 = CARTESIAN_POINT ( 'NONE',  ( -75.00000000000002842, -75.00000000000001421, 5.000000000000000000 ) ) ;
#743 = LINE ( 'NONE', #3286, #7387 ) ;
#744 = CARTESIAN_POINT ( 'NONE',  ( -75.00000000000002842, -75.00000000000001421, 5.000000000000000000 ) ) ;
#745 = EDGE_CURVE ( 'NONE', #55, #6470, #1825, .T. ) ;
#746 = LINE ( 'NONE', #5746, #2606 ) ;
#747 = ORIENTED_EDGE ( 'NONE', *, *, #5748, .T. ) ;
#748 = CARTESIAN_POINT ( 'NONE',  ( -72.00000000000002842, -18.00000000000002132, 5.000000000000000000 ) ) ;
#749 = CARTESIAN_POINT ( 'NONE',  ( 11.99999999999998934, -75.00000000000001421, 5.000000000000000000 ) ) ;
#750 = CARTESIAN_POINT ( 'NONE',  ( -75.00000000000002842, 36.99999999999997868, 5.000000000000000000 ) ) ;
#751 = DIRECTION ( 'NONE',  ( 0.000000000000000000, -1.000000000000000000, -4.625929269271485322E-15 ) ) ;
#752 = ORIENTED_EDGE ( 'NONE', *, *, #5896, .T. ) ;
#753 = EDGE_CURVE ( 'NONE', #1170, #2517, #8124, .T. ) ;
#754 = ORIENTED_EDGE ( 'NONE', *, *, #5994, .T. ) ;
#755 = EDGE_CURVE ( 'NONE', #3959, #5272, #7578, .T. ) ;
#756 = ORIENTED_EDGE ( 'NONE', *, *, #1864, .F. ) ;
#757 = ORIENTED_EDGE ( 'NONE', *, *, #2710, .F. ) ;
#758 = CARTESIAN_POINT ( 'NONE',  ( 0.000000000000000000, 0.000000000000000000, 0.000000000000000000 ) ) ;
#759 = CARTESIAN_POINT ( 'NONE',  ( 72.00000000000000000, -65.00000000000002842, 1.999999999999983569 ) ) ;
#760 = CARTESIAN_POINT ( 'NONE',  ( -75.00000000000002842, 71.99999999999998579, 2.000000000000000000 ) ) ;
#761 = CARTESIAN_POINT ( 'NONE',  ( 5.100000000000009415, 57.99999999999997868, 5.000000000000000888 ) ) ;
#762 = ORIENTED_EDGE ( 'NONE', *, *, #6379, .T. ) ;
#763 = EDGE_CURVE ( 'NONE', #3753, #6938, #7459, .T. ) ;
#764 = VECTOR ( 'NONE', #8147, 1000.000000000000000 ) ;
#765 = FILL_AREA_STYLE ('',( #6481 ) ) ;
#766 = ORIENTED_EDGE ( 'NONE', *, *, #6566, .T. ) ;
#767 = DIRECTION ( 'NONE',  ( -1.000000000000000000, -1.850371707708594316E-16, 0.000000000000000000 ) ) ;
#768 = EDGE_LOOP ( 'NONE', ( #1407, #6128, #5363, #4790 ) ) ;
#769 = CARTESIAN_POINT ( 'NONE',  ( 71.99999999999998579, 14.99999999999998579, 5.000000000000000000 ) ) ;
#770 = ORIENTED_EDGE ( 'NONE', *, *, #2511, .F. ) ;
#771 = AXIS2_PLACEMENT_3D ( 'NONE', #1675, #8014, #4060 ) ;
#772 = ORIENTED_EDGE ( 'NONE', *, *, #4163, .T. ) ;
#773 = EDGE_CURVE ( 'NONE', #7814, #2012, #2411, .T. ) ;
#774 = CARTESIAN_POINT ( 'NONE',  ( 66.99999999999998579, -72.00000000000001421, 5.000000000000000000 ) ) ;
#775 = FACE_OUTER_BOUND ( 'NONE', #6409, .T. ) ;
#776 = CARTESIAN_POINT ( 'NONE',  ( 4.999999999999962697, 71.99999999999998579, 2.000000000000000000 ) ) ;
#777 = ORIENTED_EDGE ( 'NONE', *, *, #8216, .T. ) ;
#778 = LINE ( 'NONE', #6493, #36 ) ;
#779 = ORIENTED_EDGE ( 'NONE', *, *, #4048, .T. ) ;
#780 = FACE_OUTER_BOUND ( 'NONE', #531, .T. ) ;
#781 = DIRECTION ( 'NONE',  ( -1.000000000000000000, -0.000000000000000000, -0.000000000000000000 ) ) ;
#782 = LINE ( 'NONE', #5949, #7750 ) ;
#783 = VERTEX_POINT ( 'NONE', #1861 ) ;
#784 = CARTESIAN_POINT ( 'NONE',  ( -65.00000000000001421, 71.99999999999998579, 5.000000000000000000 ) ) ;
#785 = CARTESIAN_POINT ( 'NONE',  ( 71.99999999999997158, 44.99999999999998579, 5.000000000000000000 ) ) ;
#786 = ORIENTED_EDGE ( 'NONE', *, *, #1429, .F. ) ;
#787 = DIRECTION ( 'NONE',  ( -0.000000000000000000, -4.625929269271485322E-15, 1.000000000000000000 ) ) ;
#788 = LINE ( 'NONE', #3291, #4450 ) ;
#789 = EDGE_CURVE ( 'NONE', #6197, #7787, #486, .T. ) ;
#790 = FACE_OUTER_BOUND ( 'NONE', #6264, .T. ) ;
#791 = FACE_OUTER_BOUND ( 'NONE', #2679, .T. ) ;
#792 = EDGE_LOOP ( 'NONE', ( #7669, #4047, #2316, #3548 ) ) ;
#793 = ORIENTED_EDGE ( 'NONE', *, *, #4313, .T. ) ;
#794 = VERTEX_POINT ( 'NONE', #5692 ) ;
#795 = ORIENTED_EDGE ( 'NONE', *, *, #728, .T. ) ;
#796 = CARTESIAN_POINT ( 'NONE',  ( -38.00000000000002132, -72.00000000000001421, 1.999999999999982236 ) ) ;
#797 = DIRECTION ( 'NONE',  ( -0.000000000000000000, -4.625929269271485322E-15, 1.000000000000000000 ) ) ;
#798 = EDGE_CURVE ( 'NONE', #1500, #5707, #6997, .T. ) ;
#799 = LINE ( 'NONE', #3348, #2736 ) ;
#800 = ADVANCED_FACE ( 'NONE', ( #6488 ), #3991, .F. ) ;
#801 = LINE ( 'NONE', #3349, #5337 ) ;
#802 = EDGE_CURVE ( 'NONE', #3350, #3191, #5134, .T. ) ;
#803 = ORIENTED_EDGE ( 'NONE', *, *, #2849, .F. ) ;
#804 = VECTOR ( 'NONE', #4525, 1000.000000000000000 ) ;
#805 = CARTESIAN_POINT ( 'NONE',  ( 56.39999999999997726, -3.500000000000000000, 15.00000000000000000 ) ) ;
#806 = VECTOR ( 'NONE', #6433, 1000.000000000000000 ) ;
#807 = ORIENTED_EDGE ( 'NONE', *, *, #150, .F. ) ;
#808 = DIRECTION ( 'NONE',  ( -2.312964634635729250E-15, 0.000000000000000000, -1.000000000000000000 ) ) ;
#809 = VERTEX_POINT ( 'NONE', #2621 ) ;
#810 = LINE ( 'NONE', #5151, #1508 ) ;
#811 = ORIENTED_EDGE ( 'NONE', *, *, #4195, .F. ) ;
#812 = EDGE_CURVE ( 'NONE', #4495, #1788, #2699, .T. ) ;
#813 = EDGE_CURVE ( 'NONE', #4184, #6919, #7159, .T. ) ;
#814 = AXIS2_PLACEMENT_3D ( 'NONE', #8185, #6921, #1204 ) ;
#815 = ORIENTED_EDGE ( 'NONE', *, *, #7145, .F. ) ;
#816 = DIRECTION ( 'NONE',  ( -1.000000000000000000, -0.000000000000000000, -0.000000000000000000 ) ) ;
#817 = DIRECTION ( 'NONE',  ( -0.000000000000000000, 0.000000000000000000, -1.000000000000000000 ) ) ;
#818 = CARTESIAN_POINT ( 'NONE',  ( 71.99999999999998579, -15.00000000000001421, 5.000000000000000000 ) ) ;
#819 = EDGE_LOOP ( 'NONE', ( #2697, #6110, #7442, #2594 ) ) ;
#820 = VECTOR ( 'NONE', #1006, 1000.000000000000000 ) ;
#821 = DIRECTION ( 'NONE',  ( 1.000000000000000000, 0.000000000000000000, -0.000000000000000000 ) ) ;
#822 = ORIENTED_EDGE ( 'NONE', *, *, #6731, .T. ) ;
#823 = EDGE_CURVE ( 'NONE', #6569, #3653, #6367, .T. ) ;
#824 = DIRECTION ( 'NONE',  ( 1.000000000000000000, 0.000000000000000000, 0.000000000000000000 ) ) ;
#825 = CARTESIAN_POINT ( 'NONE',  ( 74.99999999999997158, 59.99999999999997868, 1.999999999999998668 ) ) ;
#826 = LINE ( 'NONE', #5825, #1492 ) ;
#827 = LINE ( 'NONE', #7803, #1943 ) ;
#828 = LINE ( 'NONE', #1584, #6706 ) ;
#829 = ORIENTED_EDGE ( 'NONE', *, *, #3007, .F. ) ;
#830 = EDGE_CURVE ( 'NONE', #4438, #1467, #1953, .T. ) ;
#831 = DIRECTION ( 'NONE',  ( 0.000000000000000000, 0.000000000000000000, 1.000000000000000000 ) ) ;
#832 = DIRECTION ( 'NONE',  ( 1.000000000000000000, 0.000000000000000000, 0.000000000000000000 ) ) ;
#833 = CARTESIAN_POINT ( 'NONE',  ( 31.99999999999999289, -72.00000000000001421, 5.000000000000000000 ) ) ;
#834 = LINE ( 'NONE', #82, #7476 ) ;
#835 = VECTOR ( 'NONE', #1219, 1000.000000000000000 ) ;
#836 = ORIENTED_EDGE ( 'NONE', *, *, #5597, .F. ) ;
#837 = ORIENTED_EDGE ( 'NONE', *, *, #7448, .T. ) ;
#838 = ORIENTED_EDGE ( 'NONE', *, *, #2314, .T. ) ;
#839 = ORIENTED_EDGE ( 'NONE', *, *, #258, .F. ) ;
#840 = VECTOR ( 'NONE', #7257, 1000.000000000000000 ) ;
#841 = ORIENTED_EDGE ( 'NONE', *, *, #7378, .T. ) ;
#842 = DIRECTION ( 'NONE',  ( -0.000000000000000000, 0.000000000000000000, 1.000000000000000000 ) ) ;
#843 = CARTESIAN_POINT ( 'NONE',  ( -75.00000000000002842, -23.00000000000002132, 5.000000000000000000 ) ) ;
#844 = CARTESIAN_POINT ( 'NONE',  ( 1.999999999999988010, -75.00000000000001421, 1.999999999999982236 ) ) ;
#845 = LINE ( 'NONE', #2771, #6396 ) ;
#846 = VECTOR ( 'NONE', #7876, 1000.000000000000000 ) ;
#847 = VECTOR ( 'NONE', #3718, 1000.000000000000000 ) ;
#848 = ORIENTED_EDGE ( 'NONE', *, *, #6557, .T. ) ;
#849 = VECTOR ( 'NONE', #3674, 1000.000000000000000 ) ;
#850 = ADVANCED_FACE ( 'NONE', ( #4613 ), #3236, .F. ) ;
#851 = CARTESIAN_POINT ( 'NONE',  ( 72.00000000000000000, -60.00000000000002842, -6.123233995736766282E-16 ) ) ;
#852 = ORIENTED_EDGE ( 'NONE', *, *, #1368, .T. ) ;
#853 = CARTESIAN_POINT ( 'NONE',  ( -18.00000000000001066, -72.00000000000001421, 5.000000000000000000 ) ) ;
#854 = ORIENTED_EDGE ( 'NONE', *, *, #7993, .T. ) ;
#855 = FACE_OUTER_BOUND ( 'NONE', #6916, .T. ) ;
#856 = VECTOR ( 'NONE', #373, 1000.000000000000000 ) ;
#857 = ORIENTED_EDGE ( 'NONE', *, *, #2226, .F. ) ;
#858 = VERTEX_POINT ( 'NONE', #4489 ) ;
#859 = VECTOR ( 'NONE', #1260, 1000.000000000000000 ) ;
#860 = EDGE_CURVE ( 'NONE', #5447, #8099, #7033, .T. ) ;
#861 = CARTESIAN_POINT ( 'NONE',  ( 57.00000000000000000, -72.00000000000001421, 1.999999999999982236 ) ) ;
#862 = CARTESIAN_POINT ( 'NONE',  ( -75.00000000000002842, 71.99999999999998579, 2.000000000000000000 ) ) ;
#863 = DIRECTION ( 'NONE',  ( 4.625929269271458501E-15, 0.000000000000000000, -1.000000000000000000 ) ) ;
#864 = AXIS2_PLACEMENT_3D ( 'NONE', #4166, #6547, #4050 ) ;
#865 = EDGE_LOOP ( 'NONE', ( #4081, #2854 ) ) ;
#866 = EDGE_CURVE ( 'NONE', #7920, #6079, #2576, .T. ) ;
#867 = LINE ( 'NONE', #198, #2047 ) ;
#868 = ORIENTED_EDGE ( 'NONE', *, *, #5252, .F. ) ;
#869 = DIRECTION ( 'NONE',  ( -1.000000000000000000, -0.000000000000000000, -0.000000000000000000 ) ) ;
#870 = DIRECTION ( 'NONE',  ( 1.000000000000000000, 1.850371707708594070E-16, -0.000000000000000000 ) ) ;
#871 = ADVANCED_FACE ( 'NONE', ( #108 ), #6447, .F. ) ;
#872 = FACE_OUTER_BOUND ( 'NONE', #268, .T. ) ;
#873 = VECTOR ( 'NONE', #5331, 1000.000000000000000 ) ;
#874 = LINE ( 'NONE', #3419, #4840 ) ;
#875 = EDGE_LOOP ( 'NONE', ( #5985, #6978, #1084, #7221 ) ) ;
#876 = CARTESIAN_POINT ( 'NONE',  ( -75.00000000000002842, 71.99999999999998579, 2.000000000000000000 ) ) ;
#877 = CARTESIAN_POINT ( 'NONE',  ( 74.99999999999998579, 34.99999999999998579, 0.000000000000000000 ) ) ;
#878 = CARTESIAN_POINT ( 'NONE',  ( -3.499999999999992895, 57.99999999999997868, 15.00000000000000000 ) ) ;
#879 = DIRECTION ( 'NONE',  ( 1.000000000000000000, 0.000000000000000000, 0.000000000000000000 ) ) ;
#880 = EDGE_CURVE ( 'NONE', #4718, #633, #8253, .T. ) ;
#881 = ORIENTED_EDGE ( 'NONE', *, *, #7596, .T. ) ;
#882 = CARTESIAN_POINT ( 'NONE',  ( 49.99999999999996447, 71.99999999999998579, 5.000000000000000000 ) ) ;
#883 = CARTESIAN_POINT ( 'NONE',  ( -45.00000000000004263, 74.99999999999998579, 5.000000000000000000 ) ) ;
#884 = LINE ( 'NONE', #5968, #733 ) ;
#885 = CARTESIAN_POINT ( 'NONE',  ( -72.00000000000002842, -72.00000000000001421, 1.999999999999982236 ) ) ;
#886 = DIRECTION ( 'NONE',  ( -1.850371707708594316E-16, 1.000000000000000000, -0.000000000000000000 ) ) ;
#887 = EDGE_LOOP ( 'NONE', ( #7115, #8233, #2869, #6105 ) ) ;
#888 = VECTOR ( 'NONE', #2627, 1000.000000000000000 ) ;
#889 = DIRECTION ( 'NONE',  ( 1.000000000000000000, 0.000000000000000000, 0.000000000000000000 ) ) ;
#890 = ORIENTED_EDGE ( 'NONE', *, *, #4415, .T. ) ;
#891 = LINE ( 'NONE', #4107, #7296 ) ;
#892 = ORIENTED_EDGE ( 'NONE', *, *, #179, .F. ) ;
#893 = CARTESIAN_POINT ( 'NONE',  ( -75.00000000000002842, 74.99999999999998579, 5.000000000000000000 ) ) ;
#894 = ORIENTED_EDGE ( 'NONE', *, *, #7448, .F. ) ;
#895 = ORIENTED_EDGE ( 'NONE', *, *, #2045, .F. ) ;
#896 = EDGE_CURVE ( 'NONE', #731, #408, #7745, .T. ) ;
#897 = VECTOR ( 'NONE', #3560, 1000.000000000000000 ) ;
#898 = ORIENTED_EDGE ( 'NONE', *, *, #5434, .F. ) ;
#899 = CARTESIAN_POINT ( 'NONE',  ( -72.00000000000002842, -28.00000000000001776, 5.000000000000000000 ) ) ;
#900 = LINE ( 'NONE', #6819, #7163 ) ;
#901 = CARTESIAN_POINT ( 'NONE',  ( 72.00000000000000000, -60.00000000000002842, 5.000000000000000000 ) ) ;
#902 = ORIENTED_EDGE ( 'NONE', *, *, #4936, .T. ) ;
#903 = VECTOR ( 'NONE', #6679, 1000.000000000000000 ) ;
#904 = LINE ( 'NONE', #3366, #7371 ) ;
#905 = ORIENTED_EDGE ( 'NONE', *, *, #6343, .F. ) ;
#906 = CARTESIAN_POINT ( 'NONE',  ( -75.00000000000002842, 1.999999999999980904, 5.000000000000000000 ) ) ;
#907 = ADVANCED_FACE ( 'NONE', ( #653 ), #3279, .F. ) ;
#908 = LINE ( 'NONE', #5442, #5350 ) ;
#909 = EDGE_CURVE ( 'NONE', #2772, #3299, #6992, .T. ) ;
#910 = VECTOR ( 'NONE', #2495, 1000.000000000000000 ) ;
#911 = CARTESIAN_POINT ( 'NONE',  ( 71.99999999999998579, -35.00000000000001421, 5.000000000000000000 ) ) ;
#912 = DIRECTION ( 'NONE',  ( -4.625929269271458501E-15, -0.000000000000000000, 1.000000000000000000 ) ) ;
#913 = ORIENTED_EDGE ( 'NONE', *, *, #2552, .T. ) ;
#914 = DIRECTION ( 'NONE',  ( -1.000000000000000000, 0.000000000000000000, 2.312964634635729250E-15 ) ) ;
#915 = CARTESIAN_POINT ( 'NONE',  ( 71.99999999999997158, 64.99999999999998579, 5.000000000000000000 ) ) ;
#916 = EDGE_CURVE ( 'NONE', #3063, #6436, #1276, .T. ) ;
#917 = CARTESIAN_POINT ( 'NONE',  ( -72.00000000000002842, 56.99999999999997868, 5.000000000000000000 ) ) ;
#918 = ADVANCED_FACE ( 'NONE', ( #3830 ), #3868, .F. ) ;
#919 = ORIENTED_EDGE ( 'NONE', *, *, #7123, .T. ) ;
#920 = VERTEX_POINT ( 'NONE', #4078 ) ;
#921 = LINE ( 'NONE', #257, #4104 ) ;
#922 = DIRECTION ( 'NONE',  ( -0.000000000000000000, -1.000000000000000000, -0.000000000000000000 ) ) ;
#923 = EDGE_CURVE ( 'NONE', #5924, #2567, #5322, .T. ) ;
#924 = DIRECTION ( 'NONE',  ( -0.000000000000000000, -4.625929269271485322E-15, 1.000000000000000000 ) ) ;
#925 = PLANE ( 'NONE',  #2276 ) ;
#926 = ORIENTED_EDGE ( 'NONE', *, *, #1388, .T. ) ;
#927 = DIRECTION ( 'NONE',  ( 0.000000000000000000, 1.000000000000000000, 0.000000000000000000 ) ) ;
#928 = ORIENTED_EDGE ( 'NONE', *, *, #1985, .T. ) ;
#929 = CARTESIAN_POINT ( 'NONE',  ( -75.00000000000002842, 74.99999999999998579, 5.000000000000000000 ) ) ;
#930 = ORIENTED_EDGE ( 'NONE', *, *, #2753, .T. ) ;
#931 = DIRECTION ( 'NONE',  ( -0.000000000000000000, -0.000000000000000000, 1.000000000000000000 ) ) ;
#932 = ORIENTED_EDGE ( 'NONE', *, *, #6748, .T. ) ;
#933 = ORIENTED_EDGE ( 'NONE', *, *, #6717, .T. ) ;
#934 = VECTOR ( 'NONE', #7939, 1000.000000000000000 ) ;
#935 = ORIENTED_EDGE ( 'NONE', *, *, #5404, .T. ) ;
#936 = VECTOR ( 'NONE', #5678, 1000.000000000000000 ) ;
#937 = LINE ( 'NONE', #2824, #3367 ) ;
#938 = FACE_OUTER_BOUND ( 'NONE', #395, .T. ) ;
#939 = CARTESIAN_POINT ( 'NONE',  ( -72.00000000000002842, -33.00000000000001421, 5.000000000000000000 ) ) ;
#940 = ORIENTED_EDGE ( 'NONE', *, *, #2361, .T. ) ;
#941 = DIRECTION ( 'NONE',  ( -0.000000000000000000, -4.625929269271485322E-15, 1.000000000000000000 ) ) ;
#942 = EDGE_LOOP ( 'NONE', ( #125, #3086, #8270, #6473 ) ) ;
#943 = CARTESIAN_POINT ( 'NONE',  ( -75.00000000000002842, 71.99999999999998579, 2.000000000000000000 ) ) ;
#944 = VECTOR ( 'NONE', #4251, 1000.000000000000000 ) ;
#945 = DIRECTION ( 'NONE',  ( -0.000000000000000000, 1.000000000000000000, -0.000000000000000000 ) ) ;
#946 = LINE ( 'NONE', #365, #7132 ) ;
#947 = AXIS2_PLACEMENT_3D ( 'NONE', #3550, #6643, #4800 ) ;
#948 = ADVANCED_FACE ( 'NONE', ( #3361 ), #4817, .F. ) ;
#949 = LINE ( 'NONE', #1704, #109 ) ;
#951 = EDGE_CURVE ( 'NONE', #6659, #127, #7201, .T. ) ;
#950 = CARTESIAN_POINT ( 'NONE',  ( -75.00000000000002842, 74.99999999999998579, 5.000000000000000000 ) ) ;
#952 = ORIENTED_EDGE ( 'NONE', *, *, #2901, .F. ) ;
#953 = EDGE_CURVE ( 'NONE', #794, #1469, #5940, .T. ) ;
#954 = DIRECTION ( 'NONE',  ( 0.000000000000000000, -1.000000000000000000, 0.000000000000000000 ) ) ;
#955 = LINE ( 'NONE', #2255, #856 ) ;
#956 = LINE ( 'NONE', #2883, #4542 ) ;
#957 = VECTOR ( 'NONE', #1086, 1000.000000000000000 ) ;
#958 = ORIENTED_EDGE ( 'NONE', *, *, #3504, .F. ) ;
#959 = EDGE_CURVE ( 'NONE', #3854, #5931, #6697, .T. ) ;
#960 = ORIENTED_EDGE ( 'NONE', *, *, #1435, .F. ) ;
#961 = DIRECTION ( 'NONE',  ( 1.000000000000000000, -0.000000000000000000, 4.625929269271458501E-15 ) ) ;
#962 = ADVANCED_FACE ( 'NONE', ( #5360 ), #4196, .F. ) ;
#963 = FACE_OUTER_BOUND ( 'NONE', #8006, .T. ) ;
#964 = CARTESIAN_POINT ( 'NONE',  ( 71.99999999999997158, 69.99999999999998579, 2.000000000000000000 ) ) ;
#965 = CARTESIAN_POINT ( 'NONE',  ( 49.99999999999997158, 74.99999999999998579, 2.000000000000000000 ) ) ;
#966 = VERTEX_POINT ( 'NONE', #861 ) ;
#967 = VECTOR ( 'NONE', #6648, 1000.000000000000000 ) ;
#968 = EDGE_CURVE ( 'NONE', #618, #7380, #2277, .T. ) ;
#969 = CARTESIAN_POINT ( 'NONE',  ( -45.00000000000004263, 71.99999999999998579, 2.000000000000000000 ) ) ;
#970 = ORIENTED_EDGE ( 'NONE', *, *, #3658, .T. ) ;
#971 = DIRECTION ( 'NONE',  ( 1.000000000000000000, 0.000000000000000000, -0.000000000000000000 ) ) ;
#972 = VERTEX_POINT ( 'NONE', #899 ) ;
#973 = CARTESIAN_POINT ( 'NONE',  ( 74.99999999999998579, -25.00000000000002132, 0.000000000000000000 ) ) ;
#974 = ORIENTED_EDGE ( 'NONE', *, *, #696, .F. ) ;
#975 = VECTOR ( 'NONE', #3323, 1000.000000000000000 ) ;
#976 = VERTEX_POINT ( 'NONE', #4114 ) ;
#977 = FACE_BOUND ( 'NONE', #4989, .T. ) ;
#978 = VECTOR ( 'NONE', #4380, 1000.000000000000000 ) ;
#979 = VECTOR ( 'NONE', #631, 1000.000000000000000 ) ;
#980 = EDGE_LOOP ( 'NONE', ( #2117, #752, #2801, #5532 ) ) ;
#981 = EDGE_CURVE ( 'NONE', #2178, #3818, #6024, .T. ) ;
#982 = LINE ( 'NONE', #7284, #432 ) ;
#983 = VECTOR ( 'NONE', #474, 1000.000000000000000 ) ;
#984 = VECTOR ( 'NONE', #5612, 1000.000000000000000 ) ;
#985 = CARTESIAN_POINT ( 'NONE',  ( -75.00000000000002842, 71.99999999999998579, 2.000000000000000000 ) ) ;
#986 = ORIENTED_EDGE ( 'NONE', *, *, #7951, .F. ) ;
#987 = DIRECTION ( 'NONE',  ( -1.000000000000000000, -0.000000000000000000, -0.000000000000000000 ) ) ;
#988 = VERTEX_POINT ( 'NONE', #2200 ) ;
#989 = CARTESIAN_POINT ( 'NONE',  ( -18.00000000000001421, -75.00000000000001421, 1.999999999999982236 ) ) ;
#990 = CARTESIAN_POINT ( 'NONE',  ( 5.100000000000009415, -57.99999999999997868, 0.000000000000000000 ) ) ;
#991 = VECTOR ( 'NONE', #7425, 1000.000000000000000 ) ;
#992 = VECTOR ( 'NONE', #831, 1000.000000000000000 ) ;
#993 = CARTESIAN_POINT ( 'NONE',  ( 44.99999999999996447, 71.99999999999998579, 5.000000000000000000 ) ) ;
#994 = DIRECTION ( 'NONE',  ( -0.000000000000000000, -1.000000000000000000, -0.000000000000000000 ) ) ;
#995 = CARTESIAN_POINT ( 'NONE',  ( 71.99999999999998579, 4.999999999999976019, 1.999999999999992228 ) ) ;
#996 = ORIENTED_EDGE ( 'NONE', *, *, #5595, .F. ) ;
#997 = VECTOR ( 'NONE', #7018, 1000.000000000000000 ) ;
#998 = ORIENTED_EDGE ( 'NONE', *, *, #398, .F. ) ;
#999 = PLANE ( 'NONE',  #6724 ) ;
#1000 = DIRECTION ( 'NONE',  ( 1.000000000000000000, 0.000000000000000000, -0.000000000000000000 ) ) ;
#1001 = CARTESIAN_POINT ( 'NONE',  ( 71.99999999999998579, -10.00000000000002309, 1.999999999999990008 ) ) ;
#1002 = EDGE_CURVE ( 'NONE', #7528, #7716, #7872, .T. ) ;
#1003 = AXIS2_PLACEMENT_3D ( 'NONE', #6666, #2128, #4088 ) ;
#1004 = ORIENTED_EDGE ( 'NONE', *, *, #3519, .F. ) ;
#1005 = FACE_OUTER_BOUND ( 'NONE', #2747, .T. ) ;
#1006 = DIRECTION ( 'NONE',  ( 1.000000000000000000, 0.000000000000000000, 0.000000000000000000 ) ) ;
#1007 = CARTESIAN_POINT ( 'NONE',  ( -72.00000000000002842, -72.00000000000001421, 1.999999999999982236 ) ) ;
#1008 = LINE ( 'NONE', #6802, #4940 ) ;
#1009 = EDGE_CURVE ( 'NONE', #2013, #351, #5280, .T. ) ;
#1010 = ORIENTED_EDGE ( 'NONE', *, *, #4540, .T. ) ;
#1011 = ADVANCED_FACE ( 'NONE', ( #2158 ), #7830, .F. ) ;
#1012 = PLANE ( 'NONE',  #6572 ) ;
#1013 = ORIENTED_EDGE ( 'NONE', *, *, #5339, .T. ) ;
#1014 = LINE ( 'NONE', #4071, #1292 ) ;
#1015 = VERTEX_POINT ( 'NONE', #7992 ) ;
#1016 = LINE ( 'NONE', #8070, #2592 ) ;
#1017 = LINE ( 'NONE', #3563, #5125 ) ;
#1018 = DIRECTION ( 'NONE',  ( 1.000000000000000000, 0.000000000000000000, -0.000000000000000000 ) ) ;
#1019 = EDGE_CURVE ( 'NONE', #2975, #7557, #1650, .T. ) ;
#1020 = ORIENTED_EDGE ( 'NONE', *, *, #8267, .F. ) ;
#1021 = VECTOR ( 'NONE', #6823, 1000.000000000000000 ) ;
#1022 = PLANE ( 'NONE',  #3234 ) ;
#1023 = DIRECTION ( 'NONE',  ( -1.000000000000000000, -1.850371707708594316E-16, 0.000000000000000000 ) ) ;
#1024 = EDGE_LOOP ( 'NONE', ( #3376, #3278, #1933, #5921 ) ) ;
#1025 = CARTESIAN_POINT ( 'NONE',  ( 27.00000000000000355, -75.00000000000001421, 1.999999999999982236 ) ) ;
#1026 = ORIENTED_EDGE ( 'NONE', *, *, #1208, .T. ) ;
#1027 = CARTESIAN_POINT ( 'NONE',  ( 72.00000000000000000, -75.00000000000001421, 1.999999999999982236 ) ) ;
#1028 = VECTOR ( 'NONE', #2737, 1000.000000000000000 ) ;
#1029 = EDGE_CURVE ( 'NONE', #3011, #5658, #937, .T. ) ;
#1030 = DIRECTION ( 'NONE',  ( -1.850371707708594070E-16, 1.000000000000000000, 0.000000000000000000 ) ) ;
#1031 = CARTESIAN_POINT ( 'NONE',  ( 37.00000000000000711, -75.00000000000001421, 1.999999999999982236 ) ) ;
#1032 = VECTOR ( 'NONE', #4851, 1000.000000000000000 ) ;
#1033 = LINE ( 'NONE', #3496, #3446 ) ;
#1034 = CARTESIAN_POINT ( 'NONE',  ( -63.00000000000001421, -72.00000000000001421, 5.000000000000000000 ) ) ;
#1035 = ORIENTED_EDGE ( 'NONE', *, *, #4843, .T. ) ;
#1036 = ORIENTED_EDGE ( 'NONE', *, *, #6114, .F. ) ;
#1037 = FACE_OUTER_BOUND ( 'NONE', #4637, .T. ) ;
#1038 = DIRECTION ( 'NONE',  ( 0.000000000000000000, 0.000000000000000000, -1.000000000000000000 ) ) ;
#1039 = CARTESIAN_POINT ( 'NONE',  ( -48.00000000000001421, -72.00000000000001421, 1.999999999999982236 ) ) ;
#1040 = DIRECTION ( 'NONE',  ( -0.000000000000000000, -4.625929269271485322E-15, 1.000000000000000000 ) ) ;
#1041 = AXIS2_PLACEMENT_3D ( 'NONE', #882, #4720, #7347 ) ;
#1042 = VECTOR ( 'NONE', #1906, 1000.000000000000000 ) ;
#1043 = ORIENTED_EDGE ( 'NONE', *, *, #7200, .F. ) ;
#1044 = CARTESIAN_POINT ( 'NONE',  ( 7.000000000000006217, -75.00000000000001421, 1.999999999999982236 ) ) ;
#1045 = EDGE_CURVE ( 'NONE', #7941, #4893, #982, .T. ) ;
#1046 = DIRECTION ( 'NONE',  ( 0.000000000000000000, 4.625929269271485322E-15, -1.000000000000000000 ) ) ;
#1047 = CARTESIAN_POINT ( 'NONE',  ( -38.00000000000001421, -72.00000000000001421, 5.000000000000000000 ) ) ;
#1048 = CARTESIAN_POINT ( 'NONE',  ( 1.899999999999997913, 57.99999999999997868, 5.000000000000000888 ) ) ;
#1049 = ORIENTED_EDGE ( 'NONE', *, *, #1789, .F. ) ;
#1050 = CARTESIAN_POINT ( 'NONE',  ( 71.99999999999997158, 69.99999999999998579, 2.000000000000000000 ) ) ;
#1051 = ORIENTED_EDGE ( 'NONE', *, *, #4795, .F. ) ;
#1052 = ADVANCED_FACE ( 'NONE', ( #3532 ), #4777, .F. ) ;
#1053 = CARTESIAN_POINT ( 'NONE',  ( 24.99999999999995381, 71.99999999999998579, 2.000000000000000000 ) ) ;
#1054 = ADVANCED_FACE ( 'NONE', ( #2238 ), #7323, .F. ) ;
#1055 = ORIENTED_EDGE ( 'NONE', *, *, #669, .T. ) ;
#1056 = CARTESIAN_POINT ( 'NONE',  ( 72.00000000000000000, -55.00000000000002132, 0.000000000000000000 ) ) ;
#1057 = DIRECTION ( 'NONE',  ( 2.269055394249329430E-32, -1.226270043362915368E-16, 1.000000000000000000 ) ) ;
#1058 = LINE ( 'NONE', #5515, #273 ) ;
#1059 = ADVANCED_FACE ( 'NONE', ( #3570 ), #7410, .F. ) ;
#1060 = ORIENTED_EDGE ( 'NONE', *, *, #204, .F. ) ;
#1061 = LINE ( 'NONE', #2983, #5755 ) ;
#1062 = LINE ( 'NONE', #1652, #7447 ) ;
#1063 = EDGE_CURVE ( 'NONE', #2928, #2841, #4861, .T. ) ;
#1064 = EDGE_LOOP ( 'NONE', ( #1753, #5939, #7908, #2203 ) ) ;
#1065 = LINE ( 'NONE', #3613, #4172 ) ;
#1066 = ORIENTED_EDGE ( 'NONE', *, *, #3162, .F. ) ;
#1067 = CARTESIAN_POINT ( 'NONE',  ( 75.00000000000000000, -75.00000000000001421, 5.000000000000000000 ) ) ;
#1068 = ADVANCED_FACE ( 'NONE', ( #2484 ), #1022, .F. ) ;
#1069 = LINE ( 'NONE', #4824, #3620 ) ;
#1070 = VECTOR ( 'NONE', #6324, 1000.000000000000000 ) ;
#1071 = DIRECTION ( 'NONE',  ( -1.000000000000000000, -0.000000000000000000, -0.000000000000000000 ) ) ;
#1072 = CARTESIAN_POINT ( 'NONE',  ( 71.99999999999997158, 69.99999999999998579, 2.000000000000000000 ) ) ;
#1073 = CARTESIAN_POINT ( 'NONE',  ( -43.00000000000000000, -75.00000000000001421, 1.999999999999982236 ) ) ;
#1074 = EDGE_CURVE ( 'NONE', #5707, #1500, #7902, .T. ) ;
#1075 = VERTEX_POINT ( 'NONE', #5472 ) ;
#1076 = VECTOR ( 'NONE', #517, 1000.000000000000000 ) ;
#1077 = ORIENTED_EDGE ( 'NONE', *, *, #6450, .T. ) ;
#1078 = LINE ( 'NONE', #2459, #1151 ) ;
#1079 = DIRECTION ( 'NONE',  ( 1.000000000000000000, 0.000000000000000000, 0.000000000000000000 ) ) ;
#1080 = CARTESIAN_POINT ( 'NONE',  ( -75.00000000000002842, 74.99999999999998579, 5.000000000000000000 ) ) ;
#1081 = VECTOR ( 'NONE', #5260, 1000.000000000000000 ) ;
#1082 = CARTESIAN_POINT ( 'NONE',  ( 71.99999999999998579, -5.000000000000019540, 0.000000000000000000 ) ) ;
#1083 = EDGE_CURVE ( 'NONE', #3974, #1427, #2941, .T. ) ;
#1084 = ORIENTED_EDGE ( 'NONE', *, *, #1925, .F. ) ;
#1085 = DIRECTION ( 'NONE',  ( 1.000000000000000000, 0.000000000000000000, 0.000000000000000000 ) ) ;
#1086 = DIRECTION ( 'NONE',  ( -1.000000000000000000, -1.850371707708594070E-16, 0.000000000000000000 ) ) ;
#1087 = VECTOR ( 'NONE', #2222, 1000.000000000000000 ) ;
#1088 = CARTESIAN_POINT ( 'NONE',  ( 71.99999999999997158, 39.99999999999997868, 5.000000000000000000 ) ) ;
#1089 = DIRECTION ( 'NONE',  ( 1.914177628664063128E-16, -1.000000000000000000, -1.226270043362915368E-16 ) ) ;
#1090 = VERTEX_POINT ( 'NONE', #6275 ) ;
#1091 = CARTESIAN_POINT ( 'NONE',  ( -75.00000000000002842, 71.99999999999998579, 2.000000000000000000 ) ) ;
#1092 = ORIENTED_EDGE ( 'NONE', *, *, #4638, .F. ) ;
#1093 = LINE ( 'NONE', #511, #5694 ) ;
#1094 = VERTEX_POINT ( 'NONE', #394 ) ;
#1095 = CARTESIAN_POINT ( 'NONE',  ( -72.00000000000002842, -68.00000000000000000, 2.000000000000000000 ) ) ;
#1096 = CARTESIAN_POINT ( 'NONE',  ( 14.99999999999997158, 71.99999999999998579, 2.000000000000000000 ) ) ;
#1097 = CARTESIAN_POINT ( 'NONE',  ( 66.99999999999998579, -75.00000000000001421, 5.000000000000000000 ) ) ;
#1098 = FACE_BOUND ( 'NONE', #7087, .T. ) ;
#1099 = VERTEX_POINT ( 'NONE', #5559 ) ;
#1100 = EDGE_CURVE ( 'NONE', #3959, #2554, #1732, .T. ) ;
#1101 = DIRECTION ( 'NONE',  ( 0.000000000000000000, -1.000000000000000000, -4.625929269271485322E-15 ) ) ;
#1102 = CARTESIAN_POINT ( 'NONE',  ( -75.00000000000002842, -13.00000000000002487, 5.000000000000000000 ) ) ;
#1103 = AXIS2_PLACEMENT_3D ( 'NONE', #6149, #3654, #2279 ) ;
#1104 = DIRECTION ( 'NONE',  ( -1.000000000000000000, -1.850371707708594070E-16, 0.000000000000000000 ) ) ;
#1105 = AXIS2_PLACEMENT_3D ( 'NONE', #1034, #5569, #4285 ) ;
#1106 = ORIENTED_EDGE ( 'NONE', *, *, #2667, .T. ) ;
#1107 = CARTESIAN_POINT ( 'NONE',  ( 29.99999999999995737, 71.99999999999998579, 5.000000000000000000 ) ) ;
#1108 = CARTESIAN_POINT ( 'NONE',  ( -38.00000000000001421, -72.00000000000001421, 5.000000000000000000 ) ) ;
#1109 = EDGE_CURVE ( 'NONE', #1409, #3981, #8031, .T. ) ;
#1110 = AXIS2_PLACEMENT_3D ( 'NONE', #2976, #3562, #2857 ) ;
#1111 = VECTOR ( 'NONE', #457, 1000.000000000000000 ) ;
#1112 = DIRECTION ( 'NONE',  ( 1.914177628664063128E-16, -1.000000000000000000, -1.226270043362915368E-16 ) ) ;
#1113 = ADVANCED_FACE ( 'NONE', ( #4272 ), #6193, .F. ) ;
#1114 = CARTESIAN_POINT ( 'NONE',  ( -75.00000000000002842, 74.99999999999998579, 5.000000000000000000 ) ) ;
#1115 = FACE_OUTER_BOUND ( 'NONE', #6371, .T. ) ;
#1116 = ORIENTED_EDGE ( 'NONE', *, *, #5657, .F. ) ;
#1117 = VERTEX_POINT ( 'NONE', #479 ) ;
#1118 = LINE ( 'NONE', #5572, #4066 ) ;
#1119 = CARTESIAN_POINT ( 'NONE',  ( -75.00000000000002842, -75.00000000000001421, 5.000000000000000000 ) ) ;
#1120 = LINE ( 'NONE', #2542, #7344 ) ;
#1121 = EDGE_CURVE ( 'NONE', #7237, #1965, #4233, .T. ) ;
#1122 = DIRECTION ( 'NONE',  ( -1.000000000000000000, -1.850371707708594316E-16, 0.000000000000000000 ) ) ;
#1123 = ORIENTED_EDGE ( 'NONE', *, *, #7842, .T. ) ;
#1124 = DIRECTION ( 'NONE',  ( 2.269055394249329430E-32, -1.226270043362915368E-16, 1.000000000000000000 ) ) ;
#1125 = ORIENTED_EDGE ( 'NONE', *, *, #2896, .T. ) ;
#1126 = FACE_OUTER_BOUND ( 'NONE', #4147, .T. ) ;
#1127 = LINE ( 'NONE', #7434, #5204 ) ;
#1128 = VECTOR ( 'NONE', #7539, 1000.000000000000000 ) ;
#1129 = EDGE_CURVE ( 'NONE', #3387, #188, #1061, .T. ) ;
#1130 = ORIENTED_EDGE ( 'NONE', *, *, #2999, .F. ) ;
#1131 = DIRECTION ( 'NONE',  ( -1.850371707708594070E-16, 1.000000000000000000, 0.000000000000000000 ) ) ;
#1132 = ORIENTED_EDGE ( 'NONE', *, *, #1417, .F. ) ;
#1133 = AXIS2_PLACEMENT_3D ( 'NONE', #1403, #5195, #5732 ) ;
#1134 = CARTESIAN_POINT ( 'NONE',  ( -8.000000000000021316, -72.00000000000001421, 1.999999999999982236 ) ) ;
#1135 = ORIENTED_EDGE ( 'NONE', *, *, #1728, .T. ) ;
#1136 = DIRECTION ( 'NONE',  ( 4.625929269271458501E-15, 0.000000000000000000, -1.000000000000000000 ) ) ;
#1137 = ORIENTED_EDGE ( 'NONE', *, *, #802, .T. ) ;
#1138 = CARTESIAN_POINT ( 'NONE',  ( -75.00000000000002842, 71.99999999999998579, 2.000000000000000000 ) ) ;
#1139 = ORIENTED_EDGE ( 'NONE', *, *, #923, .F. ) ;
#1140 = CARTESIAN_POINT ( 'NONE',  ( -50.00000000000002132, 71.99999999999998579, 2.000000000000000000 ) ) ;
#1141 = VERTEX_POINT ( 'NONE', #3609 ) ;
#1142 = LINE ( 'NONE', #3067, #1835 ) ;
#1143 = EDGE_LOOP ( 'NONE', ( #2027, #5687, #1764, #4220 ) ) ;
#1144 = DIRECTION ( 'NONE',  ( -1.850371707708594316E-16, 1.000000000000000000, -0.000000000000000000 ) ) ;
#1145 = ORIENTED_EDGE ( 'NONE', *, *, #5295, .T. ) ;
#1146 = EDGE_CURVE ( 'NONE', #7380, #3953, #4941, .T. ) ;
#1147 = LINE ( 'NONE', #1107, #1194 ) ;
#1148 = FACE_OUTER_BOUND ( 'NONE', #4142, .T. ) ;
#1149 = LINE ( 'NONE', #529, #1042 ) ;
#1150 = DIRECTION ( 'NONE',  ( -1.000000000000000000, 0.000000000000000000, 0.000000000000000000 ) ) ;
#1151 = VECTOR ( 'NONE', #6754, 1000.000000000000000 ) ;
#1152 = ORIENTED_EDGE ( 'NONE', *, *, #4213, .F. ) ;
#1153 = ORIENTED_EDGE ( 'NONE', *, *, #7435, .T. ) ;
#1154 = EDGE_CURVE ( 'NONE', #5613, #1653, #6233, .T. ) ;
#1155 = CARTESIAN_POINT ( 'NONE',  ( 29.99999999999997158, 74.99999999999998579, 2.000000000000000000 ) ) ;
#1156 = DIRECTION ( 'NONE',  ( 4.625929269271458501E-15, 0.000000000000000000, -1.000000000000000000 ) ) ;
#1157 = DIRECTION ( 'NONE',  ( -1.000000000000000000, 0.000000000000000000, 2.312964634635729250E-15 ) ) ;
#1158 = EDGE_CURVE ( 'NONE', #2567, #2641, #4902, .T. ) ;
#1159 = VECTOR ( 'NONE', #6195, 1000.000000000000000 ) ;
#1160 = LINE ( 'NONE', #1082, #715 ) ;
#1161 = VERTEX_POINT ( 'NONE', #5599 ) ;
#1162 = EDGE_CURVE ( 'NONE', #2738, #4170, #6818, .T. ) ;
#1163 = CARTESIAN_POINT ( 'NONE',  ( -72.00000000000002842, -48.00000000000002132, 5.000000000000000000 ) ) ;
#1164 = AXIS2_PLACEMENT_3D ( 'NONE', #4428, #1255, #593 ) ;
#1165 = CARTESIAN_POINT ( 'NONE',  ( 56.39999999999999147, 3.500000000000003109, 5.000000000000000888 ) ) ;
#1166 = DIRECTION ( 'NONE',  ( 0.000000000000000000, 0.000000000000000000, 1.000000000000000000 ) ) ;
#1167 = ADVANCED_FACE ( 'NONE', ( #3693 ), #520, .F. ) ;
#1168 = ORIENTED_EDGE ( 'NONE', *, *, #6119, .F. ) ;
#1169 = DIRECTION ( 'NONE',  ( 0.000000000000000000, -0.000000000000000000, 1.000000000000000000 ) ) ;
#1170 = VERTEX_POINT ( 'NONE', #7531 ) ;
#1171 = DIRECTION ( 'NONE',  ( 1.000000000000000000, 1.850371707708594070E-16, -0.000000000000000000 ) ) ;
#1172 = EDGE_CURVE ( 'NONE', #7968, #4379, #1815, .T. ) ;
#1173 = ORIENTED_EDGE ( 'NONE', *, *, #398, .T. ) ;
#1174 = CARTESIAN_POINT ( 'NONE',  ( -23.00000000000000711, -72.00000000000001421, 5.000000000000000000 ) ) ;
#1175 = CARTESIAN_POINT ( 'NONE',  ( 71.99999999999997158, 69.99999999999998579, 2.000000000000000000 ) ) ;
#1176 = CARTESIAN_POINT ( 'NONE',  ( -63.00000000000001421, -72.00000000000001421, 5.000000000000000000 ) ) ;
#1177 = CARTESIAN_POINT ( 'NONE',  ( 14.99999999999996447, 71.99999999999998579, 5.000000000000000000 ) ) ;
#1178 = ORIENTED_EDGE ( 'NONE', *, *, #4626, .T. ) ;
#1179 = CARTESIAN_POINT ( 'NONE',  ( -75.00000000000002842, 74.99999999999998579, 5.000000000000000000 ) ) ;
#1180 = ORIENTED_EDGE ( 'NONE', *, *, #7227, .F. ) ;
#1181 = LINE ( 'NONE', #5107, #5952 ) ;
#1182 = ORIENTED_EDGE ( 'NONE', *, *, #2812, .F. ) ;
#1183 = CARTESIAN_POINT ( 'NONE',  ( -28.00000000000000355, -75.00000000000001421, 5.000000000000000000 ) ) ;
#1184 = ORIENTED_EDGE ( 'NONE', *, *, #6403, .T. ) ;
#1185 = FACE_OUTER_BOUND ( 'NONE', #942, .T. ) ;
#1186 = CARTESIAN_POINT ( 'NONE',  ( 75.00000000000000000, -55.00000000000002132, 0.000000000000000000 ) ) ;
#1187 = CARTESIAN_POINT ( 'NONE',  ( -20.00000000000002487, 71.99999999999998579, 2.000000000000000000 ) ) ;
#1188 = CARTESIAN_POINT ( 'NONE',  ( 74.99999999999997158, 69.99999999999998579, 2.000000000000000000 ) ) ;
#1189 = ORIENTED_EDGE ( 'NONE', *, *, #652, .T. ) ;
#1190 = ORIENTED_EDGE ( 'NONE', *, *, #8201, .T. ) ;
#1191 = CARTESIAN_POINT ( 'NONE',  ( 71.99999999999998579, 34.99999999999998579, 0.000000000000000000 ) ) ;
#1192 = LINE ( 'NONE', #1119, #6180 ) ;
#1193 = CARTESIAN_POINT ( 'NONE',  ( -75.00000000000002842, -33.00000000000001421, 5.000000000000000000 ) ) ;
#1194 = VECTOR ( 'NONE', #3699, 1000.000000000000000 ) ;
#1195 = EDGE_CURVE ( 'NONE', #3981, #5440, #5682, .T. ) ;
#1196 = ADVANCED_FACE ( 'NONE', ( #3271 ), #1393, .F. ) ;
#1197 = PLANE ( 'NONE',  #2322 ) ;
#1198 = VECTOR ( 'NONE', #2481, 1000.000000000000000 ) ;
#1199 = VERTEX_POINT ( 'NONE', #13 ) ;
#1200 = FACE_OUTER_BOUND ( 'NONE', #4023, .T. ) ;
#1201 = ORIENTED_EDGE ( 'NONE', *, *, #5994, .F. ) ;
#1202 = DIRECTION ( 'NONE',  ( 1.000000000000000000, 0.000000000000000000, 0.000000000000000000 ) ) ;
#1203 = ORIENTED_EDGE ( 'NONE', *, *, #430, .T. ) ;
#1204 = DIRECTION ( 'NONE',  ( 0.000000000000000000, 0.000000000000000000, -1.000000000000000000 ) ) ;
#1205 = ORIENTED_EDGE ( 'NONE', *, *, #1247, .F. ) ;
#1206 = EDGE_CURVE ( 'NONE', #3946, #6276, #7022, .T. ) ;
#1207 = DIRECTION ( 'NONE',  ( 0.000000000000000000, 0.000000000000000000, -1.000000000000000000 ) ) ;
#1208 = EDGE_CURVE ( 'NONE', #8095, #6197, #7694, .T. ) ;
#1209 = VECTOR ( 'NONE', #6627, 1000.000000000000000 ) ;
#1210 = EDGE_LOOP ( 'NONE', ( #7825, #3488, #134, #974 ) ) ;
#1211 = LINE ( 'NONE', #6971, #7835 ) ;
#1212 = EDGE_LOOP ( 'NONE', ( #4860, #7683, #7813, #7110 ) ) ;
#1213 = DIRECTION ( 'NONE',  ( -1.850371707708594316E-16, 1.000000000000000000, -0.000000000000000000 ) ) ;
#1214 = DIRECTION ( 'NONE',  ( 2.269055394249329430E-32, -1.226270043362915368E-16, 1.000000000000000000 ) ) ;
#1215 = PLANE ( 'NONE',  #7525 ) ;
#1216 = DIRECTION ( 'NONE',  ( 1.850371707708594070E-16, -1.000000000000000000, 0.000000000000000000 ) ) ;
#1217 = ORIENTED_EDGE ( 'NONE', *, *, #3052, .F. ) ;
#1218 = ADVANCED_FACE ( 'NONE', ( #1982 ), #5766, .F. ) ;
#1219 = DIRECTION ( 'NONE',  ( 1.000000000000000000, 0.000000000000000000, 0.000000000000000000 ) ) ;
#1220 = EDGE_LOOP ( 'NONE', ( #5391, #7982, #3066, #5521 ) ) ;
#1221 = CARTESIAN_POINT ( 'NONE',  ( -18.00000000000001066, -72.00000000000001421, 5.000000000000000000 ) ) ;
#1222 = VERTEX_POINT ( 'NONE', #2067 ) ;
#1223 = DIRECTION ( 'NONE',  ( -0.000000000000000000, -0.000000000000000000, -1.000000000000000000 ) ) ;
#1224 = ORIENTED_EDGE ( 'NONE', *, *, #7145, .T. ) ;
#1225 = DIRECTION ( 'NONE',  ( 0.000000000000000000, 0.000000000000000000, -1.000000000000000000 ) ) ;
#1226 = VECTOR ( 'NONE', #5806, 1000.000000000000000 ) ;
#1227 = ORIENTED_EDGE ( 'NONE', *, *, #6065, .F. ) ;
#1228 = EDGE_CURVE ( 'NONE', #3145, #2011, #1895, .T. ) ;
#1229 = CARTESIAN_POINT ( 'NONE',  ( -75.00000000000002842, -28.00000000000001776, 5.000000000000000000 ) ) ;
#1230 = AXIS2_PLACEMENT_3D ( 'NONE', #3732, #2321, #4314 ) ;
#1231 = LINE ( 'NONE', #3742, #2248 ) ;
#1232 = CARTESIAN_POINT ( 'NONE',  ( -75.00000000000002842, -75.00000000000001421, 5.000000000000000000 ) ) ;
#1233 = EDGE_LOOP ( 'NONE', ( #3394, #4954, #1397, #3969 ) ) ;
#1234 = DIRECTION ( 'NONE',  ( 0.000000000000000000, -1.000000000000000000, -4.625929269271485322E-15 ) ) ;
#1235 = ORIENTED_EDGE ( 'NONE', *, *, #7305, .F. ) ;
#1236 = DIRECTION ( 'NONE',  ( 2.269055394249329430E-32, -1.226270043362915368E-16, 1.000000000000000000 ) ) ;
#1237 = LINE ( 'NONE', #3795, #6846 ) ;
#1238 = CARTESIAN_POINT ( 'NONE',  ( -72.00000000000002842, 11.99999999999997513, 5.000000000000000000 ) ) ;
#1239 = VECTOR ( 'NONE', #2945, 1000.000000000000000 ) ;
#1240 = VECTOR ( 'NONE', #8150, 1000.000000000000000 ) ;
#1241 = AXIS2_PLACEMENT_3D ( 'NONE', #225, #2147, #1169 ) ;
#1242 = DIRECTION ( 'NONE',  ( -0.000000000000000000, 1.000000000000000000, -0.000000000000000000 ) ) ;
#1243 = VECTOR ( 'NONE', #637, 1000.000000000000000 ) ;
#1244 = VECTOR ( 'NONE', #7467, 1000.000000000000000 ) ;
#1245 = EDGE_LOOP ( 'NONE', ( #685, #2429, #6986, #6305 ) ) ;
#1246 = DIRECTION ( 'NONE',  ( -4.625929269271485322E-15, -0.000000000000000000, 1.000000000000000000 ) ) ;
#1247 = EDGE_CURVE ( 'NONE', #4857, #3230, #98, .T. ) ;
#1248 = DIRECTION ( 'NONE',  ( 0.000000000000000000, -1.000000000000000000, -1.226270043362915368E-16 ) ) ;
#1249 = DIRECTION ( 'NONE',  ( 1.000000000000000000, 0.000000000000000000, 0.000000000000000000 ) ) ;
#1250 = ORIENTED_EDGE ( 'NONE', *, *, #6836, .T. ) ;
#1251 = AXIS2_PLACEMENT_3D ( 'NONE', #3957, #312, #2585 ) ;
#1252 = CARTESIAN_POINT ( 'NONE',  ( -28.00000000000000355, -75.00000000000001421, 5.000000000000000000 ) ) ;
#1253 = AXIS2_PLACEMENT_3D ( 'NONE', #4589, #2005, #3333 ) ;
#1254 = VERTEX_POINT ( 'NONE', #6937 ) ;
#1255 = DIRECTION ( 'NONE',  ( 0.000000000000000000, 1.000000000000000000, 0.000000000000000000 ) ) ;
#1256 = ORIENTED_EDGE ( 'NONE', *, *, #4880, .F. ) ;
#1257 = DIRECTION ( 'NONE',  ( 0.000000000000000000, -0.000000000000000000, 1.000000000000000000 ) ) ;
#1258 = DIRECTION ( 'NONE',  ( -0.000000000000000000, -0.000000000000000000, -1.000000000000000000 ) ) ;
#1259 = VECTOR ( 'NONE', #5310, 1000.000000000000000 ) ;
#1260 = DIRECTION ( 'NONE',  ( -1.000000000000000000, -0.000000000000000000, -0.000000000000000000 ) ) ;
#1261 = ADVANCED_FACE ( 'NONE', ( #6315 ), #8241, .F. ) ;
#1262 = CARTESIAN_POINT ( 'NONE',  ( 64.99999999999992895, 71.99999999999998579, 2.000000000000000000 ) ) ;
#1263 = MANIFOLD_SOLID_BREP ( 'Mirror2', #4991 ) ;
#1264 = EDGE_CURVE ( 'NONE', #6388, #254, #1307, .T. ) ;
#1265 = ORIENTED_EDGE ( 'NONE', *, *, #2691, .T. ) ;
#1266 = VECTOR ( 'NONE', #7211, 1000.000000000000000 ) ;
#1267 = CARTESIAN_POINT ( 'NONE',  ( -30.00000000000003908, 71.99999999999998579, 5.000000000000000000 ) ) ;
#1268 = ORIENTED_EDGE ( 'NONE', *, *, #5853, .T. ) ;
#1269 = CARTESIAN_POINT ( 'NONE',  ( 16.99999999999998579, -75.00000000000001421, 5.000000000000000000 ) ) ;
#1270 = ORIENTED_EDGE ( 'NONE', *, *, #6557, .F. ) ;
#1271 = CARTESIAN_POINT ( 'NONE',  ( -4.163336342344337027E-14, 71.99999999999998579, 5.000000000000000000 ) ) ;
#1272 = ORIENTED_EDGE ( 'NONE', *, *, #953, .F. ) ;
#1273 = ADVANCED_FACE ( 'NONE', ( #3188 ), #5721, .F. ) ;
#1274 = CARTESIAN_POINT ( 'NONE',  ( 74.99999999999997158, 69.99999999999998579, 2.000000000000000000 ) ) ;
#1275 = VERTEX_POINT ( 'NONE', #1944 ) ;
#1276 = LINE ( 'NONE', #774, #3269 ) ;
#1277 = FACE_OUTER_BOUND ( 'NONE', #3984, .T. ) ;
#1278 = CARTESIAN_POINT ( 'NONE',  ( -65.00000000000001421, 71.99999999999998579, 2.000000000000000000 ) ) ;
#1279 = ORIENTED_EDGE ( 'NONE', *, *, #2206, .F. ) ;
#1280 = CARTESIAN_POINT ( 'NONE',  ( -75.00000000000002842, -38.00000000000002842, 5.000000000000000000 ) ) ;
#1281 = EDGE_LOOP ( 'NONE', ( #5903, #1450, #857, #738 ) ) ;
#1282 = ADVANCED_FACE ( 'NONE', ( #2651 ), #7733, .F. ) ;
#1283 = CARTESIAN_POINT ( 'NONE',  ( 71.99999999999997158, 69.99999999999998579, 2.000000000000000000 ) ) ;
#1284 = DIRECTION ( 'NONE',  ( -0.000000000000000000, 1.000000000000000000, -0.000000000000000000 ) ) ;
#1285 = CARTESIAN_POINT ( 'NONE',  ( 71.99999999999998579, -25.00000000000002132, 0.000000000000000000 ) ) ;
#1286 = VECTOR ( 'NONE', #1577, 1000.000000000000000 ) ;
#1287 = CARTESIAN_POINT ( 'NONE',  ( -75.00000000000002842, 71.99999999999998579, 2.000000000000000000 ) ) ;
#1288 = VERTEX_POINT ( 'NONE', #7903 ) ;
#1289 = CARTESIAN_POINT ( 'NONE',  ( -15.00000000000004086, 71.99999999999998579, 5.000000000000000000 ) ) ;
#1290 = DIRECTION ( 'NONE',  ( 0.000000000000000000, 0.000000000000000000, -1.000000000000000000 ) ) ;
#1291 = FACE_OUTER_BOUND ( 'NONE', #7421, .T. ) ;
#1292 = VECTOR ( 'NONE', #3521, 1000.000000000000000 ) ;
#1293 = EDGE_LOOP ( 'NONE', ( #6491, #4397, #6425, #5327 ) ) ;
#1294 = CARTESIAN_POINT ( 'NONE',  ( -8.000000000000021316, -72.00000000000001421, 1.999999999999982236 ) ) ;
#1295 = VECTOR ( 'NONE', #4679, 1000.000000000000000 ) ;
#1296 = VERTEX_POINT ( 'NONE', #7981 ) ;
#1297 = ORIENTED_EDGE ( 'NONE', *, *, #2003, .F. ) ;
#1298 = FACE_BOUND ( 'NONE', #6390, .T. ) ;
#1299 = ORIENTED_EDGE ( 'NONE', *, *, #753, .T. ) ;
#1300 = DIRECTION ( 'NONE',  ( 0.000000000000000000, 0.000000000000000000, -1.000000000000000000 ) ) ;
#1301 = PLANE ( 'NONE',  #4194 ) ;
#1302 = CARTESIAN_POINT ( 'NONE',  ( -60.00000000000004263, 71.99999999999998579, 5.000000000000000000 ) ) ;
#1303 = AXIS2_PLACEMENT_3D ( 'NONE', #7667, #2454, #3118 ) ;
#1304 = VERTEX_POINT ( 'NONE', #4765 ) ;
#1305 = ADVANCED_FACE ( 'NONE', ( #6522 ), #4606, .F. ) ;
#1306 = EDGE_CURVE ( 'NONE', #7829, #1467, #4025, .T. ) ;
#1307 = LINE ( 'NONE', #643, #1226 ) ;
#1308 = ORIENTED_EDGE ( 'NONE', *, *, #6908, .F. ) ;
#1309 = DIRECTION ( 'NONE',  ( 1.914177628664063128E-16, -1.000000000000000000, -1.226270043362915368E-16 ) ) ;
#1310 = ORIENTED_EDGE ( 'NONE', *, *, #6416, .T. ) ;
#1311 = ADVANCED_FACE ( 'NONE', ( #4727 ), #5974, .F. ) ;
#1312 = VECTOR ( 'NONE', #1733, 1000.000000000000000 ) ;
#1313 = CARTESIAN_POINT ( 'NONE',  ( -72.00000000000002842, -72.00000000000001421, 1.999999999999982236 ) ) ;
#1314 = VERTEX_POINT ( 'NONE', #1436 ) ;
#1315 = CARTESIAN_POINT ( 'NONE',  ( 46.99999999999998579, -75.00000000000001421, 5.000000000000000000 ) ) ;
#1316 = ORIENTED_EDGE ( 'NONE', *, *, #2648, .F. ) ;
#1317 = ADVANCED_FACE ( 'NONE', ( #4105 ), #2734, .F. ) ;
#1318 = DIRECTION ( 'NONE',  ( 1.000000000000000000, 0.000000000000000000, 0.000000000000000000 ) ) ;
#1319 = DIRECTION ( 'NONE',  ( 2.312964634635729250E-15, 0.000000000000000000, 1.000000000000000000 ) ) ;
#1320 = LINE ( 'NONE', #6408, #318 ) ;
#1321 = ORIENTED_EDGE ( 'NONE', *, *, #4956, .F. ) ;
#1322 = EDGE_CURVE ( 'NONE', #4946, #1655, #1598, .T. ) ;
#1323 = LINE ( 'NONE', #1280, #2508 ) ;
#1324 = VERTEX_POINT ( 'NONE', #7151 ) ;
#1325 = CARTESIAN_POINT ( 'NONE',  ( 6.999999999999992006, -72.00000000000001421, 5.000000000000000000 ) ) ;
#1326 = DIRECTION ( 'NONE',  ( -0.000000000000000000, -1.000000000000000000, -0.000000000000000000 ) ) ;
#1327 = CARTESIAN_POINT ( 'NONE',  ( -15.00000000000004086, 71.99999999999998579, 5.000000000000000000 ) ) ;
#1328 = EDGE_CURVE ( 'NONE', #7130, #6030, #7313, .T. ) ;
#1329 = LINE ( 'NONE', #7676, #65 ) ;
#1330 = EDGE_LOOP ( 'NONE', ( #5626, #868, #7870, #892 ) ) ;
#1331 = CARTESIAN_POINT ( 'NONE',  ( 71.99999999999997158, 69.99999999999998579, 2.000000000000000000 ) ) ;
#1332 = CARTESIAN_POINT ( 'NONE',  ( -35.00000000000004263, 71.99999999999998579, 5.000000000000000000 ) ) ;
#1333 = AXIS2_PLACEMENT_3D ( 'NONE', #6746, #6862, #5477 ) ;
#1334 = FACE_OUTER_BOUND ( 'NONE', #2359, .T. ) ;
#1335 = DIRECTION ( 'NONE',  ( 0.000000000000000000, 0.000000000000000000, -1.000000000000000000 ) ) ;
#1336 = VECTOR ( 'NONE', #3729, 1000.000000000000000 ) ;
#1337 = ORIENTED_EDGE ( 'NONE', *, *, #7749, .T. ) ;
#1338 = EDGE_CURVE ( 'NONE', #3576, #6525, #3983, .T. ) ;
#1339 = ORIENTED_EDGE ( 'NONE', *, *, #3395, .T. ) ;
#1340 = ORIENTED_EDGE ( 'NONE', *, *, #4938, .T. ) ;
#1341 = DIRECTION ( 'NONE',  ( 0.000000000000000000, -1.000000000000000000, -1.226270043362915368E-16 ) ) ;
#1342 = CARTESIAN_POINT ( 'NONE',  ( 71.99999999999997158, 64.99999999999998579, 5.000000000000000000 ) ) ;
#1343 = VECTOR ( 'NONE', #1089, 1000.000000000000000 ) ;
#1344 = DIRECTION ( 'NONE',  ( -1.000000000000000000, 0.000000000000000000, 2.312964634635729250E-15 ) ) ;
#1345 = DIRECTION ( 'NONE',  ( -0.000000000000000000, -1.000000000000000000, -0.000000000000000000 ) ) ;
#1346 = ORIENTED_EDGE ( 'NONE', *, *, #355, .F. ) ;
#1347 = VECTOR ( 'NONE', #4281, 1000.000000000000000 ) ;
#1348 = DIRECTION ( 'NONE',  ( 0.000000000000000000, 4.625929269271485322E-15, -1.000000000000000000 ) ) ;
#1349 = ORIENTED_EDGE ( 'NONE', *, *, #2033, .F. ) ;
#1350 = DIRECTION ( 'NONE',  ( -2.312964634635729250E-15, 0.000000000000000000, -1.000000000000000000 ) ) ;
#1351 = ORIENTED_EDGE ( 'NONE', *, *, #7013, .T. ) ;
#1352 = DIRECTION ( 'NONE',  ( 1.914177628664063128E-16, -1.000000000000000000, -1.226270043362915368E-16 ) ) ;
#1353 = ORIENTED_EDGE ( 'NONE', *, *, #5193, .T. ) ;
#1354 = FACE_OUTER_BOUND ( 'NONE', #551, .T. ) ;
#1355 = VECTOR ( 'NONE', #7593, 1000.000000000000000 ) ;
#1356 = EDGE_CURVE ( 'NONE', #1981, #1314, #2853, .T. ) ;
#1357 = VERTEX_POINT ( 'NONE', #303 ) ;
#1358 = CARTESIAN_POINT ( 'NONE',  ( 71.99999999999998579, 34.99999999999998579, 1.999999999999995781 ) ) ;
#1359 = DIRECTION ( 'NONE',  ( -0.000000000000000000, 1.000000000000000000, -0.000000000000000000 ) ) ;
#1360 = LINE ( 'NONE', #737, #1916 ) ;
#1361 = ORIENTED_EDGE ( 'NONE', *, *, #6964, .T. ) ;
#1362 = CARTESIAN_POINT ( 'NONE',  ( -55.00000000000004263, 71.99999999999998579, 5.000000000000000000 ) ) ;
#1363 = ORIENTED_EDGE ( 'NONE', *, *, #1356, .F. ) ;
#1364 = DIRECTION ( 'NONE',  ( -0.000000000000000000, -0.000000000000000000, -1.000000000000000000 ) ) ;
#1365 = LINE ( 'NONE', #1605, #7517 ) ;
#1366 = ADVANCED_FACE ( 'NONE', ( #3439 ), #4650, .F. ) ;
#1367 = DIRECTION ( 'NONE',  ( -1.000000000000000000, -0.000000000000000000, -0.000000000000000000 ) ) ;
#1368 = EDGE_CURVE ( 'NONE', #7913, #2830, #7193, .T. ) ;
#1369 = AXIS2_PLACEMENT_3D ( 'NONE', #3065, #8158, #2440 ) ;
#1370 = LINE ( 'NONE', #2754, #7530 ) ;
#1371 = ORIENTED_EDGE ( 'NONE', *, *, #1589, .T. ) ;
#1372 = VECTOR ( 'NONE', #6320, 1000.000000000000000 ) ;
#1373 = CARTESIAN_POINT ( 'NONE',  ( -75.00000000000002842, -3.000000000000002665, 2.000000000000000000 ) ) ;
#1374 = VECTOR ( 'NONE', #8268, 1000.000000000000000 ) ;
#1375 = LINE ( 'NONE', #6421, #325 ) ;
#1376 = AXIS2_PLACEMENT_3D ( 'NONE', #2929, #5461, #8021 ) ;
#1377 = EDGE_CURVE ( 'NONE', #5200, #1199, #5314, .T. ) ;
#1378 = DIRECTION ( 'NONE',  ( 1.000000000000000000, 0.000000000000000000, 0.000000000000000000 ) ) ;
#1379 = LINE ( 'NONE', #7810, #7473 ) ;
#1380 = ORIENTED_EDGE ( 'NONE', *, *, #8250, .T. ) ;
#1381 = VECTOR ( 'NONE', #2496, 1000.000000000000000 ) ;
#1382 = ORIENTED_EDGE ( 'NONE', *, *, #3064, .T. ) ;
#1383 = ORIENTED_EDGE ( 'NONE', *, *, #4686, .T. ) ;
#1384 = ORIENTED_EDGE ( 'NONE', *, *, #763, .T. ) ;
#1385 = FACE_OUTER_BOUND ( 'NONE', #7550, .T. ) ;
#1386 = FACE_OUTER_BOUND ( 'NONE', #1576, .T. ) ;
#1387 = LINE ( 'NONE', #4019, #3135 ) ;
#1388 = EDGE_CURVE ( 'NONE', #5819, #4084, #180, .T. ) ;
#1389 = CARTESIAN_POINT ( 'NONE',  ( 71.99999999999997158, 44.99999999999998579, 0.000000000000000000 ) ) ;
#1390 = VECTOR ( 'NONE', #7930, 1000.000000000000000 ) ;
#1391 = ORIENTED_EDGE ( 'NONE', *, *, #1628, .F. ) ;
#1392 = VECTOR ( 'NONE', #666, 1000.000000000000000 ) ;
#1393 = PLANE ( 'NONE',  #6562 ) ;
#1394 = ORIENTED_EDGE ( 'NONE', *, *, #4522, .T. ) ;
#1395 = VECTOR ( 'NONE', #6755, 1000.000000000000000 ) ;
#1396 = FACE_OUTER_BOUND ( 'NONE', #1630, .T. ) ;
#1397 = ORIENTED_EDGE ( 'NONE', *, *, #7844, .F. ) ;
#1398 = DIRECTION ( 'NONE',  ( 0.000000000000000000, -0.000000000000000000, 1.000000000000000000 ) ) ;
#1399 = EDGE_LOOP ( 'NONE', ( #2499, #4796, #6791, #1506 ) ) ;
#1400 = LINE ( 'NONE', #5774, #4529 ) ;
#1401 = AXIS2_PLACEMENT_3D ( 'NONE', #5788, #77, #2631 ) ;
#1402 = EDGE_LOOP ( 'NONE', ( #4056, #786, #651, #2557 ) ) ;
#1403 = CARTESIAN_POINT ( 'NONE',  ( -65.00000000000001421, 71.99999999999998579, 5.000000000000000000 ) ) ;
#1404 = CARTESIAN_POINT ( 'NONE',  ( 57.99999999999999289, 3.500000000000003109, 5.000000000000000888 ) ) ;
#1406 = EDGE_CURVE ( 'NONE', #5724, #6782, #5388, .T. ) ;
#1405 = LINE ( 'NONE', #1955, #1519 ) ;
#1407 = ORIENTED_EDGE ( 'NONE', *, *, #3762, .T. ) ;
#1408 = DIRECTION ( 'NONE',  ( 0.000000000000000000, 0.000000000000000000, -1.000000000000000000 ) ) ;
#1409 = VERTEX_POINT ( 'NONE', #6056 ) ;
#1410 = FACE_OUTER_BOUND ( 'NONE', #2688, .T. ) ;
#1411 = LINE ( 'NONE', #4150, #3922 ) ;
#1412 = LINE ( 'NONE', #5329, #6551 ) ;
#1413 = LINE ( 'NONE', #3961, #5659 ) ;
#1414 = ADVANCED_FACE ( 'NONE', ( #346 ), #2892, .F. ) ;
#1415 = ADVANCED_FACE ( 'NONE', ( #3397 ), #5932, .F. ) ;
#1416 = EDGE_LOOP ( 'NONE', ( #4939, #4320, #5202, #7664 ) ) ;
#1417 = EDGE_CURVE ( 'NONE', #1357, #1199, #6301, .T. ) ;
#1418 = DIRECTION ( 'NONE',  ( -0.000000000000000000, 0.000000000000000000, -1.000000000000000000 ) ) ;
#1419 = LINE ( 'NONE', #877, #4057 ) ;
#1420 = DIRECTION ( 'NONE',  ( -1.000000000000000000, -0.000000000000000000, 0.000000000000000000 ) ) ;
#1421 = DIRECTION ( 'NONE',  ( 2.269055394249329430E-32, -1.226270043362915368E-16, 1.000000000000000000 ) ) ;
#1422 = VECTOR ( 'NONE', #4457, 1000.000000000000000 ) ;
#1423 = ORIENTED_EDGE ( 'NONE', *, *, #6628, .F. ) ;
#1424 = ORIENTED_EDGE ( 'NONE', *, *, #4795, .T. ) ;
#1425 = EDGE_CURVE ( 'NONE', #5775, #794, #8105, .T. ) ;
#1426 = VERTEX_POINT ( 'NONE', #4971 ) ;
#1427 = VERTEX_POINT ( 'NONE', #4259 ) ;
#1428 = FACE_BOUND ( 'NONE', #7737, .T. ) ;
#1429 = EDGE_CURVE ( 'NONE', #5756, #480, #4890, .T. ) ;
#1430 = CARTESIAN_POINT ( 'NONE',  ( 71.99999999999998579, 34.99999999999998579, 5.000000000000000000 ) ) ;
#1431 = CARTESIAN_POINT ( 'NONE',  ( -72.00000000000002842, -18.00000000000002132, 5.000000000000000000 ) ) ;
#1432 = DIRECTION ( 'NONE',  ( -0.000000000000000000, -0.000000000000000000, -1.000000000000000000 ) ) ;
#1433 = VERTEX_POINT ( 'NONE', #3053 ) ;
#1434 = VECTOR ( 'NONE', #1600, 1000.000000000000000 ) ;
#1435 = EDGE_CURVE ( 'NONE', #7040, #6622, #1761, .T. ) ;
#1436 = CARTESIAN_POINT ( 'NONE',  ( 51.99999999999999289, -75.00000000000001421, 5.000000000000000000 ) ) ;
#1437 = EDGE_LOOP ( 'NONE', ( #5587, #3302, #2375, #4440 ) ) ;
#1438 = CARTESIAN_POINT ( 'NONE',  ( 74.99999999999997158, 74.99999999999998579, 5.000000000000000000 ) ) ;
#1439 = ORIENTED_EDGE ( 'NONE', *, *, #719, .F. ) ;
#1440 = CARTESIAN_POINT ( 'NONE',  ( 64.99999999999994316, 71.99999999999998579, 2.000000000000000000 ) ) ;
#1441 = ORIENTED_EDGE ( 'NONE', *, *, #4240, .T. ) ;
#1442 = CIRCLE ( 'NONE', #6092, 1.600000000000004086 ) ;
#1443 = EDGE_LOOP ( 'NONE', ( #1010, #359, #1363, #8027 ) ) ;
#1444 = DIRECTION ( 'NONE',  ( -0.000000000000000000, -0.000000000000000000, -1.000000000000000000 ) ) ;
#1445 = VECTOR ( 'NONE', #1300, 1000.000000000000000 ) ;
#1446 = CARTESIAN_POINT ( 'NONE',  ( -38.00000000000001421, -72.00000000000001421, 5.000000000000000000 ) ) ;
#1447 = DIRECTION ( 'NONE',  ( 0.000000000000000000, 0.000000000000000000, 1.000000000000000000 ) ) ;
#1448 = ORIENTED_EDGE ( 'NONE', *, *, #4087, .T. ) ;
#1449 = CARTESIAN_POINT ( 'NONE',  ( -75.00000000000002842, -18.00000000000002132, 2.000000000000000000 ) ) ;
#1450 = ORIENTED_EDGE ( 'NONE', *, *, #6571, .F. ) ;
#1451 = PLANE ( 'NONE',  #6216 ) ;
#1452 = DIRECTION ( 'NONE',  ( -4.625929269271458501E-15, -0.000000000000000000, 1.000000000000000000 ) ) ;
#1453 = CARTESIAN_POINT ( 'NONE',  ( -72.00000000000002842, -8.000000000000035527, 2.000000000000000000 ) ) ;
#1454 = ORIENTED_EDGE ( 'NONE', *, *, #1206, .F. ) ;
#1455 = FACE_OUTER_BOUND ( 'NONE', #6080, .T. ) ;
#1456 = CARTESIAN_POINT ( 'NONE',  ( -40.00000000000003553, 71.99999999999998579, 5.000000000000000000 ) ) ;
#1457 = ORIENTED_EDGE ( 'NONE', *, *, #669, .F. ) ;
#1458 = CARTESIAN_POINT ( 'NONE',  ( -72.00000000000002842, 71.99999999999998579, 0.000000000000000000 ) ) ;
#1459 = DIRECTION ( 'NONE',  ( -0.000000000000000000, -4.625929269271485322E-15, 1.000000000000000000 ) ) ;
#1460 = CARTESIAN_POINT ( 'NONE',  ( -5.099999999999997868, 57.99999999999997868, 0.000000000000000000 ) ) ;
#1461 = LINE ( 'NONE', #5213, #2155 ) ;
#1462 = EDGE_CURVE ( 'NONE', #8157, #6546, #2389, .T. ) ;
#1463 = EDGE_CURVE ( 'NONE', #6542, #2779, #5586, .T. ) ;
#1464 = ORIENTED_EDGE ( 'NONE', *, *, #2635, .T. ) ;
#1465 = ORIENTED_EDGE ( 'NONE', *, *, #5438, .T. ) ;
#1466 = ADVANCED_FACE ( 'NONE', ( #7518 ), #2265, .F. ) ;
#1467 = VERTEX_POINT ( 'NONE', #4849 ) ;
#1468 = ORIENTED_EDGE ( 'NONE', *, *, #341, .T. ) ;
#1469 = VERTEX_POINT ( 'NONE', #6885 ) ;
#1470 = CARTESIAN_POINT ( 'NONE',  ( -72.00000000000002842, -28.00000000000001776, 5.000000000000000000 ) ) ;
#1471 = CARTESIAN_POINT ( 'NONE',  ( 71.99999999999998579, 4.999999999999976019, 5.000000000000000000 ) ) ;
#1472 = FACE_OUTER_BOUND ( 'NONE', #7230, .T. ) ;
#1473 = LINE ( 'NONE', #6560, #676 ) ;
#1474 = ADVANCED_FACE ( 'NONE', ( #7399 ), #1012, .F. ) ;
#1475 = ORIENTED_EDGE ( 'NONE', *, *, #6917, .T. ) ;
#1476 = AXIS2_PLACEMENT_3D ( 'NONE', #2573, #3277, #1860 ) ;
#1477 = EDGE_CURVE ( 'NONE', #5773, #6798, #3722, .T. ) ;
#1478 = CARTESIAN_POINT ( 'NONE',  ( 71.99999999999997158, 69.99999999999998579, 2.000000000000000000 ) ) ;
#1479 = VECTOR ( 'NONE', #2106, 1000.000000000000000 ) ;
#1480 = VERTEX_POINT ( 'NONE', #3093 ) ;
#1481 = DIRECTION ( 'NONE',  ( -1.000000000000000000, 0.000000000000000000, 2.312964634635729250E-15 ) ) ;
#1482 = ORIENTED_EDGE ( 'NONE', *, *, #4956, .T. ) ;
#1483 = DIRECTION ( 'NONE',  ( 1.000000000000000000, 0.000000000000000000, 0.000000000000000000 ) ) ;
#1484 = ORIENTED_EDGE ( 'NONE', *, *, #1535, .F. ) ;
#1485 = EDGE_CURVE ( 'NONE', #920, #5059, #7439, .T. ) ;
#1486 = VECTOR ( 'NONE', #3806, 1000.000000000000000 ) ;
#1487 = ORIENTED_EDGE ( 'NONE', *, *, #7086, .F. ) ;
#1488 = CARTESIAN_POINT ( 'NONE',  ( -72.00000000000002842, 66.99999999999997158, 2.000000000000000000 ) ) ;
#1489 = DIRECTION ( 'NONE',  ( -1.000000000000000000, 0.000000000000000000, 0.000000000000000000 ) ) ;
#1490 = CARTESIAN_POINT ( 'NONE',  ( -56.39999999999997726, 3.500000000000000000, 0.000000000000000000 ) ) ;
#1491 = VERTEX_POINT ( 'NONE', #5630 ) ;
#1492 = VECTOR ( 'NONE', #3371, 1000.000000000000000 ) ;
#1493 = DIRECTION ( 'NONE',  ( 1.000000000000000000, 0.000000000000000000, 0.000000000000000000 ) ) ;
#1494 = ORIENTED_EDGE ( 'NONE', *, *, #6721, .T. ) ;
#1495 = LINE ( 'NONE', #1615, #3024 ) ;
#1496 = EDGE_CURVE ( 'NONE', #6487, #5658, #6093, .T. ) ;
#1497 = LINE ( 'NONE', #6458, #6143 ) ;
#1498 = DIRECTION ( 'NONE',  ( -1.000000000000000000, 0.000000000000000000, 2.312964634635729250E-15 ) ) ;
#1499 = DIRECTION ( 'NONE',  ( 1.000000000000000000, 1.850371707708594070E-16, -0.000000000000000000 ) ) ;
#1500 = VERTEX_POINT ( 'NONE', #384 ) ;
#1501 = FACE_OUTER_BOUND ( 'NONE', #2154, .T. ) ;
#1502 = DIRECTION ( 'NONE',  ( -0.000000000000000000, 1.000000000000000000, 0.000000000000000000 ) ) ;
#1503 = DIRECTION ( 'NONE',  ( -1.000000000000000000, 0.000000000000000000, 0.000000000000000000 ) ) ;
#1504 = DIRECTION ( 'NONE',  ( 0.000000000000000000, -1.000000000000000000, -1.226270043362915368E-16 ) ) ;
#1505 = VECTOR ( 'NONE', #2401, 1000.000000000000000 ) ;
#1506 = ORIENTED_EDGE ( 'NONE', *, *, #4263, .F. ) ;
#1507 = VERTEX_POINT ( 'NONE', #7354 ) ;
#1508 = VECTOR ( 'NONE', #7826, 1000.000000000000000 ) ;
#1509 = VECTOR ( 'NONE', #1207, 1000.000000000000000 ) ;
#1510 = ORIENTED_EDGE ( 'NONE', *, *, #4040, .F. ) ;
#1511 = CARTESIAN_POINT ( 'NONE',  ( 75.00000000000000000, -75.00000000000001421, 5.000000000000000000 ) ) ;
#1512 = EDGE_CURVE ( 'NONE', #6280, #5074, #3682, .T. ) ;
#1513 = DIRECTION ( 'NONE',  ( -1.000000000000000000, -0.000000000000000000, -0.000000000000000000 ) ) ;
#1514 = CARTESIAN_POINT ( 'NONE',  ( 19.99999999999996092, 74.99999999999998579, 5.000000000000000000 ) ) ;
#1515 = LINE ( 'NONE', #2143, #6538 ) ;
#1516 = VECTOR ( 'NONE', #7444, 1000.000000000000000 ) ;
#1517 = VECTOR ( 'NONE', #3726, 1000.000000000000000 ) ;
#1518 = ORIENTED_EDGE ( 'NONE', *, *, #5300, .F. ) ;
#1519 = VECTOR ( 'NONE', #2580, 1000.000000000000000 ) ;
#1520 = CARTESIAN_POINT ( 'NONE',  ( 72.00000000000000000, -50.00000000000001421, 5.000000000000000000 ) ) ;
#1521 = ORIENTED_EDGE ( 'NONE', *, *, #4373, .T. ) ;
#1522 = CARTESIAN_POINT ( 'NONE',  ( 9.999999999999968026, 74.99999999999998579, 5.000000000000000000 ) ) ;
#1523 = EDGE_CURVE ( 'NONE', #6426, #2740, #2428, .T. ) ;
#1524 = ORIENTED_EDGE ( 'NONE', *, *, #8138, .T. ) ;
#1525 = CARTESIAN_POINT ( 'NONE',  ( 71.99999999999997158, 69.99999999999998579, 2.000000000000000000 ) ) ;
#1526 = VECTOR ( 'NONE', #6209, 1000.000000000000000 ) ;
#1527 = ORIENTED_EDGE ( 'NONE', *, *, #3879, .F. ) ;
#1528 = ORIENTED_EDGE ( 'NONE', *, *, #5308, .T. ) ;
#1529 = ADVANCED_FACE ( 'NONE', ( #1638 ), #2352, .F. ) ;
#1530 = EDGE_LOOP ( 'NONE', ( #387, #120, #8143, #2666 ) ) ;
#1531 = AXIS2_PLACEMENT_3D ( 'NONE', #4432, #3143, #6392 ) ;
#1532 = DIRECTION ( 'NONE',  ( 1.000000000000000000, 0.000000000000000000, 0.000000000000000000 ) ) ;
#1533 = LINE ( 'NONE', #862, #7306 ) ;
#1534 = PLANE ( 'NONE',  #581 ) ;
#1535 = EDGE_CURVE ( 'NONE', #1898, #1433, #6769, .T. ) ;
#1536 = AXIS2_PLACEMENT_3D ( 'NONE', #876, #372, #5956 ) ;
#1537 = EDGE_LOOP ( 'NONE', ( #6694, #5690, #1235, #3834 ) ) ;
#1538 = PLANE ( 'NONE',  #3637 ) ;
#1539 = VERTEX_POINT ( 'NONE', #3598 ) ;
#1540 = LINE ( 'NONE', #5328, #4755 ) ;
#1541 = VECTOR ( 'NONE', #7295, 1000.000000000000000 ) ;
#1542 = DIRECTION ( 'NONE',  ( -4.625929269271485322E-15, -0.000000000000000000, 1.000000000000000000 ) ) ;
#1543 = FACE_OUTER_BOUND ( 'NONE', #1281, .T. ) ;
#1544 = CARTESIAN_POINT ( 'NONE',  ( -33.00000000000001421, -72.00000000000001421, 5.000000000000000000 ) ) ;
#1545 = ADVANCED_FACE ( 'NONE', ( #2972 ), #5507, .F. ) ;
#1546 = VERTEX_POINT ( 'NONE', #5253 ) ;
#1547 = CARTESIAN_POINT ( 'NONE',  ( -72.00000000000002842, -63.00000000000001421, 5.000000000000000000 ) ) ;
#1548 = PLANE ( 'NONE',  #5506 ) ;
#1549 = CARTESIAN_POINT ( 'NONE',  ( 67.00000000000000000, -72.00000000000001421, 1.999999999999982236 ) ) ;
#1550 = ORIENTED_EDGE ( 'NONE', *, *, #6178, .T. ) ;
#1551 = VERTEX_POINT ( 'NONE', #6302 ) ;
#1552 = CARTESIAN_POINT ( 'NONE',  ( 44.99999999999996447, 74.99999999999998579, 5.000000000000000000 ) ) ;
#1553 = FACE_OUTER_BOUND ( 'NONE', #4904, .T. ) ;
#1554 = LINE ( 'NONE', #1007, #6127 ) ;
#1555 = DIRECTION ( 'NONE',  ( -2.312964634635729250E-15, 0.000000000000000000, -1.000000000000000000 ) ) ;
#1556 = ORIENTED_EDGE ( 'NONE', *, *, #3564, .F. ) ;
#1557 = VECTOR ( 'NONE', #3082, 1000.000000000000000 ) ;
#1558 = DIRECTION ( 'NONE',  ( 1.000000000000000000, 1.850371707708594070E-16, -0.000000000000000000 ) ) ;
#1559 = EDGE_LOOP ( 'NONE', ( #3260, #4813, #8013, #2705 ) ) ;
#1560 = CARTESIAN_POINT ( 'NONE',  ( 26.99999999999998934, -72.00000000000001421, 5.000000000000000000 ) ) ;
#1561 = ORIENTED_EDGE ( 'NONE', *, *, #4121, .T. ) ;
#1562 = LINE ( 'NONE', #1643, #4315 ) ;
#1563 = ORIENTED_EDGE ( 'NONE', *, *, #4527, .T. ) ;
#1564 = EDGE_LOOP ( 'NONE', ( #4830, #7943, #3356, #1722 ) ) ;
#1565 = VECTOR ( 'NONE', #5509, 1000.000000000000000 ) ;
#1566 = ORIENTED_EDGE ( 'NONE', *, *, #5394, .F. ) ;
#1567 = ADVANCED_FACE ( 'NONE', ( #3374 ), #4470, .F. ) ;
#1568 = EDGE_CURVE ( 'NONE', #1688, #976, #4667, .T. ) ;
#1569 = CARTESIAN_POINT ( 'NONE',  ( 71.99999999999998579, -15.00000000000001421, 5.000000000000000000 ) ) ;
#1570 = EDGE_CURVE ( 'NONE', #4974, #1426, #874, .T. ) ;
#1571 = LINE ( 'NONE', #5400, #4911 ) ;
#1572 = LINE ( 'NONE', #4698, #1651 ) ;
#1573 = ORIENTED_EDGE ( 'NONE', *, *, #5787, .F. ) ;
#1574 = AXIS2_PLACEMENT_3D ( 'NONE', #3592, #4455, #3164 ) ;
#1575 = CARTESIAN_POINT ( 'NONE',  ( -15.00000000000004086, 71.99999999999998579, 5.000000000000000000 ) ) ;
#1576 = EDGE_LOOP ( 'NONE', ( #4456, #4678, #986, #3874 ) ) ;
#1577 = DIRECTION ( 'NONE',  ( -0.000000000000000000, -1.000000000000000000, -0.000000000000000000 ) ) ;
#1578 = LINE ( 'NONE', #3579, #2828 ) ;
#1579 = EDGE_CURVE ( 'NONE', #5724, #8110, #5091, .T. ) ;
#1580 = VECTOR ( 'NONE', #1359, 1000.000000000000000 ) ;
#1581 = CARTESIAN_POINT ( 'NONE',  ( -72.00000000000002842, 61.99999999999997868, 5.000000000000000000 ) ) ;
#1582 = EDGE_CURVE ( 'NONE', #4084, #1426, #6588, .T. ) ;
#1583 = DIRECTION ( 'NONE',  ( -0.000000000000000000, -0.000000000000000000, -1.000000000000000000 ) ) ;
#1584 = CARTESIAN_POINT ( 'NONE',  ( 59.60000000000000142, 3.500000000000003109, 15.00000000000000000 ) ) ;
#1585 = ORIENTED_EDGE ( 'NONE', *, *, #5691, .F. ) ;
#1586 = DIRECTION ( 'NONE',  ( 0.000000000000000000, -0.000000000000000000, -1.000000000000000000 ) ) ;
#1587 = CARTESIAN_POINT ( 'NONE',  ( 1.899999999999997913, -57.99999999999997868, 0.000000000000000000 ) ) ;
#1588 = LINE ( 'NONE', #6083, #6807 ) ;
#1589 = EDGE_CURVE ( 'NONE', #1117, #6972, #5713, .T. ) ;
#1590 = ORIENTED_EDGE ( 'NONE', *, *, #3146, .T. ) ;
#1591 = ORIENTED_EDGE ( 'NONE', *, *, #4889, .T. ) ;
#1592 = LINE ( 'NONE', #7223, #3169 ) ;
#1593 = DIRECTION ( 'NONE',  ( -0.000000000000000000, -0.000000000000000000, -1.000000000000000000 ) ) ;
#1594 = DIRECTION ( 'NONE',  ( 1.000000000000000000, 1.850371707708594070E-16, 0.000000000000000000 ) ) ;
#1595 = DIRECTION ( 'NONE',  ( -4.625929269271458501E-15, -0.000000000000000000, 1.000000000000000000 ) ) ;
#1596 = EDGE_CURVE ( 'NONE', #7708, #1314, #7804, .T. ) ;
#1597 = ORIENTED_EDGE ( 'NONE', *, *, #1009, .T. ) ;
#1598 = LINE ( 'NONE', #1520, #5231 ) ;
#1599 = ORIENTED_EDGE ( 'NONE', *, *, #106, .T. ) ;
#1600 = DIRECTION ( 'NONE',  ( 0.000000000000000000, -1.000000000000000000, 0.000000000000000000 ) ) ;
#1601 = ORIENTED_EDGE ( 'NONE', *, *, #7073, .T. ) ;
#1602 = CARTESIAN_POINT ( 'NONE',  ( -72.00000000000002842, 56.99999999999997868, 5.000000000000000000 ) ) ;
#1603 = CARTESIAN_POINT ( 'NONE',  ( 71.99999999999997158, 69.99999999999998579, 2.000000000000000000 ) ) ;
#1604 = VERTEX_POINT ( 'NONE', #5671 ) ;
#1605 = CARTESIAN_POINT ( 'NONE',  ( -43.00000000000000711, -75.00000000000001421, 5.000000000000000000 ) ) ;
#1606 = CIRCLE ( 'NONE', #2007, 1.600000000000005196 ) ;
#1607 = ORIENTED_EDGE ( 'NONE', *, *, #294, .F. ) ;
#1608 = VECTOR ( 'NONE', #2890, 1000.000000000000000 ) ;
#1609 = CARTESIAN_POINT ( 'NONE',  ( 9.999999999999968026, 71.99999999999998579, 5.000000000000000000 ) ) ;
#1610 = CARTESIAN_POINT ( 'NONE',  ( 74.99999999999997158, 74.99999999999998579, 5.000000000000000000 ) ) ;
#1611 = DIRECTION ( 'NONE',  ( -0.000000000000000000, 1.000000000000000000, 0.000000000000000000 ) ) ;
#1612 = DIRECTION ( 'NONE',  ( -0.000000000000000000, 1.000000000000000000, -0.000000000000000000 ) ) ;
#1613 = VERTEX_POINT ( 'NONE', #8231 ) ;
#1614 = EDGE_CURVE ( 'NONE', #7020, #988, #7009, .T. ) ;
#1615 = CARTESIAN_POINT ( 'NONE',  ( 74.99999999999997158, 69.99999999999998579, 2.000000000000000000 ) ) ;
#1616 = VECTOR ( 'NONE', #4919, 1000.000000000000000 ) ;
#1617 = CARTESIAN_POINT ( 'NONE',  ( -72.00000000000002842, 71.99999999999998579, 2.000000000000000000 ) ) ;
#1618 = DIRECTION ( 'NONE',  ( -1.000000000000000000, 0.000000000000000000, 0.000000000000000000 ) ) ;
#1619 = VECTOR ( 'NONE', #5989, 1000.000000000000000 ) ;
#1620 = DIRECTION ( 'NONE',  ( 1.000000000000000000, 1.850371707708594070E-16, -0.000000000000000000 ) ) ;
#1621 = DIRECTION ( 'NONE',  ( -1.000000000000000000, 0.000000000000000000, 0.000000000000000000 ) ) ;
#1622 = ORIENTED_EDGE ( 'NONE', *, *, #5997, .T. ) ;
#1623 = ORIENTED_EDGE ( 'NONE', *, *, #2003, .T. ) ;
#1624 = EDGE_CURVE ( 'NONE', #7845, #1304, #4627, .T. ) ;
#1625 = LINE ( 'NONE', #332, #4461 ) ;
#1626 = CARTESIAN_POINT ( 'NONE',  ( -72.00000000000002842, -72.00000000000001421, 1.999999999999982236 ) ) ;
#1627 = PLANE ( 'NONE',  #4280 ) ;
#1628 = EDGE_CURVE ( 'NONE', #2681, #5590, #3331, .T. ) ;
#1629 = ORIENTED_EDGE ( 'NONE', *, *, #3151, .F. ) ;
#1630 = EDGE_LOOP ( 'NONE', ( #3714, #4961, #5503, #6922 ) ) ;
#1631 = LINE ( 'NONE', #7935, #6895 ) ;
#1632 = ADVANCED_FACE ( 'NONE', ( #4046 ), #6501, .F. ) ;
#1633 = FACE_OUTER_BOUND ( 'NONE', #4247, .T. ) ;
#1634 = DIRECTION ( 'NONE',  ( 1.850371707708594070E-16, -1.000000000000000000, 0.000000000000000000 ) ) ;
#1635 = PLANE ( 'NONE',  #2810 ) ;
#1636 = ORIENTED_EDGE ( 'NONE', *, *, #1328, .F. ) ;
#1637 = VECTOR ( 'NONE', #6574, 1000.000000000000000 ) ;
#1638 = FACE_OUTER_BOUND ( 'NONE', #6298, .T. ) ;
#1639 = ORIENTED_EDGE ( 'NONE', *, *, #3100, .T. ) ;
#1640 = LINE ( 'NONE', #6734, #897 ) ;
#1641 = EDGE_CURVE ( 'NONE', #7724, #2583, #5912, .T. ) ;
#1642 = ORIENTED_EDGE ( 'NONE', *, *, #6166, .F. ) ;
#1643 = CARTESIAN_POINT ( 'NONE',  ( -72.00000000000002842, -72.00000000000001421, 1.999999999999982236 ) ) ;
#1644 = DIRECTION ( 'NONE',  ( 0.000000000000000000, -1.000000000000000000, -1.226270043362915368E-16 ) ) ;
#1645 = VECTOR ( 'NONE', #4484, 1000.000000000000000 ) ;
#1646 = CARTESIAN_POINT ( 'NONE',  ( -55.00000000000004263, 74.99999999999998579, 2.000000000000000000 ) ) ;
#1647 = VECTOR ( 'NONE', #2561, 1000.000000000000000 ) ;
#1648 = AXIS2_PLACEMENT_3D ( 'NONE', #7843, #589, #3138 ) ;
#1649 = ORIENTED_EDGE ( 'NONE', *, *, #441, .F. ) ;
#1650 = LINE ( 'NONE', #7243, #5622 ) ;
#1651 = VECTOR ( 'NONE', #2868, 1000.000000000000000 ) ;
#1652 = CARTESIAN_POINT ( 'NONE',  ( -75.00000000000002842, 74.99999999999998579, 5.000000000000000000 ) ) ;
#1653 = VERTEX_POINT ( 'NONE', #3763 ) ;
#1654 = DIRECTION ( 'NONE',  ( -0.000000000000000000, -4.625929269271485322E-15, 1.000000000000000000 ) ) ;
#1655 = VERTEX_POINT ( 'NONE', #2555 ) ;
#1656 = LINE ( 'NONE', #1027, #5946 ) ;
#1657 = CYLINDRICAL_SURFACE ( 'NONE', #6008, 1.600000000000004974 ) ;
#1658 = VECTOR ( 'NONE', #1831, 1000.000000000000000 ) ;
#1659 = EDGE_CURVE ( 'NONE', #5215, #5546, #6545, .T. ) ;
#1660 = CIRCLE ( 'NONE', #2992, 1.600000000000004086 ) ;
#1661 = DIRECTION ( 'NONE',  ( 0.000000000000000000, 0.000000000000000000, 1.000000000000000000 ) ) ;
#1662 = DIRECTION ( 'NONE',  ( -0.000000000000000000, -0.000000000000000000, -1.000000000000000000 ) ) ;
#1663 = DIRECTION ( 'NONE',  ( 1.000000000000000000, 1.850371707708594070E-16, -0.000000000000000000 ) ) ;
#1664 = ORIENTED_EDGE ( 'NONE', *, *, #4704, .F. ) ;
#1665 = ORIENTED_EDGE ( 'NONE', *, *, #3054, .F. ) ;
#1666 = CARTESIAN_POINT ( 'NONE',  ( -72.00000000000002842, 51.99999999999997868, 5.000000000000000000 ) ) ;
#1667 = PLANE ( 'NONE',  #6733 ) ;
#1668 = CARTESIAN_POINT ( 'NONE',  ( 72.00000000000000000, -70.00000000000002842, 5.000000000000000000 ) ) ;
#1669 = FACE_OUTER_BOUND ( 'NONE', #5720, .T. ) ;
#1670 = CIRCLE ( 'NONE', #8066, 1.600000000000004974 ) ;
#1671 = EDGE_CURVE ( 'NONE', #7904, #3459, #6969, .T. ) ;
#1672 = EDGE_CURVE ( 'NONE', #7534, #4893, #6344, .T. ) ;
#1673 = ADVANCED_FACE ( 'NONE', ( #7642 ), #4002, .F. ) ;
#1674 = ORIENTED_EDGE ( 'NONE', *, *, #3224, .T. ) ;
#1675 = CARTESIAN_POINT ( 'NONE',  ( 3.500000000000003109, 57.99999999999997868, 0.000000000000000000 ) ) ;
#1676 = CARTESIAN_POINT ( 'NONE',  ( -72.00000000000002842, -13.00000000000002487, 5.000000000000000000 ) ) ;
#1677 = LINE ( 'NONE', #6050, #5585 ) ;
#1678 = CARTESIAN_POINT ( 'NONE',  ( 74.99999999999997158, 74.99999999999998579, 5.000000000000000000 ) ) ;
#1679 = EDGE_LOOP ( 'NONE', ( #1135, #4226, #4719, #1310 ) ) ;
#1680 = EDGE_CURVE ( 'NONE', #3866, #5596, #828, .T. ) ;
#1681 = CARTESIAN_POINT ( 'NONE',  ( -60.00000000000004263, 74.99999999999998579, 5.000000000000000000 ) ) ;
#1682 = EDGE_CURVE ( 'NONE', #1433, #6112, #6118, .T. ) ;
#1683 = ORIENTED_EDGE ( 'NONE', *, *, #6366, .T. ) ;
#1684 = CARTESIAN_POINT ( 'NONE',  ( -75.00000000000002842, 74.99999999999998579, 2.000000000000000000 ) ) ;
#1685 = ORIENTED_EDGE ( 'NONE', *, *, #3750, .F. ) ;
#1686 = CARTESIAN_POINT ( 'NONE',  ( -72.00000000000002842, -72.00000000000001421, 0.000000000000000000 ) ) ;
#1687 = ORIENTED_EDGE ( 'NONE', *, *, #4750, .T. ) ;
#1688 = VERTEX_POINT ( 'NONE', #407 ) ;
#1689 = DIRECTION ( 'NONE',  ( 1.000000000000000000, 0.000000000000000000, 0.000000000000000000 ) ) ;
#1690 = ORIENTED_EDGE ( 'NONE', *, *, #3759, .T. ) ;
#1691 = EDGE_CURVE ( 'NONE', #2241, #5859, #4872, .T. ) ;
#1692 = VECTOR ( 'NONE', #5366, 1000.000000000000000 ) ;
#1693 = DIRECTION ( 'NONE',  ( 0.000000000000000000, -0.000000000000000000, -1.000000000000000000 ) ) ;
#1694 = DIRECTION ( 'NONE',  ( 0.000000000000000000, 0.000000000000000000, -1.000000000000000000 ) ) ;
#1695 = VERTEX_POINT ( 'NONE', #2252 ) ;
#1696 = CARTESIAN_POINT ( 'NONE',  ( -72.00000000000002842, 36.99999999999997868, 5.000000000000000000 ) ) ;
#1697 = ORIENTED_EDGE ( 'NONE', *, *, #7241, .F. ) ;
#1698 = LINE ( 'NONE', #4948, #1021 ) ;
#1699 = VECTOR ( 'NONE', #2693, 1000.000000000000000 ) ;
#1700 = FACE_OUTER_BOUND ( 'NONE', #472, .T. ) ;
#1701 = EDGE_CURVE ( 'NONE', #478, #1170, #4245, .T. ) ;
#1702 = CARTESIAN_POINT ( 'NONE',  ( 74.99999999999997158, 49.99999999999997158, 1.999999999999997335 ) ) ;
#1703 = AXIS2_PLACEMENT_3D ( 'NONE', #7771, #7099, #6474 ) ;
#1704 = CARTESIAN_POINT ( 'NONE',  ( -1.899999999999987477, -57.99999999999997868, 15.00000000000000000 ) ) ;
#1705 = CARTESIAN_POINT ( 'NONE',  ( 11.99999999999998224, -72.00000000000001421, 1.999999999999982236 ) ) ;
#1706 = ORIENTED_EDGE ( 'NONE', *, *, #753, .F. ) ;
#1707 = VERTEX_POINT ( 'NONE', #7883 ) ;
#1708 = CARTESIAN_POINT ( 'NONE',  ( -72.00000000000002842, 11.99999999999997513, 5.000000000000000000 ) ) ;
#1709 = DIRECTION ( 'NONE',  ( 1.000000000000000000, 1.850371707708594070E-16, -0.000000000000000000 ) ) ;
#1710 = FACE_OUTER_BOUND ( 'NONE', #3183, .T. ) ;
#1711 = DIRECTION ( 'NONE',  ( 0.000000000000000000, 4.625929269271485322E-15, -1.000000000000000000 ) ) ;
#1712 = VECTOR ( 'NONE', #1620, 1000.000000000000000 ) ;
#1713 = AXIS2_PLACEMENT_3D ( 'NONE', #6025, #4818, #4273 ) ;
#1714 = ORIENTED_EDGE ( 'NONE', *, *, #2284, .T. ) ;
#1715 = DIRECTION ( 'NONE',  ( -0.000000000000000000, 1.000000000000000000, -0.000000000000000000 ) ) ;
#1716 = LINE ( 'NONE', #2468, #8156 ) ;
#1717 = EDGE_CURVE ( 'NONE', #5577, #2161, #3497, .T. ) ;
#1718 = FACE_OUTER_BOUND ( 'NONE', #2973, .T. ) ;
#1719 = CARTESIAN_POINT ( 'NONE',  ( 74.99999999999998579, -30.00000000000002842, 1.999999999999988010 ) ) ;
#1720 = ORIENTED_EDGE ( 'NONE', *, *, #1568, .T. ) ;
#1721 = DIRECTION ( 'NONE',  ( -2.312964634635729250E-15, 0.000000000000000000, -1.000000000000000000 ) ) ;
#1722 = ORIENTED_EDGE ( 'NONE', *, *, #7858, .F. ) ;
#1723 = CARTESIAN_POINT ( 'NONE',  ( -2.775557561562891351E-14, 71.99999999999998579, 2.000000000000000000 ) ) ;
#1724 = ORIENTED_EDGE ( 'NONE', *, *, #1596, .F. ) ;
#1725 = CARTESIAN_POINT ( 'NONE',  ( 74.99999999999997158, 74.99999999999998579, 5.000000000000000000 ) ) ;
#1726 = DIRECTION ( 'NONE',  ( -1.000000000000000000, -0.000000000000000000, -0.000000000000000000 ) ) ;
#1727 = FACE_OUTER_BOUND ( 'NONE', #3282, .T. ) ;
#1728 = EDGE_CURVE ( 'NONE', #4454, #4629, #5372, .T. ) ;
#1729 = DIRECTION ( 'NONE',  ( -0.000000000000000000, 0.000000000000000000, -1.000000000000000000 ) ) ;
#1730 = EDGE_CURVE ( 'NONE', #6659, #6338, #8045, .T. ) ;
#1731 = ORIENTED_EDGE ( 'NONE', *, *, #2298, .T. ) ;
#1732 = LINE ( 'NONE', #6146, #4826 ) ;
#1733 = DIRECTION ( 'NONE',  ( 0.000000000000000000, 0.000000000000000000, -1.000000000000000000 ) ) ;
#1734 = ORIENTED_EDGE ( 'NONE', *, *, #823, .F. ) ;
#1735 = CARTESIAN_POINT ( 'NONE',  ( -72.00000000000002842, 16.99999999999997868, 5.000000000000000000 ) ) ;
#1736 = VERTEX_POINT ( 'NONE', #4789 ) ;
#1737 = EDGE_CURVE ( 'NONE', #7780, #3387, #7419, .T. ) ;
#1738 = LINE ( 'NONE', #5565, #2360 ) ;
#1739 = CARTESIAN_POINT ( 'NONE',  ( 71.99999999999997158, 71.99999999999998579, 0.000000000000000000 ) ) ;
#1740 = VECTOR ( 'NONE', #8198, 1000.000000000000000 ) ;
#1741 = DIRECTION ( 'NONE',  ( 0.000000000000000000, 0.000000000000000000, 1.000000000000000000 ) ) ;
#1742 = DIRECTION ( 'NONE',  ( 1.000000000000000000, 0.000000000000000000, 0.000000000000000000 ) ) ;
#1743 = CARTESIAN_POINT ( 'NONE',  ( 16.99999999999998579, -75.00000000000001421, 5.000000000000000000 ) ) ;
#1744 = ORIENTED_EDGE ( 'NONE', *, *, #2398, .F. ) ;
#1745 = VECTOR ( 'NONE', #5270, 1000.000000000000000 ) ;
#1746 = ORIENTED_EDGE ( 'NONE', *, *, #6954, .T. ) ;
#1747 = EDGE_CURVE ( 'NONE', #5979, #3959, #7966, .T. ) ;
#1748 = CARTESIAN_POINT ( 'NONE',  ( -75.00000000000002842, 71.99999999999998579, 2.000000000000000000 ) ) ;
#1749 = DIRECTION ( 'NONE',  ( 1.000000000000000000, 0.000000000000000000, 0.000000000000000000 ) ) ;
#1750 = CARTESIAN_POINT ( 'NONE',  ( 74.99999999999997158, 74.99999999999998579, 5.000000000000000000 ) ) ;
#1751 = VECTOR ( 'NONE', #2218, 1000.000000000000000 ) ;
#1752 = CARTESIAN_POINT ( 'NONE',  ( -72.00000000000002842, 31.99999999999997868, 2.000000000000000000 ) ) ;
#1753 = ORIENTED_EDGE ( 'NONE', *, *, #8207, .F. ) ;
#1754 = DIRECTION ( 'NONE',  ( -0.000000000000000000, 0.000000000000000000, -1.000000000000000000 ) ) ;
#1755 = VECTOR ( 'NONE', #442, 1000.000000000000000 ) ;
#1756 = ORIENTED_EDGE ( 'NONE', *, *, #7217, .T. ) ;
#1757 = DIRECTION ( 'NONE',  ( -1.000000000000000000, -0.000000000000000000, -0.000000000000000000 ) ) ;
#1758 = CARTESIAN_POINT ( 'NONE',  ( -40.00000000000003553, 71.99999999999998579, 5.000000000000000000 ) ) ;
#1759 = ORIENTED_EDGE ( 'NONE', *, *, #4522, .F. ) ;
#1760 = ADVANCED_FACE ( 'NONE', ( #2168 ), #3458, .F. ) ;
#1761 = LINE ( 'NONE', #8064, #4302 ) ;
#1762 = VERTEX_POINT ( 'NONE', #1073 ) ;
#1763 = LINE ( 'NONE', #634, #4361 ) ;
#1764 = ORIENTED_EDGE ( 'NONE', *, *, #4182, .T. ) ;
#1765 = DIRECTION ( 'NONE',  ( 2.269055394249329430E-32, -1.226270043362915368E-16, 1.000000000000000000 ) ) ;
#1766 = CARTESIAN_POINT ( 'NONE',  ( 46.99999999999998579, -72.00000000000001421, 5.000000000000000000 ) ) ;
#1767 = DIRECTION ( 'NONE',  ( 1.000000000000000000, 0.000000000000000000, 0.000000000000000000 ) ) ;
#1768 = LINE ( 'NONE', #8154, #4402 ) ;
#1769 = ORIENTED_EDGE ( 'NONE', *, *, #5147, .F. ) ;
#1770 = AXIS2_PLACEMENT_3D ( 'NONE', #2022, #4560, #7942 ) ;
#1771 = ADVANCED_FACE ( 'NONE', ( #5993 ), #5953, .F. ) ;
#1772 = DIRECTION ( 'NONE',  ( -0.000000000000000000, -0.000000000000000000, -1.000000000000000000 ) ) ;
#1773 = ORIENTED_EDGE ( 'NONE', *, *, #5308, .F. ) ;
#1774 = FACE_OUTER_BOUND ( 'NONE', #7357, .T. ) ;
#1775 = EDGE_LOOP ( 'NONE', ( #7759, #8073, #7400, #4485 ) ) ;
#1776 = AXIS2_PLACEMENT_3D ( 'NONE', #2244, #7366, #4781 ) ;
#1777 = EDGE_CURVE ( 'NONE', #2013, #5184, #2213, .T. ) ;
#1778 = VECTOR ( 'NONE', #1923, 1000.000000000000000 ) ;
#1779 = CARTESIAN_POINT ( 'NONE',  ( 74.99999999999998579, -35.00000000000001421, 5.000000000000000000 ) ) ;
#1780 = VECTOR ( 'NONE', #4222, 1000.000000000000000 ) ;
#1781 = ORIENTED_EDGE ( 'NONE', *, *, #1083, .T. ) ;
#1782 = CARTESIAN_POINT ( 'NONE',  ( -72.00000000000002842, -28.00000000000001776, 5.000000000000000000 ) ) ;
#1783 = VECTOR ( 'NONE', #6994, 1000.000000000000000 ) ;
#1784 = ADVANCED_FACE ( 'NONE', ( #2916 ), #5446, .F. ) ;
#1785 = LINE ( 'NONE', #6945, #2208 ) ;
#1786 = CARTESIAN_POINT ( 'NONE',  ( -60.00000000000002842, 71.99999999999998579, 2.000000000000000000 ) ) ;
#1787 = LINE ( 'NONE', #6328, #5765 ) ;
#1788 = VERTEX_POINT ( 'NONE', #7927 ) ;
#1789 = EDGE_CURVE ( 'NONE', #2130, #2815, #4044, .T. ) ;
#1790 = VERTEX_POINT ( 'NONE', #2955 ) ;
#1791 = LINE ( 'NONE', #1666, #1795 ) ;
#1792 = LINE ( 'NONE', #6247, #7255 ) ;
#1793 = VECTOR ( 'NONE', #5785, 1000.000000000000000 ) ;
#1794 = DIRECTION ( 'NONE',  ( 0.000000000000000000, 0.000000000000000000, 1.000000000000000000 ) ) ;
#1795 = VECTOR ( 'NONE', #6122, 1000.000000000000000 ) ;
#1796 = EDGE_CURVE ( 'NONE', #4629, #128, #2879, .T. ) ;
#1797 = LINE ( 'NONE', #3712, #6838 ) ;
#1798 = AXIS2_PLACEMENT_3D ( 'NONE', #4935, #428, #4897 ) ;
#1799 = ORIENTED_EDGE ( 'NONE', *, *, #1406, .F. ) ;
#1800 = LINE ( 'NONE', #4338, #2600 ) ;
#1801 = ORIENTED_EDGE ( 'NONE', *, *, #5540, .F. ) ;
#1802 = LINE ( 'NONE', #4340, #847 ) ;
#1803 = PLANE ( 'NONE',  #4681 ) ;
#1804 = VECTOR ( 'NONE', #8081, 1000.000000000000000 ) ;
#1805 = EDGE_LOOP ( 'NONE', ( #6060, #2402, #5352, #7065 ) ) ;
#1806 = CARTESIAN_POINT ( 'NONE',  ( 75.00000000000000000, -40.00000000000002132, -6.123233995736766282E-16 ) ) ;
#1807 = ORIENTED_EDGE ( 'NONE', *, *, #4367, .T. ) ;
#1808 = DIRECTION ( 'NONE',  ( 1.000000000000000000, -0.000000000000000000, 4.625929269271458501E-15 ) ) ;
#1809 = ORIENTED_EDGE ( 'NONE', *, *, #6250, .F. ) ;
#1810 = CARTESIAN_POINT ( 'NONE',  ( -72.00000000000002842, 31.99999999999997868, 2.000000000000000000 ) ) ;
#1811 = CARTESIAN_POINT ( 'NONE',  ( 74.99999999999998579, 9.999999999999980460, 5.000000000000000000 ) ) ;
#1812 = PLANE ( 'NONE',  #1531 ) ;
#1813 = DIRECTION ( 'NONE',  ( -4.625929269271458501E-15, -0.000000000000000000, 1.000000000000000000 ) ) ;
#1814 = VERTEX_POINT ( 'NONE', #3583 ) ;
#1815 = LINE ( 'NONE', #4353, #2302 ) ;
#1816 = ORIENTED_EDGE ( 'NONE', *, *, #1570, .F. ) ;
#1817 = LINE ( 'NONE', #8243, #3568 ) ;
#1818 = ORIENTED_EDGE ( 'NONE', *, *, #3661, .F. ) ;
#1819 = LINE ( 'NONE', #8208, #577 ) ;
#1820 = ORIENTED_EDGE ( 'NONE', *, *, #6416, .F. ) ;
#1821 = FACE_OUTER_BOUND ( 'NONE', #1867, .T. ) ;
#1822 = EDGE_CURVE ( 'NONE', #4164, #3459, #4828, .T. ) ;
#1823 = ADVANCED_FACE ( 'NONE', ( #4206 ), #6751, .F. ) ;
#1824 = EDGE_CURVE ( 'NONE', #295, #6314, #1787, .T. ) ;
#1825 = LINE ( 'NONE', #1186, #205 ) ;
#1826 = PLANE ( 'NONE',  #3711 ) ;
#1827 = DIRECTION ( 'NONE',  ( 1.000000000000000000, 1.850371707708594070E-16, -0.000000000000000000 ) ) ;
#1828 = ORIENTED_EDGE ( 'NONE', *, *, #6119, .T. ) ;
#1829 = ORIENTED_EDGE ( 'NONE', *, *, #6825, .F. ) ;
#1830 = CARTESIAN_POINT ( 'NONE',  ( 74.99999999999998579, -30.00000000000002842, 5.000000000000000000 ) ) ;
#1831 = DIRECTION ( 'NONE',  ( -0.000000000000000000, 1.000000000000000000, -0.000000000000000000 ) ) ;
#1832 = EDGE_CURVE ( 'NONE', #7766, #4629, #8083, .T. ) ;
#1833 = DIRECTION ( 'NONE',  ( -0.000000000000000000, 1.000000000000000000, -0.000000000000000000 ) ) ;
#1834 = EDGE_CURVE ( 'NONE', #2124, #7708, #1863, .T. ) ;
#1835 = VECTOR ( 'NONE', #563, 1000.000000000000000 ) ;
#1836 = DIRECTION ( 'NONE',  ( 1.000000000000000000, 0.000000000000000000, 0.000000000000000000 ) ) ;
#1837 = VERTEX_POINT ( 'NONE', #2533 ) ;
#1838 = DIRECTION ( 'NONE',  ( 1.850371707708594316E-16, -1.000000000000000000, 0.000000000000000000 ) ) ;
#1839 = ADVANCED_FACE ( 'NONE', ( #7542 ), #4995, .F. ) ;
#1840 = CARTESIAN_POINT ( 'NONE',  ( -72.00000000000002842, 26.99999999999999645, 2.000000000000000000 ) ) ;
#1841 = CARTESIAN_POINT ( 'NONE',  ( -3.499999999999992895, 57.99999999999997868, 5.000000000000000888 ) ) ;
#1842 = EDGE_LOOP ( 'NONE', ( #3088, #1265 ) ) ;
#1843 = AXIS2_PLACEMENT_3D ( 'NONE', #5323, #7746, #1489 ) ;
#1844 = DIRECTION ( 'NONE',  ( 1.850371707708594316E-16, -1.000000000000000000, 0.000000000000000000 ) ) ;
#1845 = ORIENTED_EDGE ( 'NONE', *, *, #7154, .T. ) ;
#1846 = DIRECTION ( 'NONE',  ( -1.000000000000000000, -0.000000000000000000, -0.000000000000000000 ) ) ;
#1847 = ORIENTED_EDGE ( 'NONE', *, *, #6145, .F. ) ;
#1848 = PLANE ( 'NONE',  #6034 ) ;
#1849 = LINE ( 'NONE', #1766, #1919 ) ;
#1850 = CARTESIAN_POINT ( 'NONE',  ( 1.899999999999997913, -57.99999999999997868, 15.00000000000000000 ) ) ;
#1851 = EDGE_CURVE ( 'NONE', #4710, #3332, #7499, .T. ) ;
#1852 = CARTESIAN_POINT ( 'NONE',  ( 71.99999999999998579, -5.000000000000019540, 5.000000000000000000 ) ) ;
#1853 = EDGE_LOOP ( 'NONE', ( #3630, #2720, #7052, #4980 ) ) ;
#1854 = DIRECTION ( 'NONE',  ( 0.000000000000000000, 4.625929269271485322E-15, -1.000000000000000000 ) ) ;
#1855 = ORIENTED_EDGE ( 'NONE', *, *, #2969, .T. ) ;
#1856 = DIRECTION ( 'NONE',  ( -1.000000000000000000, -1.850371707708594070E-16, 0.000000000000000000 ) ) ;
#1857 = VERTEX_POINT ( 'NONE', #4405 ) ;
#1858 = DIRECTION ( 'NONE',  ( -1.000000000000000000, -0.000000000000000000, -0.000000000000000000 ) ) ;
#1859 = VERTEX_POINT ( 'NONE', #8214 ) ;
#1860 = DIRECTION ( 'NONE',  ( 0.000000000000000000, 4.625929269271485322E-15, -1.000000000000000000 ) ) ;
#1861 = CARTESIAN_POINT ( 'NONE',  ( 75.00000000000000000, -75.00000000000001421, 1.999999999999982236 ) ) ;
#1862 = CARTESIAN_POINT ( 'NONE',  ( 71.99999999999997158, 49.99999999999997158, 5.000000000000000000 ) ) ;
#1864 = EDGE_CURVE ( 'NONE', #1859, #3289, #488, .T. ) ;
#1863 = LINE ( 'NONE', #6869, #6442 ) ;
#1865 = EDGE_LOOP ( 'NONE', ( #1299, #2970, #2660, #6084 ) ) ;
#1866 = CARTESIAN_POINT ( 'NONE',  ( -57.99999999999999289, -3.500000000000003109, 0.000000000000000000 ) ) ;
#1867 = EDGE_LOOP ( 'NONE', ( #5465, #2074, #6220, #3200 ) ) ;
#1868 = CARTESIAN_POINT ( 'NONE',  ( 66.99999999999998579, -72.00000000000001421, 5.000000000000000000 ) ) ;
#1869 = LINE ( 'NONE', #5079, #3651 ) ;
#1870 = CARTESIAN_POINT ( 'NONE',  ( 74.99999999999997158, 64.99999999999998579, 0.000000000000000000 ) ) ;
#1871 = AXIS2_PLACEMENT_3D ( 'NONE', #3434, #4217, #6009 ) ;
#1872 = LINE ( 'NONE', #2381, #6577 ) ;
#1873 = VECTOR ( 'NONE', #7102, 1000.000000000000000 ) ;
#1874 = EDGE_CURVE ( 'NONE', #4763, #7455, #3119, .T. ) ;
#1875 = VERTEX_POINT ( 'NONE', #7622 ) ;
#1876 = EDGE_CURVE ( 'NONE', #4480, #3230, #2373, .T. ) ;
#1877 = DIRECTION ( 'NONE',  ( -0.000000000000000000, 1.000000000000000000, -0.000000000000000000 ) ) ;
#1878 = ORIENTED_EDGE ( 'NONE', *, *, #2095, .F. ) ;
#1879 = CARTESIAN_POINT ( 'NONE',  ( -75.00000000000002842, -75.00000000000001421, 5.000000000000000000 ) ) ;
#1880 = CARTESIAN_POINT ( 'NONE',  ( -20.00000000000002487, 74.99999999999998579, 2.000000000000000000 ) ) ;
#1881 = AXIS2_PLACEMENT_3D ( 'NONE', #5175, #165, #5834 ) ;
#1882 = VERTEX_POINT ( 'NONE', #1743 ) ;
#1883 = EDGE_CURVE ( 'NONE', #3901, #6206, #1907, .T. ) ;
#1884 = CARTESIAN_POINT ( 'NONE',  ( 0.000000000000000000, -72.00000000000001421, 0.000000000000000000 ) ) ;
#1885 = AXIS2_PLACEMENT_3D ( 'NONE', #2419, #5574, #3168 ) ;
#1886 = ORIENTED_EDGE ( 'NONE', *, *, #4970, .F. ) ;
#1887 = LINE ( 'NONE', #471, #7031 ) ;
#1888 = ORIENTED_EDGE ( 'NONE', *, *, #548, .T. ) ;
#1889 = CARTESIAN_POINT ( 'NONE',  ( 6.999999999999992006, -72.00000000000001421, 5.000000000000000000 ) ) ;
#1890 = LINE ( 'NONE', #3768, #3385 ) ;
#1891 = FACE_OUTER_BOUND ( 'NONE', #6870, .T. ) ;
#1892 = LINE ( 'NONE', #4433, #7337 ) ;
#1893 = ORIENTED_EDGE ( 'NONE', *, *, #4367, .F. ) ;
#1894 = EDGE_CURVE ( 'NONE', #3837, #4154, #6243, .T. ) ;
#1895 = LINE ( 'NONE', #1267, #2574 ) ;
#1896 = ORIENTED_EDGE ( 'NONE', *, *, #7842, .F. ) ;
#1897 = DIRECTION ( 'NONE',  ( 0.000000000000000000, -1.000000000000000000, -4.625929269271485322E-15 ) ) ;
#1898 = VERTEX_POINT ( 'NONE', #3035 ) ;
#1899 = CARTESIAN_POINT ( 'NONE',  ( 47.00000000000000000, -72.00000000000001421, 1.999999999999982236 ) ) ;
#1900 = ORIENTED_EDGE ( 'NONE', *, *, #6766, .T. ) ;
#1901 = LINE ( 'NONE', #1315, #5065 ) ;
#1902 = VECTOR ( 'NONE', #3650, 1000.000000000000000 ) ;
#1903 = VERTEX_POINT ( 'NONE', #8169 ) ;
#1904 = CARTESIAN_POINT ( 'NONE',  ( -75.00000000000002842, -75.00000000000001421, 5.000000000000000000 ) ) ;
#1905 = VECTOR ( 'NONE', #245, 1000.000000000000000 ) ;
#1906 = DIRECTION ( 'NONE',  ( 1.000000000000000000, 1.850371707708594070E-16, 0.000000000000000000 ) ) ;
#1907 = LINE ( 'NONE', #4327, #44 ) ;
#1908 = ORIENTED_EDGE ( 'NONE', *, *, #7808, .T. ) ;
#1909 = CARTESIAN_POINT ( 'NONE',  ( -72.00000000000002842, -43.00000000000002132, 5.000000000000000000 ) ) ;
#1910 = ORIENTED_EDGE ( 'NONE', *, *, #1019, .F. ) ;
#1911 = CARTESIAN_POINT ( 'NONE',  ( -3.499999999999992895, -57.99999999999997868, 15.00000000000000000 ) ) ;
#1912 = DIRECTION ( 'NONE',  ( -0.000000000000000000, -0.000000000000000000, 1.000000000000000000 ) ) ;
#1913 = CARTESIAN_POINT ( 'NONE',  ( -75.00000000000002842, 74.99999999999998579, 5.000000000000000000 ) ) ;
#1914 = VECTOR ( 'NONE', #4577, 1000.000000000000000 ) ;
#1915 = AXIS2_PLACEMENT_3D ( 'NONE', #833, #3847, #2052 ) ;
#1916 = VECTOR ( 'NONE', #3281, 1000.000000000000000 ) ;
#1917 = EDGE_CURVE ( 'NONE', #2891, #3058, #6907, .T. ) ;
#1918 = DIRECTION ( 'NONE',  ( -1.000000000000000000, -0.000000000000000000, -0.000000000000000000 ) ) ;
#1919 = VECTOR ( 'NONE', #6186, 1000.000000000000000 ) ;
#1920 = VECTOR ( 'NONE', #6635, 1000.000000000000000 ) ;
#1921 = ORIENTED_EDGE ( 'NONE', *, *, #3731, .T. ) ;
#1922 = CARTESIAN_POINT ( 'NONE',  ( -45.00000000000004263, 71.99999999999998579, 5.000000000000000000 ) ) ;
#1923 = DIRECTION ( 'NONE',  ( -1.000000000000000000, 0.000000000000000000, 0.000000000000000000 ) ) ;
#1924 = CARTESIAN_POINT ( 'NONE',  ( -25.00000000000004263, 71.99999999999998579, 5.000000000000000000 ) ) ;
#1925 = EDGE_CURVE ( 'NONE', #1837, #5415, #530, .T. ) ;
#1926 = EDGE_CURVE ( 'NONE', #5265, #4151, #3622, .T. ) ;
#1927 = EDGE_LOOP ( 'NONE', ( #5807, #4463, #2136, #3177 ) ) ;
#1928 = VECTOR ( 'NONE', #2519, 1000.000000000000000 ) ;
#1929 = EDGE_CURVE ( 'NONE', #1480, #1875, #4914, .T. ) ;
#1930 = CARTESIAN_POINT ( 'NONE',  ( 71.99999999999998579, 19.99999999999997513, 5.000000000000000000 ) ) ;
#1931 = VECTOR ( 'NONE', #3625, 1000.000000000000000 ) ;
#1932 = ORIENTED_EDGE ( 'NONE', *, *, #2759, .F. ) ;
#1933 = ORIENTED_EDGE ( 'NONE', *, *, #8202, .T. ) ;
#1934 = DIRECTION ( 'NONE',  ( -0.000000000000000000, 1.000000000000000000, 0.000000000000000000 ) ) ;
#1935 = ORIENTED_EDGE ( 'NONE', *, *, #3556, .T. ) ;
#1936 = LINE ( 'NONE', #3855, #7573 ) ;
#1937 = VECTOR ( 'NONE', #7085, 1000.000000000000000 ) ;
#1938 = DIRECTION ( 'NONE',  ( -0.000000000000000000, 1.000000000000000000, -0.000000000000000000 ) ) ;
#1939 = LINE ( 'NONE', #93, #6669 ) ;
#1940 = ADVANCED_FACE ( 'NONE', ( #1115 ), #6947, .F. ) ;
#1941 = ORIENTED_EDGE ( 'NONE', *, *, #558, .T. ) ;
#1942 = EDGE_CURVE ( 'NONE', #7053, #3136, #614, .T. ) ;
#1943 = VECTOR ( 'NONE', #4625, 1000.000000000000000 ) ;
#1944 = CARTESIAN_POINT ( 'NONE',  ( 71.99999999999998579, 24.99999999999998224, 1.999999999999994449 ) ) ;
#1945 = ORIENTED_EDGE ( 'NONE', *, *, #1659, .F. ) ;
#1946 = PLANE ( 'NONE',  #366 ) ;
#1947 = ORIENTED_EDGE ( 'NONE', *, *, #45, .F. ) ;
#1948 = LINE ( 'NONE', #3231, #707 ) ;
#1949 = ORIENTED_EDGE ( 'NONE', *, *, #3270, .T. ) ;
#1950 = DIRECTION ( 'NONE',  ( -1.000000000000000000, 0.000000000000000000, 0.000000000000000000 ) ) ;
#1951 = EDGE_CURVE ( 'NONE', #3058, #7827, #5696, .T. ) ;
#1952 = ORIENTED_EDGE ( 'NONE', *, *, #2901, .T. ) ;
#1953 = LINE ( 'NONE', #6406, #7671 ) ;
#1954 = DIRECTION ( 'NONE',  ( -0.000000000000000000, 1.000000000000000000, -0.000000000000000000 ) ) ;
#1955 = CARTESIAN_POINT ( 'NONE',  ( 71.99999999999997158, 49.99999999999997158, -6.123233995736766282E-16 ) ) ;
#1956 = ORIENTED_EDGE ( 'NONE', *, *, #8261, .F. ) ;
#1957 = DIRECTION ( 'NONE',  ( -4.625929269271458501E-15, -0.000000000000000000, 1.000000000000000000 ) ) ;
#1958 = VERTEX_POINT ( 'NONE', #5241 ) ;
#1959 = DIRECTION ( 'NONE',  ( -0.000000000000000000, -4.625929269271485322E-15, 1.000000000000000000 ) ) ;
#1960 = CARTESIAN_POINT ( 'NONE',  ( 74.99999999999997158, 69.99999999999998579, 5.000000000000000000 ) ) ;
#1961 = EDGE_CURVE ( 'NONE', #2517, #3813, #3871, .T. ) ;
#1962 = DIRECTION ( 'NONE',  ( -1.000000000000000000, -1.850371707708594070E-16, 0.000000000000000000 ) ) ;
#1963 = AXIS2_PLACEMENT_3D ( 'NONE', #1748, #6161, #533 ) ;
#1964 = CARTESIAN_POINT ( 'NONE',  ( 72.00000000000000000, -75.00000000000001421, 1.999999999999982236 ) ) ;
#1965 = VERTEX_POINT ( 'NONE', #5858 ) ;
#1966 = CARTESIAN_POINT ( 'NONE',  ( -72.00000000000002842, -33.00000000000001421, 5.000000000000000000 ) ) ;
#1967 = CARTESIAN_POINT ( 'NONE',  ( -75.00000000000002842, 74.99999999999998579, 2.000000000000000000 ) ) ;
#1968 = CARTESIAN_POINT ( 'NONE',  ( 71.99999999999997158, 54.99999999999997868, 0.000000000000000000 ) ) ;
#1969 = CARTESIAN_POINT ( 'NONE',  ( 4.999999999999955591, 71.99999999999998579, 5.000000000000000000 ) ) ;
#1970 = VECTOR ( 'NONE', #6277, 1000.000000000000000 ) ;
#1971 = VERTEX_POINT ( 'NONE', #7668 ) ;
#1972 = VECTOR ( 'NONE', #1846, 1000.000000000000000 ) ;
#1973 = ORIENTED_EDGE ( 'NONE', *, *, #6073, .T. ) ;
#1974 = ORIENTED_EDGE ( 'NONE', *, *, #5969, .T. ) ;
#1975 = CARTESIAN_POINT ( 'NONE',  ( -72.00000000000002842, 31.99999999999997868, 5.000000000000000000 ) ) ;
#1976 = ADVANCED_FACE ( 'NONE', ( #4615 ), #5818, .F. ) ;
#1977 = DIRECTION ( 'NONE',  ( 0.000000000000000000, -0.000000000000000000, 1.000000000000000000 ) ) ;
#1978 = CARTESIAN_POINT ( 'NONE',  ( 24.99999999999996092, 71.99999999999998579, 2.000000000000000000 ) ) ;
#1979 = CARTESIAN_POINT ( 'NONE',  ( 61.99999999999999289, -75.00000000000001421, 5.000000000000000000 ) ) ;
#1980 = VECTOR ( 'NONE', #6993, 1000.000000000000000 ) ;
#1981 = VERTEX_POINT ( 'NONE', #7075 ) ;
#1982 = FACE_OUTER_BOUND ( 'NONE', #3735, .T. ) ;
#1983 = ORIENTED_EDGE ( 'NONE', *, *, #7846, .T. ) ;
#1984 = DIRECTION ( 'NONE',  ( -1.000000000000000000, -0.000000000000000000, -0.000000000000000000 ) ) ;
#1985 = EDGE_CURVE ( 'NONE', #5895, #513, #4660, .T. ) ;
#1986 = EDGE_LOOP ( 'NONE', ( #4445, #467, #5683, #4488 ) ) ;
#1987 = DIRECTION ( 'NONE',  ( -0.000000000000000000, 1.000000000000000000, -0.000000000000000000 ) ) ;
#1988 = ORIENTED_EDGE ( 'NONE', *, *, #1523, .T. ) ;
#1989 = DIRECTION ( 'NONE',  ( -0.000000000000000000, -0.000000000000000000, -1.000000000000000000 ) ) ;
#1990 = EDGE_CURVE ( 'NONE', #4819, #6314, #2121, .T. ) ;
#1991 = VERTEX_POINT ( 'NONE', #149 ) ;
#1992 = DIRECTION ( 'NONE',  ( 1.000000000000000000, 0.000000000000000000, 0.000000000000000000 ) ) ;
#1993 = CARTESIAN_POINT ( 'NONE',  ( 9.999999999999968026, 74.99999999999998579, 5.000000000000000000 ) ) ;
#1994 = FACE_OUTER_BOUND ( 'NONE', #4238, .T. ) ;
#1995 = EDGE_CURVE ( 'NONE', #5550, #809, #2746, .T. ) ;
#1996 = ORIENTED_EDGE ( 'NONE', *, *, #7200, .T. ) ;
#1997 = LINE ( 'NONE', #6410, #6499 ) ;
#1998 = ORIENTED_EDGE ( 'NONE', *, *, #6954, .F. ) ;
#1999 = CARTESIAN_POINT ( 'NONE',  ( -40.00000000000003553, 74.99999999999998579, 5.000000000000000000 ) ) ;
#2000 = DIRECTION ( 'NONE',  ( -0.000000000000000000, -0.000000000000000000, -1.000000000000000000 ) ) ;
#2001 = CARTESIAN_POINT ( 'NONE',  ( -72.00000000000002842, 46.99999999999997868, 5.000000000000000000 ) ) ;
#2002 = CARTESIAN_POINT ( 'NONE',  ( 71.99999999999997158, 69.99999999999998579, 2.000000000000000000 ) ) ;
#2003 = EDGE_CURVE ( 'NONE', #3866, #5552, #7784, .T. ) ;
#2004 = ORIENTED_EDGE ( 'NONE', *, *, #2437, .T. ) ;
#2005 = DIRECTION ( 'NONE',  ( 0.000000000000000000, -1.000000000000000000, 0.000000000000000000 ) ) ;
#2006 = DIRECTION ( 'NONE',  ( -0.000000000000000000, -1.000000000000000000, -0.000000000000000000 ) ) ;
#2007 = AXIS2_PLACEMENT_3D ( 'NONE', #4845, #7978, #4801 ) ;
#2008 = CARTESIAN_POINT ( 'NONE',  ( 72.00000000000000000, -75.00000000000001421, 1.999999999999982236 ) ) ;
#2009 = PLANE ( 'NONE',  #2415 ) ;
#2010 = VECTOR ( 'NONE', #4514, 1000.000000000000000 ) ;
#2011 = VERTEX_POINT ( 'NONE', #7747 ) ;
#2012 = VERTEX_POINT ( 'NONE', #6449 ) ;
#2013 = VERTEX_POINT ( 'NONE', #818 ) ;
#2014 = LINE ( 'NONE', #5880, #5031 ) ;
#2015 = DIRECTION ( 'NONE',  ( 0.000000000000000000, 0.000000000000000000, -1.000000000000000000 ) ) ;
#2016 = VECTOR ( 'NONE', #5336, 1000.000000000000000 ) ;
#2017 = CARTESIAN_POINT ( 'NONE',  ( -75.00000000000002842, -8.000000000000028422, 2.000000000000000000 ) ) ;
#2018 = CARTESIAN_POINT ( 'NONE',  ( -28.00000000000000355, -72.00000000000001421, 5.000000000000000000 ) ) ;
#2019 = ORIENTED_EDGE ( 'NONE', *, *, #1158, .F. ) ;
#2020 = ADVANCED_FACE ( 'NONE', ( #1994 ), #6370, .F. ) ;
#2021 = VECTOR ( 'NONE', #2806, 1000.000000000000000 ) ;
#2022 = CARTESIAN_POINT ( 'NONE',  ( -72.00000000000002842, 1.999999999999980904, 5.000000000000000000 ) ) ;
#2023 = ORIENTED_EDGE ( 'NONE', *, *, #1717, .T. ) ;
#2024 = CARTESIAN_POINT ( 'NONE',  ( -75.00000000000002842, -58.00000000000001421, 5.000000000000000000 ) ) ;
#2025 = ORIENTED_EDGE ( 'NONE', *, *, #4938, .F. ) ;
#2026 = CARTESIAN_POINT ( 'NONE',  ( -5.000000000000039080, 71.99999999999998579, 5.000000000000000000 ) ) ;
#2027 = ORIENTED_EDGE ( 'NONE', *, *, #8012, .F. ) ;
#2028 = CARTESIAN_POINT ( 'NONE',  ( 57.99999999999999289, 3.500000000000003109, 0.000000000000000000 ) ) ;
#2029 = VECTOR ( 'NONE', #2965, 1000.000000000000000 ) ;
#2030 = VERTEX_POINT ( 'NONE', #2701 ) ;
#2031 = EDGE_CURVE ( 'NONE', #1288, #7920, #5780, .T. ) ;
#2032 = DIRECTION ( 'NONE',  ( 1.000000000000000000, 1.850371707708594070E-16, 0.000000000000000000 ) ) ;
#2033 = EDGE_CURVE ( 'NONE', #3272, #5, #1405, .T. ) ;
#2034 = CARTESIAN_POINT ( 'NONE',  ( -75.00000000000002842, 51.99999999999997868, 5.000000000000000000 ) ) ;
#2035 = CARTESIAN_POINT ( 'NONE',  ( -75.00000000000002842, 71.99999999999998579, 2.000000000000000000 ) ) ;
#2036 = ORIENTED_EDGE ( 'NONE', *, *, #8003, .F. ) ;
#2037 = CARTESIAN_POINT ( 'NONE',  ( 71.99999999999998579, 24.99999999999998224, 0.000000000000000000 ) ) ;
#2038 = ORIENTED_EDGE ( 'NONE', *, *, #2182, .F. ) ;
#2039 = CARTESIAN_POINT ( 'NONE',  ( -72.00000000000002842, 61.99999999999997868, 2.000000000000000000 ) ) ;
#2040 = FACE_OUTER_BOUND ( 'NONE', #5066, .T. ) ;
#2041 = CARTESIAN_POINT ( 'NONE',  ( -75.00000000000002842, 11.99999999999997513, 5.000000000000000000 ) ) ;
#2042 = ADVANCED_FACE ( 'NONE', ( #3952 ), #69, .F. ) ;
#2043 = VECTOR ( 'NONE', #1772, 1000.000000000000000 ) ;
#2044 = LINE ( 'NONE', #5291, #1937 ) ;
#2045 = EDGE_CURVE ( 'NONE', #1491, #2366, #1320, .T. ) ;
#2046 = ORIENTED_EDGE ( 'NONE', *, *, #1961, .F. ) ;
#2047 = VECTOR ( 'NONE', #5284, 1000.000000000000000 ) ;
#2048 = FACE_OUTER_BOUND ( 'NONE', #3028, .T. ) ;
#2049 = AXIS2_PLACEMENT_3D ( 'NONE', #3966, #210, #7090 ) ;
#2050 = LINE ( 'NONE', #3334, #8053 ) ;
#2051 = AXIS2_PLACEMENT_3D ( 'NONE', #3180, #159, #2712 ) ;
#2052 = DIRECTION ( 'NONE',  ( 2.312964634635729250E-15, 0.000000000000000000, 1.000000000000000000 ) ) ;
#2053 = CARTESIAN_POINT ( 'NONE',  ( -75.00000000000002842, -33.00000000000000000, 2.000000000000000000 ) ) ;
#2054 = EDGE_CURVE ( 'NONE', #966, #2124, #3240, .T. ) ;
#2055 = VERTEX_POINT ( 'NONE', #2077 ) ;
#2056 = AXIS2_PLACEMENT_3D ( 'NONE', #7791, #7036, #7707 ) ;
#2057 = ORIENTED_EDGE ( 'NONE', *, *, #7409, .T. ) ;
#2058 = ORIENTED_EDGE ( 'NONE', *, *, #3567, .F. ) ;
#2059 = ORIENTED_EDGE ( 'NONE', *, *, #6103, .T. ) ;
#2060 = CARTESIAN_POINT ( 'NONE',  ( 72.00000000000000000, -45.00000000000001421, 0.000000000000000000 ) ) ;
#2061 = LINE ( 'NONE', #2103, #1445 ) ;
#2062 = LINE ( 'NONE', #5182, #3538 ) ;
#2063 = CARTESIAN_POINT ( 'NONE',  ( -55.00000000000004263, 71.99999999999998579, 5.000000000000000000 ) ) ;
#2064 = VECTOR ( 'NONE', #7000, 1000.000000000000000 ) ;
#2065 = ORIENTED_EDGE ( 'NONE', *, *, #4377, .F. ) ;
#2066 = VECTOR ( 'NONE', #2549, 1000.000000000000000 ) ;
#2067 = CARTESIAN_POINT ( 'NONE',  ( -43.00000000000000711, -75.00000000000001421, 5.000000000000000000 ) ) ;
#2068 = VERTEX_POINT ( 'NONE', #4531 ) ;
#2069 = DIRECTION ( 'NONE',  ( 2.312964634635729250E-15, 0.000000000000000000, 1.000000000000000000 ) ) ;
#2070 = VERTEX_POINT ( 'NONE', #776 ) ;
#2071 = DIRECTION ( 'NONE',  ( 0.000000000000000000, -0.000000000000000000, 1.000000000000000000 ) ) ;
#2072 = VERTEX_POINT ( 'NONE', #2623 ) ;
#2073 = AXIS2_PLACEMENT_3D ( 'NONE', #6587, #7881, #5991 ) ;
#2074 = ORIENTED_EDGE ( 'NONE', *, *, #7378, .F. ) ;
#2075 = DIRECTION ( 'NONE',  ( -1.000000000000000000, 0.000000000000000000, 0.000000000000000000 ) ) ;
#2076 = CARTESIAN_POINT ( 'NONE',  ( -65.00000000000001421, 74.99999999999998579, 2.000000000000000000 ) ) ;
#2077 = CARTESIAN_POINT ( 'NONE',  ( 74.99999999999998579, 24.99999999999998224, 1.999999999999994449 ) ) ;
#2078 = ORIENTED_EDGE ( 'NONE', *, *, #6006, .T. ) ;
#2079 = CARTESIAN_POINT ( 'NONE',  ( -75.00000000000002842, 74.99999999999998579, 5.000000000000000000 ) ) ;
#2080 = EDGE_CURVE ( 'NONE', #731, #1254, #1360, .T. ) ;
#2081 = ORIENTED_EDGE ( 'NONE', *, *, #5910, .F. ) ;
#2082 = EDGE_CURVE ( 'NONE', #1161, #6205, #2663, .T. ) ;
#2083 = DIRECTION ( 'NONE',  ( 1.000000000000000000, 0.000000000000000000, 0.000000000000000000 ) ) ;
#2084 = PLANE ( 'NONE',  #3125 ) ;
#2085 = DIRECTION ( 'NONE',  ( 0.000000000000000000, -1.000000000000000000, 0.000000000000000000 ) ) ;
#2086 = ORIENTED_EDGE ( 'NONE', *, *, #2543, .T. ) ;
#2087 = LINE ( 'NONE', #119, #466 ) ;
#2088 = DIRECTION ( 'NONE',  ( 0.000000000000000000, 0.000000000000000000, -1.000000000000000000 ) ) ;
#2089 = ORIENTED_EDGE ( 'NONE', *, *, #6680, .F. ) ;
#2090 = ADVANCED_FACE ( 'NONE', ( #3993 ), #6533, .F. ) ;
#2091 = DIRECTION ( 'NONE',  ( 0.000000000000000000, 0.000000000000000000, -1.000000000000000000 ) ) ;
#2092 = DIRECTION ( 'NONE',  ( -1.000000000000000000, 0.000000000000000000, 0.000000000000000000 ) ) ;
#2093 = CARTESIAN_POINT ( 'NONE',  ( 4.999999999999955591, 71.99999999999998579, 2.000000000000000000 ) ) ;
#2094 = DIRECTION ( 'NONE',  ( -1.000000000000000000, -0.000000000000000000, -0.000000000000000000 ) ) ;
#2095 = EDGE_CURVE ( 'NONE', #2072, #449, #7917, .T. ) ;
#2096 = VECTOR ( 'NONE', #2584, 1000.000000000000000 ) ;
#2097 = VERTEX_POINT ( 'NONE', #7955 ) ;
#2098 = ORIENTED_EDGE ( 'NONE', *, *, #2112, .F. ) ;
#2099 = ORIENTED_EDGE ( 'NONE', *, *, #652, .F. ) ;
#2100 = ORIENTED_EDGE ( 'NONE', *, *, #4910, .T. ) ;
#2101 = CARTESIAN_POINT ( 'NONE',  ( -72.00000000000002842, -58.00000000000001421, 5.000000000000000000 ) ) ;
#2102 = ADVANCED_FACE ( 'NONE', ( #5984 ), #2240, .F. ) ;
#2103 = CARTESIAN_POINT ( 'NONE',  ( -72.00000000000002842, 51.99999999999997868, 5.000000000000000000 ) ) ;
#2104 = VECTOR ( 'NONE', #7905, 1000.000000000000000 ) ;
#2105 = PLANE ( 'NONE',  #7396 ) ;
#2106 = DIRECTION ( 'NONE',  ( 0.000000000000000000, 0.000000000000000000, -1.000000000000000000 ) ) ;
#2107 = ORIENTED_EDGE ( 'NONE', *, *, #4219, .T. ) ;
#2108 = AXIS2_PLACEMENT_3D ( 'NONE', #1470, #1934, #4473 ) ;
#2109 = DIRECTION ( 'NONE',  ( 1.850371707708594070E-16, -1.000000000000000000, 0.000000000000000000 ) ) ;
#2110 = ORIENTED_EDGE ( 'NONE', *, *, #1406, .T. ) ;
#2111 = CARTESIAN_POINT ( 'NONE',  ( -75.00000000000002842, 51.99999999999997868, 2.000000000000000000 ) ) ;
#2112 = EDGE_CURVE ( 'NONE', #1304, #5931, #276, .T. ) ;
#2113 = ORIENTED_EDGE ( 'NONE', *, *, #3530, .T. ) ;
#2114 = CARTESIAN_POINT ( 'NONE',  ( 39.99999999999996447, 74.99999999999998579, 5.000000000000000000 ) ) ;
#2115 = EDGE_LOOP ( 'NONE', ( #6137, #1556, #6239, #7544, #8148, #7853 ) ) ;
#2116 = VECTOR ( 'NONE', #7646, 1000.000000000000000 ) ;
#2117 = ORIENTED_EDGE ( 'NONE', *, *, #7808, .F. ) ;
#2118 = CARTESIAN_POINT ( 'NONE',  ( 71.99999999999998579, -35.00000000000001421, 5.000000000000000000 ) ) ;
#2119 = VECTOR ( 'NONE', #7118, 1000.000000000000000 ) ;
#2120 = LINE ( 'NONE', #2622, #4773 ) ;
#2121 = LINE ( 'NONE', #1278, #5909 ) ;
#2122 = VERTEX_POINT ( 'NONE', #4739 ) ;
#2123 = DIRECTION ( 'NONE',  ( -1.000000000000000000, -0.000000000000000000, -0.000000000000000000 ) ) ;
#2124 = VERTEX_POINT ( 'NONE', #5942 ) ;
#2125 = LINE ( 'NONE', #3414, #490 ) ;
#2126 = DIRECTION ( 'NONE',  ( -0.000000000000000000, 1.000000000000000000, -0.000000000000000000 ) ) ;
#2127 = ADVANCED_FACE ( 'NONE', ( #4780 ), #1534, .F. ) ;
#2128 = DIRECTION ( 'NONE',  ( 1.000000000000000000, 0.000000000000000000, 0.000000000000000000 ) ) ;
#2129 = DIRECTION ( 'NONE',  ( -0.000000000000000000, -4.625929269271485322E-15, 1.000000000000000000 ) ) ;
#2130 = VERTEX_POINT ( 'NONE', #1490 ) ;
#2131 = CARTESIAN_POINT ( 'NONE',  ( -75.00000000000002842, -3.000000000000016431, 5.000000000000000000 ) ) ;
#2132 = DIRECTION ( 'NONE',  ( 0.000000000000000000, 1.000000000000000000, 0.000000000000000000 ) ) ;
#2133 = CARTESIAN_POINT ( 'NONE',  ( 36.99999999999999289, -75.00000000000001421, 5.000000000000000000 ) ) ;
#2134 = LINE ( 'NONE', #2172, #281 ) ;
#2135 = EDGE_CURVE ( 'NONE', #6428, #1762, #4116, .T. ) ;
#2136 = ORIENTED_EDGE ( 'NONE', *, *, #1894, .F. ) ;
#2137 = ADVANCED_FACE ( 'NONE', ( #235 ), #2785, .F. ) ;
#2138 = ORIENTED_EDGE ( 'NONE', *, *, #2342, .T. ) ;
#2139 = ORIENTED_EDGE ( 'NONE', *, *, #7538, .F. ) ;
#2140 = CYLINDRICAL_SURFACE ( 'NONE', #4500, 1.600000000000004086 ) ;
#2141 = PLANE ( 'NONE',  #947 ) ;
#2142 = DIRECTION ( 'NONE',  ( 1.000000000000000000, 0.000000000000000000, 0.000000000000000000 ) ) ;
#2143 = CARTESIAN_POINT ( 'NONE',  ( -72.00000000000002842, -72.00000000000001421, 1.999999999999982236 ) ) ;
#2144 = EDGE_LOOP ( 'NONE', ( #5476, #223 ) ) ;
#2145 = VECTOR ( 'NONE', #1989, 1000.000000000000000 ) ;
#2146 = EDGE_CURVE ( 'NONE', #7875, #347, #1572, .T. ) ;
#2147 = DIRECTION ( 'NONE',  ( -0.000000000000000000, 1.000000000000000000, 0.000000000000000000 ) ) ;
#2148 = AXIS2_PLACEMENT_3D ( 'NONE', #4478, #1216, #3267 ) ;
#2149 = ORIENTED_EDGE ( 'NONE', *, *, #294, .T. ) ;
#2150 = FACE_OUTER_BOUND ( 'NONE', #3261, .T. ) ;
#2151 = ORIENTED_EDGE ( 'NONE', *, *, #706, .F. ) ;
#2152 = LINE ( 'NONE', #5892, #6835 ) ;
#2153 = VERTEX_POINT ( 'NONE', #4080 ) ;
#2154 = EDGE_LOOP ( 'NONE', ( #2819, #3314, #5980, #5398 ) ) ;
#2155 = VECTOR ( 'NONE', #4009, 1000.000000000000000 ) ;
#2156 = EDGE_LOOP ( 'NONE', ( #5130, #8247, #6903, #4385 ) ) ;
#2157 = EDGE_CURVE ( 'NONE', #3484, #4972, #6621, .T. ) ;
#2158 = FACE_OUTER_BOUND ( 'NONE', #1293, .T. ) ;
#2159 = DIRECTION ( 'NONE',  ( -0.000000000000000000, 0.000000000000000000, 1.000000000000000000 ) ) ;
#2160 = DIRECTION ( 'NONE',  ( 1.850371707708594070E-16, -1.000000000000000000, 0.000000000000000000 ) ) ;
#2161 = VERTEX_POINT ( 'NONE', #6658 ) ;
#2162 = VECTOR ( 'NONE', #945, 1000.000000000000000 ) ;
#2163 = CARTESIAN_POINT ( 'NONE',  ( -72.00000000000002842, 51.99999999999997868, 2.000000000000000000 ) ) ;
#2164 = ORIENTED_EDGE ( 'NONE', *, *, #7613, .F. ) ;
#2165 = LINE ( 'NONE', #5988, #5813 ) ;
#2166 = DIRECTION ( 'NONE',  ( 0.000000000000000000, 1.000000000000000000, 0.000000000000000000 ) ) ;
#2167 = CARTESIAN_POINT ( 'NONE',  ( -72.00000000000002842, 0.000000000000000000, 0.000000000000000000 ) ) ;
#2168 = FACE_OUTER_BOUND ( 'NONE', #6502, .T. ) ;
#2169 = EDGE_LOOP ( 'NONE', ( #3232, #4597, #6359, #3755 ) ) ;
#2170 = PLANE ( 'NONE',  #5918 ) ;
#2171 = CARTESIAN_POINT ( 'NONE',  ( -56.39999999999997726, 3.500000000000000000, 5.000000000000000888 ) ) ;
#2172 = CARTESIAN_POINT ( 'NONE',  ( 71.99999999999997158, 69.99999999999998579, 2.000000000000000000 ) ) ;
#2173 = AXIS2_PLACEMENT_3D ( 'NONE', #2566, #5105, #7655 ) ;
#2174 = ORIENTED_EDGE ( 'NONE', *, *, #7854, .T. ) ;
#2175 = ORIENTED_EDGE ( 'NONE', *, *, #1730, .F. ) ;
#2176 = AXIS2_PLACEMENT_3D ( 'NONE', #4988, #5725, #3152 ) ;
#2177 = VECTOR ( 'NONE', #509, 1000.000000000000000 ) ;
#2178 = VERTEX_POINT ( 'NONE', #939 ) ;
#2179 = CARTESIAN_POINT ( 'NONE',  ( -72.00000000000002842, -68.00000000000000000, 5.000000000000000000 ) ) ;
#2180 = CARTESIAN_POINT ( 'NONE',  ( -45.00000000000004263, 71.99999999999998579, 5.000000000000000000 ) ) ;
#2181 = EDGE_CURVE ( 'NONE', #2264, #7130, #3487, .T. ) ;
#2182 = EDGE_CURVE ( 'NONE', #4119, #8140, #6956, .T. ) ;
#2183 = LINE ( 'NONE', #7310, #7202 ) ;
#2184 = DIRECTION ( 'NONE',  ( 0.000000000000000000, 0.000000000000000000, 1.000000000000000000 ) ) ;
#2185 = EDGE_CURVE ( 'NONE', #1814, #1094, #1872, .T. ) ;
#2186 = ORIENTED_EDGE ( 'NONE', *, *, #489, .F. ) ;
#2187 = VECTOR ( 'NONE', #7590, 1000.000000000000000 ) ;
#2188 = DIRECTION ( 'NONE',  ( 0.000000000000000000, -1.000000000000000000, -4.625929269271485322E-15 ) ) ;
#2189 = VERTEX_POINT ( 'NONE', #5536 ) ;
#2190 = CARTESIAN_POINT ( 'NONE',  ( -28.00000000000000355, -72.00000000000001421, 5.000000000000000000 ) ) ;
#2191 = ORIENTED_EDGE ( 'NONE', *, *, #4424, .T. ) ;
#2192 = VECTOR ( 'NONE', #7358, 1000.000000000000000 ) ;
#2193 = CARTESIAN_POINT ( 'NONE',  ( 29.99999999999995737, 74.99999999999998579, 5.000000000000000000 ) ) ;
#2194 = AXIS2_PLACEMENT_3D ( 'NONE', #7504, #1749, #4290 ) ;
#2195 = VERTEX_POINT ( 'NONE', #8179 ) ;
#2196 = EDGE_CURVE ( 'NONE', #7534, #4612, #5619, .T. ) ;
#2197 = ORIENTED_EDGE ( 'NONE', *, *, #5491, .F. ) ;
#2198 = ADVANCED_FACE ( 'NONE', ( #2421 ), #6337, .F. ) ;
#2199 = ORIENTED_EDGE ( 'NONE', *, *, #6263, .F. ) ;
#2200 = CARTESIAN_POINT ( 'NONE',  ( -8.000000000000021316, -75.00000000000001421, 1.999999999999982236 ) ) ;
#2201 = DIRECTION ( 'NONE',  ( 0.000000000000000000, -1.000000000000000000, -4.625929269271485322E-15 ) ) ;
#2202 = CARTESIAN_POINT ( 'NONE',  ( 26.99999999999998934, -72.00000000000001421, 5.000000000000000000 ) ) ;
#2203 = ORIENTED_EDGE ( 'NONE', *, *, #2437, .F. ) ;
#2204 = PLANE ( 'NONE',  #2577 ) ;
#2205 = ORIENTED_EDGE ( 'NONE', *, *, #1582, .T. ) ;
#2206 = EDGE_CURVE ( 'NONE', #1857, #6527, #6251, .T. ) ;
#2207 = DIRECTION ( 'NONE',  ( -0.000000000000000000, 0.000000000000000000, 1.000000000000000000 ) ) ;
#2208 = VECTOR ( 'NONE', #4243, 1000.000000000000000 ) ;
#2209 = LINE ( 'NONE', #4241, #6815 ) ;
#2210 = DIRECTION ( 'NONE',  ( 0.000000000000000000, -1.000000000000000000, -1.226270043362915368E-16 ) ) ;
#2211 = VECTOR ( 'NONE', #2032, 1000.000000000000000 ) ;
#2212 = CARTESIAN_POINT ( 'NONE',  ( 41.99999999999997868, -75.00000000000001421, 1.999999999999982236 ) ) ;
#2213 = LINE ( 'NONE', #2333, #1905 ) ;
#2214 = VERTEX_POINT ( 'NONE', #538 ) ;
#2215 = ADVANCED_FACE ( 'NONE', ( #6212 ), #1197, .F. ) ;
#2216 = CARTESIAN_POINT ( 'NONE',  ( 72.00000000000000000, -75.00000000000001421, 1.999999999999982236 ) ) ;
#2217 = CARTESIAN_POINT ( 'NONE',  ( -55.00000000000004263, 71.99999999999998579, 5.000000000000000000 ) ) ;
#2218 = DIRECTION ( 'NONE',  ( -1.850371707708594316E-16, 1.000000000000000000, -0.000000000000000000 ) ) ;
#2219 = ORIENTED_EDGE ( 'NONE', *, *, #7731, .T. ) ;
#2220 = EDGE_LOOP ( 'NONE', ( #1590, #1636, #4135, #3121 ) ) ;
#2221 = CARTESIAN_POINT ( 'NONE',  ( 57.99999999999999289, 3.500000000000003109, 15.00000000000000000 ) ) ;
#2222 = DIRECTION ( 'NONE',  ( 0.000000000000000000, 0.000000000000000000, -1.000000000000000000 ) ) ;
#2223 = LINE ( 'NONE', #885, #3465 ) ;
#2224 = DIRECTION ( 'NONE',  ( -0.000000000000000000, 1.000000000000000000, 0.000000000000000000 ) ) ;
#2225 = ORIENTED_EDGE ( 'NONE', *, *, #7922, .F. ) ;
#2226 = EDGE_CURVE ( 'NONE', #591, #5660, #6291, .T. ) ;
#2227 = VECTOR ( 'NONE', #4536, 1000.000000000000000 ) ;
#2228 = CARTESIAN_POINT ( 'NONE',  ( -75.00000000000002842, 74.99999999999998579, 5.000000000000000000 ) ) ;
#2229 = ORIENTED_EDGE ( 'NONE', *, *, #7679, .F. ) ;
#2230 = PLANE ( 'NONE',  #4892 ) ;
#2231 = EDGE_LOOP ( 'NONE', ( #2652, #7076, #5279, #4406 ) ) ;
#2232 = CARTESIAN_POINT ( 'NONE',  ( -15.00000000000004086, 71.99999999999998579, 2.000000000000000000 ) ) ;
#2233 = CARTESIAN_POINT ( 'NONE',  ( 71.99999999999997158, 69.99999999999998579, 2.000000000000000000 ) ) ;
#2234 = CARTESIAN_POINT ( 'NONE',  ( -35.00000000000004263, 74.99999999999998579, 2.000000000000000000 ) ) ;
#2235 = VECTOR ( 'NONE', #5275, 1000.000000000000000 ) ;
#2236 = VERTEX_POINT ( 'NONE', #2464 ) ;
#2237 = EDGE_CURVE ( 'NONE', #4277, #2030, #3044, .T. ) ;
#2238 = FACE_OUTER_BOUND ( 'NONE', #7368, .T. ) ;
#2239 = PLANE ( 'NONE',  #3163 ) ;
#2240 = PLANE ( 'NONE',  #5376 ) ;
#2241 = VERTEX_POINT ( 'NONE', #6797 ) ;
#2242 = EDGE_CURVE ( 'NONE', #5809, #272, #3128, .T. ) ;
#2243 = VECTOR ( 'NONE', #7894, 1000.000000000000000 ) ;
#2244 = CARTESIAN_POINT ( 'NONE',  ( 59.99999999999995737, 71.99999999999998579, 5.000000000000000000 ) ) ;
#2245 = ORIENTED_EDGE ( 'NONE', *, *, #4750, .F. ) ;
#2246 = CARTESIAN_POINT ( 'NONE',  ( -75.00000000000002842, 74.99999999999998579, 2.000000000000000000 ) ) ;
#2247 = CARTESIAN_POINT ( 'NONE',  ( -75.00000000000002842, 71.99999999999998579, 2.000000000000000000 ) ) ;
#2248 = VECTOR ( 'NONE', #4490, 1000.000000000000000 ) ;
#2249 = EDGE_CURVE ( 'NONE', #2764, #6112, #5664, .T. ) ;
#2250 = CARTESIAN_POINT ( 'NONE',  ( 74.99999999999998579, -2.775557561562891351E-14, -6.123233995736766282E-16 ) ) ;
#2251 = DIRECTION ( 'NONE',  ( -4.625929269271485322E-15, -0.000000000000000000, 1.000000000000000000 ) ) ;
#2252 = CARTESIAN_POINT ( 'NONE',  ( -72.00000000000002842, -75.00000000000001421, 1.999999999999982236 ) ) ;
#2253 = ORIENTED_EDGE ( 'NONE', *, *, #4496, .F. ) ;
#2254 = DIRECTION ( 'NONE',  ( 1.000000000000000000, 1.850371707708594070E-16, 0.000000000000000000 ) ) ;
#2255 = CARTESIAN_POINT ( 'NONE',  ( -75.00000000000002842, -75.00000000000001421, 5.000000000000000000 ) ) ;
#2256 = CARTESIAN_POINT ( 'NONE',  ( 71.99999999999998579, -35.00000000000001421, 0.000000000000000000 ) ) ;
#2257 = VERTEX_POINT ( 'NONE', #497 ) ;
#2258 = EDGE_CURVE ( 'NONE', #1296, #3733, #4416, .T. ) ;
#2259 = ORIENTED_EDGE ( 'NONE', *, *, #7274, .F. ) ;
#2260 = FACE_OUTER_BOUND ( 'NONE', #370, .T. ) ;
#2261 = PLANE ( 'NONE',  #6943 ) ;
#2262 = CARTESIAN_POINT ( 'NONE',  ( -63.00000000000001421, -72.00000000000001421, 5.000000000000000000 ) ) ;
#2263 = CARTESIAN_POINT ( 'NONE',  ( -28.00000000000001066, -72.00000000000001421, 1.999999999999982236 ) ) ;
#2264 = VERTEX_POINT ( 'NONE', #8223 ) ;
#2265 = PLANE ( 'NONE',  #6035 ) ;
#2266 = EDGE_LOOP ( 'NONE', ( #5977, #3931, #2343, #1201 ) ) ;
#2267 = LINE ( 'NONE', #5353, #1032 ) ;
#2268 = ORIENTED_EDGE ( 'NONE', *, *, #1701, .F. ) ;
#2269 = DIRECTION ( 'NONE',  ( 0.000000000000000000, 0.000000000000000000, -1.000000000000000000 ) ) ;
#2270 = CARTESIAN_POINT ( 'NONE',  ( 71.99999999999997158, 49.99999999999997158, 1.999999999999997335 ) ) ;
#2271 = ORIENTED_EDGE ( 'NONE', *, *, #8252, .T. ) ;
#2272 = PLANE ( 'NONE',  #4010 ) ;
#2273 = VECTOR ( 'NONE', #7897, 1000.000000000000000 ) ;
#2274 = ADVANCED_FACE ( 'NONE', ( #5576 ), #2505, .F. ) ;
#2275 = ORIENTED_EDGE ( 'NONE', *, *, #4274, .F. ) ;
#2276 = AXIS2_PLACEMENT_3D ( 'NONE', #299, #2848, #5458 ) ;
#2277 = LINE ( 'NONE', #2118, #6294 ) ;
#2278 = DIRECTION ( 'NONE',  ( 0.000000000000000000, -0.000000000000000000, 1.000000000000000000 ) ) ;
#2279 = DIRECTION ( 'NONE',  ( -4.625929269271485322E-15, 0.000000000000000000, 1.000000000000000000 ) ) ;
#2280 = ORIENTED_EDGE ( 'NONE', *, *, #2741, .T. ) ;
#2281 = PLANE ( 'NONE',  #3155 ) ;
#2282 = AXIS2_PLACEMENT_3D ( 'NONE', #3719, #3758, #3256 ) ;
#2283 = EDGE_CURVE ( 'NONE', #3685, #2534, #3648, .T. ) ;
#2284 = EDGE_CURVE ( 'NONE', #7237, #4563, #1160, .T. ) ;
#2285 = LINE ( 'NONE', #4705, #3887 ) ;
#2286 = EDGE_CURVE ( 'NONE', #3829, #7845, #2545, .T. ) ;
#2287 = LINE ( 'NONE', #2951, #3938 ) ;
#2288 = VECTOR ( 'NONE', #4665, 1000.000000000000000 ) ;
#2289 = LINE ( 'NONE', #6203, #5830 ) ;
#2290 = DIRECTION ( 'NONE',  ( 0.000000000000000000, -1.000000000000000000, 0.000000000000000000 ) ) ;
#2291 = ORIENTED_EDGE ( 'NONE', *, *, #179, .T. ) ;
#2292 = ORIENTED_EDGE ( 'NONE', *, *, #4910, .F. ) ;
#2293 = DIRECTION ( 'NONE',  ( 1.000000000000000000, 1.850371707708594070E-16, -0.000000000000000000 ) ) ;
#2294 = CARTESIAN_POINT ( 'NONE',  ( -25.00000000000004263, 74.99999999999998579, 5.000000000000000000 ) ) ;
#2295 = CARTESIAN_POINT ( 'NONE',  ( 71.99999999999997158, 69.99999999999998579, 2.000000000000000000 ) ) ;
#2296 = EDGE_CURVE ( 'NONE', #2189, #337, #3004, .T. ) ;
#2297 = DIRECTION ( 'NONE',  ( 1.000000000000000000, 0.000000000000000000, 0.000000000000000000 ) ) ;
#2298 = EDGE_CURVE ( 'NONE', #4689, #7829, #1797, .T. ) ;
#2299 = ORIENTED_EDGE ( 'NONE', *, *, #2082, .T. ) ;
#2300 = DIRECTION ( 'NONE',  ( -1.000000000000000000, 0.000000000000000000, 0.000000000000000000 ) ) ;
#2301 = DIRECTION ( 'NONE',  ( -0.000000000000000000, -1.000000000000000000, -0.000000000000000000 ) ) ;
#2302 = VECTOR ( 'NONE', #6897, 1000.000000000000000 ) ;
#2303 = EDGE_CURVE ( 'NONE', #5747, #3901, #7807, .T. ) ;
#2304 = PLANE ( 'NONE',  #7730 ) ;
#2305 = CARTESIAN_POINT ( 'NONE',  ( -38.00000000000002132, -75.00000000000001421, 1.999999999999982236 ) ) ;
#2306 = ORIENTED_EDGE ( 'NONE', *, *, #4730, .T. ) ;
#2307 = VECTOR ( 'NONE', #4303, 1000.000000000000000 ) ;
#2308 = CARTESIAN_POINT ( 'NONE',  ( 74.99999999999997158, 74.99999999999998579, 5.000000000000000000 ) ) ;
#2309 = ORIENTED_EDGE ( 'NONE', *, *, #7321, .T. ) ;
#2310 = LINE ( 'NONE', #5427, #2638 ) ;
#2311 = ORIENTED_EDGE ( 'NONE', *, *, #5862, .F. ) ;
#2312 = LINE ( 'NONE', #5355, #2192 ) ;
#2313 = CARTESIAN_POINT ( 'NONE',  ( -75.00000000000002842, -18.00000000000002132, 5.000000000000000000 ) ) ;
#2314 = EDGE_CURVE ( 'NONE', #3069, #1958, #3884, .T. ) ;
#2315 = VECTOR ( 'NONE', #1104, 1000.000000000000000 ) ;
#2316 = ORIENTED_EDGE ( 'NONE', *, *, #2361, .F. ) ;
#2317 = DIRECTION ( 'NONE',  ( -1.000000000000000000, -0.000000000000000000, -0.000000000000000000 ) ) ;
#2318 = AXIS2_PLACEMENT_3D ( 'NONE', #2596, #1420, #3382 ) ;
#2319 = VECTOR ( 'NONE', #3518, 1000.000000000000000 ) ;
#2320 = ORIENTED_EDGE ( 'NONE', *, *, #5758, .T. ) ;
#2321 = DIRECTION ( 'NONE',  ( 0.000000000000000000, 0.000000000000000000, -1.000000000000000000 ) ) ;
#2322 = AXIS2_PLACEMENT_3D ( 'NONE', #3752, #4920, #623 ) ;
#2323 = DIRECTION ( 'NONE',  ( -2.312964634635729250E-15, 0.000000000000000000, -1.000000000000000000 ) ) ;
#2324 = ORIENTED_EDGE ( 'NONE', *, *, #6145, .T. ) ;
#2325 = LINE ( 'NONE', #1735, #4838 ) ;
#2326 = VERTEX_POINT ( 'NONE', #6505 ) ;
#2327 = CARTESIAN_POINT ( 'NONE',  ( 29.99999999999997158, 71.99999999999998579, 2.000000000000000000 ) ) ;
#2328 = CARTESIAN_POINT ( 'NONE',  ( 75.00000000000000000, -65.00000000000002842, 1.999999999999983569 ) ) ;
#2329 = VECTOR ( 'NONE', #3254, 1000.000000000000000 ) ;
#2330 = VECTOR ( 'NONE', #3925, 1000.000000000000000 ) ;
#2331 = DIRECTION ( 'NONE',  ( 1.000000000000000000, 1.850371707708594070E-16, 0.000000000000000000 ) ) ;
#2332 = DIRECTION ( 'NONE',  ( -1.850371707708594070E-16, 1.000000000000000000, 0.000000000000000000 ) ) ;
#2334 = EDGE_CURVE ( 'NONE', #337, #2055, #2674, .T. ) ;
#2333 = CARTESIAN_POINT ( 'NONE',  ( 71.99999999999998579, -15.00000000000001421, 5.000000000000000000 ) ) ;
#2335 = ORIENTED_EDGE ( 'NONE', *, *, #4323, .T. ) ;
#2336 = ORIENTED_EDGE ( 'NONE', *, *, #5904, .T. ) ;
#2337 = LINE ( 'NONE', #4248, #6190 ) ;
#2338 = CARTESIAN_POINT ( 'NONE',  ( -75.00000000000002842, -53.00000000000002132, 5.000000000000000000 ) ) ;
#2339 = PLANE ( 'NONE',  #5777 ) ;
#2340 = LINE ( 'NONE', #414, #5598 ) ;
#2341 = VECTOR ( 'NONE', #5527, 1000.000000000000000 ) ;
#2342 = EDGE_CURVE ( 'NONE', #5546, #2850, #1375, .T. ) ;
#2343 = ORIENTED_EDGE ( 'NONE', *, *, #1926, .T. ) ;
#2344 = CARTESIAN_POINT ( 'NONE',  ( 14.99999999999996447, 71.99999999999998579, 5.000000000000000000 ) ) ;
#2345 = ADVANCED_FACE ( 'NONE', ( #4590 ), #6465, .F. ) ;
#2346 = PLANE ( 'NONE',  #7084 ) ;
#2347 = CARTESIAN_POINT ( 'NONE',  ( 5.100000000000009415, 57.99999999999997868, 0.000000000000000000 ) ) ;
#2348 = VERTEX_POINT ( 'NONE', #749 ) ;
#2349 = LINE ( 'NONE', #4140, #1608 ) ;
#2350 = VERTEX_POINT ( 'NONE', #5957 ) ;
#2351 = EDGE_CURVE ( 'NONE', #7191, #4343, #2717, .T. ) ;
#2352 = PLANE ( 'NONE',  #8035 ) ;
#2353 = ORIENTED_EDGE ( 'NONE', *, *, #1925, .T. ) ;
#2354 = LINE ( 'NONE', #7441, #7303 ) ;
#2355 = ORIENTED_EDGE ( 'NONE', *, *, #6509, .F. ) ;
#2356 = LINE ( 'NONE', #6736, #3646 ) ;
#2357 = CARTESIAN_POINT ( 'NONE',  ( 71.99999999999997158, 69.99999999999998579, 2.000000000000000000 ) ) ;
#2358 = FACE_OUTER_BOUND ( 'NONE', #417, .T. ) ;
#2359 = EDGE_LOOP ( 'NONE', ( #601, #1457, #933, #3009, #1591, #2299, #58, #5014, #5804, #5226, #5096, #3360, #6613, #3491, #2624, #6934, #3986, #5365, #1153, #87, #2672, #1687, #5753, #3068, #854, #7008, #3316, #2110, #6194, #1203, #3994, #1683, #6440, #5523, #7194, #2726, #4636, #1714, #1382, #7093, #2113, #5303, #1597, #263, #2100, #6244, #8127, #2392, #2763, #4376, #2957, #4065, #970, #5923, #932, #1380, #6784, #7462, #4741, #3746, #7440, #7777, #1781, #7793 ) ) ;
#2360 = VECTOR ( 'NONE', #6199, 1000.000000000000000 ) ;
#2361 = EDGE_CURVE ( 'NONE', #14, #6970, #788, .T. ) ;
#2362 = DIRECTION ( 'NONE',  ( -1.850371707708594070E-16, 1.000000000000000000, 0.000000000000000000 ) ) ;
#2363 = LINE ( 'NONE', #4903, #7828 ) ;
#2364 = ORIENTED_EDGE ( 'NONE', *, *, #3017, .T. ) ;
#2365 = DIRECTION ( 'NONE',  ( 1.000000000000000000, 0.000000000000000000, -0.000000000000000000 ) ) ;
#2366 = VERTEX_POINT ( 'NONE', #209 ) ;
#2367 = CARTESIAN_POINT ( 'NONE',  ( -72.00000000000002842, -13.00000000000001066, 2.000000000000000000 ) ) ;
#2368 = AXIS2_PLACEMENT_3D ( 'NONE', #1221, #6318, #8160 ) ;
#2369 = LINE ( 'NONE', #1108, #152 ) ;
#2370 = CARTESIAN_POINT ( 'NONE',  ( -72.00000000000002842, 41.99999999999997868, 2.000000000000000000 ) ) ;
#2371 = AXIS2_PLACEMENT_3D ( 'NONE', #6888, #3724, #6265 ) ;
#2372 = DIRECTION ( 'NONE',  ( -1.850371707708594316E-16, 1.000000000000000000, -0.000000000000000000 ) ) ;
#2373 = LINE ( 'NONE', #6158, #4181 ) ;
#2374 = EDGE_LOOP ( 'NONE', ( #2523, #6889, #3018, #6171, #1563, #4907, #5620, #5354, #2680, #1690, #168, #3196, #5189, #2004, #8022, #7312, #5602, #6861, #4316, #2856, #3339, #6512, #3534, #1423, #1697, #3706, #3573, #400, #7672, #6792, #6808, #8085, #3384, #3473, #8128, #4598, #6688, #7389, #5077, #7520, #2547, #5163, #608, #2656, #1585, #4258, #3557, #1956, #1139, #4481, #3696, #5428, #3823, #1720, #1674, #5962, #4275, #3584, #2059, #1945, #369, #3606, #5063, #1227, #2311, #3094, #741, #7740, #3903, #2320, #7987, #3526, #5517, #881, #7067, #3120, #6134, #35, #895, #3015, #6670, #919, #7570, #1256, #7222, #6981, #4388, #349, #5783, #2364, #4300, #4393, #852, #772, #5034, #3251, #1845, #6066, #3156, #7032, #4113, #3444, #6581, #3218, #6523, #5283, #7906, #6438, #7698, #3092, #232, #1391, #4532, #3442, #4986, #4515, #5373, #5795, #6259, #1878, #905, #207, #1973, #7756, #7653, #7327, #7591, #3912, #572, #5861, #582, #2749, #1947, #8183, #2023, #3141, #2777, #4596, #311, #4076, #2515, #4208, #6615, #5851, #6287, #5089, #7692, #952, #3804, #2803, #4619, #5679, #2602, #7233, #4474, #1607, #4553, #2467, #6266, #4565, #4174, #3353, #4306, #270, #4000, #3649, #5835, #3428, #3667, #5338, #4551, #4617, #3219, #540, #3172, #4103, #1152, #3342, #2642, #7463, #6160, #1622, #2702, #836, #2598, #848, #5498, #6419, #4200, #5589, #2512, #2175, #7469, #521, #5437, #7157, #6822, #6011, #5513, #265, #8008, #385, #4072, #4728, #6554, #4821, #7405, #141, #7554, #7186, #2786, #2998, #7290, #6649, #5318, #2946, #5798, #300, #2225, #1744, #6534, #4193, #4224, #126, #1340, #5519, #1724, #5920 ) ) ;
#2375 = ORIENTED_EDGE ( 'NONE', *, *, #6333, .F. ) ;
#2376 = DIRECTION ( 'NONE',  ( -0.000000000000000000, -1.000000000000000000, -0.000000000000000000 ) ) ;
#2377 = FACE_OUTER_BOUND ( 'NONE', #5935, .T. ) ;
#2378 = DIRECTION ( 'NONE',  ( 0.000000000000000000, -0.000000000000000000, -1.000000000000000000 ) ) ;
#2379 = VECTOR ( 'NONE', #4827, 1000.000000000000000 ) ;
#2380 = ADVANCED_FACE ( 'NONE', ( #4670 ), #7048, .F. ) ;
#2381 = CARTESIAN_POINT ( 'NONE',  ( -72.00000000000002842, 71.99999999999998579, 2.000000000000000000 ) ) ;
#2382 = VERTEX_POINT ( 'NONE', #4545 ) ;
#2383 = CARTESIAN_POINT ( 'NONE',  ( 74.99999999999997158, 69.99999999999998579, 2.000000000000000000 ) ) ;
#2384 = DIRECTION ( 'NONE',  ( 0.000000000000000000, 1.000000000000000000, 0.000000000000000000 ) ) ;
#2385 = FACE_OUTER_BOUND ( 'NONE', #4915, .T. ) ;
#2386 = EDGE_CURVE ( 'NONE', #1141, #4170, #709, .T. ) ;
#2387 = ORIENTED_EDGE ( 'NONE', *, *, #5290, .T. ) ;
#2388 = EDGE_CURVE ( 'NONE', #5426, #4190, #5873, .T. ) ;
#2389 = LINE ( 'NONE', #4183, #2307 ) ;
#2390 = ORIENTED_EDGE ( 'NONE', *, *, #5042, .T. ) ;
#2391 = DIRECTION ( 'NONE',  ( 1.000000000000000000, 1.850371707708594070E-16, -0.000000000000000000 ) ) ;
#2392 = ORIENTED_EDGE ( 'NONE', *, *, #6508, .T. ) ;
#2393 = EDGE_LOOP ( 'NONE', ( #1180, #2280, #795, #5069 ) ) ;
#2394 = CARTESIAN_POINT ( 'NONE',  ( -72.00000000000002842, 1.999999999999980904, 5.000000000000000000 ) ) ;
#2395 = CARTESIAN_POINT ( 'NONE',  ( 0.000000000000000000, 0.000000000000000000, 0.000000000000000000 ) ) ;
#2396 = ORIENTED_EDGE ( 'NONE', *, *, #2511, .T. ) ;
#2397 = CARTESIAN_POINT ( 'NONE',  ( -58.00000000000000000, -75.00000000000001421, 5.000000000000000000 ) ) ;
#2398 = EDGE_CURVE ( 'NONE', #6245, #2382, #2050, .T. ) ;
#2399 = ORIENTED_EDGE ( 'NONE', *, *, #1045, .F. ) ;
#2400 = EDGE_CURVE ( 'NONE', #7181, #1090, #2758, .T. ) ;
#2401 = DIRECTION ( 'NONE',  ( 1.000000000000000000, 1.850371707708594070E-16, -0.000000000000000000 ) ) ;
#2402 = ORIENTED_EDGE ( 'NONE', *, *, #7699, .F. ) ;
#2403 = PLANE ( 'NONE',  #3835 ) ;
#2404 = ORIENTED_EDGE ( 'NONE', *, *, #1063, .F. ) ;
#2405 = DIRECTION ( 'NONE',  ( 0.000000000000000000, 0.000000000000000000, -1.000000000000000000 ) ) ;
#2406 = AXIS2_PLACEMENT_3D ( 'NONE', #6988, #609, #1950 ) ;
#2407 = ORIENTED_EDGE ( 'NONE', *, *, #5815, .T. ) ;
#2408 = DIRECTION ( 'NONE',  ( 1.850371707708594316E-16, -1.000000000000000000, 0.000000000000000000 ) ) ;
#2409 = ADVANCED_FACE ( 'NONE', ( #2798 ), #7136, .F. ) ;
#2410 = AXIS2_PLACEMENT_3D ( 'NONE', #8238, #5183, #7651 ) ;
#2411 = LINE ( 'NONE', #6826, #5928 ) ;
#2412 = DIRECTION ( 'NONE',  ( 1.850371707708594316E-16, -1.000000000000000000, 0.000000000000000000 ) ) ;
#2413 = DIRECTION ( 'NONE',  ( -1.000000000000000000, 0.000000000000000000, 0.000000000000000000 ) ) ;
#2414 = ORIENTED_EDGE ( 'NONE', *, *, #959, .T. ) ;
#2415 = AXIS2_PLACEMENT_3D ( 'NONE', #124, #2677, #3337 ) ;
#2416 = EDGE_LOOP ( 'NONE', ( #7242, #4882, #553, #1439 ) ) ;
#2417 = DIRECTION ( 'NONE',  ( -0.000000000000000000, 1.000000000000000000, 0.000000000000000000 ) ) ;
#2418 = CARTESIAN_POINT ( 'NONE',  ( 36.99999999999999289, -72.00000000000001421, 5.000000000000000000 ) ) ;
#2419 = CARTESIAN_POINT ( 'NONE',  ( -75.00000000000002842, 74.99999999999998579, 5.000000000000000000 ) ) ;
#2420 = VECTOR ( 'NONE', #1833, 1000.000000000000000 ) ;
#2421 = FACE_OUTER_BOUND ( 'NONE', #8171, .T. ) ;
#2422 = EDGE_LOOP ( 'NONE', ( #1888, #292, #2139, #3665 ) ) ;
#2423 = CARTESIAN_POINT ( 'NONE',  ( -20.00000000000003908, 74.99999999999998579, 5.000000000000000000 ) ) ;
#2424 = AXIS2_PLACEMENT_3D ( 'NONE', #7431, #7470, #1754 ) ;
#2425 = FACE_OUTER_BOUND ( 'NONE', #4691, .T. ) ;
#2426 = LINE ( 'NONE', #586, #3346 ) ;
#2427 = VERTEX_POINT ( 'NONE', #6593 ) ;
#2428 = LINE ( 'NONE', #6806, #2578 ) ;
#2429 = ORIENTED_EDGE ( 'NONE', *, *, #7749, .F. ) ;
#2430 = EDGE_CURVE ( 'NONE', #1788, #101, #1419, .T. ) ;
#2431 = CARTESIAN_POINT ( 'NONE',  ( -65.00000000000001421, 71.99999999999998579, 5.000000000000000000 ) ) ;
#2432 = EDGE_CURVE ( 'NONE', #4612, #1971, #5792, .T. ) ;
#2433 = ORIENTED_EDGE ( 'NONE', *, *, #1824, .T. ) ;
#2434 = LINE ( 'NONE', #1342, #3780 ) ;
#2435 = DIRECTION ( 'NONE',  ( -0.000000000000000000, -1.000000000000000000, -0.000000000000000000 ) ) ;
#2436 = CARTESIAN_POINT ( 'NONE',  ( -72.00000000000002842, 11.99999999999997513, 5.000000000000000000 ) ) ;
#2437 = EDGE_CURVE ( 'NONE', #5148, #6470, #80, .T. ) ;
#2438 = ORIENTED_EDGE ( 'NONE', *, *, #6114, .T. ) ;
#2439 = VECTOR ( 'NONE', #317, 1000.000000000000000 ) ;
#2440 = DIRECTION ( 'NONE',  ( 0.000000000000000000, -0.000000000000000000, 1.000000000000000000 ) ) ;
#2441 = ORIENTED_EDGE ( 'NONE', *, *, #4745, .T. ) ;
#2442 = LINE ( 'NONE', #3652, #1159 ) ;
#2443 = EDGE_CURVE ( 'NONE', #7900, #3772, #5173, .T. ) ;
#2444 = EDGE_LOOP ( 'NONE', ( #3565, #3941, #1886, #1272 ) ) ;
#2445 = VECTOR ( 'NONE', #4155, 1000.000000000000000 ) ;
#2446 = AXIS2_PLACEMENT_3D ( 'NONE', #6185, #6267, #7604 ) ;
#2447 = PLANE ( 'NONE',  #6033 ) ;
#2448 = VECTOR ( 'NONE', #2129, 1000.000000000000000 ) ;
#2449 = ORIENTED_EDGE ( 'NONE', *, *, #8188, .T. ) ;
#2450 = DIRECTION ( 'NONE',  ( -0.000000000000000000, -1.000000000000000000, -0.000000000000000000 ) ) ;
#2451 = EDGE_CURVE ( 'NONE', #3011, #3193, #7970, .T. ) ;
#2452 = AXIS2_PLACEMENT_3D ( 'NONE', #6285, #4365, #571 ) ;
#2453 = CARTESIAN_POINT ( 'NONE',  ( 75.00000000000000000, -45.00000000000001421, 0.000000000000000000 ) ) ;
#2454 = DIRECTION ( 'NONE',  ( -1.000000000000000000, 0.000000000000000000, -4.625929269271485322E-15 ) ) ;
#2455 = DIRECTION ( 'NONE',  ( -1.000000000000000000, -0.000000000000000000, -0.000000000000000000 ) ) ;
#2456 = ADVANCED_FACE ( 'NONE', ( #413 ), #6714, .F. ) ;
#2457 = ORIENTED_EDGE ( 'NONE', *, *, #1388, .F. ) ;
#2458 = ORIENTED_EDGE ( 'NONE', *, *, #3556, .F. ) ;
#2459 = CARTESIAN_POINT ( 'NONE',  ( -75.00000000000002842, 71.99999999999998579, 2.000000000000000000 ) ) ;
#2460 = CARTESIAN_POINT ( 'NONE',  ( -72.00000000000002842, 71.99999999999998579, 2.000000000000000000 ) ) ;
#2461 = AXIS2_PLACEMENT_3D ( 'NONE', #8088, #1912, #8219 ) ;
#2462 = CARTESIAN_POINT ( 'NONE',  ( 71.99999999999998579, -2.775557561562891351E-14, 1.999999999999991340 ) ) ;
#2463 = VECTOR ( 'NONE', #6794, 1000.000000000000000 ) ;
#2464 = CARTESIAN_POINT ( 'NONE',  ( 14.99999999999996447, 74.99999999999998579, 5.000000000000000000 ) ) ;
#2465 = AXIS2_PLACEMENT_3D ( 'NONE', #4557, #7226, #7147 ) ;
#2466 = EDGE_CURVE ( 'NONE', #5022, #2348, #955, .T. ) ;
#2467 = ORIENTED_EDGE ( 'NONE', *, *, #202, .T. ) ;
#2468 = CARTESIAN_POINT ( 'NONE',  ( 59.99999999999995737, 71.99999999999998579, 5.000000000000000000 ) ) ;
#2469 = ORIENTED_EDGE ( 'NONE', *, *, #3151, .T. ) ;
#2470 = DIRECTION ( 'NONE',  ( 2.269055394249329430E-32, -1.226270043362915368E-16, 1.000000000000000000 ) ) ;
#2471 = ORIENTED_EDGE ( 'NONE', *, *, #7654, .T. ) ;
#2472 = FACE_OUTER_BOUND ( 'NONE', #2570, .T. ) ;
#2473 = VECTOR ( 'NONE', #4833, 1000.000000000000000 ) ;
#2474 = ORIENTED_EDGE ( 'NONE', *, *, #1264, .F. ) ;
#2475 = DIRECTION ( 'NONE',  ( -0.000000000000000000, -1.000000000000000000, -0.000000000000000000 ) ) ;
#2476 = VERTEX_POINT ( 'NONE', #1587 ) ;
#2477 = DIRECTION ( 'NONE',  ( -1.850371707708594316E-16, 1.000000000000000000, -0.000000000000000000 ) ) ;
#2478 = ORIENTED_EDGE ( 'NONE', *, *, #5073, .F. ) ;
#2479 = CARTESIAN_POINT ( 'NONE',  ( -72.00000000000002842, -53.00000000000002132, 5.000000000000000000 ) ) ;
#2480 = DIRECTION ( 'NONE',  ( 0.000000000000000000, -1.000000000000000000, 0.000000000000000000 ) ) ;
#2481 = DIRECTION ( 'NONE',  ( 1.000000000000000000, 1.850371707708594070E-16, -0.000000000000000000 ) ) ;
#2482 = ORIENTED_EDGE ( 'NONE', *, *, #5558, .F. ) ;
#2483 = ADVANCED_FACE ( 'NONE', ( #1710 ), #6795, .F. ) ;
#2484 = FACE_OUTER_BOUND ( 'NONE', #1775, .T. ) ;
#2485 = ORIENTED_EDGE ( 'NONE', *, *, #1851, .F. ) ;
#2486 = LINE ( 'NONE', #3695, #7428 ) ;
#2487 = ORIENTED_EDGE ( 'NONE', *, *, #6282, .T. ) ;
#2488 = FACE_OUTER_BOUND ( 'NONE', #792, .T. ) ;
#2489 = VERTEX_POINT ( 'NONE', #7340 ) ;
#2490 = CARTESIAN_POINT ( 'NONE',  ( 71.99999999999998579, 29.99999999999997868, 1.999999999999995337 ) ) ;
#2491 = AXIS2_PLACEMENT_3D ( 'NONE', #3739, #4823, #4866 ) ;
#2492 = ADVANCED_FACE ( 'NONE', ( #6673 ), #1548, .F. ) ;
#2493 = DIRECTION ( 'NONE',  ( 0.000000000000000000, 0.000000000000000000, 1.000000000000000000 ) ) ;
#2494 = EDGE_CURVE ( 'NONE', #7020, #5775, #7384, .T. ) ;
#2495 = DIRECTION ( 'NONE',  ( 1.000000000000000000, 0.000000000000000000, 0.000000000000000000 ) ) ;
#2496 = DIRECTION ( 'NONE',  ( -0.000000000000000000, -0.000000000000000000, -1.000000000000000000 ) ) ;
#2497 = VERTEX_POINT ( 'NONE', #915 ) ;
#2498 = PLANE ( 'NONE',  #1574 ) ;
#2499 = ORIENTED_EDGE ( 'NONE', *, *, #1796, .F. ) ;
#2500 = LINE ( 'NONE', #5037, #5516 ) ;
#2501 = CARTESIAN_POINT ( 'NONE',  ( -75.00000000000002842, 56.99999999999997868, 5.000000000000000000 ) ) ;
#2502 = CARTESIAN_POINT ( 'NONE',  ( -72.00000000000002842, 66.99999999999997158, 2.000000000000000000 ) ) ;
#2503 = EDGE_CURVE ( 'NONE', #1015, #783, #8052, .T. ) ;
#2504 = VECTOR ( 'NONE', #5062, 1000.000000000000000 ) ;
#2505 = PLANE ( 'NONE',  #7641 ) ;
#2506 = EDGE_LOOP ( 'NONE', ( #1642, #1896, #5120, #8020 ) ) ;
#2507 = CARTESIAN_POINT ( 'NONE',  ( -72.00000000000002842, -58.00000000000001421, 5.000000000000000000 ) ) ;
#2508 = VECTOR ( 'NONE', #658, 1000.000000000000000 ) ;
#2509 = CARTESIAN_POINT ( 'NONE',  ( 71.99999999999997158, 69.99999999999998579, 2.000000000000000000 ) ) ;
#2510 = DIRECTION ( 'NONE',  ( -4.625929269271485322E-15, 0.000000000000000000, 1.000000000000000000 ) ) ;
#2511 = EDGE_CURVE ( 'NONE', #6970, #5178, #452, .T. ) ;
#2512 = ORIENTED_EDGE ( 'NONE', *, *, #4160, .F. ) ;
#2513 = VECTOR ( 'NONE', #797, 1000.000000000000000 ) ;
#2514 = CARTESIAN_POINT ( 'NONE',  ( 71.99999999999997158, 59.99999999999997868, 5.000000000000000000 ) ) ;
#2515 = ORIENTED_EDGE ( 'NONE', *, *, #5969, .F. ) ;
#2516 = PLANE ( 'NONE',  #7432 ) ;
#2517 = VERTEX_POINT ( 'NONE', #4167 ) ;
#2518 = DIRECTION ( 'NONE',  ( -1.000000000000000000, 0.000000000000000000, 0.000000000000000000 ) ) ;
#2519 = DIRECTION ( 'NONE',  ( -1.000000000000000000, -1.850371707708594070E-16, 0.000000000000000000 ) ) ;
#2520 = CARTESIAN_POINT ( 'NONE',  ( 59.99999999999995737, 71.99999999999998579, 5.000000000000000000 ) ) ;
#2521 = ORIENTED_EDGE ( 'NONE', *, *, #3270, .F. ) ;
#2522 = CARTESIAN_POINT ( 'NONE',  ( -4.163336342344337027E-14, 71.99999999999998579, 5.000000000000000000 ) ) ;
#2523 = ORIENTED_EDGE ( 'NONE', *, *, #2862, .T. ) ;
#2524 = DIRECTION ( 'NONE',  ( 0.000000000000000000, 0.000000000000000000, -1.000000000000000000 ) ) ;
#2525 = ORIENTED_EDGE ( 'NONE', *, *, #2045, .T. ) ;
#2526 = CARTESIAN_POINT ( 'NONE',  ( -50.00000000000003553, 74.99999999999998579, 5.000000000000000000 ) ) ;
#2527 = EDGE_LOOP ( 'NONE', ( #6148, #506, #4841, #7258 ) ) ;
#2528 = ADVANCED_FACE ( 'NONE', ( #3626 ), #289, .F. ) ;
#2529 = CARTESIAN_POINT ( 'NONE',  ( -75.00000000000002842, 71.99999999999998579, 2.000000000000000000 ) ) ;
#2530 = EDGE_LOOP ( 'NONE', ( #815, #1441, #2474, #1036 ) ) ;
#2531 = DIRECTION ( 'NONE',  ( -1.000000000000000000, -0.000000000000000000, -0.000000000000000000 ) ) ;
#2532 = LINE ( 'NONE', #6242, #910 ) ;
#2533 = CARTESIAN_POINT ( 'NONE',  ( -63.00000000000000000, -72.00000000000001421, 1.999999999999982236 ) ) ;
#2534 = VERTEX_POINT ( 'NONE', #2171 ) ;
#2535 = DIRECTION ( 'NONE',  ( 1.000000000000000000, 1.850371707708594070E-16, 0.000000000000000000 ) ) ;
#2536 = ADVANCED_FACE ( 'NONE', ( #4877 ), #2339, .F. ) ;
#2537 = ORIENTED_EDGE ( 'NONE', *, *, #3970, .F. ) ;
#2538 = ADVANCED_FACE ( 'NONE', ( #4092 ), #8010, .F. ) ;
#2539 = LINE ( 'NONE', #6999, #8222 ) ;
#2540 = DIRECTION ( 'NONE',  ( -1.000000000000000000, -1.850371707708594316E-16, 0.000000000000000000 ) ) ;
#2541 = PRODUCT_DEFINITION_CONTEXT ( 'detailed design', #3347, 'design' ) ;
#2542 = CARTESIAN_POINT ( 'NONE',  ( -1.899999999999987477, 57.99999999999997868, 15.00000000000000000 ) ) ;
#2543 = EDGE_CURVE ( 'NONE', #1427, #197, #6162, .T. ) ;
#2544 = VECTOR ( 'NONE', #4487, 1000.000000000000000 ) ;
#2545 = LINE ( 'NONE', #3629, #1111 ) ;
#2546 = VECTOR ( 'NONE', #5843, 1000.000000000000000 ) ;
#2547 = ORIENTED_EDGE ( 'NONE', *, *, #4740, .F. ) ;
#2548 = EDGE_CURVE ( 'NONE', #2534, #2130, #6756, .T. ) ;
#2549 = DIRECTION ( 'NONE',  ( -4.625929269271485322E-15, -0.000000000000000000, 1.000000000000000000 ) ) ;
#2550 = CARTESIAN_POINT ( 'NONE',  ( 74.99999999999997158, 59.99999999999997868, 5.000000000000000000 ) ) ;
#2551 = DIRECTION ( 'NONE',  ( 0.000000000000000000, 1.000000000000000000, 0.000000000000000000 ) ) ;
#2552 = EDGE_CURVE ( 'NONE', #2740, #7597, #5375, .T. ) ;
#2553 = VECTOR ( 'NONE', #3501, 1000.000000000000000 ) ;
#2554 = VERTEX_POINT ( 'NONE', #1039 ) ;
#2555 = CARTESIAN_POINT ( 'NONE',  ( 75.00000000000000000, -50.00000000000001421, 5.000000000000000000 ) ) ;
#2556 = ORIENTED_EDGE ( 'NONE', *, *, #2792, .T. ) ;
#2557 = ORIENTED_EDGE ( 'NONE', *, *, #4436, .T. ) ;
#2558 = CARTESIAN_POINT ( 'NONE',  ( 39.99999999999996447, 71.99999999999998579, 5.000000000000000000 ) ) ;
#2559 = EDGE_CURVE ( 'NONE', #3193, #670, #4753, .T. ) ;
#2560 = ORIENTED_EDGE ( 'NONE', *, *, #3771, .F. ) ;
#2561 = DIRECTION ( 'NONE',  ( -1.000000000000000000, -1.850371707708594070E-16, 0.000000000000000000 ) ) ;
#2562 = CARTESIAN_POINT ( 'NONE',  ( 72.00000000000000000, -50.00000000000001421, -6.123233995736766282E-16 ) ) ;
#2563 = CARTESIAN_POINT ( 'NONE',  ( 71.99999999999997158, 49.99999999999997158, -6.123233995736766282E-16 ) ) ;
#2564 = LINE ( 'NONE', #5058, #7734 ) ;
#2565 = ORIENTED_EDGE ( 'NONE', *, *, #1680, .F. ) ;
#2566 = CARTESIAN_POINT ( 'NONE',  ( 6.999999999999992006, -72.00000000000001421, 5.000000000000000000 ) ) ;
#2567 = VERTEX_POINT ( 'NONE', #7301 ) ;
#2568 = CARTESIAN_POINT ( 'NONE',  ( -33.00000000000001421, -72.00000000000001421, 5.000000000000000000 ) ) ;
#2569 = EDGE_CURVE ( 'NONE', #5764, #8121, #8130, .T. ) ;
#2570 = EDGE_LOOP ( 'NONE', ( #7046, #6278, #8265, #7560 ) ) ;
#2571 = DIRECTION ( 'NONE',  ( -0.000000000000000000, -1.000000000000000000, -0.000000000000000000 ) ) ;
#2572 = ORIENTED_EDGE ( 'NONE', *, *, #2759, .T. ) ;
#2573 = CARTESIAN_POINT ( 'NONE',  ( -72.00000000000002842, 6.999999999999978684, 5.000000000000000000 ) ) ;
#2574 = VECTOR ( 'NONE', #3942, 1000.000000000000000 ) ;
#2575 = ORIENTED_EDGE ( 'NONE', *, *, #5948, .F. ) ;
#2576 = LINE ( 'NONE', #1904, #3673 ) ;
#2577 = AXIS2_PLACEMENT_3D ( 'NONE', #2079, #7164, #5821 ) ;
#2578 = VECTOR ( 'NONE', #423, 1000.000000000000000 ) ;
#2579 = FACE_OUTER_BOUND ( 'NONE', #4999, .T. ) ;
#2580 = DIRECTION ( 'NONE',  ( -0.000000000000000000, -0.000000000000000000, -1.000000000000000000 ) ) ;
#2581 = EDGE_LOOP ( 'NONE', ( #230, #716, #5024, #7058 ) ) ;
#2582 = CARTESIAN_POINT ( 'NONE',  ( 21.99999999999998579, -72.00000000000001421, 1.999999999999982236 ) ) ;
#2583 = VERTEX_POINT ( 'NONE', #6289 ) ;
#2584 = DIRECTION ( 'NONE',  ( -0.000000000000000000, 1.000000000000000000, -0.000000000000000000 ) ) ;
#2585 = DIRECTION ( 'NONE',  ( 4.625929269271458501E-15, 0.000000000000000000, -1.000000000000000000 ) ) ;
#2586 = PLANE ( 'NONE',  #291 ) ;
#2587 = AXIS2_PLACEMENT_3D ( 'NONE', #5392, #931, #5511 ) ;
#2588 = AXIS2_PLACEMENT_3D ( 'NONE', #6506, #5212, #1378 ) ;
#2589 = VECTOR ( 'NONE', #5706, 1000.000000000000000 ) ;
#2590 = EDGE_CURVE ( 'NONE', #2788, #66, #5038, .T. ) ;
#2591 = CARTESIAN_POINT ( 'NONE',  ( -75.00000000000002842, 71.99999999999998579, 2.000000000000000000 ) ) ;
#2592 = VECTOR ( 'NONE', #4732, 1000.000000000000000 ) ;
#2593 = VECTOR ( 'NONE', #2006, 1000.000000000000000 ) ;
#2594 = ORIENTED_EDGE ( 'NONE', *, *, #5575, .F. ) ;
#2595 = CARTESIAN_POINT ( 'NONE',  ( -72.00000000000002842, -68.00000000000000000, 5.000000000000000000 ) ) ;
#2596 = CARTESIAN_POINT ( 'NONE',  ( 71.99999999999997158, -5.551115123125782702E-16, 0.000000000000000000 ) ) ;
#2597 = CARTESIAN_POINT ( 'NONE',  ( -63.00000000000001421, -72.00000000000001421, 5.000000000000000000 ) ) ;
#2598 = ORIENTED_EDGE ( 'NONE', *, *, #4721, .T. ) ;
#2599 = EDGE_CURVE ( 'NONE', #1604, #920, #1192, .T. ) ;
#2600 = VECTOR ( 'NONE', #6879, 1000.000000000000000 ) ;
#2601 = EDGE_CURVE ( 'NONE', #4207, #1357, #1792, .T. ) ;
#2602 = ORIENTED_EDGE ( 'NONE', *, *, #3867, .F. ) ;
#2603 = ORIENTED_EDGE ( 'NONE', *, *, #4496, .T. ) ;
#2604 = CARTESIAN_POINT ( 'NONE',  ( 71.99999999999997158, 69.99999999999998579, 2.000000000000000000 ) ) ;
#2605 = DIRECTION ( 'NONE',  ( 1.000000000000000000, 1.850371707708594070E-16, 0.000000000000000000 ) ) ;
#2606 = VECTOR ( 'NONE', #3288, 1000.000000000000000 ) ;
#2607 = CARTESIAN_POINT ( 'NONE',  ( -75.00000000000002842, 74.99999999999998579, 5.000000000000000000 ) ) ;
#2608 = DIRECTION ( 'NONE',  ( -0.000000000000000000, 0.000000000000000000, 1.000000000000000000 ) ) ;
#2609 = ORIENTED_EDGE ( 'NONE', *, *, #1162, .T. ) ;
#2610 = EDGE_CURVE ( 'NONE', #2692, #7040, #6376, .T. ) ;
#2611 = VECTOR ( 'NONE', #2075, 1000.000000000000000 ) ;
#2612 = CARTESIAN_POINT ( 'NONE',  ( -75.00000000000002842, 71.99999999999998579, 2.000000000000000000 ) ) ;
#2613 = ORIENTED_EDGE ( 'NONE', *, *, #5104, .F. ) ;
#2614 = DIRECTION ( 'NONE',  ( -0.000000000000000000, 1.000000000000000000, 1.224646799147352221E-16 ) ) ;
#2615 = EDGE_LOOP ( 'NONE', ( #2058, #7893, #7051, #6255 ) ) ;
#2616 = CARTESIAN_POINT ( 'NONE',  ( 71.99999999999997158, 69.99999999999998579, 2.000000000000000000 ) ) ;
#2617 = ORIENTED_EDGE ( 'NONE', *, *, #1146, .F. ) ;
#2618 = LINE ( 'NONE', #7700, #2145 ) ;
#2619 = ORIENTED_EDGE ( 'NONE', *, *, #7901, .T. ) ;
#2620 = ADVANCED_FACE ( 'NONE', ( #7587 ), #6335, .F. ) ;
#2621 = CARTESIAN_POINT ( 'NONE',  ( 71.99999999999997158, 39.99999999999997868, 1.999999999999996669 ) ) ;
#2622 = CARTESIAN_POINT ( 'NONE',  ( 71.99999999999998579, -15.00000000000001421, 1.999999999999989564 ) ) ;
#2623 = CARTESIAN_POINT ( 'NONE',  ( -72.00000000000002842, 71.99999999999998579, 5.000000000000000000 ) ) ;
#2624 = ORIENTED_EDGE ( 'NONE', *, *, #6617, .T. ) ;
#2625 = CARTESIAN_POINT ( 'NONE',  ( -75.00000000000002842, 71.99999999999998579, 2.000000000000000000 ) ) ;
#2626 = ORIENTED_EDGE ( 'NONE', *, *, #8123, .F. ) ;
#2627 = DIRECTION ( 'NONE',  ( -1.000000000000000000, 0.000000000000000000, 0.000000000000000000 ) ) ;
#2628 = CARTESIAN_POINT ( 'NONE',  ( 61.99999999999998579, -72.00000000000001421, 1.999999999999982236 ) ) ;
#2629 = DIRECTION ( 'NONE',  ( -4.625929269271485322E-15, -0.000000000000000000, 1.000000000000000000 ) ) ;
#2630 = AXIS2_PLACEMENT_3D ( 'NONE', #7545, #6288, #4370 ) ;
#2631 = DIRECTION ( 'NONE',  ( 1.850371707708594316E-16, -1.000000000000000000, 0.000000000000000000 ) ) ;
#2632 = ORIENTED_EDGE ( 'NONE', *, *, #6322, .F. ) ;
#2633 = CARTESIAN_POINT ( 'NONE',  ( 71.99999999999998579, -5.000000000000019540, 5.000000000000000000 ) ) ;
#2634 = CARTESIAN_POINT ( 'NONE',  ( -72.00000000000002842, 21.99999999999997868, 5.000000000000000000 ) ) ;
#2635 = EDGE_CURVE ( 'NONE', #7682, #4352, #1869, .T. ) ;
#2636 = LINE ( 'NONE', #5298, #5238 ) ;
#2637 = PLANE ( 'NONE',  #1881 ) ;
#2638 = VECTOR ( 'NONE', #4185, 1000.000000000000000 ) ;
#2639 = ORIENTED_EDGE ( 'NONE', *, *, #193, .T. ) ;
#2640 = AXIS2_PLACEMENT_3D ( 'NONE', #2604, #718, #7187 ) ;
#2641 = VERTEX_POINT ( 'NONE', #8260 ) ;
#2642 = ORIENTED_EDGE ( 'NONE', *, *, #5029, .F. ) ;
#2643 = DIRECTION ( 'NONE',  ( 1.000000000000000000, 0.000000000000000000, 0.000000000000000000 ) ) ;
#2644 = CARTESIAN_POINT ( 'NONE',  ( 71.99999999999997158, 69.99999999999998579, -6.123233995736766282E-16 ) ) ;
#2645 = DIRECTION ( 'NONE',  ( -0.000000000000000000, 0.000000000000000000, 1.000000000000000000 ) ) ;
#2646 = EDGE_CURVE ( 'NONE', #6546, #2860, #4458, .T. ) ;
#2647 = LINE ( 'NONE', #1852, #936 ) ;
#2648 = EDGE_CURVE ( 'NONE', #1958, #858, #4371, .T. ) ;
#2649 = VECTOR ( 'NONE', #5760, 1000.000000000000000 ) ;
#2650 = ORIENTED_EDGE ( 'NONE', *, *, #2303, .F. ) ;
#2651 = FACE_OUTER_BOUND ( 'NONE', #5925, .T. ) ;
#2652 = ORIENTED_EDGE ( 'NONE', *, *, #5349, .F. ) ;
#2653 = DIRECTION ( 'NONE',  ( -0.000000000000000000, -4.625929269271485322E-15, 1.000000000000000000 ) ) ;
#2654 = ORIENTED_EDGE ( 'NONE', *, *, #5948, .T. ) ;
#2655 = LINE ( 'NONE', #5190, #435 ) ;
#2656 = ORIENTED_EDGE ( 'NONE', *, *, #1579, .F. ) ;
#2657 = EDGE_CURVE ( 'NONE', #101, #138, #1237, .T. ) ;
#2658 = CARTESIAN_POINT ( 'NONE',  ( -3.499999999999992895, -57.99999999999997868, 5.000000000000000888 ) ) ;
#2659 = EDGE_CURVE ( 'NONE', #2257, #2897, #5662, .T. ) ;
#2660 = ORIENTED_EDGE ( 'NONE', *, *, #5166, .F. ) ;
#2661 = CARTESIAN_POINT ( 'NONE',  ( 71.99999999999997158, 39.99999999999997868, -6.123233995736766282E-16 ) ) ;
#2662 = PLANE ( 'NONE',  #5041 ) ;
#2663 = LINE ( 'NONE', #7161, #3787 ) ;
#2664 = ORIENTED_EDGE ( 'NONE', *, *, #4369, .T. ) ;
#2665 = LINE ( 'NONE', #7794, #3908 ) ;
#2666 = ORIENTED_EDGE ( 'NONE', *, *, #7321, .F. ) ;
#2667 = EDGE_CURVE ( 'NONE', #4084, #5747, #5701, .T. ) ;
#2668 = CARTESIAN_POINT ( 'NONE',  ( -59.60000000000000142, -3.500000000000003109, 0.000000000000000000 ) ) ;
#2669 = DIRECTION ( 'NONE',  ( 0.000000000000000000, 0.000000000000000000, -1.000000000000000000 ) ) ;
#2670 = DIRECTION ( 'NONE',  ( 0.000000000000000000, 1.000000000000000000, 0.000000000000000000 ) ) ;
#2671 = PLANE ( 'NONE',  #4468 ) ;
#2672 = ORIENTED_EDGE ( 'NONE', *, *, #8012, .T. ) ;
#2673 = CARTESIAN_POINT ( 'NONE',  ( 74.99999999999998579, -35.00000000000001421, 0.000000000000000000 ) ) ;
#2674 = LINE ( 'NONE', #7089, #4459 ) ;
#2675 = AXIS2_PLACEMENT_3D ( 'NONE', #2509, #2470, #1248 ) ;
#2676 = LINE ( 'NONE', #4592, #1778 ) ;
#2677 = DIRECTION ( 'NONE',  ( 0.000000000000000000, -1.000000000000000000, 0.000000000000000000 ) ) ;
#2678 = VECTOR ( 'NONE', #6645, 1000.000000000000000 ) ;
#2679 = EDGE_LOOP ( 'NONE', ( #1279, #2871, #2197, #7856 ) ) ;
#2680 = ORIENTED_EDGE ( 'NONE', *, *, #1083, .F. ) ;
#2681 = VERTEX_POINT ( 'NONE', #4958 ) ;
#2682 = EDGE_LOOP ( 'NONE', ( #2433, #70, #4782, #6995 ) ) ;
#2683 = LINE ( 'NONE', #7685, #2907 ) ;
#2684 = DIRECTION ( 'NONE',  ( 0.000000000000000000, -1.000000000000000000, 0.000000000000000000 ) ) ;
#2685 = VECTOR ( 'NONE', #3710, 1000.000000000000000 ) ;
#2686 = DIRECTION ( 'NONE',  ( -0.000000000000000000, 1.000000000000000000, 0.000000000000000000 ) ) ;
#2687 = LINE ( 'NONE', #7148, #2678 ) ;
#2688 = EDGE_LOOP ( 'NONE', ( #6107, #4186, #4198, #3975 ) ) ;
#2689 = VECTOR ( 'NONE', #4122, 1000.000000000000000 ) ;
#2690 = EDGE_CURVE ( 'NONE', #6094, #491, #494, .T. ) ;
#2691 = EDGE_CURVE ( 'NONE', #4853, #5579, #6317, .T. ) ;
#2692 = VERTEX_POINT ( 'NONE', #3839 ) ;
#2693 = DIRECTION ( 'NONE',  ( -0.000000000000000000, -1.000000000000000000, -0.000000000000000000 ) ) ;
#2694 = ORIENTED_EDGE ( 'NONE', *, *, #7341, .F. ) ;
#2695 = PLANE ( 'NONE',  #2842 ) ;
#2696 = ORIENTED_EDGE ( 'NONE', *, *, #592, .F. ) ;
#2697 = ORIENTED_EDGE ( 'NONE', *, *, #1717, .F. ) ;
#2698 = ADVANCED_FACE ( 'NONE', ( #2377 ), #4918, .F. ) ;
#2699 = LINE ( 'NONE', #1358, #4075 ) ;
#2700 = LINE ( 'NONE', #7246, #249 ) ;
#2701 = CARTESIAN_POINT ( 'NONE',  ( -75.00000000000002842, -13.00000000000002487, 5.000000000000000000 ) ) ;
#2702 = ORIENTED_EDGE ( 'NONE', *, *, #8201, .F. ) ;
#2703 = ADVANCED_FACE ( 'NONE', ( #3039 ), #4332, .F. ) ;
#2704 = CARTESIAN_POINT ( 'NONE',  ( 72.00000000000000000, -75.00000000000001421, 1.999999999999982236 ) ) ;
#2705 = ORIENTED_EDGE ( 'NONE', *, *, #1002, .F. ) ;
#2706 = CYLINDRICAL_SURFACE ( 'NONE', #3692, 1.600000000000004974 ) ;
#2707 = CARTESIAN_POINT ( 'NONE',  ( -75.00000000000002842, 74.99999999999998579, 5.000000000000000000 ) ) ;
#2708 = CARTESIAN_POINT ( 'NONE',  ( 51.99999999999998579, -75.00000000000001421, 1.999999999999982236 ) ) ;
#2709 = AXIS2_PLACEMENT_3D ( 'NONE', #2866, #5399, #7953 ) ;
#2710 = EDGE_CURVE ( 'NONE', #3332, #2326, #3709, .T. ) ;
#2711 = DIRECTION ( 'NONE',  ( 1.000000000000000000, 0.000000000000000000, 0.000000000000000000 ) ) ;
#2712 = DIRECTION ( 'NONE',  ( 0.000000000000000000, 0.000000000000000000, -1.000000000000000000 ) ) ;
#2713 = ORIENTED_EDGE ( 'NONE', *, *, #8091, .F. ) ;
#2714 = VECTOR ( 'NONE', #1987, 1000.000000000000000 ) ;
#2715 = LINE ( 'NONE', #4503, #7120 ) ;
#2716 = VECTOR ( 'NONE', #5833, 1000.000000000000000 ) ;
#2717 = LINE ( 'NONE', #4505, #5913 ) ;
#2718 = FACE_OUTER_BOUND ( 'NONE', #6345, .T. ) ;
#2719 = CARTESIAN_POINT ( 'NONE',  ( -75.00000000000002842, 71.99999999999998579, 2.000000000000000000 ) ) ;
#2720 = ORIENTED_EDGE ( 'NONE', *, *, #2548, .T. ) ;
#2721 = EDGE_CURVE ( 'NONE', #8047, #3633, #8174, .T. ) ;
#2722 = AXIS2_PLACEMENT_3D ( 'NONE', #2395, #5098, #515 ) ;
#2723 = AXIS2_PLACEMENT_3D ( 'NONE', #3363, #1611, #5401 ) ;
#2724 = VERTEX_POINT ( 'NONE', #2234 ) ;
#2725 = ORIENTED_EDGE ( 'NONE', *, *, #6989, .T. ) ;
#2726 = ORIENTED_EDGE ( 'NONE', *, *, #6219, .T. ) ;
#2727 = FACE_OUTER_BOUND ( 'NONE', #1865, .T. ) ;
#2728 = DIRECTION ( 'NONE',  ( 0.000000000000000000, 0.000000000000000000, -1.000000000000000000 ) ) ;
#2729 = DIRECTION ( 'NONE',  ( -0.000000000000000000, -0.000000000000000000, 1.000000000000000000 ) ) ;
#2730 = CARTESIAN_POINT ( 'NONE',  ( 19.99999999999996092, 71.99999999999998579, 5.000000000000000000 ) ) ;
#2731 = AXIS2_PLACEMENT_3D ( 'NONE', #2634, #1502, #7177 ) ;
#2732 = ORIENTED_EDGE ( 'NONE', *, *, #404, .F. ) ;
#2733 = VECTOR ( 'NONE', #5210, 1000.000000000000000 ) ;
#2734 = PLANE ( 'NONE',  #2839 ) ;
#2735 = ORIENTED_EDGE ( 'NONE', *, *, #3468, .F. ) ;
#2736 = VECTOR ( 'NONE', #2729, 1000.000000000000000 ) ;
#2737 = DIRECTION ( 'NONE',  ( -0.000000000000000000, 1.000000000000000000, -0.000000000000000000 ) ) ;
#2738 = VERTEX_POINT ( 'NONE', #4772 ) ;
#2739 = CARTESIAN_POINT ( 'NONE',  ( -40.00000000000002132, 74.99999999999998579, 2.000000000000000000 ) ) ;
#2740 = VERTEX_POINT ( 'NONE', #2628 ) ;
#2741 = EDGE_CURVE ( 'NONE', #2068, #4260, #6496, .T. ) ;
#2742 = VECTOR ( 'NONE', #3417, 1000.000000000000000 ) ;
#2743 = ORIENTED_EDGE ( 'NONE', *, *, #2648, .T. ) ;
#2744 = DIRECTION ( 'NONE',  ( 1.000000000000000000, 1.850371707708594070E-16, 0.000000000000000000 ) ) ;
#2745 = LINE ( 'NONE', #5197, #6777 ) ;
#2746 = LINE ( 'NONE', #5282, #5497 ) ;
#2747 = EDGE_LOOP ( 'NONE', ( #646, #4895, #4304, #5600 ) ) ;
#2748 = CARTESIAN_POINT ( 'NONE',  ( -75.00000000000002842, 74.99999999999998579, 5.000000000000000000 ) ) ;
#2749 = ORIENTED_EDGE ( 'NONE', *, *, #830, .F. ) ;
#2750 = PLANE ( 'NONE',  #2762 ) ;
#2751 = ADVANCED_FACE ( 'NONE', ( #5205 ), #2084, .F. ) ;
#2752 = LINE ( 'NONE', #7755, #689 ) ;
#2753 = EDGE_CURVE ( 'NONE', #8121, #633, #2861, .T. ) ;
#2754 = CARTESIAN_POINT ( 'NONE',  ( 71.99999999999998579, 14.99999999999998579, 0.000000000000000000 ) ) ;
#2755 = CARTESIAN_POINT ( 'NONE',  ( -75.00000000000002842, 61.99999999999997868, 5.000000000000000000 ) ) ;
#2756 = VERTEX_POINT ( 'NONE', #5246 ) ;
#2757 = DIRECTION ( 'NONE',  ( -0.000000000000000000, -1.000000000000000000, -0.000000000000000000 ) ) ;
#2758 = LINE ( 'NONE', #6548, #4984 ) ;
#2759 = EDGE_CURVE ( 'NONE', #390, #7616, #743, .T. ) ;
#2760 = LINE ( 'NONE', #5750, #3909 ) ;
#2761 = LINE ( 'NONE', #4547, #2016 ) ;
#2762 = AXIS2_PLACEMENT_3D ( 'NONE', #5288, #6702, #7838 ) ;
#2763 = ORIENTED_EDGE ( 'NONE', *, *, #84, .T. ) ;
#2764 = VERTEX_POINT ( 'NONE', #7950 ) ;
#2765 = ORIENTED_EDGE ( 'NONE', *, *, #7331, .T. ) ;
#2766 = LINE ( 'NONE', #3430, #105 ) ;
#2767 = CARTESIAN_POINT ( 'NONE',  ( -30.00000000000002842, 74.99999999999998579, 2.000000000000000000 ) ) ;
#2768 = VECTOR ( 'NONE', #2323, 1000.000000000000000 ) ;
#2769 = LINE ( 'NONE', #5802, #330 ) ;
#2770 = EDGE_CURVE ( 'NONE', #1762, #1222, #1365, .T. ) ;
#2771 = CARTESIAN_POINT ( 'NONE',  ( 74.99999999999997158, 74.99999999999998579, 5.000000000000000000 ) ) ;
#2772 = VERTEX_POINT ( 'NONE', #5824 ) ;
#2773 = AXIS2_PLACEMENT_3D ( 'NONE', #673, #5095, #1341 ) ;
#2774 = DIRECTION ( 'NONE',  ( 1.000000000000000000, 1.850371707708594070E-16, 0.000000000000000000 ) ) ;
#2775 = ORIENTED_EDGE ( 'NONE', *, *, #4540, .F. ) ;
#2776 = CARTESIAN_POINT ( 'NONE',  ( 71.99999999999998579, 19.99999999999997513, 1.999999999999994005 ) ) ;
#2777 = ORIENTED_EDGE ( 'NONE', *, *, #3355, .F. ) ;
#2778 = LINE ( 'NONE', #5810, #3377 ) ;
#2779 = VERTEX_POINT ( 'NONE', #1960 ) ;
#2780 = VECTOR ( 'NONE', #3541, 1000.000000000000000 ) ;
#2781 = ORIENTED_EDGE ( 'NONE', *, *, #5199, .T. ) ;
#2782 = CARTESIAN_POINT ( 'NONE',  ( -33.00000000000001421, -72.00000000000001421, 5.000000000000000000 ) ) ;
#2783 = AXIS2_PLACEMENT_3D ( 'NONE', #6068, #6657, #2278 ) ;
#2784 = CYLINDRICAL_SURFACE ( 'NONE', #1843, 1.600000000000005196 ) ;
#2785 = PLANE ( 'NONE',  #6312 ) ;
#2786 = ORIENTED_EDGE ( 'NONE', *, *, #3089, .F. ) ;
#2787 = CARTESIAN_POINT ( 'NONE',  ( -38.00000000000002132, -72.00000000000001421, 1.999999999999982236 ) ) ;
#2788 = VERTEX_POINT ( 'NONE', #3370 ) ;
#2789 = LINE ( 'NONE', #2246, #7686 ) ;
#2790 = CARTESIAN_POINT ( 'NONE',  ( 14.99999999999996447, 74.99999999999998579, 5.000000000000000000 ) ) ;
#2791 = CARTESIAN_POINT ( 'NONE',  ( 41.99999999999999289, -72.00000000000001421, 5.000000000000000000 ) ) ;
#2792 = EDGE_CURVE ( 'NONE', #4524, #2072, #1411, .T. ) ;
#2794 = EDGE_CURVE ( 'NONE', #3753, #7287, #7674, .T. ) ;
#2793 = CARTESIAN_POINT ( 'NONE',  ( -3.000000000000016431, -72.00000000000001421, 5.000000000000000000 ) ) ;
#2795 = ORIENTED_EDGE ( 'NONE', *, *, #344, .T. ) ;
#2796 = ADVANCED_FACE ( 'NONE', ( #6021 ), #7167, .F. ) ;
#2797 = LINE ( 'NONE', #5449, #3127 ) ;
#2798 = FACE_OUTER_BOUND ( 'NONE', #2220, .T. ) ;
#2799 = DIRECTION ( 'NONE',  ( -0.000000000000000000, -0.000000000000000000, -1.000000000000000000 ) ) ;
#2800 = FACE_OUTER_BOUND ( 'NONE', #6599, .T. ) ;
#2801 = ORIENTED_EDGE ( 'NONE', *, *, #6580, .F. ) ;
#2802 = EDGE_CURVE ( 'NONE', #5215, #5448, #3326, .T. ) ;
#2803 = ORIENTED_EDGE ( 'NONE', *, *, #1832, .T. ) ;
#2804 = DIRECTION ( 'NONE',  ( -1.000000000000000000, -0.000000000000000000, -0.000000000000000000 ) ) ;
#2805 = EDGE_CURVE ( 'NONE', #1324, #8256, #7797, .T. ) ;
#2806 = DIRECTION ( 'NONE',  ( -0.000000000000000000, -1.000000000000000000, -0.000000000000000000 ) ) ;
#2807 = CARTESIAN_POINT ( 'NONE',  ( 21.99999999999999289, -72.00000000000001421, 1.999999999999982236 ) ) ;
#2808 = CARTESIAN_POINT ( 'NONE',  ( -72.00000000000002842, 46.99999999999997868, 5.000000000000000000 ) ) ;
#2809 = CARTESIAN_POINT ( 'NONE',  ( -75.00000000000002842, 71.99999999999998579, 2.000000000000000000 ) ) ;
#2810 = AXIS2_PLACEMENT_3D ( 'NONE', #5581, #2224, #4762 ) ;
#2811 = EDGE_LOOP ( 'NONE', ( #998, #4074 ) ) ;
#2812 = EDGE_CURVE ( 'NONE', #392, #4117, #6695, .T. ) ;
#2813 = CARTESIAN_POINT ( 'NONE',  ( -75.00000000000002842, -75.00000000000001421, 5.000000000000000000 ) ) ;
#2814 = VECTOR ( 'NONE', #1166, 1000.000000000000000 ) ;
#2815 = VERTEX_POINT ( 'NONE', #7042 ) ;
#2816 = LINE ( 'NONE', #1560, #2104 ) ;
#2817 = ORIENTED_EDGE ( 'NONE', *, *, #1822, .F. ) ;
#2818 = PLANE ( 'NONE',  #1110 ) ;
#2819 = ORIENTED_EDGE ( 'NONE', *, *, #86, .T. ) ;
#2820 = ORIENTED_EDGE ( 'NONE', *, *, #3713, .T. ) ;
#2821 = CIRCLE ( 'NONE', #4407, 1.600000000000004086 ) ;
#2822 = ORIENTED_EDGE ( 'NONE', *, *, #558, .F. ) ;
#2823 = ADVANCED_FACE ( 'NONE', ( #3204 ), #7127, .F. ) ;
#2824 = CARTESIAN_POINT ( 'NONE',  ( -60.00000000000004263, 71.99999999999998579, 5.000000000000000000 ) ) ;
#2825 = DIRECTION ( 'NONE',  ( 0.000000000000000000, 0.000000000000000000, -1.000000000000000000 ) ) ;
#2826 = CARTESIAN_POINT ( 'NONE',  ( 71.99999999999998579, 4.999999999999976019, 0.000000000000000000 ) ) ;
#2827 = ORIENTED_EDGE ( 'NONE', *, *, #2741, .F. ) ;
#2828 = VECTOR ( 'NONE', #3539, 1000.000000000000000 ) ;
#2829 = DIRECTION ( 'NONE',  ( -4.625929269271485322E-15, -0.000000000000000000, 1.000000000000000000 ) ) ;
#2830 = VERTEX_POINT ( 'NONE', #3877 ) ;
#2831 = FACE_OUTER_BOUND ( 'NONE', #1212, .T. ) ;
#2832 = CARTESIAN_POINT ( 'NONE',  ( 71.99999999999998579, 34.99999999999998579, 0.000000000000000000 ) ) ;
#2833 = CARTESIAN_POINT ( 'NONE',  ( 57.99999999999997868, -3.500000000000000000, 15.00000000000000000 ) ) ;
#2834 = DIRECTION ( 'NONE',  ( 4.625929269271458501E-15, 0.000000000000000000, -1.000000000000000000 ) ) ;
#2835 = ORIENTED_EDGE ( 'NONE', *, *, #2962, .F. ) ;
#2836 = CARTESIAN_POINT ( 'NONE',  ( 71.99999999999998579, 14.99999999999998579, 0.000000000000000000 ) ) ;
#2837 = CARTESIAN_POINT ( 'NONE',  ( -56.39999999999997726, 3.500000000000000000, 15.00000000000000000 ) ) ;
#2838 = FACE_OUTER_BOUND ( 'NONE', #6900, .T. ) ;
#2839 = AXIS2_PLACEMENT_3D ( 'NONE', #1478, #7275, #7864 ) ;
#2840 = ADVANCED_FACE ( 'NONE', ( #2040 ), #5742, .F. ) ;
#2841 = VERTEX_POINT ( 'NONE', #75 ) ;
#2842 = AXIS2_PLACEMENT_3D ( 'NONE', #7783, #3401, #2071 ) ;
#2843 = VECTOR ( 'NONE', #5544, 1000.000000000000000 ) ;
#2844 = ORIENTED_EDGE ( 'NONE', *, *, #1496, .T. ) ;
#2845 = LINE ( 'NONE', #7390, #8098 ) ;
#2846 = CARTESIAN_POINT ( 'NONE',  ( -75.00000000000002842, -8.000000000000028422, 5.000000000000000000 ) ) ;
#2847 = DIRECTION ( 'NONE',  ( 0.000000000000000000, -1.000000000000000000, -1.226270043362915368E-16 ) ) ;
#2848 = DIRECTION ( 'NONE',  ( -0.000000000000000000, 0.000000000000000000, 1.000000000000000000 ) ) ;
#2849 = EDGE_CURVE ( 'NONE', #4184, #1604, #30, .T. ) ;
#2850 = VERTEX_POINT ( 'NONE', #825 ) ;
#2851 = AXIS2_PLACEMENT_3D ( 'NONE', #5119, #5159, #3832 ) ;
#2852 = EDGE_CURVE ( 'NONE', #7501, #128, #3918, .T. ) ;
#2853 = LINE ( 'NONE', #2813, #967 ) ;
#2854 = ORIENTED_EDGE ( 'NONE', *, *, #5481, .F. ) ;
#2855 = CARTESIAN_POINT ( 'NONE',  ( -75.00000000000002842, 74.99999999999998579, 5.000000000000000000 ) ) ;
#2856 = ORIENTED_EDGE ( 'NONE', *, *, #2969, .F. ) ;
#2857 = DIRECTION ( 'NONE',  ( 1.000000000000000000, 1.850371707708594070E-16, 0.000000000000000000 ) ) ;
#2858 = VECTOR ( 'NONE', #620, 1000.000000000000000 ) ;
#2859 = EDGE_LOOP ( 'NONE', ( #729, #8224, #5177, #3440 ) ) ;
#2860 = VERTEX_POINT ( 'NONE', #4814 ) ;
#2861 = LINE ( 'NONE', #156, #1793 ) ;
#2862 = EDGE_CURVE ( 'NONE', #2124, #7920, #1058, .T. ) ;
#2863 = AXIS2_PLACEMENT_3D ( 'NONE', #5045, #1124, #501 ) ;
#2864 = ORIENTED_EDGE ( 'NONE', *, *, #1195, .T. ) ;
#2865 = VECTOR ( 'NONE', #1938, 1000.000000000000000 ) ;
#2866 = CARTESIAN_POINT ( 'NONE',  ( 71.99999999999997158, 64.99999999999998579, 0.000000000000000000 ) ) ;
#2867 = CARTESIAN_POINT ( 'NONE',  ( -60.00000000000002842, 74.99999999999998579, 2.000000000000000000 ) ) ;
#2868 = DIRECTION ( 'NONE',  ( 0.000000000000000000, -1.000000000000000000, 0.000000000000000000 ) ) ;
#2869 = ORIENTED_EDGE ( 'NONE', *, *, #537, .F. ) ;
#2870 = CARTESIAN_POINT ( 'NONE',  ( -72.00000000000002842, -53.00000000000002132, 5.000000000000000000 ) ) ;
#2871 = ORIENTED_EDGE ( 'NONE', *, *, #3982, .F. ) ;
#2872 = PLANE ( 'NONE',  #224 ) ;
#2873 = VECTOR ( 'NONE', #3032, 1000.000000000000000 ) ;
#2874 = EDGE_CURVE ( 'NONE', #7453, #5022, #4310, .T. ) ;
#2875 = CARTESIAN_POINT ( 'NONE',  ( -75.00000000000002842, -75.00000000000001421, 5.000000000000000000 ) ) ;
#2876 = PLANE ( 'NONE',  #7932 ) ;
#2877 = VECTOR ( 'NONE', #3197, 1000.000000000000000 ) ;
#2878 = LINE ( 'NONE', #6750, #6901 ) ;
#2879 = LINE ( 'NONE', #950, #3638 ) ;
#2880 = ORIENTED_EDGE ( 'NONE', *, *, #5738, .F. ) ;
#2881 = DIRECTION ( 'NONE',  ( 2.269055394249329430E-32, -1.226270043362915368E-16, 1.000000000000000000 ) ) ;
#2882 = DIRECTION ( 'NONE',  ( -0.000000000000000000, 1.000000000000000000, -0.000000000000000000 ) ) ;
#2883 = CARTESIAN_POINT ( 'NONE',  ( -72.00000000000002842, 11.99999999999997513, 5.000000000000000000 ) ) ;
#2884 = EDGE_LOOP ( 'NONE', ( #226, #1935, #8226, #2199 ) ) ;
#2885 = EDGE_LOOP ( 'NONE', ( #1550, #4873, #4648, #2438 ) ) ;
#2886 = LINE ( 'NONE', #3510, #3300 ) ;
#2887 = EDGE_CURVE ( 'NONE', #5487, #287, #391, .T. ) ;
#2888 = DIRECTION ( 'NONE',  ( 0.000000000000000000, 1.000000000000000000, 0.000000000000000000 ) ) ;
#2889 = LINE ( 'NONE', #4101, #2273 ) ;
#2890 = DIRECTION ( 'NONE',  ( 1.000000000000000000, 1.850371707708594070E-16, -0.000000000000000000 ) ) ;
#2891 = VERTEX_POINT ( 'NONE', #3022 ) ;
#2892 = PLANE ( 'NONE',  #7508 ) ;
#2893 = VERTEX_POINT ( 'NONE', #4351 ) ;
#2894 = EDGE_CURVE ( 'NONE', #3761, #3837, #6189, .T. ) ;
#2895 = CARTESIAN_POINT ( 'NONE',  ( 46.99999999999998579, -72.00000000000001421, 5.000000000000000000 ) ) ;
#2896 = EDGE_CURVE ( 'NONE', #3808, #4012, #3604, .T. ) ;
#2897 = VERTEX_POINT ( 'NONE', #6814 ) ;
#2898 = CARTESIAN_POINT ( 'NONE',  ( 71.99999999999998579, 14.99999999999998579, 5.000000000000000000 ) ) ;
#2899 = ORIENTED_EDGE ( 'NONE', *, *, #802, .F. ) ;
#2900 = DIRECTION ( 'NONE',  ( 0.000000000000000000, 0.000000000000000000, 1.000000000000000000 ) ) ;
#2901 = EDGE_CURVE ( 'NONE', #5819, #4974, #2935, .T. ) ;
#2902 = VECTOR ( 'NONE', #5021, 1000.000000000000000 ) ;
#2903 = VERTEX_POINT ( 'NONE', #1646 ) ;
#2904 = CARTESIAN_POINT ( 'NONE',  ( -13.00000000000001066, -75.00000000000001421, 5.000000000000000000 ) ) ;
#2905 = FACE_OUTER_BOUND ( 'NONE', #6810, .T. ) ;
#2906 = ADVANCED_FACE ( 'NONE', ( #2358 ), #4937, .F. ) ;
#2907 = VECTOR ( 'NONE', #5179, 1000.000000000000000 ) ;
#2908 = CARTESIAN_POINT ( 'NONE',  ( 74.99999999999997158, 54.99999999999997868, 0.000000000000000000 ) ) ;
#2909 = ORIENTED_EDGE ( 'NONE', *, *, #1100, .T. ) ;
#2910 = CARTESIAN_POINT ( 'NONE',  ( 74.99999999999997158, 74.99999999999998579, 5.000000000000000000 ) ) ;
#2911 = EDGE_CURVE ( 'NONE', #7149, #2161, #3062, .T. ) ;
#2912 = LINE ( 'NONE', #4086, #1209 ) ;
#2913 = CIRCLE ( 'NONE', #3980, 1.600000000000004086 ) ;
#2914 = FACE_OUTER_BOUND ( 'NONE', #6944, .T. ) ;
#2915 = LINE ( 'NONE', #6828, #7438 ) ;
#2916 = FACE_OUTER_BOUND ( 'NONE', #2885, .T. ) ;
#2917 = ADVANCED_FACE ( 'NONE', ( #5555, #1098, #4898, #3690, #7361, #4858, #8113, #977, #4268 ), #7407, .T. ) ;
#2918 = EDGE_LOOP ( 'NONE', ( #3778, #6399, #6984, #2399 ) ) ;
#2919 = ORIENTED_EDGE ( 'NONE', *, *, #5424, .F. ) ;
#2920 = CARTESIAN_POINT ( 'NONE',  ( -68.00000000000001421, -75.00000000000001421, 1.999999999999982236 ) ) ;
#2921 = DIRECTION ( 'NONE',  ( -1.000000000000000000, -0.000000000000000000, -0.000000000000000000 ) ) ;
#2922 = DIRECTION ( 'NONE',  ( -0.000000000000000000, 1.000000000000000000, -0.000000000000000000 ) ) ;
#2923 = ORIENTED_EDGE ( 'NONE', *, *, #2286, .T. ) ;
#2924 = DIRECTION ( 'NONE',  ( -0.000000000000000000, -1.000000000000000000, -0.000000000000000000 ) ) ;
#2925 = PLANE ( 'NONE',  #7486 ) ;
#2926 = PLANE ( 'NONE',  #6665 ) ;
#2927 = DIRECTION ( 'NONE',  ( 1.914177628664063128E-16, -1.000000000000000000, -1.226270043362915368E-16 ) ) ;
#2928 = VERTEX_POINT ( 'NONE', #6738 ) ;
#2929 = CARTESIAN_POINT ( 'NONE',  ( 57.99999999999997868, -3.500000000000000000, 0.000000000000000000 ) ) ;
#2930 = ORIENTED_EDGE ( 'NONE', *, *, #3586, .T. ) ;
#2931 = DIRECTION ( 'NONE',  ( 0.000000000000000000, -0.000000000000000000, -1.000000000000000000 ) ) ;
#2932 = ORIENTED_EDGE ( 'NONE', *, *, #253, .T. ) ;
#2933 = LINE ( 'NONE', #6692, #5776 ) ;
#2934 = CARTESIAN_POINT ( 'NONE',  ( 17.00000000000000000, -72.00000000000001421, 1.999999999999982236 ) ) ;
#2935 = LINE ( 'NONE', #6854, #137 ) ;
#2936 = AXIS2_PLACEMENT_3D ( 'NONE', #2028, #1225, #5192 ) ;
#2937 = EDGE_LOOP ( 'NONE', ( #8046, #958, #1020, #3520 ) ) ;
#2938 = EDGE_CURVE ( 'NONE', #4097, #4170, #7446, .T. ) ;
#2939 = EDGE_CURVE ( 'NONE', #4366, #1604, #4229, .T. ) ;
#2940 = VECTOR ( 'NONE', #3770, 1000.000000000000000 ) ;
#2941 = LINE ( 'NONE', #6106, #3905 ) ;
#2942 = EDGE_CURVE ( 'NONE', #4151, #6121, #1768, .T. ) ;
#2943 = DIRECTION ( 'NONE',  ( -1.000000000000000000, -0.000000000000000000, -0.000000000000000000 ) ) ;
#2944 = ORIENTED_EDGE ( 'NONE', *, *, #8000, .F. ) ;
#2945 = DIRECTION ( 'NONE',  ( -1.000000000000000000, -0.000000000000000000, -0.000000000000000000 ) ) ;
#2946 = ORIENTED_EDGE ( 'NONE', *, *, #6876, .F. ) ;
#2947 = DIRECTION ( 'NONE',  ( -4.625929269271458501E-15, -0.000000000000000000, 1.000000000000000000 ) ) ;
#2948 = VECTOR ( 'NONE', #3590, 1000.000000000000000 ) ;
#2949 = FACE_OUTER_BOUND ( 'NONE', #3943, .T. ) ;
#2950 = ADVANCED_FACE ( 'NONE', ( #4977 ), #2272, .F. ) ;
#2951 = CARTESIAN_POINT ( 'NONE',  ( -23.00000000000000711, -72.00000000000001421, 5.000000000000000000 ) ) ;
#2952 = EDGE_CURVE ( 'NONE', #4611, #3653, #7988, .T. ) ;
#2953 = AXIS2_PLACEMENT_3D ( 'NONE', #1913, #4460, #5743 ) ;
#2954 = LINE ( 'NONE', #7965, #4647 ) ;
#2955 = CARTESIAN_POINT ( 'NONE',  ( 19.99999999999996092, 74.99999999999998579, 5.000000000000000000 ) ) ;
#2956 = ORIENTED_EDGE ( 'NONE', *, *, #3089, .T. ) ;
#2957 = ORIENTED_EDGE ( 'NONE', *, *, #968, .T. ) ;
#2958 = CARTESIAN_POINT ( 'NONE',  ( -75.00000000000002842, 46.99999999999999289, 2.000000000000000000 ) ) ;
#2959 = FACE_OUTER_BOUND ( 'NONE', #2156, .T. ) ;
#2960 = DIRECTION ( 'NONE',  ( -1.850371707708594070E-16, 1.000000000000000000, 0.000000000000000000 ) ) ;
#2961 = LINE ( 'NONE', #3002, #8142 ) ;
#2962 = EDGE_CURVE ( 'NONE', #3889, #353, #6102, .T. ) ;
#2963 = ORIENTED_EDGE ( 'NONE', *, *, #4359, .F. ) ;
#2964 = CARTESIAN_POINT ( 'NONE',  ( -75.00000000000002842, 71.99999999999998579, 2.000000000000000000 ) ) ;
#2965 = DIRECTION ( 'NONE',  ( -0.000000000000000000, 1.000000000000000000, -0.000000000000000000 ) ) ;
#2966 = VECTOR ( 'NONE', #3025, 1000.000000000000000 ) ;
#2967 = CARTESIAN_POINT ( 'NONE',  ( -75.00000000000002842, -75.00000000000001421, 5.000000000000000000 ) ) ;
#2968 = CARTESIAN_POINT ( 'NONE',  ( 36.99999999999999289, -72.00000000000001421, 5.000000000000000000 ) ) ;
#2969 = EDGE_CURVE ( 'NONE', #7380, #6280, #3144, .T. ) ;
#2970 = ORIENTED_EDGE ( 'NONE', *, *, #702, .F. ) ;
#2971 = VECTOR ( 'NONE', #8162, 1000.000000000000000 ) ;
#2972 = FACE_OUTER_BOUND ( 'NONE', #7026, .T. ) ;
#2973 = EDGE_LOOP ( 'NONE', ( #1454, #7307, #1383, #181 ) ) ;
#2974 = DIRECTION ( 'NONE',  ( 0.000000000000000000, -1.000000000000000000, 0.000000000000000000 ) ) ;
#2975 = VERTEX_POINT ( 'NONE', #1262 ) ;
#2976 = CARTESIAN_POINT ( 'NONE',  ( 71.99999999999997158, 69.99999999999998579, -6.123233995736766282E-16 ) ) ;
#2977 = ORIENTED_EDGE ( 'NONE', *, *, #6778, .F. ) ;
#2978 = CIRCLE ( 'NONE', #7239, 1.600000000000004086 ) ;
#2979 = DIRECTION ( 'NONE',  ( -1.000000000000000000, -0.000000000000000000, -0.000000000000000000 ) ) ;
#2980 = VECTOR ( 'NONE', #4964, 1000.000000000000000 ) ;
#2981 = VECTOR ( 'NONE', #4292, 1000.000000000000000 ) ;
#2982 = ORIENTED_EDGE ( 'NONE', *, *, #5537, .T. ) ;
#2983 = CARTESIAN_POINT ( 'NONE',  ( -75.00000000000002842, -75.00000000000001421, 5.000000000000000000 ) ) ;
#2984 = VECTOR ( 'NONE', #2882, 1000.000000000000000 ) ;
#2985 = CARTESIAN_POINT ( 'NONE',  ( -60.00000000000002842, 71.99999999999998579, 2.000000000000000000 ) ) ;
#2986 = ORIENTED_EDGE ( 'NONE', *, *, #6313, .T. ) ;
#2987 = CARTESIAN_POINT ( 'NONE',  ( -72.00000000000002842, 51.99999999999997868, 5.000000000000000000 ) ) ;
#2988 = ORIENTED_EDGE ( 'NONE', *, *, #4020, .F. ) ;
#2989 = EDGE_CURVE ( 'NONE', #3451, #3813, #7728, .T. ) ;
#2990 = FACE_OUTER_BOUND ( 'NONE', #4264, .T. ) ;
#2991 = CARTESIAN_POINT ( 'NONE',  ( -72.00000000000002842, -28.00000000000001776, 5.000000000000000000 ) ) ;
#2992 = AXIS2_PLACEMENT_3D ( 'NONE', #8173, #8049, #8087 ) ;
#2993 = DIRECTION ( 'NONE',  ( -1.000000000000000000, -0.000000000000000000, -0.000000000000000000 ) ) ;
#2994 = CARTESIAN_POINT ( 'NONE',  ( -20.00000000000003908, 74.99999999999998579, 5.000000000000000000 ) ) ;
#2995 = DIRECTION ( 'NONE',  ( 0.000000000000000000, -0.000000000000000000, 1.000000000000000000 ) ) ;
#2996 = ORIENTED_EDGE ( 'NONE', *, *, #3207, .F. ) ;
#2997 = CIRCLE ( 'NONE', #4070, 1.600000000000005196 ) ;
#2998 = ORIENTED_EDGE ( 'NONE', *, *, #6055, .F. ) ;
#2999 = EDGE_CURVE ( 'NONE', #4972, #5265, #5803, .T. ) ;
#3000 = CARTESIAN_POINT ( 'NONE',  ( -75.00000000000002842, 71.99999999999998579, 2.000000000000000000 ) ) ;
#3001 = DIRECTION ( 'NONE',  ( -1.000000000000000000, -1.850371707708594070E-16, 0.000000000000000000 ) ) ;
#3002 = CARTESIAN_POINT ( 'NONE',  ( -72.00000000000002842, 31.99999999999997868, 5.000000000000000000 ) ) ;
#3003 = ADVANCED_FACE ( 'NONE', ( #6894 ), #722, .F. ) ;
#3004 = LINE ( 'NONE', #8133, #5772 ) ;
#3005 = VERTEX_POINT ( 'NONE', #5639 ) ;
#3006 = CARTESIAN_POINT ( 'NONE',  ( -53.00000000000000711, -72.00000000000001421, 5.000000000000000000 ) ) ;
#3007 = EDGE_CURVE ( 'NONE', #3404, #2070, #5017, .T. ) ;
#3008 = CARTESIAN_POINT ( 'NONE',  ( -15.00000000000004086, 71.99999999999998579, 2.000000000000000000 ) ) ;
#3009 = ORIENTED_EDGE ( 'NONE', *, *, #4171, .F. ) ;
#3010 = CARTESIAN_POINT ( 'NONE',  ( -72.00000000000002842, 11.99999999999997513, 2.000000000000000000 ) ) ;
#3011 = VERTEX_POINT ( 'NONE', #1302 ) ;
#3012 = DIRECTION ( 'NONE',  ( 1.000000000000000000, 1.850371707708594070E-16, 0.000000000000000000 ) ) ;
#3013 = ORIENTED_EDGE ( 'NONE', *, *, #5003, .T. ) ;
#3014 = DIRECTION ( 'NONE',  ( -0.000000000000000000, -4.625929269271485322E-15, 1.000000000000000000 ) ) ;
#3015 = ORIENTED_EDGE ( 'NONE', *, *, #4219, .F. ) ;
#3016 = CARTESIAN_POINT ( 'NONE',  ( 72.00000000000000000, -55.00000000000002132, 1.999999999999984901 ) ) ;
#3017 = EDGE_CURVE ( 'NONE', #6896, #7724, #1939, .T. ) ;
#3018 = ORIENTED_EDGE ( 'NONE', *, *, #4269, .F. ) ;
#3019 = LINE ( 'NONE', #6227, #6169 ) ;
#3020 = LINE ( 'NONE', #6228, #1243 ) ;
#3021 = LINE ( 'NONE', #8112, #4595 ) ;
#3022 = CARTESIAN_POINT ( 'NONE',  ( 21.99999999999999289, -72.00000000000001421, 5.000000000000000000 ) ) ;
#3023 = ORIENTED_EDGE ( 'NONE', *, *, #896, .F. ) ;
#3024 = VECTOR ( 'NONE', #5245, 1000.000000000000000 ) ;
#3025 = DIRECTION ( 'NONE',  ( -0.000000000000000000, -0.000000000000000000, -1.000000000000000000 ) ) ;
#3026 = CARTESIAN_POINT ( 'NONE',  ( -72.00000000000002842, 56.99999999999999289, 2.000000000000000000 ) ) ;
#3027 = CARTESIAN_POINT ( 'NONE',  ( -72.00000000000002842, -33.00000000000000000, 2.000000000000000000 ) ) ;
#3028 = EDGE_LOOP ( 'NONE', ( #7280, #894, #4543, #4554 ) ) ;
#3029 = PLANE ( 'NONE',  #7150 ) ;
#3030 = VECTOR ( 'NONE', #1309, 1000.000000000000000 ) ;
#3031 = LINE ( 'NONE', #485, #6682 ) ;
#3032 = DIRECTION ( 'NONE',  ( -4.625929269271485322E-15, -0.000000000000000000, 1.000000000000000000 ) ) ;
#3033 = VECTOR ( 'NONE', #5588, 1000.000000000000000 ) ;
#3034 = LINE ( 'NONE', #7926, #6640 ) ;
#3035 = CARTESIAN_POINT ( 'NONE',  ( 71.99999999999998579, 9.999999999999980460, 1.999999999999992673 ) ) ;
#3036 = ORIENTED_EDGE ( 'NONE', *, *, #7331, .F. ) ;
#3037 = EDGE_LOOP ( 'NONE', ( #6353, #6685, #725, #3341 ) ) ;
#3038 = CARTESIAN_POINT ( 'NONE',  ( -20.00000000000003908, 71.99999999999998579, 5.000000000000000000 ) ) ;
#3039 = FACE_OUTER_BOUND ( 'NONE', #5422, .T. ) ;
#3040 = DIRECTION ( 'NONE',  ( -2.312964634635729250E-15, 0.000000000000000000, -1.000000000000000000 ) ) ;
#3041 = VECTOR ( 'NONE', #994, 1000.000000000000000 ) ;
#3042 = ADVANCED_FACE ( 'NONE', ( #679 ), #3101, .F. ) ;
#3043 = ADVANCED_FACE ( 'NONE', ( #5762 ), #52, .F. ) ;
#3044 = LINE ( 'NONE', #3171, #4444 ) ;
#3045 = EDGE_CURVE ( 'NONE', #6919, #7904, #11, .T. ) ;
#3046 = VERTEX_POINT ( 'NONE', #1177 ) ;
#3047 = FACE_OUTER_BOUND ( 'NONE', #6071, .T. ) ;
#3048 = EDGE_LOOP ( 'NONE', ( #6213, #5315, #7063, #1847 ) ) ;
#3049 = LINE ( 'NONE', #6961, #313 ) ;
#3050 = LINE ( 'NONE', #8062, #4803 ) ;
#3051 = ORIENTED_EDGE ( 'NONE', *, *, #8055, .T. ) ;
#3052 = EDGE_CURVE ( 'NONE', #4117, #2476, #3209, .T. ) ;
#3053 = CARTESIAN_POINT ( 'NONE',  ( 71.99999999999998579, 4.999999999999976907, 1.999999999999992228 ) ) ;
#3054 = EDGE_CURVE ( 'NONE', #5274, #3055, #6271, .T. ) ;
#3055 = VERTEX_POINT ( 'NONE', #7566 ) ;
#3056 = DIRECTION ( 'NONE',  ( 1.000000000000000000, 1.850371707708594070E-16, 0.000000000000000000 ) ) ;
#3057 = ORIENTED_EDGE ( 'NONE', *, *, #5411, .T. ) ;
#3058 = VERTEX_POINT ( 'NONE', #5144 ) ;
#3059 = CARTESIAN_POINT ( 'NONE',  ( -72.00000000000002842, -3.000000000000002665, 2.000000000000000000 ) ) ;
#3060 = PRODUCT_CONTEXT ( 'NONE', #677, 'mechanical' ) ;
#3061 = DIRECTION ( 'NONE',  ( 2.269055394249329430E-32, -1.226270043362915368E-16, 1.000000000000000000 ) ) ;
#3062 = LINE ( 'NONE', #6776, #3472 ) ;
#3063 = VERTEX_POINT ( 'NONE', #7690 ) ;
#3064 = EDGE_CURVE ( 'NONE', #4563, #6569, #2647, .T. ) ;
#3065 = CARTESIAN_POINT ( 'NONE',  ( -72.00000000000002842, -18.00000000000002132, 5.000000000000000000 ) ) ;
#3066 = ORIENTED_EDGE ( 'NONE', *, *, #3460, .T. ) ;
#3067 = CARTESIAN_POINT ( 'NONE',  ( 51.99999999999999289, -72.00000000000001421, 5.000000000000000000 ) ) ;
#3068 = ORIENTED_EDGE ( 'NONE', *, *, #1158, .T. ) ;
#3069 = VERTEX_POINT ( 'NONE', #4392 ) ;
#3070 = CARTESIAN_POINT ( 'NONE',  ( 14.99999999999996447, 71.99999999999998579, 5.000000000000000000 ) ) ;
#3071 = VECTOR ( 'NONE', #5457, 1000.000000000000000 ) ;
#3072 = ORIENTED_EDGE ( 'NONE', *, *, #3317, .F. ) ;
#3073 = PLANE ( 'NONE',  #2491 ) ;
#3074 = VECTOR ( 'NONE', #1345, 1000.000000000000000 ) ;
#3075 = EDGE_CURVE ( 'NONE', #6079, #7597, #6933, .T. ) ;
#3076 = CARTESIAN_POINT ( 'NONE',  ( 56.39999999999999147, 3.500000000000003109, 15.00000000000000000 ) ) ;
#3077 = FACE_OUTER_BOUND ( 'NONE', #6678, .T. ) ;
#3078 = CARTESIAN_POINT ( 'NONE',  ( -63.00000000000001421, -72.00000000000001421, 5.000000000000000000 ) ) ;
#3079 = VERTEX_POINT ( 'NONE', #2520 ) ;
#3080 = AXIS2_PLACEMENT_3D ( 'NONE', #1080, #374, #2378 ) ;
#3081 = ORIENTED_EDGE ( 'NONE', *, *, #7071, .T. ) ;
#3082 = DIRECTION ( 'NONE',  ( -0.000000000000000000, 1.000000000000000000, -0.000000000000000000 ) ) ;
#3083 = CARTESIAN_POINT ( 'NONE',  ( -10.00000000000003730, 74.99999999999998579, 5.000000000000000000 ) ) ;
#3084 = PLANE ( 'NONE',  #3745 ) ;
#3085 = CARTESIAN_POINT ( 'NONE',  ( -56.39999999999999147, -3.500000000000003109, 15.00000000000000000 ) ) ;
#3086 = ORIENTED_EDGE ( 'NONE', *, *, #2601, .T. ) ;
#3087 = FACE_OUTER_BOUND ( 'NONE', #7869, .T. ) ;
#3088 = ORIENTED_EDGE ( 'NONE', *, *, #340, .T. ) ;
#3089 = EDGE_CURVE ( 'NONE', #7015, #2348, #2564, .T. ) ;
#3090 = LINE ( 'NONE', #3679, #1374 ) ;
#3091 = FACE_OUTER_BOUND ( 'NONE', #5877, .T. ) ;
#3092 = ORIENTED_EDGE ( 'NONE', *, *, #7630, .T. ) ;
#3093 = CARTESIAN_POINT ( 'NONE',  ( -13.00000000000001066, -72.00000000000001421, 5.000000000000000000 ) ) ;
#3094 = ORIENTED_EDGE ( 'NONE', *, *, #706, .T. ) ;
#3095 = LINE ( 'NONE', #5012, #1972 ) ;
#3096 = ORIENTED_EDGE ( 'NONE', *, *, #4591, .T. ) ;
#3097 = LINE ( 'NONE', #2479, #3507 ) ;
#3098 = DIRECTION ( 'NONE',  ( 0.000000000000000000, -1.000000000000000000, -1.226270043362915368E-16 ) ) ;
#3099 = CARTESIAN_POINT ( 'NONE',  ( -72.00000000000002842, -48.00000000000002132, 5.000000000000000000 ) ) ;
#3100 = EDGE_CURVE ( 'NONE', #5809, #1117, #1892, .T. ) ;
#3101 = PLANE ( 'NONE',  #6133 ) ;
#3102 = EDGE_CURVE ( 'NONE', #353, #4454, #6352, .T. ) ;
#3103 = ORIENTED_EDGE ( 'NONE', *, *, #2635, .F. ) ;
#3104 = AXIS2_PLACEMENT_3D ( 'NONE', #5351, #927, #4688 ) ;
#3105 = DIRECTION ( 'NONE',  ( -4.625929269271458501E-15, -0.000000000000000000, 1.000000000000000000 ) ) ;
#3106 = ORIENTED_EDGE ( 'NONE', *, *, #6893, .T. ) ;
#3107 = CARTESIAN_POINT ( 'NONE',  ( 71.99999999999998579, -30.00000000000002842, 5.000000000000000000 ) ) ;
#3108 = VERTEX_POINT ( 'NONE', #3940 ) ;
#3109 = VECTOR ( 'NONE', #7326, 1000.000000000000000 ) ;
#3110 = VECTOR ( 'NONE', #1213, 1000.000000000000000 ) ;
#3111 = CARTESIAN_POINT ( 'NONE',  ( 74.99999999999997158, 74.99999999999998579, 5.000000000000000000 ) ) ;
#3112 = VECTOR ( 'NONE', #5409, 1000.000000000000000 ) ;
#3113 = ORIENTED_EDGE ( 'NONE', *, *, #6086, .F. ) ;
#3114 = EDGE_CURVE ( 'NONE', #2554, #4763, #1515, .T. ) ;
#3115 = CARTESIAN_POINT ( 'NONE',  ( -72.00000000000002842, -72.00000000000001421, 1.999999999999982236 ) ) ;
#3116 = VECTOR ( 'NONE', #6579, 1000.000000000000000 ) ;
#3117 = CARTESIAN_POINT ( 'NONE',  ( 19.99999999999996092, 71.99999999999998579, 5.000000000000000000 ) ) ;
#3118 = DIRECTION ( 'NONE',  ( -4.625929269271485322E-15, 0.000000000000000000, 1.000000000000000000 ) ) ;
#3119 = LINE ( 'NONE', #6829, #4584 ) ;
#3120 = ORIENTED_EDGE ( 'NONE', *, *, #5233, .F. ) ;
#3121 = ORIENTED_EDGE ( 'NONE', *, *, #5748, .F. ) ;
#3122 = ADVANCED_FACE ( 'NONE', ( #5311 ), #3393, .F. ) ;
#3123 = PLANE ( 'NONE',  #7420 ) ;
#3124 = DIRECTION ( 'NONE',  ( 1.850371707708594316E-16, -1.000000000000000000, 0.000000000000000000 ) ) ;
#3125 = AXIS2_PLACEMENT_3D ( 'NONE', #7081, #4580, #4622 ) ;
#3126 = CARTESIAN_POINT ( 'NONE',  ( -3.000000000000002665, -72.00000000000001421, 1.999999999999982236 ) ) ;
#3127 = VECTOR ( 'NONE', #8009, 1000.000000000000000 ) ;
#3128 = LINE ( 'NONE', #1752, #2589 ) ;
#3129 = VECTOR ( 'NONE', #4267, 1000.000000000000000 ) ;
#3130 = ORIENTED_EDGE ( 'NONE', *, *, #2432, .T. ) ;
#3131 = PLANE ( 'NONE',  #196 ) ;
#3132 = EDGE_LOOP ( 'NONE', ( #1893, #1049 ) ) ;
#3133 = CARTESIAN_POINT ( 'NONE',  ( -75.00000000000002842, -58.00000000000001421, 2.000000000000000000 ) ) ;
#3134 = CARTESIAN_POINT ( 'NONE',  ( -15.00000000000004086, 74.99999999999998579, 5.000000000000000000 ) ) ;
#3135 = VECTOR ( 'NONE', #412, 1000.000000000000000 ) ;
#3136 = VERTEX_POINT ( 'NONE', #3306 ) ;
#3137 = EDGE_CURVE ( 'NONE', #3055, #2897, #7898, .T. ) ;
#3138 = DIRECTION ( 'NONE',  ( 0.000000000000000000, -0.000000000000000000, 1.000000000000000000 ) ) ;
#3139 = ORIENTED_EDGE ( 'NONE', *, *, #1851, .T. ) ;
#3140 = CARTESIAN_POINT ( 'NONE',  ( 75.00000000000000000, -70.00000000000002842, 1.999999999999982681 ) ) ;
#3141 = ORIENTED_EDGE ( 'NONE', *, *, #2911, .F. ) ;
#3142 = DIRECTION ( 'NONE',  ( 1.850371707708594316E-16, -1.000000000000000000, 0.000000000000000000 ) ) ;
#3143 = DIRECTION ( 'NONE',  ( -0.000000000000000000, 0.000000000000000000, 1.000000000000000000 ) ) ;
#3144 = LINE ( 'NONE', #7019, #1198 ) ;
#3145 = VERTEX_POINT ( 'NONE', #6518 ) ;
#3146 = EDGE_CURVE ( 'NONE', #513, #6030, #5385, .T. ) ;
#3147 = EDGE_CURVE ( 'NONE', #2195, #1688, #6010, .T. ) ;
#3148 = EDGE_LOOP ( 'NONE', ( #8235, #3810, #3324, #7338 ) ) ;
#3149 = DIRECTION ( 'NONE',  ( -1.850371707708594070E-16, 1.000000000000000000, 0.000000000000000000 ) ) ;
#3150 = EDGE_LOOP ( 'NONE', ( #562, #3276, #1055, #7677, #8076, #1035, #1988, #7928, #6728, #6332, #8191, #28, #7581, #5092, #6234, #7949, #6017, #5054, #4798, #5557, #6101, #6830, #6957, #438, #7492, #3427, #7770, #7611, #4768, #7265, #3235, #1224, #6069, #6054, #114, #7379, #8146, #6564, #492, #1908, #7266, #3738, #766, #154, #1468, #5321, #6722, #1941, #3891, #6841, #2909, #7169, #7079, #7865, #6759, #5333, #2353, #1339, #4874, #6965 ) ) ;
#3151 = EDGE_CURVE ( 'NONE', #6552, #3011, #2687, .T. ) ;
#3152 = DIRECTION ( 'NONE',  ( 1.850371707708594316E-16, -1.000000000000000000, 0.000000000000000000 ) ) ;
#3153 = ORIENTED_EDGE ( 'NONE', *, *, #4517, .F. ) ;
#3154 = CARTESIAN_POINT ( 'NONE',  ( 74.99999999999997158, 69.99999999999998579, 2.000000000000000000 ) ) ;
#3155 = AXIS2_PLACEMENT_3D ( 'NONE', #7415, #8122, #6281 ) ;
#3156 = ORIENTED_EDGE ( 'NONE', *, *, #7711, .F. ) ;
#3157 = EDGE_CURVE ( 'NONE', #7133, #783, #7228, .T. ) ;
#3158 = DIRECTION ( 'NONE',  ( 0.000000000000000000, 0.000000000000000000, 1.000000000000000000 ) ) ;
#3159 = CARTESIAN_POINT ( 'NONE',  ( -38.00000000000001421, -75.00000000000001421, 5.000000000000000000 ) ) ;
#3160 = CARTESIAN_POINT ( 'NONE',  ( -3.000000000000016431, -72.00000000000001421, 5.000000000000000000 ) ) ;
#3161 = ORIENTED_EDGE ( 'NONE', *, *, #4377, .T. ) ;
#3162 = EDGE_CURVE ( 'NONE', #5605, #4816, #1473, .T. ) ;
#3163 = AXIS2_PLACEMENT_3D ( 'NONE', #1610, #1023, #4779 ) ;
#3164 = DIRECTION ( 'NONE',  ( 1.000000000000000000, 0.000000000000000000, 0.000000000000000000 ) ) ;
#3165 = ORIENTED_EDGE ( 'NONE', *, *, #3212, .T. ) ;
#3166 = CARTESIAN_POINT ( 'NONE',  ( 74.99999999999998579, -5.000000000000018652, 5.000000000000000000 ) ) ;
#3167 = DIRECTION ( 'NONE',  ( 0.000000000000000000, -1.000000000000000000, 0.000000000000000000 ) ) ;
#3168 = DIRECTION ( 'NONE',  ( -0.000000000000000000, 0.000000000000000000, -1.000000000000000000 ) ) ;
#3169 = VECTOR ( 'NONE', #7857, 1000.000000000000000 ) ;
#3170 = EDGE_CURVE ( 'NONE', #491, #3974, #4646, .T. ) ;
#3171 = CARTESIAN_POINT ( 'NONE',  ( -72.00000000000002842, -13.00000000000002487, 5.000000000000000000 ) ) ;
#3172 = ORIENTED_EDGE ( 'NONE', *, *, #2146, .T. ) ;
#3173 = CARTESIAN_POINT ( 'NONE',  ( -58.00000000000000000, -72.00000000000001421, 5.000000000000000000 ) ) ;
#3174 = AXIS2_PLACEMENT_3D ( 'NONE', #1072, #3621, #6157 ) ;
#3175 = DIRECTION ( 'NONE',  ( 1.000000000000000000, 0.000000000000000000, 0.000000000000000000 ) ) ;
#3176 = PLANE ( 'NONE',  #681 ) ;
#3177 = ORIENTED_EDGE ( 'NONE', *, *, #5558, .T. ) ;
#3178 = EDGE_CURVE ( 'NONE', #480, #7644, #4021, .T. ) ;
#3179 = VECTOR ( 'NONE', #5840, 1000.000000000000000 ) ;
#3180 = CARTESIAN_POINT ( 'NONE',  ( -55.00000000000004263, 71.99999999999998579, 5.000000000000000000 ) ) ;
#3181 = EDGE_LOOP ( 'NONE', ( #177, #697, #7891, #151 ) ) ;
#3182 = LINE ( 'NONE', #3641, #764 ) ;
#3183 = EDGE_LOOP ( 'NONE', ( #7752, #8069, #3284, #2956 ) ) ;
#3184 = FACE_OUTER_BOUND ( 'NONE', #7346, .T. ) ;
#3185 = LINE ( 'NONE', #6431, #1928 ) ;
#3186 = DIRECTION ( 'NONE',  ( 4.625929269271458501E-15, 0.000000000000000000, -1.000000000000000000 ) ) ;
#3187 = ORIENTED_EDGE ( 'NONE', *, *, #4112, .F. ) ;
#3188 = FACE_OUTER_BOUND ( 'NONE', #1986, .T. ) ;
#3189 = ORIENTED_EDGE ( 'NONE', *, *, #247, .T. ) ;
#3190 = LINE ( 'NONE', #7490, #6886 ) ;
#3191 = VERTEX_POINT ( 'NONE', #761 ) ;
#3192 = CARTESIAN_POINT ( 'NONE',  ( -72.00000000000002842, -53.00000000000000711, 2.000000000000000000 ) ) ;
#3193 = VERTEX_POINT ( 'NONE', #2063 ) ;
#3194 = CARTESIAN_POINT ( 'NONE',  ( 75.00000000000000000, -60.00000000000002842, 1.999999999999984013 ) ) ;
#3195 = EDGE_CURVE ( 'NONE', #5811, #988, #3979, .T. ) ;
#3196 = ORIENTED_EDGE ( 'NONE', *, *, #2157, .F. ) ;
#3197 = DIRECTION ( 'NONE',  ( -0.000000000000000000, -0.000000000000000000, -1.000000000000000000 ) ) ;
#3198 = PLANE ( 'NONE',  #507 ) ;
#3199 = DIRECTION ( 'NONE',  ( -4.625929269271485322E-15, 0.000000000000000000, 1.000000000000000000 ) ) ;
#3200 = ORIENTED_EDGE ( 'NONE', *, *, #6461, .T. ) ;
#3201 = CARTESIAN_POINT ( 'NONE',  ( -72.00000000000002842, -8.000000000000028422, 5.000000000000000000 ) ) ;
#3202 = ORIENTED_EDGE ( 'NONE', *, *, #2196, .T. ) ;
#3203 = DIRECTION ( 'NONE',  ( -4.625929269271458501E-15, -0.000000000000000000, 1.000000000000000000 ) ) ;
#3204 = FACE_OUTER_BOUND ( 'NONE', #1233, .T. ) ;
#3205 = EDGE_CURVE ( 'NONE', #1314, #4012, #801, .T. ) ;
#3206 = CARTESIAN_POINT ( 'NONE',  ( -57.99999999999997868, 3.500000000000000000, 15.00000000000000000 ) ) ;
#3207 = EDGE_CURVE ( 'NONE', #7787, #1790, #5883, .T. ) ;
#3208 = DIRECTION ( 'NONE',  ( 1.000000000000000000, 0.000000000000000000, 0.000000000000000000 ) ) ;
#3209 = CIRCLE ( 'NONE', #2410, 1.600000000000005196 ) ;
#3210 = VERTEX_POINT ( 'NONE', #5930 ) ;
#3211 = CARTESIAN_POINT ( 'NONE',  ( 71.99999999999997158, 34.99999999999998579, 1.999999999999995781 ) ) ;
#3212 = EDGE_CURVE ( 'NONE', #6321, #6853, #6606, .T. ) ;
#3213 = LINE ( 'NONE', #2008, #5628 ) ;
#3214 = CARTESIAN_POINT ( 'NONE',  ( -72.00000000000002842, -23.00000000000000711, 2.000000000000000000 ) ) ;
#3215 = VECTOR ( 'NONE', #4794, 1000.000000000000000 ) ;
#3216 = ORIENTED_EDGE ( 'NONE', *, *, #8155, .T. ) ;
#3217 = VECTOR ( 'NONE', #3040, 1000.000000000000000 ) ;
#3218 = ORIENTED_EDGE ( 'NONE', *, *, #1228, .F. ) ;
#3219 = ORIENTED_EDGE ( 'NONE', *, *, #7171, .F. ) ;
#3220 = CARTESIAN_POINT ( 'NONE',  ( 74.99999999999998579, 19.99999999999997513, 1.999999999999994005 ) ) ;
#3221 = VERTEX_POINT ( 'NONE', #7190 ) ;
#3222 = CARTESIAN_POINT ( 'NONE',  ( -75.00000000000002842, 66.99999999999997158, 2.000000000000000000 ) ) ;
#3223 = CARTESIAN_POINT ( 'NONE',  ( 74.99999999999997158, 39.99999999999997868, 5.000000000000000000 ) ) ;
#3224 = EDGE_CURVE ( 'NONE', #976, #7108, #845, .T. ) ;
#3225 = CARTESIAN_POINT ( 'NONE',  ( -43.00000000000000711, -72.00000000000001421, 5.000000000000000000 ) ) ;
#3226 = ORIENTED_EDGE ( 'NONE', *, *, #4121, .F. ) ;
#3227 = CARTESIAN_POINT ( 'NONE',  ( -75.00000000000002842, 71.99999999999998579, 2.000000000000000000 ) ) ;
#3228 = VERTEX_POINT ( 'NONE', #3435 ) ;
#3229 = DIRECTION ( 'NONE',  ( 2.312964634635729250E-15, 0.000000000000000000, 1.000000000000000000 ) ) ;
#3230 = VERTEX_POINT ( 'NONE', #5971 ) ;
#3231 = CARTESIAN_POINT ( 'NONE',  ( -10.00000000000003730, 71.99999999999998579, 5.000000000000000000 ) ) ;
#3232 = ORIENTED_EDGE ( 'NONE', *, *, #2258, .F. ) ;
#3233 = DIRECTION ( 'NONE',  ( -4.625929269271458501E-15, -0.000000000000000000, 1.000000000000000000 ) ) ;
#3234 = AXIS2_PLACEMENT_3D ( 'NONE', #5643, #2362, #4394 ) ;
#3235 = ORIENTED_EDGE ( 'NONE', *, *, #7251, .T. ) ;
#3236 = CYLINDRICAL_SURFACE ( 'NONE', #470, 1.600000000000005196 ) ;
#3237 = VECTOR ( 'NONE', #987, 1000.000000000000000 ) ;
#3238 = VECTOR ( 'NONE', #4806, 1000.000000000000000 ) ;
#3239 = DIRECTION ( 'NONE',  ( -4.625929269271485322E-15, -0.000000000000000000, 1.000000000000000000 ) ) ;
#3241 = EDGE_CURVE ( 'NONE', #8137, #4685, #262, .T. ) ;
#3240 = LINE ( 'NONE', #111, #6715 ) ;
#3242 = ORIENTED_EDGE ( 'NONE', *, *, #2466, .F. ) ;
#3243 = CARTESIAN_POINT ( 'NONE',  ( 71.99999999999997158, 54.99999999999997868, 5.000000000000000000 ) ) ;
#3244 = ORIENTED_EDGE ( 'NONE', *, *, #4048, .F. ) ;
#3245 = PLANE ( 'NONE',  #4620 ) ;
#3246 = DIRECTION ( 'NONE',  ( -1.000000000000000000, -1.850371707708594070E-16, 0.000000000000000000 ) ) ;
#3247 = DIRECTION ( 'NONE',  ( -4.625929269271485322E-15, -0.000000000000000000, 1.000000000000000000 ) ) ;
#3248 = DIRECTION ( 'NONE',  ( 2.269055394249329430E-32, -1.226270043362915368E-16, 1.000000000000000000 ) ) ;
#3249 = ADVANCED_FACE ( 'NONE', ( #4102 ), #925, .F. ) ;
#3250 = AXIS2_PLACEMENT_3D ( 'NONE', #2418, #6873, #1156 ) ;
#3251 = ORIENTED_EDGE ( 'NONE', *, *, #7846, .F. ) ;
#3252 = EDGE_CURVE ( 'NONE', #659, #256, #505, .T. ) ;
#3253 = DIRECTION ( 'NONE',  ( 2.269055394249329430E-32, -1.226270043362915368E-16, 1.000000000000000000 ) ) ;
#3254 = DIRECTION ( 'NONE',  ( -0.000000000000000000, 1.000000000000000000, -0.000000000000000000 ) ) ;
#3255 = CARTESIAN_POINT ( 'NONE',  ( 29.99999999999997158, 71.99999999999998579, 2.000000000000000000 ) ) ;
#3256 = DIRECTION ( 'NONE',  ( -4.625929269271485322E-15, 0.000000000000000000, 1.000000000000000000 ) ) ;
#3257 = ORIENTED_EDGE ( 'NONE', *, *, #1641, .T. ) ;
#3258 = AXIS2_PLACEMENT_3D ( 'NONE', #2607, #7526, #5099 ) ;
#3259 = EDGE_CURVE ( 'NONE', #2011, #3786, #1127, .T. ) ;
#3260 = ORIENTED_EDGE ( 'NONE', *, *, #5693, .F. ) ;
#3261 = EDGE_LOOP ( 'NONE', ( #2036, #3996, #898, #5320 ) ) ;
#3262 = CARTESIAN_POINT ( 'NONE',  ( 34.99999999999996447, 71.99999999999998579, 2.000000000000000000 ) ) ;
#3263 = EDGE_CURVE ( 'NONE', #5272, #2756, #3050, .T. ) ;
#3264 = CARTESIAN_POINT ( 'NONE',  ( 37.00000000000000711, -72.00000000000001421, 1.999999999999982236 ) ) ;
#3265 = VECTOR ( 'NONE', #3880, 1000.000000000000000 ) ;
#3266 = DIRECTION ( 'NONE',  ( -0.000000000000000000, 1.000000000000000000, -0.000000000000000000 ) ) ;
#3267 = DIRECTION ( 'NONE',  ( 1.000000000000000000, 1.850371707708594070E-16, 0.000000000000000000 ) ) ;
#3268 = ORIENTED_EDGE ( 'NONE', *, *, #416, .T. ) ;
#3269 = VECTOR ( 'NONE', #5816, 1000.000000000000000 ) ;
#3270 = EDGE_CURVE ( 'NONE', #3559, #2692, #5421, .T. ) ;
#3271 = FACE_OUTER_BOUND ( 'NONE', #5389, .T. ) ;
#3272 = VERTEX_POINT ( 'NONE', #6218 ) ;
#3273 = CARTESIAN_POINT ( 'NONE',  ( 54.99999999999995737, 71.99999999999998579, 5.000000000000000000 ) ) ;
#3274 = ORIENTED_EDGE ( 'NONE', *, *, #3252, .F. ) ;
#3275 = DIRECTION ( 'NONE',  ( 0.000000000000000000, -1.000000000000000000, 0.000000000000000000 ) ) ;
#3276 = ORIENTED_EDGE ( 'NONE', *, *, #6250, .T. ) ;
#3277 = DIRECTION ( 'NONE',  ( 0.000000000000000000, -1.000000000000000000, -4.625929269271485322E-15 ) ) ;
#3278 = ORIENTED_EDGE ( 'NONE', *, *, #3364, .T. ) ;
#3279 = PLANE ( 'NONE',  #1133 ) ;
#3280 = DIRECTION ( 'NONE',  ( 1.000000000000000000, 0.000000000000000000, 0.000000000000000000 ) ) ;
#3281 = DIRECTION ( 'NONE',  ( -0.000000000000000000, 1.000000000000000000, -0.000000000000000000 ) ) ;
#3282 = EDGE_LOOP ( 'NONE', ( #2822, #2471, #2186, #4252 ) ) ;
#3283 = FACE_OUTER_BOUND ( 'NONE', #7010, .T. ) ;
#3284 = ORIENTED_EDGE ( 'NONE', *, *, #7890, .F. ) ;
#3285 = DIRECTION ( 'NONE',  ( 0.000000000000000000, 0.000000000000000000, -1.000000000000000000 ) ) ;
#3286 = CARTESIAN_POINT ( 'NONE',  ( -5.000000000000039080, 74.99999999999998579, 5.000000000000000000 ) ) ;
#3287 = DIRECTION ( 'NONE',  ( 0.000000000000000000, 0.000000000000000000, -1.000000000000000000 ) ) ;
#3288 = DIRECTION ( 'NONE',  ( -0.000000000000000000, -0.000000000000000000, -1.000000000000000000 ) ) ;
#3289 = VERTEX_POINT ( 'NONE', #965 ) ;
#3290 = LINE ( 'NONE', #1922, #5127 ) ;
#3291 = CARTESIAN_POINT ( 'NONE',  ( 24.99999999999996092, 71.99999999999998579, 5.000000000000000000 ) ) ;
#3292 = CARTESIAN_POINT ( 'NONE',  ( 24.99999999999996092, 74.99999999999998579, 5.000000000000000000 ) ) ;
#3293 = DIRECTION ( 'NONE',  ( -0.000000000000000000, -1.000000000000000000, -0.000000000000000000 ) ) ;
#3294 = CIRCLE ( 'NONE', #7559, 1.600000000000004086 ) ;
#3295 = ADVANCED_FACE ( 'NONE', ( #4299 ), #1635, .F. ) ;
#3296 = EDGE_CURVE ( 'NONE', #5895, #6245, #7311, .T. ) ;
#3297 = VERTEX_POINT ( 'NONE', #2305 ) ;
#3298 = EDGE_CURVE ( 'NONE', #351, #1903, #2349, .T. ) ;
#3299 = VERTEX_POINT ( 'NONE', #3513 ) ;
#3300 = VECTOR ( 'NONE', #218, 1000.000000000000000 ) ;
#3301 = ORIENTED_EDGE ( 'NONE', *, *, #5383, .F. ) ;
#3302 = ORIENTED_EDGE ( 'NONE', *, *, #316, .F. ) ;
#3303 = LINE ( 'NONE', #5839, #2116 ) ;
#3304 = CARTESIAN_POINT ( 'NONE',  ( 64.99999999999994316, 71.99999999999998579, 5.000000000000000000 ) ) ;
#3305 = DIRECTION ( 'NONE',  ( -4.625929269271458501E-15, -0.000000000000000000, 1.000000000000000000 ) ) ;
#3306 = CARTESIAN_POINT ( 'NONE',  ( -8.000000000000014211, -72.00000000000001421, 5.000000000000000000 ) ) ;
#3307 = ADVANCED_FACE ( 'NONE', ( #6765 ), #421, .F. ) ;
#3308 = VECTOR ( 'NONE', #3663, 1000.000000000000000 ) ;
#3309 = ORIENTED_EDGE ( 'NONE', *, *, #3017, .F. ) ;
#3310 = EDGE_CURVE ( 'NONE', #6121, #4972, #8018, .T. ) ;
#3311 =( LENGTH_UNIT ( ) NAMED_UNIT ( * ) SI_UNIT ( .MILLI., .METRE. ) );
#3312 = ORIENTED_EDGE ( 'NONE', *, *, #8263, .T. ) ;
#3313 = DIRECTION ( 'NONE',  ( 0.000000000000000000, 0.000000000000000000, -1.000000000000000000 ) ) ;
#3314 = ORIENTED_EDGE ( 'NONE', *, *, #4527, .F. ) ;
#3315 = CARTESIAN_POINT ( 'NONE',  ( -15.00000000000004086, 71.99999999999998579, 5.000000000000000000 ) ) ;
#3316 = ORIENTED_EDGE ( 'NONE', *, *, #5691, .T. ) ;
#3317 = EDGE_CURVE ( 'NONE', #5773, #3459, #381, .T. ) ;
#3318 = EDGE_LOOP ( 'NONE', ( #4519, #7568, #3683, #8244 ) ) ;
#3319 = DIRECTION ( 'NONE',  ( -1.000000000000000000, 0.000000000000000000, 0.000000000000000000 ) ) ;
#3320 = LINE ( 'NONE', #7790, #5172 ) ;
#3321 = DIRECTION ( 'NONE',  ( -0.000000000000000000, 1.000000000000000000, -0.000000000000000000 ) ) ;
#3322 = ORIENTED_EDGE ( 'NONE', *, *, #5478, .T. ) ;
#3323 = DIRECTION ( 'NONE',  ( 0.000000000000000000, 0.000000000000000000, 1.000000000000000000 ) ) ;
#3324 = ORIENTED_EDGE ( 'NONE', *, *, #7341, .T. ) ;
#3325 = CARTESIAN_POINT ( 'NONE',  ( -65.00000000000001421, 71.99999999999998579, 2.000000000000000000 ) ) ;
#3326 = LINE ( 'NONE', #6539, #3796 ) ;
#3327 = ADVANCED_FACE ( 'NONE', ( #7395 ), #4802, .F. ) ;
#3328 = DIRECTION ( 'NONE',  ( 0.000000000000000000, -0.000000000000000000, 1.000000000000000000 ) ) ;
#3329 = ORIENTED_EDGE ( 'NONE', *, *, #7863, .F. ) ;
#3330 = DIRECTION ( 'NONE',  ( -0.000000000000000000, -0.000000000000000000, -1.000000000000000000 ) ) ;
#3331 = LINE ( 'NONE', #7558, #3782 ) ;
#3332 = VERTEX_POINT ( 'NONE', #1719 ) ;
#3333 = DIRECTION ( 'NONE',  ( 0.000000000000000000, -0.000000000000000000, -1.000000000000000000 ) ) ;
#3334 = CARTESIAN_POINT ( 'NONE',  ( 36.99999999999999289, -72.00000000000001421, 5.000000000000000000 ) ) ;
#3335 = VECTOR ( 'NONE', #6942, 1000.000000000000000 ) ;
#3336 = CARTESIAN_POINT ( 'NONE',  ( -72.00000000000002842, -48.00000000000002132, 5.000000000000000000 ) ) ;
#3337 = DIRECTION ( 'NONE',  ( 0.000000000000000000, -0.000000000000000000, -1.000000000000000000 ) ) ;
#3338 = VECTOR ( 'NONE', #7979, 1000.000000000000000 ) ;
#3339 = ORIENTED_EDGE ( 'NONE', *, *, #968, .F. ) ;
#3340 = ORIENTED_EDGE ( 'NONE', *, *, #4721, .F. ) ;
#3341 = ORIENTED_EDGE ( 'NONE', *, *, #2388, .F. ) ;
#3342 = ORIENTED_EDGE ( 'NONE', *, *, #4836, .T. ) ;
#3343 = CARTESIAN_POINT ( 'NONE',  ( 71.99999999999998579, -5.000000000000018652, 1.999999999999990896 ) ) ;
#3344 = ADVANCED_FACE ( 'NONE', ( #7472 ), #7352, .F. ) ;
#3345 = DIRECTION ( 'NONE',  ( 1.000000000000000000, 0.000000000000000000, 0.000000000000000000 ) ) ;
#3346 = VECTOR ( 'NONE', #8141, 1000.000000000000000 ) ;
#3347 = APPLICATION_CONTEXT ( 'automotive_design' ) ;
#3348 = CARTESIAN_POINT ( 'NONE',  ( -75.00000000000002842, 66.99999999999997158, 5.000000000000000000 ) ) ;
#3349 = CARTESIAN_POINT ( 'NONE',  ( 51.99999999999999289, -75.00000000000001421, 5.000000000000000000 ) ) ;
#3350 = VERTEX_POINT ( 'NONE', #1048 ) ;
#3351 = AXIS2_PLACEMENT_3D ( 'NONE', #5167, #2670, #7043 ) ;
#3352 = DIRECTION ( 'NONE',  ( -0.000000000000000000, -0.000000000000000000, -1.000000000000000000 ) ) ;
#3353 = ORIENTED_EDGE ( 'NONE', *, *, #981, .T. ) ;
#3354 = LINE ( 'NONE', #7824, #2235 ) ;
#3355 = EDGE_CURVE ( 'NONE', #6622, #7149, #1008, .T. ) ;
#3356 = ORIENTED_EDGE ( 'NONE', *, *, #798, .T. ) ;
#3357 = PLANE ( 'NONE',  #4571 ) ;
#3358 = ORIENTED_EDGE ( 'NONE', *, *, #4947, .T. ) ;
#3359 = EDGE_CURVE ( 'NONE', #2850, #5770, #4218, .T. ) ;
#3360 = ORIENTED_EDGE ( 'NONE', *, *, #2802, .T. ) ;
#3361 = FACE_OUTER_BOUND ( 'NONE', #5583, .T. ) ;
#3362 = CARTESIAN_POINT ( 'NONE',  ( -72.00000000000002842, 11.99999999999997513, 5.000000000000000000 ) ) ;
#3363 = CARTESIAN_POINT ( 'NONE',  ( -72.00000000000002842, 51.99999999999997868, 5.000000000000000000 ) ) ;
#3364 = EDGE_CURVE ( 'NONE', #1507, #8086, #3635, .T. ) ;
#3365 = VERTEX_POINT ( 'NONE', #5545 ) ;
#3366 = CARTESIAN_POINT ( 'NONE',  ( -75.00000000000002842, 74.99999999999998579, 5.000000000000000000 ) ) ;
#3367 = VECTOR ( 'NONE', #4737, 1000.000000000000000 ) ;
#3368 = ORIENTED_EDGE ( 'NONE', *, *, #2852, .T. ) ;
#3369 = FACE_OUTER_BOUND ( 'NONE', #5716, .T. ) ;
#3370 = CARTESIAN_POINT ( 'NONE',  ( -75.00000000000002842, 56.99999999999999289, 2.000000000000000000 ) ) ;
#3371 = DIRECTION ( 'NONE',  ( -0.000000000000000000, -1.000000000000000000, -0.000000000000000000 ) ) ;
#3372 = VECTOR ( 'NONE', #1621, 1000.000000000000000 ) ;
#3373 = DIRECTION ( 'NONE',  ( -1.000000000000000000, 0.000000000000000000, 0.000000000000000000 ) ) ;
#3374 = FACE_OUTER_BOUND ( 'NONE', #3453, .T. ) ;
#3375 = ADVANCED_FACE ( 'NONE', ( #2385 ), #4925, .F. ) ;
#3376 = ORIENTED_EDGE ( 'NONE', *, *, #7583, .F. ) ;
#3377 = VECTOR ( 'NONE', #4692, 1000.000000000000000 ) ;
#3378 = FACE_OUTER_BOUND ( 'NONE', #2169, .T. ) ;
#3379 = VECTOR ( 'NONE', #164, 1000.000000000000000 ) ;
#3380 = CARTESIAN_POINT ( 'NONE',  ( -75.00000000000002842, -75.00000000000001421, 5.000000000000000000 ) ) ;
#3381 = VECTOR ( 'NONE', #4036, 1000.000000000000000 ) ;
#3382 = DIRECTION ( 'NONE',  ( 0.000000000000000000, 0.000000000000000000, 1.000000000000000000 ) ) ;
#3383 = CARTESIAN_POINT ( 'NONE',  ( -75.00000000000002842, 66.99999999999997158, 5.000000000000000000 ) ) ;
#3384 = ORIENTED_EDGE ( 'NONE', *, *, #3064, .F. ) ;
#3385 = VECTOR ( 'NONE', #6307, 1000.000000000000000 ) ;
#3386 = AXIS2_PLACEMENT_3D ( 'NONE', #195, #5198, #3199 ) ;
#3387 = VERTEX_POINT ( 'NONE', #7515 ) ;
#3388 = VERTEX_POINT ( 'NONE', #1880 ) ;
#3389 = ORIENTED_EDGE ( 'NONE', *, *, #8172, .F. ) ;
#3390 = CARTESIAN_POINT ( 'NONE',  ( 16.99999999999998579, -72.00000000000001421, 5.000000000000000000 ) ) ;
#3391 = DIRECTION ( 'NONE',  ( 1.000000000000000000, 0.000000000000000000, 0.000000000000000000 ) ) ;
#3392 = LINE ( 'NONE', #6559, #598 ) ;
#3393 = PLANE ( 'NONE',  #409 ) ;
#3394 = ORIENTED_EDGE ( 'NONE', *, *, #953, .T. ) ;
#3395 = EDGE_CURVE ( 'NONE', #5415, #6573, #6297, .T. ) ;
#3396 = VECTOR ( 'NONE', #7175, 1000.000000000000000 ) ;
#3397 = FACE_OUTER_BOUND ( 'NONE', #2527, .T. ) ;
#3398 = ORIENTED_EDGE ( 'NONE', *, *, #2400, .T. ) ;
#3399 = CARTESIAN_POINT ( 'NONE',  ( 72.00000000000000000, -45.00000000000001421, 5.000000000000000000 ) ) ;
#3400 = ORIENTED_EDGE ( 'NONE', *, *, #5896, .F. ) ;
#3401 = DIRECTION ( 'NONE',  ( -0.000000000000000000, 1.000000000000000000, 0.000000000000000000 ) ) ;
#3402 = ORIENTED_EDGE ( 'NONE', *, *, #6680, .T. ) ;
#3403 = AXIS2_PLACEMENT_3D ( 'NONE', #5778, #5235, #3319 ) ;
#3404 = VERTEX_POINT ( 'NONE', #1969 ) ;
#3405 = EDGE_CURVE ( 'NONE', #2928, #7780, #6384, .T. ) ;
#3406 = ADVANCED_FACE ( 'NONE', ( #6883 ), #3176, .F. ) ;
#3407 = DIRECTION ( 'NONE',  ( 2.775557561562888984E-15, -1.000000000000000000, 0.000000000000000000 ) ) ;
#3408 = ADVANCED_FACE ( 'NONE', ( #2472 ), #1803, .F. ) ;
#3409 = CARTESIAN_POINT ( 'NONE',  ( 21.99999999999999289, -72.00000000000001421, 5.000000000000000000 ) ) ;
#3410 = CARTESIAN_POINT ( 'NONE',  ( -43.00000000000000000, -72.00000000000001421, 1.999999999999982236 ) ) ;
#3411 = ORIENTED_EDGE ( 'NONE', *, *, #755, .T. ) ;
#3412 = CARTESIAN_POINT ( 'NONE',  ( -75.00000000000002842, -63.00000000000000000, 2.000000000000000000 ) ) ;
#3413 = VERTEX_POINT ( 'NONE', #628 ) ;
#3414 = CARTESIAN_POINT ( 'NONE',  ( -63.00000000000001421, -75.00000000000001421, 5.000000000000000000 ) ) ;
#3415 = LINE ( 'NONE', #3999, #7077 ) ;
#3416 = ADVANCED_FACE ( 'NONE', ( #5133 ), #668, .F. ) ;
#3417 = DIRECTION ( 'NONE',  ( 0.000000000000000000, 0.000000000000000000, -1.000000000000000000 ) ) ;
#3418 = ADVANCED_FACE ( 'NONE', ( #7637 ), #6962, .F. ) ;
#3419 = CARTESIAN_POINT ( 'NONE',  ( -75.00000000000002842, 1.999999999999980904, 5.000000000000000000 ) ) ;
#3420 = ORIENTED_EDGE ( 'NONE', *, *, #7437, .F. ) ;
#3421 = CYLINDRICAL_SURFACE ( 'NONE', #7519, 1.600000000000004086 ) ;
#3422 = DIRECTION ( 'NONE',  ( -0.000000000000000000, 1.000000000000000000, -0.000000000000000000 ) ) ;
#3423 = CARTESIAN_POINT ( 'NONE',  ( -72.00000000000002842, 6.999999999999992006, 2.000000000000000000 ) ) ;
#3424 = FACE_OUTER_BOUND ( 'NONE', #6411, .T. ) ;
#3425 = EDGE_CURVE ( 'NONE', #1539, #7451, #5869, .T. ) ;
#3426 = VECTOR ( 'NONE', #5007, 1000.000000000000000 ) ;
#3427 = ORIENTED_EDGE ( 'NONE', *, *, #6055, .T. ) ;
#3428 = ORIENTED_EDGE ( 'NONE', *, *, #5815, .F. ) ;
#3429 = ORIENTED_EDGE ( 'NONE', *, *, #7643, .F. ) ;
#3430 = CARTESIAN_POINT ( 'NONE',  ( -72.00000000000002842, -72.00000000000001421, 1.999999999999982236 ) ) ;
#3431 = FACE_OUTER_BOUND ( 'NONE', #2937, .T. ) ;
#3432 = VECTOR ( 'NONE', #5848, 1000.000000000000000 ) ;
#3433 = DIRECTION ( 'NONE',  ( 4.625929269271458501E-15, 0.000000000000000000, -1.000000000000000000 ) ) ;
#3434 = CARTESIAN_POINT ( 'NONE',  ( 57.99999999999999289, 3.500000000000003109, 0.000000000000000000 ) ) ;
#3435 = CARTESIAN_POINT ( 'NONE',  ( 16.99999999999998579, -72.00000000000001421, 5.000000000000000000 ) ) ;
#3436 = EDGE_CURVE ( 'NONE', #3854, #3915, #2426, .T. ) ;
#3437 = ORIENTED_EDGE ( 'NONE', *, *, #6309, .T. ) ;
#3438 = VECTOR ( 'NONE', #3811, 1000.000000000000000 ) ;
#3439 = FACE_OUTER_BOUND ( 'NONE', #331, .T. ) ;
#3440 = ORIENTED_EDGE ( 'NONE', *, *, #1425, .F. ) ;
#3441 = LINE ( 'NONE', #2855, #8090 ) ;
#3442 = ORIENTED_EDGE ( 'NONE', *, *, #6166, .T. ) ;
#3443 = DIRECTION ( 'NONE',  ( 0.000000000000000000, -0.000000000000000000, -1.000000000000000000 ) ) ;
#3444 = ORIENTED_EDGE ( 'NONE', *, *, #7305, .T. ) ;
#3445 = VERTEX_POINT ( 'NONE', #7007 ) ;
#3446 = VECTOR ( 'NONE', #2251, 1000.000000000000000 ) ;
#3447 = EDGE_LOOP ( 'NONE', ( #7801, #5879, #4726, #88 ) ) ;
#3448 = DIRECTION ( 'NONE',  ( 0.000000000000000000, -1.000000000000000000, 0.000000000000000000 ) ) ;
#3449 = PLANE ( 'NONE',  #1713 ) ;
#3450 = DIRECTION ( 'NONE',  ( 1.000000000000000000, 1.850371707708594070E-16, -0.000000000000000000 ) ) ;
#3451 = VERTEX_POINT ( 'NONE', #3214 ) ;
#3452 = DIRECTION ( 'NONE',  ( -1.000000000000000000, -0.000000000000000000, -0.000000000000000000 ) ) ;
#3453 = EDGE_LOOP ( 'NONE', ( #2253, #6609, #2485, #3825 ) ) ;
#3454 = EDGE_CURVE ( 'NONE', #3733, #4816, #2821, .T. ) ;
#3455 = CARTESIAN_POINT ( 'NONE',  ( -75.00000000000002842, 74.99999999999998579, 5.000000000000000000 ) ) ;
#3456 = DIRECTION ( 'NONE',  ( -0.000000000000000000, 1.000000000000000000, -0.000000000000000000 ) ) ;
#3457 = FACE_OUTER_BOUND ( 'NONE', #690, .T. ) ;
#3458 = PLANE ( 'NONE',  #7778 ) ;
#3459 = VERTEX_POINT ( 'NONE', #5049 ) ;
#3460 = EDGE_CURVE ( 'NONE', #3299, #5644, #4965, .T. ) ;
#3461 = LINE ( 'NONE', #2216, #7661 ) ;
#3462 = CARTESIAN_POINT ( 'NONE',  ( -75.00000000000002842, 74.99999999999998579, 5.000000000000000000 ) ) ;
#3463 = DIRECTION ( 'NONE',  ( 0.000000000000000000, -1.000000000000000000, -4.625929269271485322E-15 ) ) ;
#3464 = ADVANCED_FACE ( 'NONE', ( #1291 ), #4507, .F. ) ;
#3465 = VECTOR ( 'NONE', #6683, 1000.000000000000000 ) ;
#3466 = ORIENTED_EDGE ( 'NONE', *, *, #7990, .T. ) ;
#3467 = CARTESIAN_POINT ( 'NONE',  ( 71.99999999999998579, 4.999999999999976019, 5.000000000000000000 ) ) ;
#3468 = EDGE_CURVE ( 'NONE', #6428, #5979, #6424, .T. ) ;
#3469 = DIRECTION ( 'NONE',  ( -0.000000000000000000, 0.000000000000000000, 1.000000000000000000 ) ) ;
#3470 = CARTESIAN_POINT ( 'NONE',  ( 72.00000000000000000, -50.00000000000001421, -6.123233995736766282E-16 ) ) ;
#3471 = CARTESIAN_POINT ( 'NONE',  ( 72.00000000000000000, -65.00000000000002842, 0.000000000000000000 ) ) ;
#3472 = VECTOR ( 'NONE', #2317, 1000.000000000000000 ) ;
#3473 = ORIENTED_EDGE ( 'NONE', *, *, #7060, .T. ) ;
#3474 = CARTESIAN_POINT ( 'NONE',  ( -75.00000000000002842, 71.99999999999998579, 2.000000000000000000 ) ) ;
#3475 = AXIS2_PLACEMENT_3D ( 'NONE', #2719, #3967, #879 ) ;
#3476 = EDGE_LOOP ( 'NONE', ( #6641, #2335, #7489, #705 ) ) ;
#3477 = CARTESIAN_POINT ( 'NONE',  ( 64.99999999999994316, 71.99999999999998579, 5.000000000000000000 ) ) ;
#3478 = ADVANCED_FACE ( 'NONE', ( #3091 ), #5625, .F. ) ;
#3479 = ORIENTED_EDGE ( 'NONE', *, *, #3170, .F. ) ;
#3480 = CARTESIAN_POINT ( 'NONE',  ( 74.99999999999997158, 74.99999999999998579, 5.000000000000000000 ) ) ;
#3481 = VERTEX_POINT ( 'NONE', #3134 ) ;
#3482 = ORIENTED_EDGE ( 'NONE', *, *, #5997, .F. ) ;
#3483 = VECTOR ( 'NONE', #2888, 1000.000000000000000 ) ;
#3484 = VERTEX_POINT ( 'NONE', #5669 ) ;
#3485 = DIRECTION ( 'NONE',  ( -4.625929269271485322E-15, -0.000000000000000000, 1.000000000000000000 ) ) ;
#3486 = CARTESIAN_POINT ( 'NONE',  ( 75.00000000000000000, -55.00000000000002132, 5.000000000000000000 ) ) ;
#3487 = LINE ( 'NONE', #6026, #2187 ) ;
#3488 = ORIENTED_EDGE ( 'NONE', *, *, #1680, .T. ) ;
#3489 = AXIS2_PLACEMENT_3D ( 'NONE', #8060, #5621, #3632 ) ;
#3490 = CARTESIAN_POINT ( 'NONE',  ( -72.00000000000002842, 16.99999999999997868, 5.000000000000000000 ) ) ;
#3491 = ORIENTED_EDGE ( 'NONE', *, *, #5693, .T. ) ;
#3492 = LINE ( 'NONE', #3455, #5543 ) ;
#3493 = CARTESIAN_POINT ( 'NONE',  ( -75.00000000000002842, 74.99999999999998579, 5.000000000000000000 ) ) ;
#3494 = EDGE_CURVE ( 'NONE', #2214, #5770, #8229, .T. ) ;
#3495 = DIRECTION ( 'NONE',  ( 1.850371707708594070E-16, -1.000000000000000000, 0.000000000000000000 ) ) ;
#3496 = CARTESIAN_POINT ( 'NONE',  ( -10.00000000000003730, 71.99999999999998579, 5.000000000000000000 ) ) ;
#3497 = LINE ( 'NONE', #6038, #3112 ) ;
#3498 = ORIENTED_EDGE ( 'NONE', *, *, #5540, .T. ) ;
#3499 = CARTESIAN_POINT ( 'NONE',  ( 71.99999999999997158, 69.99999999999998579, 2.000000000000000000 ) ) ;
#3500 = CARTESIAN_POINT ( 'NONE',  ( 72.00000000000000000, -75.00000000000001421, 1.999999999999982236 ) ) ;
#3501 = DIRECTION ( 'NONE',  ( 0.000000000000000000, 0.000000000000000000, 1.000000000000000000 ) ) ;
#3502 = AXIS2_PLACEMENT_3D ( 'NONE', #2612, #7061, #7107 ) ;
#3503 = ORIENTED_EDGE ( 'NONE', *, *, #1876, .T. ) ;
#3504 = EDGE_CURVE ( 'NONE', #8193, #66, #7263, .T. ) ;
#3505 = VECTOR ( 'NONE', #5064, 1000.000000000000000 ) ;
#3506 = EDGE_CURVE ( 'NONE', #3404, #7724, #2761, .T. ) ;
#3507 = VECTOR ( 'NONE', #5055, 1000.000000000000000 ) ;
#3508 = VECTOR ( 'NONE', #206, 1000.000000000000000 ) ;
#3509 = ORIENTED_EDGE ( 'NONE', *, *, #6432, .T. ) ;
#3510 = CARTESIAN_POINT ( 'NONE',  ( 74.99999999999998579, 9.999999999999980460, -6.123233995736766282E-16 ) ) ;
#3511 = DIRECTION ( 'NONE',  ( 0.000000000000000000, 0.000000000000000000, -1.000000000000000000 ) ) ;
#3512 = FACE_OUTER_BOUND ( 'NONE', #3048, .T. ) ;
#3513 = CARTESIAN_POINT ( 'NONE',  ( 74.99999999999998579, 14.99999999999998579, 1.999999999999993117 ) ) ;
#3514 = AXIS2_PLACEMENT_3D ( 'NONE', #1175, #1214, #3098 ) ;
#3515 = EDGE_LOOP ( 'NONE', ( #4661, #2930, #2613, #3536 ) ) ;
#3516 = VECTOR ( 'NONE', #4953, 1000.000000000000000 ) ;
#3517 = ADVANCED_FACE ( 'NONE', ( #6507 ), #4634, .F. ) ;
#3518 = DIRECTION ( 'NONE',  ( -0.000000000000000000, -0.000000000000000000, -1.000000000000000000 ) ) ;
#3519 = EDGE_CURVE ( 'NONE', #6938, #8157, #6467, .T. ) ;
#3520 = ORIENTED_EDGE ( 'NONE', *, *, #6690, .T. ) ;
#3521 = DIRECTION ( 'NONE',  ( -0.000000000000000000, -4.625929269271485322E-15, 1.000000000000000000 ) ) ;
#3522 = VERTEX_POINT ( 'NONE', #7888 ) ;
#3523 = LINE ( 'NONE', #3480, #7244 ) ;
#3524 = AXIS2_PLACEMENT_3D ( 'NONE', #5257, #832, #5831 ) ;
#3525 = CARTESIAN_POINT ( 'NONE',  ( 71.99999999999997158, 69.99999999999998579, 2.000000000000000000 ) ) ;
#3526 = ORIENTED_EDGE ( 'NONE', *, *, #4369, .F. ) ;
#3527 = DIRECTION ( 'NONE',  ( -0.000000000000000000, -1.000000000000000000, -0.000000000000000000 ) ) ;
#3528 = VECTOR ( 'NONE', #787, 1000.000000000000000 ) ;
#3529 = EDGE_LOOP ( 'NONE', ( #4653, #199, #714, #6909 ) ) ;
#3530 = EDGE_CURVE ( 'NONE', #3653, #4039, #834, .T. ) ;
#3531 = VECTOR ( 'NONE', #6062, 1000.000000000000000 ) ;
#3532 = FACE_OUTER_BOUND ( 'NONE', #8114, .T. ) ;
#3533 = CARTESIAN_POINT ( 'NONE',  ( 66.99999999999998579, -72.00000000000001421, 5.000000000000000000 ) ) ;
#3534 = ORIENTED_EDGE ( 'NONE', *, *, #6260, .T. ) ;
#3535 = DIRECTION ( 'NONE',  ( -0.000000000000000000, -0.000000000000000000, -1.000000000000000000 ) ) ;
#3536 = ORIENTED_EDGE ( 'NONE', *, *, #5411, .F. ) ;
#3537 = CARTESIAN_POINT ( 'NONE',  ( 72.00000000000000000, -50.00000000000001421, 5.000000000000000000 ) ) ;
#3538 = VECTOR ( 'NONE', #3978, 1000.000000000000000 ) ;
#3539 = DIRECTION ( 'NONE',  ( 1.000000000000000000, 0.000000000000000000, 0.000000000000000000 ) ) ;
#3540 = CARTESIAN_POINT ( 'NONE',  ( 1.999999999999994893, -75.00000000000001421, 5.000000000000000000 ) ) ;
#3541 = DIRECTION ( 'NONE',  ( -0.000000000000000000, -4.625929269271485322E-15, 1.000000000000000000 ) ) ;
#3542 = CARTESIAN_POINT ( 'NONE',  ( -75.00000000000002842, 74.99999999999998579, 5.000000000000000000 ) ) ;
#3543 = ORIENTED_EDGE ( 'NONE', *, *, #6219, .F. ) ;
#3544 = ORIENTED_EDGE ( 'NONE', *, *, #8216, .F. ) ;
#3545 = CARTESIAN_POINT ( 'NONE',  ( 39.99999999999997868, 74.99999999999998579, 2.000000000000000000 ) ) ;
#3546 = CARTESIAN_POINT ( 'NONE',  ( -75.00000000000002842, 71.99999999999998579, 2.000000000000000000 ) ) ;
#3547 = CARTESIAN_POINT ( 'NONE',  ( 31.99999999999998579, -75.00000000000001421, 1.999999999999982236 ) ) ;
#3548 = ORIENTED_EDGE ( 'NONE', *, *, #3990, .T. ) ;
#3549 = DIRECTION ( 'NONE',  ( -1.000000000000000000, -0.000000000000000000, -0.000000000000000000 ) ) ;
#3550 = CARTESIAN_POINT ( 'NONE',  ( 56.99999999999998579, -72.00000000000001421, 5.000000000000000000 ) ) ;
#3551 = EDGE_CURVE ( 'NONE', #1903, #336, #1379, .T. ) ;
#3552 = ADVANCED_FACE ( 'NONE', ( #3424 ), #5919, .F. ) ;
#3553 = AXIS2_PLACEMENT_3D ( 'NONE', #6334, #5123, #7041 ) ;
#3554 = CARTESIAN_POINT ( 'NONE',  ( -75.00000000000002842, 11.99999999999997513, 2.000000000000000000 ) ) ;
#3555 = DIRECTION ( 'NONE',  ( -0.000000000000000000, 1.000000000000000000, -0.000000000000000000 ) ) ;
#3556 = EDGE_CURVE ( 'NONE', #7814, #5218, #2134, .T. ) ;
#3557 = ORIENTED_EDGE ( 'NONE', *, *, #258, .T. ) ;
#3558 = DIRECTION ( 'NONE',  ( -1.000000000000000000, -0.000000000000000000, -0.000000000000000000 ) ) ;
#3559 = VERTEX_POINT ( 'NONE', #5960 ) ;
#3560 = DIRECTION ( 'NONE',  ( -0.000000000000000000, -0.000000000000000000, -1.000000000000000000 ) ) ;
#3561 = ORIENTED_EDGE ( 'NONE', *, *, #713, .T. ) ;
#3562 = DIRECTION ( 'NONE',  ( 1.850371707708594070E-16, -1.000000000000000000, 0.000000000000000000 ) ) ;
#3563 = CARTESIAN_POINT ( 'NONE',  ( -75.00000000000002842, -68.00000000000000000, 2.000000000000000000 ) ) ;
#3564 = EDGE_CURVE ( 'NONE', #3063, #1015, #4715, .T. ) ;
#3565 = ORIENTED_EDGE ( 'NONE', *, *, #5608, .T. ) ;
#3566 = DIRECTION ( 'NONE',  ( -1.000000000000000000, -1.850371707708594070E-16, 0.000000000000000000 ) ) ;
#3567 = EDGE_CURVE ( 'NONE', #8047, #2928, #5875, .T. ) ;
#3568 = VECTOR ( 'NONE', #2524, 1000.000000000000000 ) ;
#3569 = ORIENTED_EDGE ( 'NONE', *, *, #728, .F. ) ;
#3570 = FACE_OUTER_BOUND ( 'NONE', #2581, .T. ) ;
#3571 = ORIENTED_EDGE ( 'NONE', *, *, #7123, .F. ) ;
#3572 = PLANE ( 'NONE',  #6354 ) ;
#3573 = ORIENTED_EDGE ( 'NONE', *, *, #8103, .T. ) ;
#3574 = VECTOR ( 'NONE', #5121, 1000.000000000000000 ) ;
#3575 = LINE ( 'NONE', #8120, #2315 ) ;
#3576 = VERTEX_POINT ( 'NONE', #7763 ) ;
#3577 = ADVANCED_FACE ( 'NONE', ( #7720 ), #2637, .F. ) ;
#3578 = DIRECTION ( 'NONE',  ( -4.625929269271458501E-15, -0.000000000000000000, 1.000000000000000000 ) ) ;
#3579 = CARTESIAN_POINT ( 'NONE',  ( -75.00000000000002842, 74.99999999999998579, 2.000000000000000000 ) ) ;
#3580 = VECTOR ( 'NONE', #487, 1000.000000000000000 ) ;
#3581 = LINE ( 'NONE', #5482, #2742 ) ;
#3582 = LINE ( 'NONE', #6709, #3041 ) ;
#3583 = CARTESIAN_POINT ( 'NONE',  ( -72.00000000000002842, -38.00000000000003553, 2.000000000000000000 ) ) ;
#3584 = ORIENTED_EDGE ( 'NONE', *, *, #1002, .T. ) ;
#3585 = ORIENTED_EDGE ( 'NONE', *, *, #1671, .T. ) ;
#3586 = EDGE_CURVE ( 'NONE', #6257, #4668, #1461, .T. ) ;
#3587 = PLANE ( 'NONE',  #1963 ) ;
#3588 = CARTESIAN_POINT ( 'NONE',  ( 72.00000000000000000, -45.00000000000001421, 5.000000000000000000 ) ) ;
#3589 = DIRECTION ( 'NONE',  ( -0.000000000000000000, 0.000000000000000000, 1.000000000000000000 ) ) ;
#3590 = DIRECTION ( 'NONE',  ( 1.914177628664063128E-16, -1.000000000000000000, -1.226270043362915368E-16 ) ) ;
#3591 = VERTEX_POINT ( 'NONE', #3383 ) ;
#3592 = CARTESIAN_POINT ( 'NONE',  ( -75.00000000000002842, 71.99999999999998579, 2.000000000000000000 ) ) ;
#3593 = CARTESIAN_POINT ( 'NONE',  ( 3.500000000000003109, 57.99999999999997868, 15.00000000000000000 ) ) ;
#3594 = LINE ( 'NONE', #6131, #5196 ) ;
#3595 = DIRECTION ( 'NONE',  ( 0.000000000000000000, -1.000000000000000000, 0.000000000000000000 ) ) ;
#3596 = ORIENTED_EDGE ( 'NONE', *, *, #7381, .T. ) ;
#3597 = ADVANCED_FACE ( 'NONE', ( #2800 ), #2009, .F. ) ;
#3598 = CARTESIAN_POINT ( 'NONE',  ( -5.099999999999998757, 57.99999999999997868, 5.000000000000000888 ) ) ;
#3599 = ORIENTED_EDGE ( 'NONE', *, *, #253, .F. ) ;
#3600 = CARTESIAN_POINT ( 'NONE',  ( -72.00000000000002842, 36.99999999999997868, 5.000000000000000000 ) ) ;
#3601 = VERTEX_POINT ( 'NONE', #2053 ) ;
#3602 = CARTESIAN_POINT ( 'NONE',  ( 74.99999999999998579, 19.99999999999997513, 5.000000000000000000 ) ) ;
#3603 = PLANE ( 'NONE',  #4322 ) ;
#3604 = LINE ( 'NONE', #8072, #4933 ) ;
#3605 = AXIS2_PLACEMENT_3D ( 'NONE', #2808, #5420, #4139 ) ;
#3606 = ORIENTED_EDGE ( 'NONE', *, *, #355, .T. ) ;
#3607 = VECTOR ( 'NONE', #5222, 1000.000000000000000 ) ;
#3608 = ADVANCED_FACE ( 'NONE', ( #4593 ), #7138, .F. ) ;
#3609 = CARTESIAN_POINT ( 'NONE',  ( -58.00000000000000711, -72.00000000000001421, 1.999999999999982236 ) ) ;
#3610 = CARTESIAN_POINT ( 'NONE',  ( -72.00000000000002842, -63.00000000000001421, 5.000000000000000000 ) ) ;
#3611 = ORIENTED_EDGE ( 'NONE', *, *, #1624, .T. ) ;
#3612 = ADVANCED_FACE ( 'NONE', ( #7179 ), #6596, .F. ) ;
#3613 = CARTESIAN_POINT ( 'NONE',  ( -18.00000000000001066, -72.00000000000001421, 5.000000000000000000 ) ) ;
#3614 = ORIENTED_EDGE ( 'NONE', *, *, #7786, .T. ) ;
#3615 = DIRECTION ( 'NONE',  ( -1.000000000000000000, 0.000000000000000000, 0.000000000000000000 ) ) ;
#3616 = VECTOR ( 'NONE', #3012, 1000.000000000000000 ) ;
#3617 = CARTESIAN_POINT ( 'NONE',  ( -72.00000000000002842, 1.999999999999974021, 2.000000000000000000 ) ) ;
#3618 = ADVANCED_FACE ( 'NONE', ( #791 ), #5414, .F. ) ;
#3619 = FACE_OUTER_BOUND ( 'NONE', #6513, .T. ) ;
#3620 = VECTOR ( 'NONE', #6152, 1000.000000000000000 ) ;
#3621 = DIRECTION ( 'NONE',  ( 2.269055394249329430E-32, -1.226270043362915368E-16, 1.000000000000000000 ) ) ;
#3622 = LINE ( 'NONE', #1188, #4311 ) ;
#3623 = ORIENTED_EDGE ( 'NONE', *, *, #3670, .T. ) ;
#3624 = ORIENTED_EDGE ( 'NONE', *, *, #6065, .T. ) ;
#3625 = DIRECTION ( 'NONE',  ( -1.000000000000000000, -0.000000000000000000, -0.000000000000000000 ) ) ;
#3626 = FACE_OUTER_BOUND ( 'NONE', #1437, .T. ) ;
#3627 = CARTESIAN_POINT ( 'NONE',  ( 74.99999999999997158, 74.99999999999998579, 5.000000000000000000 ) ) ;
#3628 = EDGE_CURVE ( 'NONE', #287, #377, #4131, .T. ) ;
#3629 = CARTESIAN_POINT ( 'NONE',  ( -72.00000000000002842, 61.99999999999997868, 5.000000000000000000 ) ) ;
#3630 = ORIENTED_EDGE ( 'NONE', *, *, #2283, .T. ) ;
#3631 = DIRECTION ( 'NONE',  ( 1.000000000000000000, 1.850371707708594070E-16, -0.000000000000000000 ) ) ;
#3632 = DIRECTION ( 'NONE',  ( 1.000000000000000000, 0.000000000000000000, 0.000000000000000000 ) ) ;
#3633 = VERTEX_POINT ( 'NONE', #3547 ) ;
#3634 = CARTESIAN_POINT ( 'NONE',  ( -3.499999999999992895, 57.99999999999997868, 5.000000000000000888 ) ) ;
#3635 = LINE ( 'NONE', #6177, #3616 ) ;
#3636 = ORIENTED_EDGE ( 'NONE', *, *, #4836, .F. ) ;
#3637 = AXIS2_PLACEMENT_3D ( 'NONE', #5201, #821, #7919 ) ;
#3638 = VECTOR ( 'NONE', #2290, 1000.000000000000000 ) ;
#3639 = DIRECTION ( 'NONE',  ( -1.000000000000000000, -1.850371707708594316E-16, 0.000000000000000000 ) ) ;
#3640 = ORIENTED_EDGE ( 'NONE', *, *, #5404, .F. ) ;
#3641 = CARTESIAN_POINT ( 'NONE',  ( -45.00000000000004263, 74.99999999999998579, 5.000000000000000000 ) ) ;
#3642 = ORIENTED_EDGE ( 'NONE', *, *, #8000, .T. ) ;
#3643 = FACE_OUTER_BOUND ( 'NONE', #2506, .T. ) ;
#3644 = DIRECTION ( 'NONE',  ( 0.000000000000000000, 0.000000000000000000, 1.000000000000000000 ) ) ;
#3645 = DIRECTION ( 'NONE',  ( -4.625929269271458501E-15, -0.000000000000000000, 1.000000000000000000 ) ) ;
#3646 = VECTOR ( 'NONE', #4896, 1000.000000000000000 ) ;
#3647 = DIRECTION ( 'NONE',  ( -2.312964634635729250E-15, 0.000000000000000000, -1.000000000000000000 ) ) ;
#3648 = CIRCLE ( 'NONE', #4714, 1.600000000000004086 ) ;
#3649 = ORIENTED_EDGE ( 'NONE', *, *, #3812, .T. ) ;
#3650 = DIRECTION ( 'NONE',  ( 0.000000000000000000, -1.000000000000000000, 0.000000000000000000 ) ) ;
#3651 = VECTOR ( 'NONE', #4411, 1000.000000000000000 ) ;
#3652 = CARTESIAN_POINT ( 'NONE',  ( -35.00000000000004263, 71.99999999999998579, 2.000000000000000000 ) ) ;
#3653 = VERTEX_POINT ( 'NONE', #1001 ) ;
#3654 = DIRECTION ( 'NONE',  ( -1.000000000000000000, 0.000000000000000000, -4.625929269271485322E-15 ) ) ;
#3655 = ORIENTED_EDGE ( 'NONE', *, *, #2942, .T. ) ;
#3656 = CARTESIAN_POINT ( 'NONE',  ( 75.00000000000000000, -40.00000000000002132, 1.999999999999986677 ) ) ;
#3657 = EDGE_CURVE ( 'NONE', #7174, #5799, #1588, .T. ) ;
#3658 = EDGE_CURVE ( 'NONE', #3953, #2068, #5451, .T. ) ;
#3659 = CARTESIAN_POINT ( 'NONE',  ( -33.00000000000000000, -75.00000000000001421, 1.999999999999982236 ) ) ;
#3660 = VECTOR ( 'NONE', #4391, 1000.000000000000000 ) ;
#3661 = EDGE_CURVE ( 'NONE', #2195, #256, #2340, .T. ) ;
#3662 = DIRECTION ( 'NONE',  ( -0.000000000000000000, 0.000000000000000000, 1.000000000000000000 ) ) ;
#3663 = DIRECTION ( 'NONE',  ( -1.000000000000000000, -0.000000000000000000, -0.000000000000000000 ) ) ;
#3664 = CARTESIAN_POINT ( 'NONE',  ( 74.99999999999998579, -30.00000000000002842, -6.123233995736766282E-16 ) ) ;
#3665 = ORIENTED_EDGE ( 'NONE', *, *, #2559, .T. ) ;
#3666 = AXIS2_PLACEMENT_3D ( 'NONE', #6749, #3495, #244 ) ;
#3667 = ORIENTED_EDGE ( 'NONE', *, *, #4313, .F. ) ;
#3668 = DIRECTION ( 'NONE',  ( 1.000000000000000000, 0.000000000000000000, 0.000000000000000000 ) ) ;
#3669 = CARTESIAN_POINT ( 'NONE',  ( 59.99999999999997158, 71.99999999999998579, 2.000000000000000000 ) ) ;
#3670 = EDGE_CURVE ( 'NONE', #7149, #5809, #2961, .T. ) ;
#3671 = CARTESIAN_POINT ( 'NONE',  ( -75.00000000000002842, -23.00000000000000711, 2.000000000000000000 ) ) ;
#3672 = EDGE_CURVE ( 'NONE', #4569, #618, #5377, .T. ) ;
#3673 = VECTOR ( 'NONE', #1992, 1000.000000000000000 ) ;
#3674 = DIRECTION ( 'NONE',  ( -0.000000000000000000, -0.000000000000000000, -1.000000000000000000 ) ) ;
#3675 = ORIENTED_EDGE ( 'NONE', *, *, #456, .F. ) ;
#3676 = DIRECTION ( 'NONE',  ( -4.625929269271485322E-15, 0.000000000000000000, 1.000000000000000000 ) ) ;
#3677 = EDGE_LOOP ( 'NONE', ( #3717, #1566 ) ) ;
#3678 = EDGE_CURVE ( 'NONE', #5644, #8110, #4878, .T. ) ;
#3679 = CARTESIAN_POINT ( 'NONE',  ( 71.99999999999998579, -20.00000000000001776, -6.123233995736766282E-16 ) ) ;
#3680 = CARTESIAN_POINT ( 'NONE',  ( -72.00000000000002842, 21.99999999999997868, 5.000000000000000000 ) ) ;
#3681 = ORIENTED_EDGE ( 'NONE', *, *, #4923, .F. ) ;
#3682 = LINE ( 'NONE', #1806, #1780 ) ;
#3683 = ORIENTED_EDGE ( 'NONE', *, *, #2054, .F. ) ;
#3684 = CARTESIAN_POINT ( 'NONE',  ( -72.00000000000002842, -72.00000000000001421, 1.999999999999982236 ) ) ;
#3685 = VERTEX_POINT ( 'NONE', #6834 ) ;
#3686 = FACE_OUTER_BOUND ( 'NONE', #6693, .T. ) ;
#3687 = CARTESIAN_POINT ( 'NONE',  ( 14.99999999999996447, 71.99999999999998579, 2.000000000000000000 ) ) ;
#3688 = EDGE_LOOP ( 'NONE', ( #2575, #3113, #7406, #2944 ) ) ;
#3689 = ADVANCED_FACE ( 'NONE', ( #7931 ), #8011, .F. ) ;
#3690 = FACE_BOUND ( 'NONE', #7318, .T. ) ;
#3691 = ORIENTED_EDGE ( 'NONE', *, *, #3405, .T. ) ;
#3692 = AXIS2_PLACEMENT_3D ( 'NONE', #1911, #1364, #5784 ) ;
#3693 = FACE_OUTER_BOUND ( 'NONE', #6654, .T. ) ;
#3694 = ORIENTED_EDGE ( 'NONE', *, *, #3657, .F. ) ;
#3695 = CARTESIAN_POINT ( 'NONE',  ( 44.99999999999996447, 71.99999999999998579, 2.000000000000000000 ) ) ;
#3696 = ORIENTED_EDGE ( 'NONE', *, *, #2657, .T. ) ;
#3697 = CARTESIAN_POINT ( 'NONE',  ( 6.999999999999992006, -72.00000000000001421, 5.000000000000000000 ) ) ;
#3698 = ORIENTED_EDGE ( 'NONE', *, *, #8249, .F. ) ;
#3699 = DIRECTION ( 'NONE',  ( -4.625929269271485322E-15, -0.000000000000000000, 1.000000000000000000 ) ) ;
#3700 = VECTOR ( 'NONE', #4985, 1000.000000000000000 ) ;
#3701 = DIRECTION ( 'NONE',  ( 1.000000000000000000, 0.000000000000000000, 0.000000000000000000 ) ) ;
#3702 = VECTOR ( 'NONE', #7144, 1000.000000000000000 ) ;
#3703 = CARTESIAN_POINT ( 'NONE',  ( 72.00000000000000000, -72.00000000000001421, 1.999999999999982236 ) ) ;
#3705 = EDGE_CURVE ( 'NONE', #3864, #7237, #7386, .T. ) ;
#3704 = DIRECTION ( 'NONE',  ( -1.000000000000000000, -0.000000000000000000, -0.000000000000000000 ) ) ;
#3706 = ORIENTED_EDGE ( 'NONE', *, *, #94, .T. ) ;
#3707 = ORIENTED_EDGE ( 'NONE', *, *, #1019, .T. ) ;
#3708 = CARTESIAN_POINT ( 'NONE',  ( -10.00000000000002309, 71.99999999999998579, 2.000000000000000000 ) ) ;
#3709 = LINE ( 'NONE', #534, #6720 ) ;
#3710 = DIRECTION ( 'NONE',  ( -1.000000000000000000, -0.000000000000000000, -0.000000000000000000 ) ) ;
#3711 = AXIS2_PLACEMENT_3D ( 'NONE', #4364, #6906, #1319 ) ;
#3712 = CARTESIAN_POINT ( 'NONE',  ( -75.00000000000002842, 46.99999999999997868, 5.000000000000000000 ) ) ;
#3713 = EDGE_CURVE ( 'NONE', #3761, #3981, #956, .T. ) ;
#3714 = ORIENTED_EDGE ( 'NONE', *, *, #4486, .T. ) ;
#3715 = ADVANCED_FACE ( 'NONE', ( #1669 ), #1627, .F. ) ;
#3716 = DIRECTION ( 'NONE',  ( -1.000000000000000000, 0.000000000000000000, -4.625929269271485322E-15 ) ) ;
#3717 = ORIENTED_EDGE ( 'NONE', *, *, #5237, .F. ) ;
#3718 = DIRECTION ( 'NONE',  ( -0.000000000000000000, -4.625929269271485322E-15, 1.000000000000000000 ) ) ;
#3719 = CARTESIAN_POINT ( 'NONE',  ( -30.00000000000003908, 71.99999999999998579, 5.000000000000000000 ) ) ;
#3720 = ORIENTED_EDGE ( 'NONE', *, *, #1596, .T. ) ;
#3721 = ADVANCED_FACE ( 'NONE', ( #2838 ), #7302, .F. ) ;
#3722 = LINE ( 'NONE', #8144, #6165 ) ;
#3723 = ORIENTED_EDGE ( 'NONE', *, *, #1682, .T. ) ;
#3724 = DIRECTION ( 'NONE',  ( -0.000000000000000000, 0.000000000000000000, 1.000000000000000000 ) ) ;
#3725 = VERTEX_POINT ( 'NONE', #6125 ) ;
#3726 = DIRECTION ( 'NONE',  ( -1.000000000000000000, -0.000000000000000000, -0.000000000000000000 ) ) ;
#3727 = LINE ( 'NONE', #2562, #6311 ) ;
#3728 = LINE ( 'NONE', #7056, #6457 ) ;
#3729 = DIRECTION ( 'NONE',  ( -1.000000000000000000, -0.000000000000000000, -0.000000000000000000 ) ) ;
#3730 = ORIENTED_EDGE ( 'NONE', *, *, #3178, .T. ) ;
#3731 = EDGE_CURVE ( 'NONE', #3791, #4611, #5535, .T. ) ;
#3732 = CARTESIAN_POINT ( 'NONE',  ( -3.499999999999992895, 57.99999999999997868, 0.000000000000000000 ) ) ;
#3733 = VERTEX_POINT ( 'NONE', #290 ) ;
#3734 = LINE ( 'NONE', #3107, #2902 ) ;
#3735 = EDGE_LOOP ( 'NONE', ( #483, #4699, #3820, #8029 ) ) ;
#3736 = CARTESIAN_POINT ( 'NONE',  ( 1.899999999999997913, -57.99999999999997868, 5.000000000000000888 ) ) ;
#3737 = VECTOR ( 'NONE', #7351, 1000.000000000000000 ) ;
#3738 = ORIENTED_EDGE ( 'NONE', *, *, #813, .T. ) ;
#3739 = CARTESIAN_POINT ( 'NONE',  ( -8.000000000000014211, -72.00000000000001421, 5.000000000000000000 ) ) ;
#3740 = VECTOR ( 'NONE', #2184, 1000.000000000000000 ) ;
#3741 = CARTESIAN_POINT ( 'NONE',  ( -48.00000000000000711, -72.00000000000001421, 5.000000000000000000 ) ) ;
#3742 = CARTESIAN_POINT ( 'NONE',  ( -3.000000000000016431, -75.00000000000001421, 5.000000000000000000 ) ) ;
#3743 = DIRECTION ( 'NONE',  ( 0.000000000000000000, 0.000000000000000000, -1.000000000000000000 ) ) ;
#3744 = ORIENTED_EDGE ( 'NONE', *, *, #4879, .F. ) ;
#3745 = AXIS2_PLACEMENT_3D ( 'NONE', #1285, #6377, #1962 ) ;
#3746 = ORIENTED_EDGE ( 'NONE', *, *, #8164, .T. ) ;
#3747 = CARTESIAN_POINT ( 'NONE',  ( -52.99999999999999289, -72.00000000000001421, 1.999999999999982236 ) ) ;
#3748 = CARTESIAN_POINT ( 'NONE',  ( -72.00000000000002842, 71.99999999999998579, 2.000000000000000000 ) ) ;
#3749 = LINE ( 'NONE', #5040, #6935 ) ;
#3750 = EDGE_CURVE ( 'NONE', #6470, #1655, #6796, .T. ) ;
#3751 = AXIS2_PLACEMENT_3D ( 'NONE', #2875, #5406, #5480 ) ;
#3752 = CARTESIAN_POINT ( 'NONE',  ( -75.00000000000002842, 74.99999999999998579, 5.000000000000000000 ) ) ;
#3753 = VERTEX_POINT ( 'NONE', #6163 ) ;
#3754 = CARTESIAN_POINT ( 'NONE',  ( -75.00000000000002842, 71.99999999999998579, 2.000000000000000000 ) ) ;
#3755 = ORIENTED_EDGE ( 'NONE', *, *, #7496, .T. ) ;
#3756 = PLANE ( 'NONE',  #5899 ) ;
#3757 = ORIENTED_EDGE ( 'NONE', *, *, #4323, .F. ) ;
#3758 = DIRECTION ( 'NONE',  ( -1.000000000000000000, 0.000000000000000000, -4.625929269271485322E-15 ) ) ;
#3759 = EDGE_CURVE ( 'NONE', #3974, #6121, #6043, .T. ) ;
#3760 = EDGE_CURVE ( 'NONE', #7353, #5756, #7466, .T. ) ;
#3761 = VERTEX_POINT ( 'NONE', #1238 ) ;
#3762 = EDGE_CURVE ( 'NONE', #4561, #7181, #6953, .T. ) ;
#3763 = CARTESIAN_POINT ( 'NONE',  ( -50.00000000000002132, 74.99999999999998579, 2.000000000000000000 ) ) ;
#3764 = EDGE_LOOP ( 'NONE', ( #2864, #2482, #4929, #2820 ) ) ;
#3765 = PLANE ( 'NONE',  #1164 ) ;
#3766 = EDGE_LOOP ( 'NONE', ( #42, #7121, #2732, #1746 ) ) ;
#3767 = LINE ( 'NONE', #7482, #7776 ) ;
#3768 = CARTESIAN_POINT ( 'NONE',  ( -72.00000000000002842, 56.99999999999997868, 5.000000000000000000 ) ) ;
#3769 = FACE_OUTER_BOUND ( 'NONE', #170, .T. ) ;
#3770 = DIRECTION ( 'NONE',  ( -2.312964634635729250E-15, 0.000000000000000000, -1.000000000000000000 ) ) ;
#3771 = EDGE_CURVE ( 'NONE', #6622, #1090, #8131, .T. ) ;
#3772 = VERTEX_POINT ( 'NONE', #5126 ) ;
#3773 = STYLED_ITEM ( 'NONE', ( #6980 ), #1263 ) ;
#3774 = EDGE_CURVE ( 'NONE', #7451, #1500, #1120, .T. ) ;
#3775 = CARTESIAN_POINT ( 'NONE',  ( -75.00000000000002842, 71.99999999999998579, 2.000000000000000000 ) ) ;
#3776 = EDGE_LOOP ( 'NONE', ( #7355, #996, #2404, #3691 ) ) ;
#3777 = DIRECTION ( 'NONE',  ( -2.312964634635729250E-15, 0.000000000000000000, -1.000000000000000000 ) ) ;
#3778 = ORIENTED_EDGE ( 'NONE', *, *, #4674, .F. ) ;
#3779 = VECTOR ( 'NONE', #5402, 1000.000000000000000 ) ;
#3780 = VECTOR ( 'NONE', #2684, 1000.000000000000000 ) ;
#3781 = DIRECTION ( 'NONE',  ( -2.312964634635729250E-15, 0.000000000000000000, -1.000000000000000000 ) ) ;
#3782 = VECTOR ( 'NONE', #7173, 1000.000000000000000 ) ;
#3783 = ORIENTED_EDGE ( 'NONE', *, *, #6528, .T. ) ;
#3784 = LINE ( 'NONE', #3154, #1070 ) ;
#3785 = ADVANCED_FACE ( 'NONE', ( #7002 ), #3084, .F. ) ;
#3786 = VERTEX_POINT ( 'NONE', #6336 ) ;
#3787 = VECTOR ( 'NONE', #1447, 1000.000000000000000 ) ;
#3788 = CYLINDRICAL_SURFACE ( 'NONE', #4329, 1.600000000000004086 ) ;
#3789 = CARTESIAN_POINT ( 'NONE',  ( 71.99999999999998579, -2.831068712794149178E-14, -6.123233995736766282E-16 ) ) ;
#3790 = DIRECTION ( 'NONE',  ( 0.000000000000000000, 1.000000000000000000, 0.000000000000000000 ) ) ;
#3791 = VERTEX_POINT ( 'NONE', #31 ) ;
#3792 = LINE ( 'NONE', #2964, #5556 ) ;
#3793 = VERTEX_POINT ( 'NONE', #6913 ) ;
#3794 = DIRECTION ( 'NONE',  ( 0.000000000000000000, -1.000000000000000000, -1.226270043362915368E-16 ) ) ;
#3795 = CARTESIAN_POINT ( 'NONE',  ( 74.99999999999997158, 74.99999999999998579, 5.000000000000000000 ) ) ;
#3796 = VECTOR ( 'NONE', #2000, 1000.000000000000000 ) ;
#3797 = EDGE_CURVE ( 'NONE', #4996, #6542, #576, .T. ) ;
#3798 = CARTESIAN_POINT ( 'NONE',  ( 51.99999999999999289, -72.00000000000001421, 1.999999999999982236 ) ) ;
#3799 = VECTOR ( 'NONE', #2757, 1000.000000000000000 ) ;
#3800 = DIRECTION ( 'NONE',  ( 2.269055394249329430E-32, -1.226270043362915368E-16, 1.000000000000000000 ) ) ;
#3801 = VECTOR ( 'NONE', #3645, 1000.000000000000000 ) ;
#3802 = VERTEX_POINT ( 'NONE', #3126 ) ;
#3803 = CARTESIAN_POINT ( 'NONE',  ( 74.99999999999997158, 69.99999999999998579, -6.123233995736766282E-16 ) ) ;
#3804 = ORIENTED_EDGE ( 'NONE', *, *, #5478, .F. ) ;
#3805 = LINE ( 'NONE', #1840, #7104 ) ;
#3806 = DIRECTION ( 'NONE',  ( -0.000000000000000000, -1.000000000000000000, -0.000000000000000000 ) ) ;
#3807 = VECTOR ( 'NONE', #704, 1000.000000000000000 ) ;
#3808 = VERTEX_POINT ( 'NONE', #3798 ) ;
#3809 = DIRECTION ( 'NONE',  ( -2.312964634635729250E-15, 0.000000000000000000, -1.000000000000000000 ) ) ;
#3810 = ORIENTED_EDGE ( 'NONE', *, *, #3661, .T. ) ;
#3811 = DIRECTION ( 'NONE',  ( 0.000000000000000000, 0.000000000000000000, -1.000000000000000000 ) ) ;
#3812 = EDGE_CURVE ( 'NONE', #5447, #6546, #3749, .T. ) ;
#3813 = VERTEX_POINT ( 'NONE', #3671 ) ;
#3814 = LINE ( 'NONE', #636, #1647 ) ;
#3815 = FACE_OUTER_BOUND ( 'NONE', #5906, .T. ) ;
#3816 = CARTESIAN_POINT ( 'NONE',  ( -33.00000000000001421, -75.00000000000001421, 5.000000000000000000 ) ) ;
#3817 = CARTESIAN_POINT ( 'NONE',  ( 4.999999999999955591, 71.99999999999998579, 5.000000000000000000 ) ) ;
#3818 = VERTEX_POINT ( 'NONE', #1193 ) ;
#3819 = SURFACE_STYLE_USAGE ( .BOTH. , #4437 ) ;
#3820 = ORIENTED_EDGE ( 'NONE', *, *, #7071, .F. ) ;
#3821 = CARTESIAN_POINT ( 'NONE',  ( 71.99999999999997158, 54.99999999999997868, 5.000000000000000000 ) ) ;
#3822 = EDGE_CURVE ( 'NONE', #2382, #8047, #4499, .T. ) ;
#3823 = ORIENTED_EDGE ( 'NONE', *, *, #7435, .F. ) ;
#3824 = LINE ( 'NONE', #1313, #4043 ) ;
#3825 = ORIENTED_EDGE ( 'NONE', *, *, #6260, .F. ) ;
#3826 = CARTESIAN_POINT ( 'NONE',  ( 56.39999999999997726, -3.500000000000000000, 5.000000000000000888 ) ) ;
#3827 = ADVANCED_FACE ( 'NONE', ( #621 ), #6290, .F. ) ;
#3828 = VECTOR ( 'NONE', #323, 1000.000000000000000 ) ;
#3829 = VERTEX_POINT ( 'NONE', #4959 ) ;
#3830 = FACE_OUTER_BOUND ( 'NONE', #6405, .T. ) ;
#3831 = CARTESIAN_POINT ( 'NONE',  ( 19.99999999999997513, 71.99999999999998579, 2.000000000000000000 ) ) ;
#3832 = DIRECTION ( 'NONE',  ( 1.000000000000000000, 0.000000000000000000, 0.000000000000000000 ) ) ;
#3833 = ADVANCED_FACE ( 'NONE', ( #5080 ), #4333, .F. ) ;
#3834 = ORIENTED_EDGE ( 'NONE', *, *, #6155, .F. ) ;
#3835 = AXIS2_PLACEMENT_3D ( 'NONE', #7612, #1897, #4318 ) ;
#3836 = LINE ( 'NONE', #4253, #7567 ) ;
#3837 = VERTEX_POINT ( 'NONE', #5618 ) ;
#3838 = CARTESIAN_POINT ( 'NONE',  ( 71.99999999999997158, 71.99999999999998579, 2.000000000000000000 ) ) ;
#3839 = CARTESIAN_POINT ( 'NONE',  ( -72.00000000000002842, 21.99999999999997868, 2.000000000000000000 ) ) ;
#3840 = CARTESIAN_POINT ( 'NONE',  ( -72.00000000000002842, 26.99999999999998224, 5.000000000000000000 ) ) ;
#3841 = VECTOR ( 'NONE', #3056, 1000.000000000000000 ) ;
#3842 = CARTESIAN_POINT ( 'NONE',  ( -5.000000000000039080, 74.99999999999998579, 5.000000000000000000 ) ) ;
#3843 = ADVANCED_FACE ( 'NONE', ( #662 ), #2586, .F. ) ;
#3844 = ORIENTED_EDGE ( 'NONE', *, *, #7427, .F. ) ;
#3845 = LINE ( 'NONE', #748, #6987 ) ;
#3846 = AXIS2_PLACEMENT_3D ( 'NONE', #3937, #5220, #3391 ) ;
#3847 = DIRECTION ( 'NONE',  ( -1.000000000000000000, 0.000000000000000000, 2.312964634635729250E-15 ) ) ;
#3848 = DIRECTION ( 'NONE',  ( -4.625929269271458501E-15, -0.000000000000000000, 1.000000000000000000 ) ) ;
#3849 = ORIENTED_EDGE ( 'NONE', *, *, #7654, .F. ) ;
#3850 = VECTOR ( 'NONE', #5901, 1000.000000000000000 ) ;
#3851 = ORIENTED_EDGE ( 'NONE', *, *, #454, .F. ) ;
#3852 = VERTEX_POINT ( 'NONE', #5703 ) ;
#3853 = PLANE ( 'NONE',  #2640 ) ;
#3854 = VERTEX_POINT ( 'NONE', #2502 ) ;
#3855 = CARTESIAN_POINT ( 'NONE',  ( 49.99999999999996447, 71.99999999999998579, 5.000000000000000000 ) ) ;
#3856 = CARTESIAN_POINT ( 'NONE',  ( 71.99999999999998579, 24.99999999999998224, 1.999999999999994449 ) ) ;
#3857 = CARTESIAN_POINT ( 'NONE',  ( -72.00000000000002842, -23.00000000000000711, 2.000000000000000000 ) ) ;
#3858 = ORIENTED_EDGE ( 'NONE', *, *, #37, .F. ) ;
#3859 = EDGE_CURVE ( 'NONE', #5139, #5973, #8175, .T. ) ;
#3860 = ORIENTED_EDGE ( 'NONE', *, *, #2911, .T. ) ;
#3861 = LINE ( 'NONE', #6398, #1028 ) ;
#3862 = ORIENTED_EDGE ( 'NONE', *, *, #1659, .T. ) ;
#3863 = CARTESIAN_POINT ( 'NONE',  ( 71.99999999999997158, 69.99999999999998579, 2.000000000000000000 ) ) ;
#3864 = VERTEX_POINT ( 'NONE', #2462 ) ;
#3865 = CARTESIAN_POINT ( 'NONE',  ( -75.00000000000002842, -75.00000000000001421, 5.000000000000000000 ) ) ;
#3866 = VERTEX_POINT ( 'NONE', #5002 ) ;
#3867 = EDGE_CURVE ( 'NONE', #4277, #7501, #7675, .T. ) ;
#3868 = PLANE ( 'NONE',  #7938 ) ;
#3869 = ADVANCED_FACE ( 'NONE', ( #4372 ), #7628, .F. ) ;
#3870 = CARTESIAN_POINT ( 'NONE',  ( 74.99999999999997158, 74.99999999999998579, 5.000000000000000000 ) ) ;
#3871 = LINE ( 'NONE', #4491, #5112 ) ;
#3872 = ORIENTED_EDGE ( 'NONE', *, *, #2887, .F. ) ;
#3873 = CARTESIAN_POINT ( 'NONE',  ( 72.00000000000000000, -72.00000000000001421, 0.000000000000000000 ) ) ;
#3874 = ORIENTED_EDGE ( 'NONE', *, *, #5154, .F. ) ;
#3875 = LINE ( 'NONE', #6412, #7014 ) ;
#3876 = AXIS2_PLACEMENT_3D ( 'NONE', #600, #2608, #7057 ) ;
#3877 = CARTESIAN_POINT ( 'NONE',  ( -4.163336342344337027E-14, 74.99999999999998579, 5.000000000000000000 ) ) ;
#3878 = LINE ( 'NONE', #5786, #7618 ) ;
#3879 = EDGE_CURVE ( 'NONE', #5426, #3145, #782, .T. ) ;
#3880 = DIRECTION ( 'NONE',  ( -1.000000000000000000, -1.850371707708594070E-16, 0.000000000000000000 ) ) ;
#3881 = AXIS2_PLACEMENT_3D ( 'NONE', #5794, #751, #7851 ) ;
#3882 = ORIENTED_EDGE ( 'NONE', *, *, #1614, .F. ) ;
#3883 = DIRECTION ( 'NONE',  ( 1.000000000000000000, 0.000000000000000000, -0.000000000000000000 ) ) ;
#3884 = LINE ( 'NONE', #1967, #7116 ) ;
#3885 = CARTESIAN_POINT ( 'NONE',  ( 71.99999999999998579, 24.99999999999998224, 5.000000000000000000 ) ) ;
#3886 = DIRECTION ( 'NONE',  ( 0.000000000000000000, -0.000000000000000000, -1.000000000000000000 ) ) ;
#3887 = VECTOR ( 'NONE', #7330, 1000.000000000000000 ) ;
#3888 = EDGE_CURVE ( 'NONE', #6569, #3791, #1412, .T. ) ;
#3889 = VERTEX_POINT ( 'NONE', #1453 ) ;
#3890 = VECTOR ( 'NONE', #7714, 1000.000000000000000 ) ;
#3891 = ORIENTED_EDGE ( 'NONE', *, *, #3468, .T. ) ;
#3892 = ORIENTED_EDGE ( 'NONE', *, *, #4568, .F. ) ;
#3893 = PLANE ( 'NONE',  #2773 ) ;
#3894 = PLANE ( 'NONE',  #4236 ) ;
#3895 = CARTESIAN_POINT ( 'NONE',  ( 75.00000000000000000, -70.00000000000002842, 5.000000000000000000 ) ) ;
#3896 = CARTESIAN_POINT ( 'NONE',  ( -72.00000000000002842, -8.000000000000028422, 2.000000000000000000 ) ) ;
#3897 = ORIENTED_EDGE ( 'NONE', *, *, #444, .F. ) ;
#3898 = SURFACE_STYLE_FILL_AREA ( #765 ) ;
#3899 = ORIENTED_EDGE ( 'NONE', *, *, #283, .T. ) ;
#3900 = CARTESIAN_POINT ( 'NONE',  ( -75.00000000000002842, 6.999999999999978684, 5.000000000000000000 ) ) ;
#3901 = VERTEX_POINT ( 'NONE', #3919 ) ;
#3902 = PLANE ( 'NONE',  #6434 ) ;
#3903 = ORIENTED_EDGE ( 'NONE', *, *, #4923, .T. ) ;
#3904 = DIRECTION ( 'NONE',  ( 0.000000000000000000, -0.000000000000000000, -1.000000000000000000 ) ) ;
#3905 = VECTOR ( 'NONE', #4982, 1000.000000000000000 ) ;
#3906 = ORIENTED_EDGE ( 'NONE', *, *, #3670, .F. ) ;
#3907 = CARTESIAN_POINT ( 'NONE',  ( 71.99999999999998579, 14.99999999999998579, 1.999999999999993117 ) ) ;
#3908 = VECTOR ( 'NONE', #739, 1000.000000000000000 ) ;
#3909 = VECTOR ( 'NONE', #6423, 1000.000000000000000 ) ;
#3910 = CARTESIAN_POINT ( 'NONE',  ( -75.00000000000002842, 74.99999999999998579, 5.000000000000000000 ) ) ;
#3911 = DIRECTION ( 'NONE',  ( -0.000000000000000000, 1.000000000000000000, -0.000000000000000000 ) ) ;
#3912 = ORIENTED_EDGE ( 'NONE', *, *, #106, .F. ) ;
#3913 = DIRECTION ( 'NONE',  ( -1.000000000000000000, -0.000000000000000000, -0.000000000000000000 ) ) ;
#3914 = EDGE_CURVE ( 'NONE', #356, #4561, #7128, .T. ) ;
#3915 = VERTEX_POINT ( 'NONE', #6585 ) ;
#3916 = EDGE_CURVE ( 'NONE', #5176, #7644, #3415, .T. ) ;
#3917 = CARTESIAN_POINT ( 'NONE',  ( -72.00000000000002842, 66.99999999999997158, 5.000000000000000000 ) ) ;
#3918 = LINE ( 'NONE', #6456, #7468 ) ;
#3919 = CARTESIAN_POINT ( 'NONE',  ( -72.00000000000002842, 6.999999999999978684, 5.000000000000000000 ) ) ;
#3920 = VECTOR ( 'NONE', #1459, 1000.000000000000000 ) ;
#3921 = DIRECTION ( 'NONE',  ( -0.000000000000000000, 1.000000000000000000, -0.000000000000000000 ) ) ;
#3922 = VECTOR ( 'NONE', #5124, 1000.000000000000000 ) ;
#3923 = ORIENTED_EDGE ( 'NONE', *, *, #4160, .T. ) ;
#3924 = EDGE_CURVE ( 'NONE', #2897, #5675, #4623, .T. ) ;
#3925 = DIRECTION ( 'NONE',  ( -1.000000000000000000, -0.000000000000000000, -0.000000000000000000 ) ) ;
#3926 = DIRECTION ( 'NONE',  ( -0.000000000000000000, -4.625929269271485322E-15, 1.000000000000000000 ) ) ;
#3927 = DIRECTION ( 'NONE',  ( 1.000000000000000000, 1.850371707708594070E-16, 0.000000000000000000 ) ) ;
#3928 = AXIS2_PLACEMENT_3D ( 'NONE', #7260, #914, #288 ) ;
#3929 = DIRECTION ( 'NONE',  ( 1.914177628664063128E-16, -1.000000000000000000, -1.226270043362915368E-16 ) ) ;
#3930 = EDGE_CURVE ( 'NONE', #6206, #4974, #1497, .T. ) ;
#3931 = ORIENTED_EDGE ( 'NONE', *, *, #160, .F. ) ;
#3932 = ORIENTED_EDGE ( 'NONE', *, *, #7329, .F. ) ;
#3933 = EDGE_LOOP ( 'NONE', ( #7141, #4921, #4106, #3932 ) ) ;
#3934 = EDGE_LOOP ( 'NONE', ( #1484, #3226, #6303, #6039 ) ) ;
#3935 = LINE ( 'NONE', #89, #5301 ) ;
#3936 = ADVANCED_FACE ( 'NONE', ( #5866 ), #6541, .F. ) ;
#3937 = CARTESIAN_POINT ( 'NONE',  ( 57.99999999999997868, -3.500000000000000000, 5.000000000000000888 ) ) ;
#3938 = VECTOR ( 'NONE', #405, 1000.000000000000000 ) ;
#3939 = CARTESIAN_POINT ( 'NONE',  ( 7.000000000000006217, -72.00000000000001421, 1.999999999999982236 ) ) ;
#3940 = CARTESIAN_POINT ( 'NONE',  ( -10.00000000000003730, 71.99999999999998579, 5.000000000000000000 ) ) ;
#3941 = ORIENTED_EDGE ( 'NONE', *, *, #3195, .F. ) ;
#3942 = DIRECTION ( 'NONE',  ( 1.000000000000000000, 0.000000000000000000, 0.000000000000000000 ) ) ;
#3943 = EDGE_LOOP ( 'NONE', ( #1178, #2988, #6948, #4810 ) ) ;
#3944 = CARTESIAN_POINT ( 'NONE',  ( 74.99999999999998579, -2.775557561562891351E-14, 1.999999999999991340 ) ) ;
#3945 = ADVANCED_FACE ( 'NONE', ( #4042 ), #5289, .T. ) ;
#3946 = VERTEX_POINT ( 'NONE', #157 ) ;
#3947 = FACE_OUTER_BOUND ( 'NONE', #61, .T. ) ;
#3948 = ORIENTED_EDGE ( 'NONE', *, *, #5136, .T. ) ;
#3949 = ORIENTED_EDGE ( 'NONE', *, *, #1172, .T. ) ;
#3950 = DIRECTION ( 'NONE',  ( 1.000000000000000000, 1.850371707708594070E-16, 0.000000000000000000 ) ) ;
#3951 = DIRECTION ( 'NONE',  ( -2.312964634635729250E-15, 0.000000000000000000, -1.000000000000000000 ) ) ;
#3952 = FACE_OUTER_BOUND ( 'NONE', #4434, .T. ) ;
#3953 = VERTEX_POINT ( 'NONE', #76 ) ;
#3954 = CARTESIAN_POINT ( 'NONE',  ( 71.99999999999997158, 71.99999999999998579, 2.000000000000000000 ) ) ;
#3955 = ORIENTED_EDGE ( 'NONE', *, *, #2794, .F. ) ;
#3956 = DIRECTION ( 'NONE',  ( 0.000000000000000000, -0.000000000000000000, 1.000000000000000000 ) ) ;
#3957 = CARTESIAN_POINT ( 'NONE',  ( -13.00000000000001066, -72.00000000000001421, 5.000000000000000000 ) ) ;
#3958 = CARTESIAN_POINT ( 'NONE',  ( -48.00000000000000711, -72.00000000000001421, 5.000000000000000000 ) ) ;
#3959 = VERTEX_POINT ( 'NONE', #3958 ) ;
#3960 = EDGE_CURVE ( 'NONE', #8036, #8137, #7800, .T. ) ;
#3961 = CARTESIAN_POINT ( 'NONE',  ( -75.00000000000002842, 74.99999999999998579, 2.000000000000000000 ) ) ;
#3962 = DIRECTION ( 'NONE',  ( -1.000000000000000000, -1.850371707708594316E-16, 0.000000000000000000 ) ) ;
#3963 = ORIENTED_EDGE ( 'NONE', *, *, #7388, .F. ) ;
#3964 = PLANE ( 'NONE',  #590 ) ;
#3965 = DIRECTION ( 'NONE',  ( 0.000000000000000000, 0.000000000000000000, 1.000000000000000000 ) ) ;
#3966 = CARTESIAN_POINT ( 'NONE',  ( -72.00000000000002842, 36.99999999999997868, 5.000000000000000000 ) ) ;
#3967 = DIRECTION ( 'NONE',  ( -0.000000000000000000, 0.000000000000000000, 1.000000000000000000 ) ) ;
#3968 = VECTOR ( 'NONE', #6689, 1000.000000000000000 ) ;
#3969 = ORIENTED_EDGE ( 'NONE', *, *, #1425, .T. ) ;
#3970 = EDGE_CURVE ( 'NONE', #8159, #7829, #7839, .T. ) ;
#3971 = ORIENTED_EDGE ( 'NONE', *, *, #6566, .F. ) ;
#3972 = EDGE_CURVE ( 'NONE', #4685, #1958, #3878, .T. ) ;
#3973 = VECTOR ( 'NONE', #1085, 1000.000000000000000 ) ;
#3974 = VERTEX_POINT ( 'NONE', #7082 ) ;
#3975 = ORIENTED_EDGE ( 'NONE', *, *, #5136, .F. ) ;
#3976 = FACE_OUTER_BOUND ( 'NONE', #1443, .T. ) ;
#3977 = CARTESIAN_POINT ( 'NONE',  ( -72.00000000000002842, 21.99999999999997868, 5.000000000000000000 ) ) ;
#3978 = DIRECTION ( 'NONE',  ( -0.000000000000000000, -4.625929269271485322E-15, 1.000000000000000000 ) ) ;
#3979 = LINE ( 'NONE', #174, #6404 ) ;
#3980 = AXIS2_PLACEMENT_3D ( 'NONE', #1404, #5158, #3280 ) ;
#3981 = VERTEX_POINT ( 'NONE', #2041 ) ;
#3982 = EDGE_CURVE ( 'NONE', #2236, #1857, #7210, .T. ) ;
#3983 = LINE ( 'NONE', #969, #5886 ) ;
#3984 = EDGE_LOOP ( 'NONE', ( #5276, #7422, #630, #112 ) ) ;
#3985 = LINE ( 'NONE', #4027, #1699 ) ;
#3986 = ORIENTED_EDGE ( 'NONE', *, *, #4516, .T. ) ;
#3987 = DIRECTION ( 'NONE',  ( -0.000000000000000000, 1.000000000000000000, -0.000000000000000000 ) ) ;
#3988 = ORIENTED_EDGE ( 'NONE', *, *, #5027, .F. ) ;
#3989 = ORIENTED_EDGE ( 'NONE', *, *, #6023, .T. ) ;
#3990 = EDGE_CURVE ( 'NONE', #14, #5631, #6415, .T. ) ;
#3991 = PLANE ( 'NONE',  #6468 ) ;
#3992 = LINE ( 'NONE', #6532, #3850 ) ;
#3993 = FACE_OUTER_BOUND ( 'NONE', #7625, .T. ) ;
#3994 = ORIENTED_EDGE ( 'NONE', *, *, #4740, .T. ) ;
#3995 = DIRECTION ( 'NONE',  ( -0.000000000000000000, 0.000000000000000000, 1.000000000000000000 ) ) ;
#3996 = ORIENTED_EDGE ( 'NONE', *, *, #1824, .F. ) ;
#3997 = LINE ( 'NONE', #7252, #6347 ) ;
#3998 = CARTESIAN_POINT ( 'NONE',  ( -72.00000000000002842, -48.00000000000002132, 2.000000000000000000 ) ) ;
#3999 = CARTESIAN_POINT ( 'NONE',  ( -72.00000000000002842, -63.00000000000000000, 2.000000000000000000 ) ) ;
#4000 = ORIENTED_EDGE ( 'NONE', *, *, #860, .F. ) ;
#4001 = FACE_OUTER_BOUND ( 'NONE', #7748, .T. ) ;
#4002 = PLANE ( 'NONE',  #2051 ) ;
#4003 = ORIENTED_EDGE ( 'NONE', *, *, #3146, .F. ) ;
#4004 = DIRECTION ( 'NONE',  ( -1.850371707708594070E-16, 1.000000000000000000, 0.000000000000000000 ) ) ;
#4005 = DIRECTION ( 'NONE',  ( -0.000000000000000000, 1.000000000000000000, -0.000000000000000000 ) ) ;
#4006 = AXIS2_PLACEMENT_3D ( 'NONE', #2658, #3904, #6444 ) ;
#4007 = EDGE_CURVE ( 'NONE', #3793, #4366, #826, .T. ) ;
#4008 = CARTESIAN_POINT ( 'NONE',  ( -60.00000000000004263, 74.99999999999998579, 5.000000000000000000 ) ) ;
#4009 = DIRECTION ( 'NONE',  ( -0.000000000000000000, -1.000000000000000000, -0.000000000000000000 ) ) ;
#4010 = AXIS2_PLACEMENT_3D ( 'NONE', #7527, #5431, #429 ) ;
#4011 = ORIENTED_EDGE ( 'NONE', *, *, #5104, .T. ) ;
#4012 = VERTEX_POINT ( 'NONE', #2708 ) ;
#4013 = EDGE_LOOP ( 'NONE', ( #7957, #6772, #6179, #841 ) ) ;
#4014 = ORIENTED_EDGE ( 'NONE', *, *, #1463, .F. ) ;
#4015 = LINE ( 'NONE', #5715, #7170 ) ;
#4016 = FACE_OUTER_BOUND ( 'NONE', #2530, .T. ) ;
#4017 = AXIS2_PLACEMENT_3D ( 'NONE', #1758, #5710, #2510 ) ;
#4018 = ADVANCED_FACE ( 'NONE', ( #5206 ), #5247, .F. ) ;
#4019 = CARTESIAN_POINT ( 'NONE',  ( 71.99999999999997158, 64.99999999999998579, 5.000000000000000000 ) ) ;
#4020 = EDGE_CURVE ( 'NONE', #188, #3633, #2752, .T. ) ;
#4021 = LINE ( 'NONE', #4064, #7605 ) ;
#4022 = EDGE_CURVE ( 'NONE', #2178, #972, #6497, .T. ) ;
#4023 = EDGE_LOOP ( 'NONE', ( #2844, #4588, #1629, #146 ) ) ;
#4024 = VECTOR ( 'NONE', #2126, 1000.000000000000000 ) ;
#4025 = LINE ( 'NONE', #2228, #6427 ) ;
#4026 = ORIENTED_EDGE ( 'NONE', *, *, #1985, .F. ) ;
#4027 = CARTESIAN_POINT ( 'NONE',  ( -13.00000000000001066, -72.00000000000001421, 5.000000000000000000 ) ) ;
#4028 = ORIENTED_EDGE ( 'NONE', *, *, #4880, .T. ) ;
#4029 = CARTESIAN_POINT ( 'NONE',  ( -75.00000000000002842, -75.00000000000001421, 5.000000000000000000 ) ) ;
#4030 = VERTEX_POINT ( 'NONE', #5526 ) ;
#4031 = EDGE_CURVE ( 'NONE', #4180, #1991, #8080, .T. ) ;
#4032 = EDGE_CURVE ( 'NONE', #1433, #5965, #2285, .T. ) ;
#4033 = ORIENTED_EDGE ( 'NONE', *, *, #2388, .T. ) ;
#4034 = CARTESIAN_POINT ( 'NONE',  ( 71.99999999999998579, -2.831068712794149178E-14, -6.123233995736766282E-16 ) ) ;
#4035 = FACE_OUTER_BOUND ( 'NONE', #4013, .T. ) ;
#4036 = DIRECTION ( 'NONE',  ( 1.000000000000000000, 0.000000000000000000, 0.000000000000000000 ) ) ;
#4037 = VERTEX_POINT ( 'NONE', #7253 ) ;
#4038 = LINE ( 'NONE', #6453, #975 ) ;
#4039 = VERTEX_POINT ( 'NONE', #4746 ) ;
#4040 = EDGE_CURVE ( 'NONE', #3289, #4037, #4158, .T. ) ;
#4041 = LINE ( 'NONE', #7166, #1692 ) ;
#4042 = FACE_OUTER_BOUND ( 'NONE', #4624, .T. ) ;
#4043 = VECTOR ( 'NONE', #1858, 1000.000000000000000 ) ;
#4044 = CIRCLE ( 'NONE', #437, 1.600000000000004086 ) ;
#4045 = PLANE ( 'NONE',  #2073 ) ;
#4046 = FACE_OUTER_BOUND ( 'NONE', #3150, .T. ) ;
#4047 = ORIENTED_EDGE ( 'NONE', *, *, #193, .F. ) ;
#4048 = EDGE_CURVE ( 'NONE', #7198, #5564, #2912, .T. ) ;
#4049 = VECTOR ( 'NONE', #7317, 1000.000000000000000 ) ;
#4050 = DIRECTION ( 'NONE',  ( 4.625929269271458501E-15, 0.000000000000000000, -1.000000000000000000 ) ) ;
#4051 = VECTOR ( 'NONE', #5959, 1000.000000000000000 ) ;
#4052 = DIRECTION ( 'NONE',  ( -0.000000000000000000, -1.000000000000000000, -0.000000000000000000 ) ) ;
#4053 = AXIS2_PLACEMENT_3D ( 'NONE', #1232, #3790, #2995 ) ;
#4054 = CARTESIAN_POINT ( 'NONE',  ( -3.000000000000016431, -72.00000000000001421, 5.000000000000000000 ) ) ;
#4055 = CARTESIAN_POINT ( 'NONE',  ( -72.00000000000002842, -43.00000000000000711, 2.000000000000000000 ) ) ;
#4056 = ORIENTED_EDGE ( 'NONE', *, *, #96, .T. ) ;
#4057 = VECTOR ( 'NONE', #3965, 1000.000000000000000 ) ;
#4058 = ORIENTED_EDGE ( 'NONE', *, *, #3658, .F. ) ;
#4059 = ORIENTED_EDGE ( 'NONE', *, *, #8138, .F. ) ;
#4060 = DIRECTION ( 'NONE',  ( -1.000000000000000000, 0.000000000000000000, 0.000000000000000000 ) ) ;
#4061 = PLANE ( 'NONE',  #5607 ) ;
#4062 = CARTESIAN_POINT ( 'NONE',  ( 74.99999999999998579, -20.00000000000001776, 1.999999999999989120 ) ) ;
#4063 = FACE_OUTER_BOUND ( 'NONE', #6159, .T. ) ;
#4064 = CARTESIAN_POINT ( 'NONE',  ( -75.00000000000002842, 71.99999999999998579, 2.000000000000000000 ) ) ;
#4065 = ORIENTED_EDGE ( 'NONE', *, *, #1146, .T. ) ;
#4066 = VECTOR ( 'NONE', #8218, 1000.000000000000000 ) ;
#4067 = EDGE_CURVE ( 'NONE', #8193, #3829, #908, .T. ) ;
#4068 = CARTESIAN_POINT ( 'NONE',  ( 41.99999999999999289, -75.00000000000001421, 5.000000000000000000 ) ) ;
#4069 = ORIENTED_EDGE ( 'NONE', *, *, #6967, .T. ) ;
#4070 = AXIS2_PLACEMENT_3D ( 'NONE', #4586, #7841, #3373 ) ;
#4071 = CARTESIAN_POINT ( 'NONE',  ( -75.00000000000002842, -63.00000000000001421, 5.000000000000000000 ) ) ;
#4072 = ORIENTED_EDGE ( 'NONE', *, *, #5003, .F. ) ;
#4073 = FACE_OUTER_BOUND ( 'NONE', #7408, .T. ) ;
#4074 = ORIENTED_EDGE ( 'NONE', *, *, #7343, .F. ) ;
#4075 = VECTOR ( 'NONE', #3950, 1000.000000000000000 ) ;
#4076 = ORIENTED_EDGE ( 'NONE', *, *, #5042, .F. ) ;
#4077 = EDGE_CURVE ( 'NONE', #4337, #4180, #6703, .T. ) ;
#4078 = CARTESIAN_POINT ( 'NONE',  ( -18.00000000000001066, -75.00000000000001421, 5.000000000000000000 ) ) ;
#4079 = DIRECTION ( 'NONE',  ( -1.000000000000000000, -0.000000000000000000, -0.000000000000000000 ) ) ;
#4080 = CARTESIAN_POINT ( 'NONE',  ( -75.00000000000002842, 16.99999999999999289, 2.000000000000000000 ) ) ;
#4081 = ORIENTED_EDGE ( 'NONE', *, *, #3425, .F. ) ;
#4082 = ADVANCED_FACE ( 'NONE', ( #4868 ), #1657, .F. ) ;
#4083 = DIRECTION ( 'NONE',  ( 1.000000000000000000, 1.850371707708594070E-16, -0.000000000000000000 ) ) ;
#4084 = VERTEX_POINT ( 'NONE', #3617 ) ;
#4085 = PLANE ( 'NONE',  #4094 ) ;
#4086 = CARTESIAN_POINT ( 'NONE',  ( 34.99999999999995737, 71.99999999999998579, 2.000000000000000000 ) ) ;
#4087 = EDGE_CURVE ( 'NONE', #197, #7133, #1069, .T. ) ;
#4088 = DIRECTION ( 'NONE',  ( 0.000000000000000000, 0.000000000000000000, -1.000000000000000000 ) ) ;
#4089 = CARTESIAN_POINT ( 'NONE',  ( 26.99999999999998934, -75.00000000000001421, 5.000000000000000000 ) ) ;
#4090 = VERTEX_POINT ( 'NONE', #282 ) ;
#4091 = FACE_OUTER_BOUND ( 'NONE', #7011, .T. ) ;
#4092 = FACE_OUTER_BOUND ( 'NONE', #2859, .T. ) ;
#4093 = CARTESIAN_POINT ( 'NONE',  ( -72.00000000000002842, -72.00000000000001421, 1.999999999999982236 ) ) ;
#4094 = AXIS2_PLACEMENT_3D ( 'NONE', #4120, #6663, #7328 ) ;
#4095 = ORIENTED_EDGE ( 'NONE', *, *, #3296, .F. ) ;
#4096 = ADVANCED_FACE ( 'NONE', ( #1700 ), #6747, .F. ) ;
#4097 = VERTEX_POINT ( 'NONE', #7962 ) ;
#4098 = DIRECTION ( 'NONE',  ( -2.312964634635729250E-15, 0.000000000000000000, -1.000000000000000000 ) ) ;
#4099 = CARTESIAN_POINT ( 'NONE',  ( 59.59999999999998721, -3.500000000000000000, 5.000000000000000888 ) ) ;
#4100 = VECTOR ( 'NONE', #6059, 1000.000000000000000 ) ;
#4101 = CARTESIAN_POINT ( 'NONE',  ( -75.00000000000002842, 74.99999999999998579, 5.000000000000000000 ) ) ;
#4102 = FACE_OUTER_BOUND ( 'NONE', #4472, .T. ) ;
#4103 = ORIENTED_EDGE ( 'NONE', *, *, #4436, .F. ) ;
#4104 = VECTOR ( 'NONE', #2804, 1000.000000000000000 ) ;
#4105 = FACE_OUTER_BOUND ( 'NONE', #3515, .T. ) ;
#4106 = ORIENTED_EDGE ( 'NONE', *, *, #1162, .F. ) ;
#4107 = CARTESIAN_POINT ( 'NONE',  ( 72.00000000000000000, -55.00000000000002132, 5.000000000000000000 ) ) ;
#4108 = ORIENTED_EDGE ( 'NONE', *, *, #2400, .F. ) ;
#4109 = CARTESIAN_POINT ( 'NONE',  ( -72.00000000000002842, -38.00000000000002842, 2.000000000000000000 ) ) ;
#4110 = ORIENTED_EDGE ( 'NONE', *, *, #2334, .F. ) ;
#4111 = AXIS2_PLACEMENT_3D ( 'NONE', #4284, #2332, #6789 ) ;
#4112 = EDGE_CURVE ( 'NONE', #4492, #1141, #7370, .T. ) ;
#4113 = ORIENTED_EDGE ( 'NONE', *, *, #6793, .T. ) ;
#4114 = CARTESIAN_POINT ( 'NONE',  ( 74.99999999999997158, 44.99999999999998579, 5.000000000000000000 ) ) ;
#4115 = CARTESIAN_POINT ( 'NONE',  ( -72.00000000000002842, -58.00000000000001421, 5.000000000000000000 ) ) ;
#4116 = LINE ( 'NONE', #3410, #8042 ) ;
#4117 = VERTEX_POINT ( 'NONE', #990 ) ;
#4118 = CARTESIAN_POINT ( 'NONE',  ( 75.00000000000000000, -50.00000000000001421, -6.123233995736766282E-16 ) ) ;
#4119 = VERTEX_POINT ( 'NONE', #7923 ) ;
#4120 = CARTESIAN_POINT ( 'NONE',  ( -75.00000000000002842, 71.99999999999998579, 2.000000000000000000 ) ) ;
#4121 = EDGE_CURVE ( 'NONE', #2764, #1898, #2209, .T. ) ;
#4122 = DIRECTION ( 'NONE',  ( -2.312964634635729250E-15, 0.000000000000000000, -1.000000000000000000 ) ) ;
#4123 = EDGE_CURVE ( 'NONE', #161, #3289, #1578, .T. ) ;
#4124 = DIRECTION ( 'NONE',  ( 0.000000000000000000, -1.000000000000000000, -1.226270043362915368E-16 ) ) ;
#4125 = LINE ( 'NONE', #4205, #8104 ) ;
#4126 = CARTESIAN_POINT ( 'NONE',  ( -75.00000000000002842, -3.000000000000016431, 5.000000000000000000 ) ) ;
#4127 = EDGE_LOOP ( 'NONE', ( #7562, #5722, #4483, #2271 ) ) ;
#4128 = DIRECTION ( 'NONE',  ( -1.000000000000000000, 0.000000000000000000, 0.000000000000000000 ) ) ;
#4129 = CARTESIAN_POINT ( 'NONE',  ( 11.99999999999998934, -72.00000000000001421, 5.000000000000000000 ) ) ;
#4130 = ADVANCED_FACE ( 'NONE', ( #6074 ), #6115, .F. ) ;
#4131 = LINE ( 'NONE', #7971, #415 ) ;
#4132 = ADVANCED_FACE ( 'NONE', ( #2949 ), #6032, .F. ) ;
#4133 = EDGE_LOOP ( 'NONE', ( #2795, #469, #671, #7614 ) ) ;
#4134 = VECTOR ( 'NONE', #5067, 1000.000000000000000 ) ;
#4135 = ORIENTED_EDGE ( 'NONE', *, *, #2181, .F. ) ;
#4136 = CARTESIAN_POINT ( 'NONE',  ( 72.00000000000000000, -40.00000000000002132, 5.000000000000000000 ) ) ;
#4137 = LINE ( 'NONE', #6681, #3483 ) ;
#4138 = EDGE_CURVE ( 'NONE', #7198, #672, #8039, .T. ) ;
#4139 = DIRECTION ( 'NONE',  ( 0.000000000000000000, 4.625929269271485322E-15, -1.000000000000000000 ) ) ;
#4140 = CARTESIAN_POINT ( 'NONE',  ( 71.99999999999998579, -20.00000000000001776, 5.000000000000000000 ) ) ;
#4141 = VECTOR ( 'NONE', #3566, 1000.000000000000000 ) ;
#4142 = EDGE_LOOP ( 'NONE', ( #1448, #3437, #3851, #2086 ) ) ;
#4143 = CARTESIAN_POINT ( 'NONE',  ( -4.163336342344337027E-14, 71.99999999999998579, 5.000000000000000000 ) ) ;
#4144 = VECTOR ( 'NONE', #8269, 1000.000000000000000 ) ;
#4145 = ORIENTED_EDGE ( 'NONE', *, *, #2939, .F. ) ;
#4146 = CARTESIAN_POINT ( 'NONE',  ( -75.00000000000002842, 74.99999999999998579, 5.000000000000000000 ) ) ;
#4147 = EDGE_LOOP ( 'NONE', ( #2292, #3757, #4677, #8181 ) ) ;
#4148 = CARTESIAN_POINT ( 'NONE',  ( 9.999999999999980460, 74.99999999999998579, 2.000000000000000000 ) ) ;
#4149 = DIRECTION ( 'NONE',  ( 2.269055394249329430E-32, -1.226270043362915368E-16, 1.000000000000000000 ) ) ;
#4150 = CARTESIAN_POINT ( 'NONE',  ( -72.00000000000002842, 71.99999999999998579, 5.000000000000000000 ) ) ;
#4151 = VERTEX_POINT ( 'NONE', #2328 ) ;
#4152 = DIRECTION ( 'NONE',  ( -1.000000000000000000, 0.000000000000000000, -4.625929269271485322E-15 ) ) ;
#4153 = CARTESIAN_POINT ( 'NONE',  ( -45.00000000000004263, 74.99999999999998579, 2.000000000000000000 ) ) ;
#4154 = VERTEX_POINT ( 'NONE', #5566 ) ;
#4155 = DIRECTION ( 'NONE',  ( -1.000000000000000000, -0.000000000000000000, -0.000000000000000000 ) ) ;
#4156 = ORIENTED_EDGE ( 'NONE', *, *, #5481, .T. ) ;
#4157 = DIRECTION ( 'NONE',  ( 1.000000000000000000, 0.000000000000000000, 0.000000000000000000 ) ) ;
#4158 = LINE ( 'NONE', #364, #5214 ) ;
#4159 = FACE_OUTER_BOUND ( 'NONE', #3933, .T. ) ;
#4160 = EDGE_CURVE ( 'NONE', #6338, #6191, #2369, .T. ) ;
#4161 = DIRECTION ( 'NONE',  ( 0.000000000000000000, -1.000000000000000000, 0.000000000000000000 ) ) ;
#4163 = EDGE_CURVE ( 'NONE', #2830, #390, #3031, .T. ) ;
#4162 = DIRECTION ( 'NONE',  ( 0.000000000000000000, -1.000000000000000000, 0.000000000000000000 ) ) ;
#4164 = VERTEX_POINT ( 'NONE', #3659 ) ;
#4165 = ORIENTED_EDGE ( 'NONE', *, *, #3454, .F. ) ;
#4166 = CARTESIAN_POINT ( 'NONE',  ( 66.99999999999998579, -72.00000000000001421, 5.000000000000000000 ) ) ;
#4167 = CARTESIAN_POINT ( 'NONE',  ( -75.00000000000002842, -28.00000000000001776, 2.000000000000000000 ) ) ;
#4168 = DIRECTION ( 'NONE',  ( 2.312964634635729250E-15, 0.000000000000000000, 1.000000000000000000 ) ) ;
#4169 = VECTOR ( 'NONE', #3105, 1000.000000000000000 ) ;
#4170 = VERTEX_POINT ( 'NONE', #6824 ) ;
#4171 = EDGE_CURVE ( 'NONE', #7557, #5963, #7458, .T. ) ;
#4172 = VECTOR ( 'NONE', #6111, 1000.000000000000000 ) ;
#4173 = AXIS2_PLACEMENT_3D ( 'NONE', #596, #5676, #1257 ) ;
#4174 = ORIENTED_EDGE ( 'NONE', *, *, #4022, .F. ) ;
#4175 = LINE ( 'NONE', #4842, #903 ) ;
#4176 = ADVANCED_FACE ( 'NONE', ( #1553 ), #4759, .F. ) ;
#4177 = FACE_OUTER_BOUND ( 'NONE', #3318, .T. ) ;
#4178 = FACE_OUTER_BOUND ( 'NONE', #4916, .T. ) ;
#4179 = CARTESIAN_POINT ( 'NONE',  ( -75.00000000000002842, 71.99999999999998579, 2.000000000000000000 ) ) ;
#4180 = VERTEX_POINT ( 'NONE', #6130 ) ;
#4181 = VECTOR ( 'NONE', #1827, 1000.000000000000000 ) ;
#4182 = EDGE_CURVE ( 'NONE', #5403, #1788, #4722, .T. ) ;
#4183 = CARTESIAN_POINT ( 'NONE',  ( -75.00000000000002842, -43.00000000000002132, 5.000000000000000000 ) ) ;
#4184 = VERTEX_POINT ( 'NONE', #8015 ) ;
#4185 = DIRECTION ( 'NONE',  ( 1.000000000000000000, 1.850371707708594070E-16, -0.000000000000000000 ) ) ;
#4186 = ORIENTED_EDGE ( 'NONE', *, *, #7294, .T. ) ;
#4187 = LINE ( 'NONE', #4109, #53 ) ;
#4188 = AXIS2_PLACEMENT_3D ( 'NONE', #2707, #7754, #7713 ) ;
#4189 = CARTESIAN_POINT ( 'NONE',  ( -75.00000000000002842, 71.99999999999998579, 2.000000000000000000 ) ) ;
#4190 = VERTEX_POINT ( 'NONE', #2767 ) ;
#4191 = CARTESIAN_POINT ( 'NONE',  ( 71.99999999999998579, -10.00000000000002309, 1.999999999999990008 ) ) ;
#4192 = AXIS2_PLACEMENT_3D ( 'NONE', #5256, #708, #5872 ) ;
#4193 = ORIENTED_EDGE ( 'NONE', *, *, #2181, .T. ) ;
#4194 = AXIS2_PLACEMENT_3D ( 'NONE', #2563, #5638, #638 ) ;
#4195 = EDGE_CURVE ( 'NONE', #7658, #5186, #6087, .T. ) ;
#4196 = PLANE ( 'NONE',  #5483 ) ;
#4197 = CARTESIAN_POINT ( 'NONE',  ( -75.00000000000002842, 71.99999999999998579, 2.000000000000000000 ) ) ;
#4198 = ORIENTED_EDGE ( 'NONE', *, *, #8094, .F. ) ;
#4199 = FACE_OUTER_BOUND ( 'NONE', #584, .T. ) ;
#4200 = ORIENTED_EDGE ( 'NONE', *, *, #6095, .T. ) ;
#4201 = FACE_OUTER_BOUND ( 'NONE', #1330, .T. ) ;
#4202 = VECTOR ( 'NONE', #3158, 1000.000000000000000 ) ;
#4203 = DIRECTION ( 'NONE',  ( -0.000000000000000000, -0.000000000000000000, -1.000000000000000000 ) ) ;
#4204 = PLANE ( 'NONE',  #335 ) ;
#4205 = CARTESIAN_POINT ( 'NONE',  ( 74.99999999999997158, 74.99999999999998579, 5.000000000000000000 ) ) ;
#4206 = FACE_OUTER_BOUND ( 'NONE', #875, .T. ) ;
#4207 = VERTEX_POINT ( 'NONE', #4099 ) ;
#4208 = ORIENTED_EDGE ( 'NONE', *, *, #7912, .T. ) ;
#4209 = PLANE ( 'NONE',  #6451 ) ;
#4210 = DIRECTION ( 'NONE',  ( 0.000000000000000000, -0.000000000000000000, 1.000000000000000000 ) ) ;
#4211 = DIRECTION ( 'NONE',  ( 1.000000000000000000, 1.850371707708594070E-16, -0.000000000000000000 ) ) ;
#4212 = CARTESIAN_POINT ( 'NONE',  ( 71.99999999999997158, 69.99999999999998579, 2.000000000000000000 ) ) ;
#4213 = EDGE_CURVE ( 'NONE', #3725, #7353, #4137, .T. ) ;
#4214 = ORIENTED_EDGE ( 'NONE', *, *, #7643, .T. ) ;
#4215 = DIRECTION ( 'NONE',  ( 4.625929269271458501E-15, 0.000000000000000000, -1.000000000000000000 ) ) ;
#4216 = CARTESIAN_POINT ( 'NONE',  ( -72.00000000000002842, 56.99999999999997868, 5.000000000000000000 ) ) ;
#4217 = DIRECTION ( 'NONE',  ( 0.000000000000000000, 0.000000000000000000, -1.000000000000000000 ) ) ;
#4218 = LINE ( 'NONE', #4887, #1343 ) ;
#4219 = EDGE_CURVE ( 'NONE', #4119, #1491, #6725, .T. ) ;
#4220 = ORIENTED_EDGE ( 'NONE', *, *, #812, .F. ) ;
#4221 = ADVANCED_FACE ( 'NONE', ( #963 ), #2261, .F. ) ;
#4222 = DIRECTION ( 'NONE',  ( -0.000000000000000000, -0.000000000000000000, -1.000000000000000000 ) ) ;
#4223 = VECTOR ( 'NONE', #4943, 1000.000000000000000 ) ;
#4224 = ORIENTED_EDGE ( 'NONE', *, *, #5138, .F. ) ;
#4225 = LINE ( 'NONE', #4767, #1434 ) ;
#4226 = ORIENTED_EDGE ( 'NONE', *, *, #1832, .F. ) ;
#4227 = CARTESIAN_POINT ( 'NONE',  ( -45.00000000000004263, 71.99999999999998579, 5.000000000000000000 ) ) ;
#4228 = PLANE ( 'NONE',  #6990 ) ;
#4229 = LINE ( 'NONE', #6142, #8134 ) ;
#4230 = ADVANCED_FACE ( 'NONE', ( #4177 ), #2141, .F. ) ;
#4231 = VECTOR ( 'NONE', #418, 1000.000000000000000 ) ;
#4232 = ORIENTED_EDGE ( 'NONE', *, *, #2894, .T. ) ;
#4233 = LINE ( 'NONE', #6856, #703 ) ;
#4234 = CARTESIAN_POINT ( 'NONE',  ( -72.00000000000002842, -53.00000000000002132, 5.000000000000000000 ) ) ;
#4235 = ORIENTED_EDGE ( 'NONE', *, *, #2303, .T. ) ;
#4236 = AXIS2_PLACEMENT_3D ( 'NONE', #7016, #5097, #7188 ) ;
#4237 = LINE ( 'NONE', #4118, #7775 ) ;
#4238 = EDGE_LOOP ( 'NONE', ( #2919, #6926, #322, #271 ) ) ;
#4239 = CARTESIAN_POINT ( 'NONE',  ( -72.00000000000002842, 56.99999999999999289, 2.000000000000000000 ) ) ;
#4240 = EDGE_CURVE ( 'NONE', #4850, #254, #6049, .T. ) ;
#4241 = CARTESIAN_POINT ( 'NONE',  ( 71.99999999999998579, 9.999999999999980460, 1.999999999999992673 ) ) ;
#4242 = VECTOR ( 'NONE', #275, 1000.000000000000000 ) ;
#4243 = DIRECTION ( 'NONE',  ( -4.625929269271485322E-15, -0.000000000000000000, 1.000000000000000000 ) ) ;
#4244 = PLANE ( 'NONE',  #3174 ) ;
#4245 = LINE ( 'NONE', #8005, #840 ) ;
#4246 = EDGE_LOOP ( 'NONE', ( #8161, #3897, #1527, #4033 ) ) ;
#4247 = EDGE_LOOP ( 'NONE', ( #2191, #6019, #516, #2205 ) ) ;
#4248 = CARTESIAN_POINT ( 'NONE',  ( -72.00000000000002842, -18.00000000000002132, 5.000000000000000000 ) ) ;
#4249 = LINE ( 'NONE', #3588, #5525 ) ;
#4250 = DIRECTION ( 'NONE',  ( 2.269055394249329430E-32, -1.226270043362915368E-16, 1.000000000000000000 ) ) ;
#4251 = DIRECTION ( 'NONE',  ( -0.000000000000000000, -0.000000000000000000, -1.000000000000000000 ) ) ;
#4252 = ORIENTED_EDGE ( 'NONE', *, *, #2135, .F. ) ;
#4253 = CARTESIAN_POINT ( 'NONE',  ( 71.99999999999997158, 44.99999999999998579, 5.000000000000000000 ) ) ;
#4254 = DIRECTION ( 'NONE',  ( -0.000000000000000000, -0.000000000000000000, -1.000000000000000000 ) ) ;
#4255 = CARTESIAN_POINT ( 'NONE',  ( 26.99999999999998934, -72.00000000000001421, 5.000000000000000000 ) ) ;
#4256 = ORIENTED_EDGE ( 'NONE', *, *, #2952, .F. ) ;
#4257 = CARTESIAN_POINT ( 'NONE',  ( -75.00000000000002842, 74.99999999999998579, 5.000000000000000000 ) ) ;
#4258 = ORIENTED_EDGE ( 'NONE', *, *, #7225, .T. ) ;
#4259 = CARTESIAN_POINT ( 'NONE',  ( 72.00000000000000000, -70.00000000000002842, 5.000000000000000000 ) ) ;
#4260 = VERTEX_POINT ( 'NONE', #7348 ) ;
#4261 = ADVANCED_FACE ( 'NONE', ( #1633 ), #2925, .F. ) ;
#4262 = LINE ( 'NONE', #6809, #3033 ) ;
#4263 = EDGE_CURVE ( 'NONE', #128, #353, #297, .T. ) ;
#4264 = EDGE_LOOP ( 'NONE', ( #7684, #3882, #6743, #3013 ) ) ;
#4265 = CARTESIAN_POINT ( 'NONE',  ( -75.00000000000002842, -38.00000000000002842, 2.000000000000000000 ) ) ;
#4266 = DIRECTION ( 'NONE',  ( -0.000000000000000000, -1.000000000000000000, -0.000000000000000000 ) ) ;
#4267 = DIRECTION ( 'NONE',  ( -0.000000000000000000, 1.000000000000000000, -0.000000000000000000 ) ) ;
#4268 = FACE_OUTER_BOUND ( 'NONE', #2374, .T. ) ;
#4269 = EDGE_CURVE ( 'NONE', #6426, #6079, #5381, .T. ) ;
#4270 = ORIENTED_EDGE ( 'NONE', *, *, #7602, .T. ) ;
#4271 = AXIS2_PLACEMENT_3D ( 'NONE', #354, #7484, #1689 ) ;
#4272 = FACE_OUTER_BOUND ( 'NONE', #1537, .T. ) ;
#4273 = DIRECTION ( 'NONE',  ( -4.625929269271485322E-15, 0.000000000000000000, 1.000000000000000000 ) ) ;
#4274 = EDGE_CURVE ( 'NONE', #4438, #731, #4844, .T. ) ;
#4275 = ORIENTED_EDGE ( 'NONE', *, *, #6617, .F. ) ;
#4276 = PLANE ( 'NONE',  #1776 ) ;
#4277 = VERTEX_POINT ( 'NONE', #1676 ) ;
#4278 = CARTESIAN_POINT ( 'NONE',  ( 57.99999999999997868, -3.500000000000000000, 15.00000000000000000 ) ) ;
#4279 = ADVANCED_FACE ( 'NONE', ( #3431 ), #4061, .F. ) ;
#4280 = AXIS2_PLACEMENT_3D ( 'NONE', #6757, #5492, #4168 ) ;
#4281 = DIRECTION ( 'NONE',  ( -0.000000000000000000, -0.000000000000000000, -1.000000000000000000 ) ) ;
#4282 = LINE ( 'NONE', #4403, #4202 ) ;
#4283 = VECTOR ( 'NONE', #8262, 1000.000000000000000 ) ;
#4284 = CARTESIAN_POINT ( 'NONE',  ( 71.99999999999997158, 54.99999999999997868, 0.000000000000000000 ) ) ;
#4285 = DIRECTION ( 'NONE',  ( 4.625929269271458501E-15, 0.000000000000000000, -1.000000000000000000 ) ) ;
#4286 = EDGE_CURVE ( 'NONE', #2241, #4309, #4680, .T. ) ;
#4287 = ORIENTED_EDGE ( 'NONE', *, *, #3916, .F. ) ;
#4288 = VERTEX_POINT ( 'NONE', #883 ) ;
#4289 = DIRECTION ( 'NONE',  ( 0.000000000000000000, -1.000000000000000000, 0.000000000000000000 ) ) ;
#4290 = DIRECTION ( 'NONE',  ( 0.000000000000000000, 0.000000000000000000, -1.000000000000000000 ) ) ;
#4291 = CARTESIAN_POINT ( 'NONE',  ( 71.99999999999997158, 69.99999999999998579, 2.000000000000000000 ) ) ;
#4292 = DIRECTION ( 'NONE',  ( 1.914177628664063128E-16, -1.000000000000000000, -1.226270043362915368E-16 ) ) ;
#4293 = EDGE_CURVE ( 'NONE', #966, #1288, #5967, .T. ) ;
#4294 = ORIENTED_EDGE ( 'NONE', *, *, #4334, .T. ) ;
#4295 = FACE_OUTER_BOUND ( 'NONE', #980, .T. ) ;
#4296 = AXIS2_PLACEMENT_3D ( 'NONE', #5019, #433, #1693 ) ;
#4297 = ORIENTED_EDGE ( 'NONE', *, *, #6097, .F. ) ;
#4298 = LINE ( 'NONE', #4255, #5369 ) ;
#4299 = FACE_OUTER_BOUND ( 'NONE', #6020, .T. ) ;
#4300 = ORIENTED_EDGE ( 'NONE', *, *, #3506, .F. ) ;
#4301 = VECTOR ( 'NONE', #5229, 1000.000000000000000 ) ;
#4302 = VECTOR ( 'NONE', #3014, 1000.000000000000000 ) ;
#4303 = DIRECTION ( 'NONE',  ( -0.000000000000000000, -4.625929269271485322E-15, 1.000000000000000000 ) ) ;
#4304 = ORIENTED_EDGE ( 'NONE', *, *, #7540, .F. ) ;
#4305 = DIRECTION ( 'NONE',  ( 0.000000000000000000, 0.000000000000000000, -1.000000000000000000 ) ) ;
#4306 = ORIENTED_EDGE ( 'NONE', *, *, #204, .T. ) ;
#4307 = DIRECTION ( 'NONE',  ( -1.000000000000000000, -0.000000000000000000, -0.000000000000000000 ) ) ;
#4308 = PLANE ( 'NONE',  #3514 ) ;
#4309 = VERTEX_POINT ( 'NONE', #5344 ) ;
#4310 = LINE ( 'NONE', #5469, #4675 ) ;
#4311 = VECTOR ( 'NONE', #448, 1000.000000000000000 ) ;
#4312 = ORIENTED_EDGE ( 'NONE', *, *, #4776, .F. ) ;
#4313 = EDGE_CURVE ( 'NONE', #7721, #228, #7895, .T. ) ;
#4314 = DIRECTION ( 'NONE',  ( -1.000000000000000000, 0.000000000000000000, 0.000000000000000000 ) ) ;
#4315 = VECTOR ( 'NONE', #7907, 1000.000000000000000 ) ;
#4316 = ORIENTED_EDGE ( 'NONE', *, *, #5842, .T. ) ;
#4317 = VECTOR ( 'NONE', #5165, 1000.000000000000000 ) ;
#4318 = DIRECTION ( 'NONE',  ( 0.000000000000000000, 4.625929269271485322E-15, -1.000000000000000000 ) ) ;
#4319 = DIRECTION ( 'NONE',  ( -0.000000000000000000, 1.000000000000000000, -0.000000000000000000 ) ) ;
#4320 = ORIENTED_EDGE ( 'NONE', *, *, #160, .T. ) ;
#4321 = DIRECTION ( 'NONE',  ( 0.000000000000000000, 0.000000000000000000, -1.000000000000000000 ) ) ;
#4322 = AXIS2_PLACEMENT_3D ( 'NONE', #2357, #3061, #1644 ) ;
#4323 = EDGE_CURVE ( 'NONE', #336, #4090, #6958, .T. ) ;
#4324 = PLANE ( 'NONE',  #8200 ) ;
#4325 = EDGE_CURVE ( 'NONE', #2257, #3079, #1716, .T. ) ;
#4326 = CARTESIAN_POINT ( 'NONE',  ( 74.99999999999997158, 74.99999999999998579, 5.000000000000000000 ) ) ;
#4327 = CARTESIAN_POINT ( 'NONE',  ( -72.00000000000002842, 6.999999999999978684, 5.000000000000000000 ) ) ;
#4328 = ORIENTED_EDGE ( 'NONE', *, *, #2812, .T. ) ;
#4329 = AXIS2_PLACEMENT_3D ( 'NONE', #6788, #6867, #5567 ) ;
#4330 = ORIENTED_EDGE ( 'NONE', *, *, #5657, .T. ) ;
#4331 = DIRECTION ( 'NONE',  ( 1.000000000000000000, 0.000000000000000000, 0.000000000000000000 ) ) ;
#4332 = PLANE ( 'NONE',  #3250 ) ;
#4333 = CYLINDRICAL_SURFACE ( 'NONE', #7889, 1.600000000000004086 ) ;
#4334 = EDGE_CURVE ( 'NONE', #2779, #5218, #4419, .T. ) ;
#4335 = VECTOR ( 'NONE', #5982, 1000.000000000000000 ) ;
#4336 = DIRECTION ( 'NONE',  ( 1.850371707708594316E-16, -1.000000000000000000, 0.000000000000000000 ) ) ;
#4337 = VERTEX_POINT ( 'NONE', #2507 ) ;
#4338 = CARTESIAN_POINT ( 'NONE',  ( -55.00000000000004263, 71.99999999999998579, 2.000000000000000000 ) ) ;
#4339 = ORIENTED_EDGE ( 'NONE', *, *, #5758, .F. ) ;
#4340 = CARTESIAN_POINT ( 'NONE',  ( -72.00000000000002842, 46.99999999999997868, 5.000000000000000000 ) ) ;
#4341 = CARTESIAN_POINT ( 'NONE',  ( 74.99999999999998579, 14.99999999999998579, 0.000000000000000000 ) ) ;
#4342 = ADVANCED_FACE ( 'NONE', ( #1200 ), #2346, .F. ) ;
#4343 = VERTEX_POINT ( 'NONE', #8097 ) ;
#4344 = DIRECTION ( 'NONE',  ( -1.000000000000000000, -0.000000000000000000, -0.000000000000000000 ) ) ;
#4345 = EDGE_LOOP ( 'NONE', ( #1051, #4328, #2713, #5228 ) ) ;
#4346 = CARTESIAN_POINT ( 'NONE',  ( 74.99999999999997158, 74.99999999999998579, 5.000000000000000000 ) ) ;
#4347 = ORIENTED_EDGE ( 'NONE', *, *, #6917, .F. ) ;
#4348 = DIRECTION ( 'NONE',  ( 0.000000000000000000, 0.000000000000000000, -1.000000000000000000 ) ) ;
#4349 =( NAMED_UNIT ( * ) PLANE_ANGLE_UNIT ( ) SI_UNIT ( $, .RADIAN. ) );
#4350 = FACE_OUTER_BOUND ( 'NONE', #6316, .T. ) ;
#4351 = CARTESIAN_POINT ( 'NONE',  ( -18.00000000000001421, -72.00000000000001421, 1.999999999999982236 ) ) ;
#4352 = VERTEX_POINT ( 'NONE', #4962 ) ;
#4353 = CARTESIAN_POINT ( 'NONE',  ( -5.000000000000039080, 71.99999999999998579, 5.000000000000000000 ) ) ;
#4354 = ORIENTED_EDGE ( 'NONE', *, *, #2721, .F. ) ;
#4355 = LINE ( 'NONE', #3821, #3700 ) ;
#4356 = ORIENTED_EDGE ( 'NONE', *, *, #383, .T. ) ;
#4357 = LINE ( 'NONE', #5686, #1372 ) ;
#4358 = EDGE_LOOP ( 'NONE', ( #6445, #6232, #2632, #3 ) ) ;
#4359 = EDGE_CURVE ( 'NONE', #4611, #1707, #6800, .T. ) ;
#4360 = LINE ( 'NONE', #1782, #4797 ) ;
#4361 = VECTOR ( 'NONE', #5633, 1000.000000000000000 ) ;
#4362 = CARTESIAN_POINT ( 'NONE',  ( 72.00000000000000000, -70.00000000000002842, -6.123233995736766282E-16 ) ) ;
#4363 = AXIS2_PLACEMENT_3D ( 'NONE', #758, #842, #5141 ) ;
#4364 = CARTESIAN_POINT ( 'NONE',  ( 51.99999999999999289, -72.00000000000001421, 5.000000000000000000 ) ) ;
#4365 = DIRECTION ( 'NONE',  ( -1.000000000000000000, 0.000000000000000000, -4.625929269271485322E-15 ) ) ;
#4366 = VERTEX_POINT ( 'NONE', #6215 ) ;
#4367 = EDGE_CURVE ( 'NONE', #2815, #2130, #6686, .T. ) ;
#4368 = ORIENTED_EDGE ( 'NONE', *, *, #3436, .T. ) ;
#4369 = EDGE_CURVE ( 'NONE', #7823, #7682, #462, .T. ) ;
#4370 = DIRECTION ( 'NONE',  ( 1.000000000000000000, 0.000000000000000000, 0.000000000000000000 ) ) ;
#4371 = LINE ( 'NONE', #3083, #2858 ) ;
#4372 = FACE_OUTER_BOUND ( 'NONE', #7892, .T. ) ;
#4373 = EDGE_CURVE ( 'NONE', #8137, #3069, #6173, .T. ) ;
#4374 = VECTOR ( 'NONE', #4994, 1000.000000000000000 ) ;
#4375 = CARTESIAN_POINT ( 'NONE',  ( -40.00000000000003553, 71.99999999999998579, 5.000000000000000000 ) ) ;
#4376 = ORIENTED_EDGE ( 'NONE', *, *, #3672, .T. ) ;
#4377 = EDGE_CURVE ( 'NONE', #7108, #659, #5541, .T. ) ;
#4378 = LINE ( 'NONE', #3754, #4859 ) ;
#4379 = VERTEX_POINT ( 'NONE', #541 ) ;
#4380 = DIRECTION ( 'NONE',  ( -0.000000000000000000, -1.000000000000000000, -0.000000000000000000 ) ) ;
#4381 = DIRECTION ( 'NONE',  ( 0.000000000000000000, -1.000000000000000000, 0.000000000000000000 ) ) ;
#4382 = ADVANCED_FACE ( 'NONE', ( #4884 ), #5006, .F. ) ;
#4383 = ORIENTED_EDGE ( 'NONE', *, *, #7738, .T. ) ;
#4384 = DIRECTION ( 'NONE',  ( 0.000000000000000000, 1.000000000000000000, 0.000000000000000000 ) ) ;
#4385 = ORIENTED_EDGE ( 'NONE', *, *, #7585, .T. ) ;
#4386 = FACE_OUTER_BOUND ( 'NONE', #1402, .T. ) ;
#4387 = ADVANCED_FACE ( 'NONE', ( #4295 ), #6840, .F. ) ;
#4388 = ORIENTED_EDGE ( 'NONE', *, *, #7901, .F. ) ;
#4389 = CARTESIAN_POINT ( 'NONE',  ( -12.99999999999999822, -72.00000000000001421, 1.999999999999982236 ) ) ;
#4390 = LINE ( 'NONE', #3687, #6844 ) ;
#4391 = DIRECTION ( 'NONE',  ( -4.625929269271485322E-15, -0.000000000000000000, 1.000000000000000000 ) ) ;
#4392 = CARTESIAN_POINT ( 'NONE',  ( -15.00000000000004086, 74.99999999999998579, 2.000000000000000000 ) ) ;
#4393 = ORIENTED_EDGE ( 'NONE', *, *, #7485, .F. ) ;
#4394 = DIRECTION ( 'NONE',  ( -1.000000000000000000, -1.850371707708594070E-16, 0.000000000000000000 ) ) ;
#4395 = ORIENTED_EDGE ( 'NONE', *, *, #5632, .F. ) ;
#4396 = LINE ( 'NONE', #1102, #97 ) ;
#4397 = ORIENTED_EDGE ( 'NONE', *, *, #1990, .T. ) ;
#4398 = CARTESIAN_POINT ( 'NONE',  ( 24.99999999999996092, 74.99999999999998579, 2.000000000000000000 ) ) ;
#4399 = AXIS2_PLACEMENT_3D ( 'NONE', #3470, #1634, #1594 ) ;
#4400 = VERTEX_POINT ( 'NONE', #2423 ) ;
#4401 = LINE ( 'NONE', #2490, #5990 ) ;
#4402 = VECTOR ( 'NONE', #2900, 1000.000000000000000 ) ;
#4403 = CARTESIAN_POINT ( 'NONE',  ( 72.00000000000000000, -72.00000000000001421, 0.000000000000000000 ) ) ;
#4404 = CARTESIAN_POINT ( 'NONE',  ( 71.99999999999997158, 74.99999999999998579, 5.000000000000000000 ) ) ;
#4405 = CARTESIAN_POINT ( 'NONE',  ( 14.99999999999996447, 74.99999999999998579, 2.000000000000000000 ) ) ;
#4406 = ORIENTED_EDGE ( 'NONE', *, *, #909, .F. ) ;
#4407 = AXIS2_PLACEMENT_3D ( 'NONE', #5751, #1335, #7681 ) ;
#4408 = DIRECTION ( 'NONE',  ( 1.000000000000000000, 0.000000000000000000, 0.000000000000000000 ) ) ;
#4409 = ORIENTED_EDGE ( 'NONE', *, *, #7343, .T. ) ;
#4410 = CARTESIAN_POINT ( 'NONE',  ( 71.99999999999998579, 24.99999999999998224, 5.000000000000000000 ) ) ;
#4411 = DIRECTION ( 'NONE',  ( 0.000000000000000000, 0.000000000000000000, -1.000000000000000000 ) ) ;
#4412 = CARTESIAN_POINT ( 'NONE',  ( 31.99999999999999289, -72.00000000000001421, 5.000000000000000000 ) ) ;
#4413 = AXIS2_PLACEMENT_3D ( 'NONE', #3593, #1593, #5418 ) ;
#4414 = ADVANCED_FACE ( 'NONE', ( #3047 ), #6254, .F. ) ;
#4415 = EDGE_CURVE ( 'NONE', #5943, #2903, #1800, .T. ) ;
#4416 = LINE ( 'NONE', #3085, #849 ) ;
#4417 = ADVANCED_FACE ( 'NONE', ( #3087 ), #3131, .F. ) ;
#4418 = ORIENTED_EDGE ( 'NONE', *, *, #2342, .F. ) ;
#4419 = LINE ( 'NONE', #3803, #5610 ) ;
#4420 = ORIENTED_EDGE ( 'NONE', *, *, #6915, .F. ) ;
#4421 = CARTESIAN_POINT ( 'NONE',  ( -45.00000000000004263, 71.99999999999998579, 5.000000000000000000 ) ) ;
#4422 = CARTESIAN_POINT ( 'NONE',  ( 27.00000000000000355, -72.00000000000001421, 1.999999999999982236 ) ) ;
#4423 = ORIENTED_EDGE ( 'NONE', *, *, #3137, .F. ) ;
#4424 = EDGE_CURVE ( 'NONE', #1426, #5508, #4378, .T. ) ;
#4425 = CARTESIAN_POINT ( 'NONE',  ( 4.999999999999955591, 74.99999999999998579, 5.000000000000000000 ) ) ;
#4426 = ADVANCED_FACE ( 'NONE', ( #8225 ), #38, .F. ) ;
#4427 = ORIENTED_EDGE ( 'NONE', *, *, #3355, .T. ) ;
#4428 = CARTESIAN_POINT ( 'NONE',  ( -72.00000000000002842, -68.00000000000000000, 2.000000000000000000 ) ) ;
#4429 = ORIENTED_EDGE ( 'NONE', *, *, #7613, .T. ) ;
#4430 = DIRECTION ( 'NONE',  ( -2.312964634635729250E-15, 0.000000000000000000, -1.000000000000000000 ) ) ;
#4431 =( NAMED_UNIT ( * ) SI_UNIT ( $, .STERADIAN. ) SOLID_ANGLE_UNIT ( ) );
#4432 = CARTESIAN_POINT ( 'NONE',  ( -75.00000000000002842, 71.99999999999998579, 2.000000000000000000 ) ) ;
#4433 = CARTESIAN_POINT ( 'NONE',  ( -72.00000000000002842, 71.99999999999998579, 2.000000000000000000 ) ) ;
#4434 = EDGE_LOOP ( 'NONE', ( #5140, #5061, #4312, #7532 ) ) ;
#4435 = VECTOR ( 'NONE', #4709, 1000.000000000000000 ) ;
#4436 = EDGE_CURVE ( 'NONE', #7353, #347, #7005, .T. ) ;
#4437 = SURFACE_SIDE_STYLE ('',( #3898 ) ) ;
#4438 = VERTEX_POINT ( 'NONE', #8266 ) ;
#4439 = CARTESIAN_POINT ( 'NONE',  ( 71.99999999999998579, -10.00000000000002309, 5.000000000000000000 ) ) ;
#4440 = ORIENTED_EDGE ( 'NONE', *, *, #1195, .F. ) ;
#4441 = AXIS2_PLACEMENT_3D ( 'NONE', #6821, #2365, #5439 ) ;
#4442 = VECTOR ( 'NONE', #464, 1000.000000000000000 ) ;
#4443 = CARTESIAN_POINT ( 'NONE',  ( -72.00000000000002842, 16.99999999999997868, 5.000000000000000000 ) ) ;
#4444 = VECTOR ( 'NONE', #1918, 1000.000000000000000 ) ;
#4445 = ORIENTED_EDGE ( 'NONE', *, *, #2874, .T. ) ;
#4446 = DIRECTION ( 'NONE',  ( -1.000000000000000000, -1.850371707708594070E-16, 0.000000000000000000 ) ) ;
#4447 = ORIENTED_EDGE ( 'NONE', *, *, #2185, .F. ) ;
#4448 = EDGE_CURVE ( 'NONE', #4190, #1546, #4464, .T. ) ;
#4449 = PRODUCT_DEFINITION_FORMATION_WITH_SPECIFIED_SOURCE ( 'ANY', '', #7095, .NOT_KNOWN. ) ;
#4450 = VECTOR ( 'NONE', #122, 1000.000000000000000 ) ;
#4451 = DIRECTION ( 'NONE',  ( -1.000000000000000000, 0.000000000000000000, 0.000000000000000000 ) ) ;
#4452 = CARTESIAN_POINT ( 'NONE',  ( -75.00000000000002842, -18.00000000000002132, 5.000000000000000000 ) ) ;
#4453 = CARTESIAN_POINT ( 'NONE',  ( 49.99999999999997158, 71.99999999999998579, 2.000000000000000000 ) ) ;
#4454 = VERTEX_POINT ( 'NONE', #1373 ) ;
#4455 = DIRECTION ( 'NONE',  ( -0.000000000000000000, 0.000000000000000000, 1.000000000000000000 ) ) ;
#4456 = ORIENTED_EDGE ( 'NONE', *, *, #1822, .T. ) ;
#4457 = DIRECTION ( 'NONE',  ( 1.914177628664063128E-16, -1.000000000000000000, -1.226270043362915368E-16 ) ) ;
#4458 = LINE ( 'NONE', #6952, #54 ) ;
#4459 = VECTOR ( 'NONE', #163, 1000.000000000000000 ) ;
#4460 = DIRECTION ( 'NONE',  ( 1.000000000000000000, 0.000000000000000000, -0.000000000000000000 ) ) ;
#4461 = VECTOR ( 'NONE', #5412, 1000.000000000000000 ) ;
#4462 = LINE ( 'NONE', #7131, #6331 ) ;
#4463 = ORIENTED_EDGE ( 'NONE', *, *, #8252, .F. ) ;
#4464 = LINE ( 'NONE', #6382, #2066 ) ;
#4465 = ADVANCED_FACE ( 'NONE', ( #7135 ), #162, .F. ) ;
#4466 = DIRECTION ( 'NONE',  ( -0.000000000000000000, -1.000000000000000000, -0.000000000000000000 ) ) ;
#4467 = DIRECTION ( 'NONE',  ( 1.000000000000000000, 0.000000000000000000, 0.000000000000000000 ) ) ;
#4468 = AXIS2_PLACEMENT_3D ( 'NONE', #203, #3248, #5207 ) ;
#4469 = ORIENTED_EDGE ( 'NONE', *, *, #7863, .T. ) ;
#4470 = PLANE ( 'NONE',  #5894 ) ;
#4471 = ORIENTED_EDGE ( 'NONE', *, *, #866, .F. ) ;
#4472 = EDGE_LOOP ( 'NONE', ( #1910, #3051, #5194, #7038 ) ) ;
#4473 = DIRECTION ( 'NONE',  ( 0.000000000000000000, -0.000000000000000000, 1.000000000000000000 ) ) ;
#4474 = ORIENTED_EDGE ( 'NONE', *, *, #7229, .T. ) ;
#4475 = CARTESIAN_POINT ( 'NONE',  ( -72.00000000000002842, -38.00000000000002842, 5.000000000000000000 ) ) ;
#4476 = LINE ( 'NONE', #678, #997 ) ;
#4477 = ADVANCED_FACE ( 'NONE', ( #5749 ), #6503, .F. ) ;
#4478 = CARTESIAN_POINT ( 'NONE',  ( 71.99999999999997158, 59.99999999999997868, -6.123233995736766282E-16 ) ) ;
#4479 = ADVANCED_FACE ( 'NONE', ( #4544 ), #5086, .F. ) ;
#4480 = VERTEX_POINT ( 'NONE', #5708 ) ;
#4481 = ORIENTED_EDGE ( 'NONE', *, *, #610, .T. ) ;
#4482 = LINE ( 'NONE', #684, #4760 ) ;
#4483 = ORIENTED_EDGE ( 'NONE', *, *, #7731, .F. ) ;
#4484 = DIRECTION ( 'NONE',  ( -0.000000000000000000, -1.000000000000000000, -0.000000000000000000 ) ) ;
#4485 = ORIENTED_EDGE ( 'NONE', *, *, #1777, .F. ) ;
#4486 = EDGE_CURVE ( 'NONE', #5340, #4668, #2715, .T. ) ;
#4487 = DIRECTION ( 'NONE',  ( 1.914177628664063128E-16, -1.000000000000000000, -1.226270043362915368E-16 ) ) ;
#4488 = ORIENTED_EDGE ( 'NONE', *, *, #293, .T. ) ;
#4489 = CARTESIAN_POINT ( 'NONE',  ( -10.00000000000003730, 74.99999999999998579, 5.000000000000000000 ) ) ;
#4490 = DIRECTION ( 'NONE',  ( -4.625929269271458501E-15, -0.000000000000000000, 1.000000000000000000 ) ) ;
#4491 = CARTESIAN_POINT ( 'NONE',  ( -75.00000000000002842, 71.99999999999998579, 2.000000000000000000 ) ) ;
#4492 = VERTEX_POINT ( 'NONE', #3173 ) ;
#4493 = AXIS2_PLACEMENT_3D ( 'NONE', #7944, #8023, #348 ) ;
#4494 = DIRECTION ( 'NONE',  ( -1.000000000000000000, -1.850371707708594316E-16, 0.000000000000000000 ) ) ;
#4495 = VERTEX_POINT ( 'NONE', #3211 ) ;
#4496 = EDGE_CURVE ( 'NONE', #236, #7862, #7717, .T. ) ;
#4497 = LINE ( 'NONE', #6072, #6078 ) ;
#4498 = CARTESIAN_POINT ( 'NONE',  ( 74.99999999999997158, 74.99999999999998579, 5.000000000000000000 ) ) ;
#4499 = LINE ( 'NONE', #4412, #3217 ) ;
#4500 = AXIS2_PLACEMENT_3D ( 'NONE', #2221, #7976, #2300 ) ;
#4501 = CARTESIAN_POINT ( 'NONE',  ( 72.00000000000000000, -65.00000000000002842, 1.999999999999983569 ) ) ;
#4502 = ORIENTED_EDGE ( 'NONE', *, *, #3859, .F. ) ;
#4503 = CARTESIAN_POINT ( 'NONE',  ( -68.00000000000000000, -75.00000000000001421, 5.000000000000000000 ) ) ;
#4504 = AXIS2_PLACEMENT_3D ( 'NONE', #3870, #5733, #5695 ) ;
#4505 = CARTESIAN_POINT ( 'NONE',  ( 44.99999999999996447, 71.99999999999998579, 5.000000000000000000 ) ) ;
#4506 = CARTESIAN_POINT ( 'NONE',  ( 74.99999999999998579, 14.99999999999998579, 5.000000000000000000 ) ) ;
#4507 = PLANE ( 'NONE',  #7882 ) ;
#4508 = ORIENTED_EDGE ( 'NONE', *, *, #7538, .T. ) ;
#4509 = ORIENTED_EDGE ( 'NONE', *, *, #4171, .T. ) ;
#4510 = VERTEX_POINT ( 'NONE', #6464 ) ;
#4511 = FACE_BOUND ( 'NONE', #1842, .T. ) ;
#4512 = CARTESIAN_POINT ( 'NONE',  ( -55.00000000000004263, 71.99999999999998579, 2.000000000000000000 ) ) ;
#4513 = CARTESIAN_POINT ( 'NONE',  ( 31.99999999999999289, -75.00000000000001421, 5.000000000000000000 ) ) ;
#4514 = DIRECTION ( 'NONE',  ( -0.000000000000000000, -0.000000000000000000, -1.000000000000000000 ) ) ;
#4515 = ORIENTED_EDGE ( 'NONE', *, *, #2451, .F. ) ;
#4516 = EDGE_CURVE ( 'NONE', #5, #2195, #7806, .T. ) ;
#4517 = EDGE_CURVE ( 'NONE', #1094, #2178, #7678, .T. ) ;
#4518 = DIRECTION ( 'NONE',  ( 0.000000000000000000, 0.000000000000000000, -1.000000000000000000 ) ) ;
#4519 = ORIENTED_EDGE ( 'NONE', *, *, #2031, .T. ) ;
#4520 = LINE ( 'NONE', #3399, #5820 ) ;
#4521 = ORIENTED_EDGE ( 'NONE', *, *, #5910, .T. ) ;
#4522 = EDGE_CURVE ( 'NONE', #3365, #6553, #3845, .T. ) ;
#4523 = PLANE ( 'NONE',  #7633 ) ;
#4524 = VERTEX_POINT ( 'NONE', #1458 ) ;
#4525 = DIRECTION ( 'NONE',  ( -1.000000000000000000, -0.000000000000000000, -0.000000000000000000 ) ) ;
#4526 = ORIENTED_EDGE ( 'NONE', *, *, #6432, .F. ) ;
#4527 = EDGE_CURVE ( 'NONE', #6436, #3413, #6339, .T. ) ;
#4528 = DIRECTION ( 'NONE',  ( 1.850371707708594070E-16, -1.000000000000000000, 0.000000000000000000 ) ) ;
#4529 = VECTOR ( 'NONE', #5651, 1000.000000000000000 ) ;
#4530 = DIRECTION ( 'NONE',  ( 1.000000000000000000, 0.000000000000000000, 0.000000000000000000 ) ) ;
#4531 = CARTESIAN_POINT ( 'NONE',  ( 72.00000000000000000, -45.00000000000001421, 1.999999999999985789 ) ) ;
#4532 = ORIENTED_EDGE ( 'NONE', *, *, #476, .T. ) ;
#4533 = EDGE_CURVE ( 'NONE', #5590, #4288, #3290, .T. ) ;
#4534 = DIRECTION ( 'NONE',  ( -0.000000000000000000, 1.000000000000000000, -0.000000000000000000 ) ) ;
#4535 = ORIENTED_EDGE ( 'NONE', *, *, #5199, .F. ) ;
#4536 = DIRECTION ( 'NONE',  ( -1.000000000000000000, -0.000000000000000000, -0.000000000000000000 ) ) ;
#4537 = VECTOR ( 'NONE', #7272, 1000.000000000000000 ) ;
#4538 = DIRECTION ( 'NONE',  ( -0.000000000000000000, -0.000000000000000000, -1.000000000000000000 ) ) ;
#4539 = DIRECTION ( 'NONE',  ( -0.000000000000000000, 1.000000000000000000, -0.000000000000000000 ) ) ;
#4540 = EDGE_CURVE ( 'NONE', #3772, #4012, #121, .T. ) ;
#4541 = CARTESIAN_POINT ( 'NONE',  ( -75.00000000000002842, 41.99999999999997868, 2.000000000000000000 ) ) ;
#4542 = VECTOR ( 'NONE', #7426, 1000.000000000000000 ) ;
#4543 = ORIENTED_EDGE ( 'NONE', *, *, #4987, .T. ) ;
#4544 = FACE_OUTER_BOUND ( 'NONE', #819, .T. ) ;
#4545 = CARTESIAN_POINT ( 'NONE',  ( 31.99999999999999289, -72.00000000000001421, 5.000000000000000000 ) ) ;
#4546 = CARTESIAN_POINT ( 'NONE',  ( -59.60000000000000142, -3.500000000000003109, 5.000000000000000888 ) ) ;
#4547 = CARTESIAN_POINT ( 'NONE',  ( 4.999999999999955591, 71.99999999999998579, 5.000000000000000000 ) ) ;
#4548 = VECTOR ( 'NONE', #6007, 1000.000000000000000 ) ;
#4549 = ORIENTED_EDGE ( 'NONE', *, *, #8153, .F. ) ;
#4550 = ADVANCED_FACE ( 'NONE', ( #2048 ), #3964, .F. ) ;
#4551 = ORIENTED_EDGE ( 'NONE', *, *, #6936, .T. ) ;
#4552 = VECTOR ( 'NONE', #1877, 1000.000000000000000 ) ;
#4553 = ORIENTED_EDGE ( 'NONE', *, *, #4694, .F. ) ;
#4554 = ORIENTED_EDGE ( 'NONE', *, *, #1121, .F. ) ;
#4555 = FACE_BOUND ( 'NONE', #3677, .T. ) ;
#4556 = LINE ( 'NONE', #759, #7176 ) ;
#4557 = CARTESIAN_POINT ( 'NONE',  ( -75.00000000000002842, 71.99999999999998579, 2.000000000000000000 ) ) ;
#4558 = DIRECTION ( 'NONE',  ( -1.000000000000000000, -0.000000000000000000, -0.000000000000000000 ) ) ;
#4559 = ORIENTED_EDGE ( 'NONE', *, *, #3797, .F. ) ;
#4560 = DIRECTION ( 'NONE',  ( -0.000000000000000000, 1.000000000000000000, 0.000000000000000000 ) ) ;
#4561 = VERTEX_POINT ( 'NONE', #79 ) ;
#4562 = CARTESIAN_POINT ( 'NONE',  ( 71.99999999999997158, 74.99999999999998579, 0.000000000000000000 ) ) ;
#4563 = VERTEX_POINT ( 'NONE', #2633 ) ;
#4564 = CARTESIAN_POINT ( 'NONE',  ( 71.99999999999997158, 69.99999999999998579, 2.000000000000000000 ) ) ;
#4565 = ORIENTED_EDGE ( 'NONE', *, *, #6053, .F. ) ;
#4566 = DIRECTION ( 'NONE',  ( -0.000000000000000000, -0.000000000000000000, -1.000000000000000000 ) ) ;
#4567 = AXIS2_PLACEMENT_3D ( 'NONE', #7363, #4696, #6656 ) ;
#4568 = EDGE_CURVE ( 'NONE', #7710, #7875, #7760, .T. ) ;
#4569 = VERTEX_POINT ( 'NONE', #5296 ) ;
#4570 = DIRECTION ( 'NONE',  ( 1.000000000000000000, 0.000000000000000000, 0.000000000000000000 ) ) ;
#4571 = AXIS2_PLACEMENT_3D ( 'NONE', #893, #7739, #3443 ) ;
#4572 = AXIS2_PLACEMENT_3D ( 'NONE', #1879, #2384, #5580 ) ;
#4573 = VECTOR ( 'NONE', #7599, 1000.000000000000000 ) ;
#4574 = CARTESIAN_POINT ( 'NONE',  ( 9.999999999999980460, 71.99999999999998579, 2.000000000000000000 ) ) ;
#4575 = DIRECTION ( 'NONE',  ( 1.000000000000000000, 0.000000000000000000, 0.000000000000000000 ) ) ;
#4576 = ORIENTED_EDGE ( 'NONE', *, *, #2386, .F. ) ;
#4577 = DIRECTION ( 'NONE',  ( 0.000000000000000000, 0.000000000000000000, 1.000000000000000000 ) ) ;
#4578 = ORIENTED_EDGE ( 'NONE', *, *, #7556, .F. ) ;
#4579 = CARTESIAN_POINT ( 'NONE',  ( -75.00000000000002842, -75.00000000000001421, 5.000000000000000000 ) ) ;
#4580 = DIRECTION ( 'NONE',  ( -1.850371707708594070E-16, 1.000000000000000000, 0.000000000000000000 ) ) ;
#4581 = ADVANCED_FACE ( 'NONE', ( #4091 ), #2170, .F. ) ;
#4582 = DIRECTION ( 'NONE',  ( -2.312964634635729250E-15, 0.000000000000000000, -1.000000000000000000 ) ) ;
#4583 = ORIENTED_EDGE ( 'NONE', *, *, #6820, .T. ) ;
#4584 = VECTOR ( 'NONE', #5656, 1000.000000000000000 ) ;
#4585 = ADVANCED_FACE ( 'NONE', ( #5374 ), #999, .F. ) ;
#4586 = CARTESIAN_POINT ( 'NONE',  ( 3.500000000000003109, 57.99999999999997868, 0.000000000000000000 ) ) ;
#4587 = VECTOR ( 'NONE', #6912, 1000.000000000000000 ) ;
#4588 = ORIENTED_EDGE ( 'NONE', *, *, #1029, .F. ) ;
#4589 = CARTESIAN_POINT ( 'NONE',  ( -75.00000000000002842, 74.99999999999998579, 5.000000000000000000 ) ) ;
#4590 = FACE_OUTER_BOUND ( 'NONE', #6583, .T. ) ;
#4591 = EDGE_CURVE ( 'NONE', #1695, #3725, #6634, .T. ) ;
#4592 = CARTESIAN_POINT ( 'NONE',  ( -53.00000000000000711, -72.00000000000001421, 5.000000000000000000 ) ) ;
#4593 = FACE_OUTER_BOUND ( 'NONE', #2115, .T. ) ;
#4594 = EDGE_LOOP ( 'NONE', ( #6614, #5313, #7449, #7980 ) ) ;
#4595 = VECTOR ( 'NONE', #7359, 1000.000000000000000 ) ;
#4596 = ORIENTED_EDGE ( 'NONE', *, *, #3771, .T. ) ;
#4597 = ORIENTED_EDGE ( 'NONE', *, *, #5680, .T. ) ;
#4598 = ORIENTED_EDGE ( 'NONE', *, *, #1876, .F. ) ;
#4599 = DIRECTION ( 'NONE',  ( 0.000000000000000000, 0.000000000000000000, 1.000000000000000000 ) ) ;
#4600 = CARTESIAN_POINT ( 'NONE',  ( 71.99999999999997158, 71.99999999999998579, 0.000000000000000000 ) ) ;
#4601 = VECTOR ( 'NONE', #2493, 1000.000000000000000 ) ;
#4602 = CARTESIAN_POINT ( 'NONE',  ( 74.99999999999998579, 29.99999999999997868, 1.999999999999995337 ) ) ;
#4603 = ADVANCED_FACE ( 'NONE', ( #3378 ), #3421, .F. ) ;
#4604 = DIRECTION ( 'NONE',  ( -2.312964634635729250E-15, 0.000000000000000000, -1.000000000000000000 ) ) ;
#4605 = ORIENTED_EDGE ( 'NONE', *, *, #3530, .F. ) ;
#4606 = PLANE ( 'NONE',  #6700 ) ;
#4607 = ORIENTED_EDGE ( 'NONE', *, *, #3797, .T. ) ;
#4608 = PLANE ( 'NONE',  #231 ) ;
#4609 = ORIENTED_EDGE ( 'NONE', *, *, #1228, .T. ) ;
#4610 = LINE ( 'NONE', #1440, #6168 ) ;
#4611 = VERTEX_POINT ( 'NONE', #5915 ) ;
#4612 = VERTEX_POINT ( 'NONE', #5998 ) ;
#4613 = FACE_OUTER_BOUND ( 'NONE', #4345, .T. ) ;
#4614 = LINE ( 'NONE', #3409, #6237 ) ;
#4616 = ADVANCED_FACE ( 'NONE', ( #4832 ), #6672, .F. ) ;
#4615 = FACE_OUTER_BOUND ( 'NONE', #7183, .T. ) ;
#4617 = ORIENTED_EDGE ( 'NONE', *, *, #6461, .F. ) ;
#4618 = CARTESIAN_POINT ( 'NONE',  ( -57.99999999999997868, 3.500000000000000000, 5.000000000000000888 ) ) ;
#4619 = ORIENTED_EDGE ( 'NONE', *, *, #1796, .T. ) ;
#4620 = AXIS2_PLACEMENT_3D ( 'NONE', #1283, #1236, #3794 ) ;
#4621 = DIRECTION ( 'NONE',  ( 1.000000000000000000, 0.000000000000000000, 0.000000000000000000 ) ) ;
#4622 = DIRECTION ( 'NONE',  ( -1.000000000000000000, -1.850371707708594070E-16, 0.000000000000000000 ) ) ;
#4623 = LINE ( 'NONE', #7880, #5745 ) ;
#4624 = EDGE_LOOP ( 'NONE', ( #4214, #2556, #5106, #6286, #2387, #2469, #6292, #4508, #6482, #8194, #5914, #4743, #7319, #5285, #3202, #1900, #3989, #5393, #4609, #4695, #5712, #1189, #3899, #6226, #7952, #1828, #1983, #3949, #5146, #1528, #5379, #5727, #1996, #524, #3216, #305, #1026, #717, #4028, #940, #2396, #2781, #2107, #1077, #5836, #5614, #6647, #7785, #2057, #7248, #2664, #1464, #8170, #523, #4865, #2078, #3707, #4509 ) ) ;
#4625 = DIRECTION ( 'NONE',  ( -0.000000000000000000, 1.000000000000000000, -0.000000000000000000 ) ) ;
#4626 = EDGE_CURVE ( 'NONE', #7780, #3633, #3461, .T. ) ;
#4628 = ADVANCED_FACE ( 'NONE', ( #7382 ), #7886, .F. ) ;
#4627 = LINE ( 'NONE', #2755, #8178 ) ;
#4629 = VERTEX_POINT ( 'NONE', #2131 ) ;
#4630 = ADVANCED_FACE ( 'NONE', ( #208 ), #4669, .F. ) ;
#4631 = DIRECTION ( 'NONE',  ( 1.000000000000000000, 0.000000000000000000, 0.000000000000000000 ) ) ;
#4632 = CARTESIAN_POINT ( 'NONE',  ( -72.00000000000002842, 6.999999999999978684, 5.000000000000000000 ) ) ;
#4633 = LINE ( 'NONE', #3885, #3379 ) ;
#4634 = PLANE ( 'NONE',  #6544 ) ;
#4635 = VECTOR ( 'NONE', #5808, 1000.000000000000000 ) ;
#4636 = ORIENTED_EDGE ( 'NONE', *, *, #3705, .T. ) ;
#4637 = EDGE_LOOP ( 'NONE', ( #5018, #7207, #6850, #756 ) ) ;
#4638 = EDGE_CURVE ( 'NONE', #6245, #2264, #7339, .T. ) ;
#4639 = AXIS2_PLACEMENT_3D ( 'NONE', #3390, #961, #4215 ) ;
#4640 = ORIENTED_EDGE ( 'NONE', *, *, #6963, .F. ) ;
#4641 = ORIENTED_EDGE ( 'NONE', *, *, #1485, .T. ) ;
#4642 = CARTESIAN_POINT ( 'NONE',  ( -75.00000000000002842, 26.99999999999999645, 2.000000000000000000 ) ) ;
#4643 = EDGE_CURVE ( 'NONE', #1141, #1837, #1625, .T. ) ;
#4644 = LINE ( 'NONE', #219, #5304 ) ;
#4645 = DIRECTION ( 'NONE',  ( -0.000000000000000000, -0.000000000000000000, 1.000000000000000000 ) ) ;
#4646 = LINE ( 'NONE', #3471, #3740 ) ;
#4647 = VECTOR ( 'NONE', #7376, 1000.000000000000000 ) ;
#4648 = ORIENTED_EDGE ( 'NONE', *, *, #5740, .F. ) ;
#4649 = ADVANCED_FACE ( 'NONE', ( #1501 ), #7969, .F. ) ;
#4650 = PLANE ( 'NONE',  #3104 ) ;
#4651 = ORIENTED_EDGE ( 'NONE', *, *, #3359, .F. ) ;
#4652 = LINE ( 'NONE', #5227, #5161 ) ;
#4653 = ORIENTED_EDGE ( 'NONE', *, *, #3075, .T. ) ;
#4654 = CARTESIAN_POINT ( 'NONE',  ( -75.00000000000002842, 74.99999999999998579, 2.000000000000000000 ) ) ;
#4655 = VERTEX_POINT ( 'NONE', #3545 ) ;
#4656 = ORIENTED_EDGE ( 'NONE', *, *, #6126, .T. ) ;
#4657 = ADVANCED_FACE ( 'NONE', ( #6081 ), #6592, .F. ) ;
#4658 = DIRECTION ( 'NONE',  ( 1.850371707708594070E-16, -1.000000000000000000, 0.000000000000000000 ) ) ;
#4659 = LINE ( 'NONE', #7203, #1312 ) ;
#4660 = LINE ( 'NONE', #7832, #7385 ) ;
#4661 = ORIENTED_EDGE ( 'NONE', *, *, #7045, .F. ) ;
#4662 = CARTESIAN_POINT ( 'NONE',  ( -75.00000000000002842, 71.99999999999998579, 0.000000000000000000 ) ) ;
#4663 = EDGE_LOOP ( 'NONE', ( #2268, #6454, #2046, #1706 ) ) ;
#4664 = CARTESIAN_POINT ( 'NONE',  ( -50.00000000000003553, 74.99999999999998579, 5.000000000000000000 ) ) ;
#4665 = DIRECTION ( 'NONE',  ( 0.000000000000000000, 0.000000000000000000, -1.000000000000000000 ) ) ;
#4666 = LINE ( 'NONE', #2250, #1266 ) ;
#4667 = LINE ( 'NONE', #785, #5629 ) ;
#4668 = VERTEX_POINT ( 'NONE', #2920 ) ;
#4669 = PLANE ( 'NONE',  #6323 ) ;
#4670 = FACE_OUTER_BOUND ( 'NONE', #5954, .T. ) ;
#4671 = VECTOR ( 'NONE', #4908, 1000.000000000000000 ) ;
#4672 = DIRECTION ( 'NONE',  ( -4.625929269271458501E-15, -0.000000000000000000, 1.000000000000000000 ) ) ;
#4673 = DIRECTION ( 'NONE',  ( 1.000000000000000000, 1.850371707708594070E-16, -0.000000000000000000 ) ) ;
#4674 = EDGE_CURVE ( 'NONE', #6525, #7941, #2797, .T. ) ;
#4675 = VECTOR ( 'NONE', #1813, 1000.000000000000000 ) ;
#4676 = VERTEX_POINT ( 'NONE', #5334 ) ;
#4677 = ORIENTED_EDGE ( 'NONE', *, *, #5286, .T. ) ;
#4678 = ORIENTED_EDGE ( 'NONE', *, *, #1671, .F. ) ;
#4679 = DIRECTION ( 'NONE',  ( -0.000000000000000000, 1.000000000000000000, -0.000000000000000000 ) ) ;
#4680 = LINE ( 'NONE', #7224, #20 ) ;
#4681 = AXIS2_PLACEMENT_3D ( 'NONE', #6341, #2551, #7050 ) ;
#4682 = PLANE ( 'NONE',  #2465 ) ;
#4683 = CARTESIAN_POINT ( 'NONE',  ( 72.00000000000000000, -75.00000000000001421, 1.999999999999982236 ) ) ;
#4684 = EDGE_CURVE ( 'NONE', #6855, #591, #1118, .T. ) ;
#4685 = VERTEX_POINT ( 'NONE', #3708 ) ;
#4686 = EDGE_CURVE ( 'NONE', #7276, #3388, #2500, .T. ) ;
#4687 = AXIS2_PLACEMENT_3D ( 'NONE', #5908, #201, #118 ) ;
#4688 = DIRECTION ( 'NONE',  ( 0.000000000000000000, -0.000000000000000000, 1.000000000000000000 ) ) ;
#4689 = VERTEX_POINT ( 'NONE', #2958 ) ;
#4690 = LINE ( 'NONE', #306, #1565 ) ;
#4691 = EDGE_LOOP ( 'NONE', ( #3988, #7855, #5542, #7267 ) ) ;
#4692 = DIRECTION ( 'NONE',  ( -0.000000000000000000, 1.000000000000000000, -0.000000000000000000 ) ) ;
#4693 = ORIENTED_EDGE ( 'NONE', *, *, #7092, .T. ) ;
#4694 = EDGE_CURVE ( 'NONE', #1099, #3365, #2337, .T. ) ;
#4695 = ORIENTED_EDGE ( 'NONE', *, *, #7134, .T. ) ;
#4696 = DIRECTION ( 'NONE',  ( -0.000000000000000000, 0.000000000000000000, 1.000000000000000000 ) ) ;
#4697 = DIRECTION ( 'NONE',  ( 1.000000000000000000, 0.000000000000000000, 0.000000000000000000 ) ) ;
#4698 = CARTESIAN_POINT ( 'NONE',  ( -75.00000000000002842, 74.99999999999998579, 5.000000000000000000 ) ) ;
#4699 = ORIENTED_EDGE ( 'NONE', *, *, #2989, .F. ) ;
#4700 = LINE ( 'NONE', #5986, #6704 ) ;
#4701 = MECHANICAL_DESIGN_GEOMETRIC_PRESENTATION_REPRESENTATION (  '', ( #3773 ), #169 ) ;
#4702 = EDGE_LOOP ( 'NONE', ( #6718, #1004, #4766, #8258 ) ) ;
#4703 = LINE ( 'NONE', #363, #4885 ) ;
#4704 = EDGE_CURVE ( 'NONE', #6191, #3297, #5661, .T. ) ;
#4705 = CARTESIAN_POINT ( 'NONE',  ( 71.99999999999998579, 4.999999999999976019, 0.000000000000000000 ) ) ;
#4706 = VECTOR ( 'NONE', #1612, 1000.000000000000000 ) ;
#4707 = VECTOR ( 'NONE', #1663, 1000.000000000000000 ) ;
#4708 = PLANE ( 'NONE',  #3666 ) ;
#4709 = DIRECTION ( 'NONE',  ( -0.000000000000000000, -1.000000000000000000, -0.000000000000000000 ) ) ;
#4710 = VERTEX_POINT ( 'NONE', #1830 ) ;
#4711 = VECTOR ( 'NONE', #6061, 1000.000000000000000 ) ;
#4712 = DIRECTION ( 'NONE',  ( -0.000000000000000000, -0.000000000000000000, -1.000000000000000000 ) ) ;
#4713 = DIRECTION ( 'NONE',  ( 2.269055394249329430E-32, -1.226270043362915368E-16, 1.000000000000000000 ) ) ;
#4714 = AXIS2_PLACEMENT_3D ( 'NONE', #4960, #5004, #5082 ) ;
#4715 = LINE ( 'NONE', #1549, #6001 ) ;
#4716 = VERTEX_POINT ( 'NONE', #1155 ) ;
#4717 = VECTOR ( 'NONE', #7627, 1000.000000000000000 ) ;
#4718 = VERTEX_POINT ( 'NONE', #8129 ) ;
#4719 = ORIENTED_EDGE ( 'NONE', *, *, #7765, .F. ) ;
#4720 = DIRECTION ( 'NONE',  ( -1.000000000000000000, 0.000000000000000000, -4.625929269271485322E-15 ) ) ;
#4721 = EDGE_CURVE ( 'NONE', #7455, #1075, #5488, .T. ) ;
#4722 = LINE ( 'NONE', #7309, #285 ) ;
#4723 = PLANE ( 'NONE',  #4399 ) ;
#4724 = DIRECTION ( 'NONE',  ( 1.000000000000000000, 0.000000000000000000, 0.000000000000000000 ) ) ;
#4725 = AXIS2_PLACEMENT_3D ( 'NONE', #3525, #1057, #5467 ) ;
#4726 = ORIENTED_EDGE ( 'NONE', *, *, #3100, .F. ) ;
#4727 = FACE_OUTER_BOUND ( 'NONE', #532, .T. ) ;
#4728 = ORIENTED_EDGE ( 'NONE', *, *, #1942, .F. ) ;
#4729 = FACE_OUTER_BOUND ( 'NONE', #4808, .T. ) ;
#4730 = EDGE_CURVE ( 'NONE', #5747, #5508, #4957, .T. ) ;
#4731 = ORIENTED_EDGE ( 'NONE', *, *, #5728, .T. ) ;
#4732 = DIRECTION ( 'NONE',  ( 1.000000000000000000, 0.000000000000000000, 0.000000000000000000 ) ) ;
#4733 = ORIENTED_EDGE ( 'NONE', *, *, #293, .F. ) ;
#4734 = EDGE_CURVE ( 'NONE', #4207, #5200, #1660, .T. ) ;
#4735 = VECTOR ( 'NONE', #2531, 1000.000000000000000 ) ;
#4736 = ORIENTED_EDGE ( 'NONE', *, *, #2206, .T. ) ;
#4737 = DIRECTION ( 'NONE',  ( -0.000000000000000000, 1.000000000000000000, -0.000000000000000000 ) ) ;
#4738 = FACE_OUTER_BOUND ( 'NONE', #2444, .T. ) ;
#4739 = CARTESIAN_POINT ( 'NONE',  ( -63.00000000000001421, -75.00000000000001421, 5.000000000000000000 ) ) ;
#4740 = EDGE_CURVE ( 'NONE', #8024, #2489, #4875, .T. ) ;
#4741 = ORIENTED_EDGE ( 'NONE', *, *, #6924, .T. ) ;
#4742 = CARTESIAN_POINT ( 'NONE',  ( -72.00000000000002842, 21.99999999999997868, 2.000000000000000000 ) ) ;
#4743 = ORIENTED_EDGE ( 'NONE', *, *, #8153, .T. ) ;
#4744 = CARTESIAN_POINT ( 'NONE',  ( 6.999999999999992006, -75.00000000000001421, 5.000000000000000000 ) ) ;
#4745 = EDGE_CURVE ( 'NONE', #8159, #7795, #1791, .T. ) ;
#4746 = CARTESIAN_POINT ( 'NONE',  ( 71.99999999999998579, -15.00000000000001421, 1.999999999999989564 ) ) ;
#4747 = CARTESIAN_POINT ( 'NONE',  ( 74.99999999999998579, -25.00000000000002132, 5.000000000000000000 ) ) ;
#4748 = CARTESIAN_POINT ( 'NONE',  ( 71.99999999999997158, 69.99999999999998579, 5.000000000000000000 ) ) ;
#4749 = CARTESIAN_POINT ( 'NONE',  ( -57.99999999999997868, 3.500000000000000000, 0.000000000000000000 ) ) ;
#4750 = EDGE_CURVE ( 'NONE', #4495, #5924, #6911, .T. ) ;
#4751 = VERTEX_POINT ( 'NONE', #493 ) ;
#4752 = DIRECTION ( 'NONE',  ( -1.000000000000000000, -0.000000000000000000, -0.000000000000000000 ) ) ;
#4753 = LINE ( 'NONE', #2217, #2984 ) ;
#4754 = DIRECTION ( 'NONE',  ( 1.914177628664063128E-16, -1.000000000000000000, -1.226270043362915368E-16 ) ) ;
#4755 = VECTOR ( 'NONE', #869, 1000.000000000000000 ) ;
#4756 = ORIENTED_EDGE ( 'NONE', *, *, #8267, .T. ) ;
#4757 = ORIENTED_EDGE ( 'NONE', *, *, #1995, .F. ) ;
#4758 = CARTESIAN_POINT ( 'NONE',  ( 71.99999999999998579, -25.00000000000002132, 5.000000000000000000 ) ) ;
#4759 = CYLINDRICAL_SURFACE ( 'NONE', #4413, 1.600000000000005196 ) ;
#4760 = VECTOR ( 'NONE', #1984, 1000.000000000000000 ) ;
#4761 = CARTESIAN_POINT ( 'NONE',  ( -75.00000000000002842, -58.00000000000001421, 5.000000000000000000 ) ) ;
#4762 = DIRECTION ( 'NONE',  ( 0.000000000000000000, -0.000000000000000000, 1.000000000000000000 ) ) ;
#4763 = VERTEX_POINT ( 'NONE', #3747 ) ;
#4764 = VECTOR ( 'NONE', #6927, 1000.000000000000000 ) ;
#4765 = CARTESIAN_POINT ( 'NONE',  ( -75.00000000000002842, 61.99999999999997868, 2.000000000000000000 ) ) ;
#4766 = ORIENTED_EDGE ( 'NONE', *, *, #763, .F. ) ;
#4767 = CARTESIAN_POINT ( 'NONE',  ( -75.00000000000002842, 74.99999999999998579, 5.000000000000000000 ) ) ;
#4768 = ORIENTED_EDGE ( 'NONE', *, *, #4869, .T. ) ;
#4769 = DIRECTION ( 'NONE',  ( -1.850371707708594316E-16, 1.000000000000000000, -0.000000000000000000 ) ) ;
#4770 = PLANE ( 'NONE',  #4725 ) ;
#4771 = VERTEX_POINT ( 'NONE', #3038 ) ;
#4772 = CARTESIAN_POINT ( 'NONE',  ( -63.00000000000000000, -75.00000000000001421, 1.999999999999982236 ) ) ;
#4773 = VECTOR ( 'NONE', #5240, 1000.000000000000000 ) ;
#4774 = ORIENTED_EDGE ( 'NONE', *, *, #5853, .F. ) ;
#4775 = ADVANCED_FACE ( 'NONE', ( #6872 ), #4209, .F. ) ;
#4776 = EDGE_CURVE ( 'NONE', #7552, #2097, #1078, .T. ) ;
#4777 = PLANE ( 'NONE',  #2709 ) ;
#4778 = ADVANCED_FACE ( 'NONE', ( #1037 ), #3587, .F. ) ;
#4779 = DIRECTION ( 'NONE',  ( 1.850371707708594316E-16, -1.000000000000000000, 0.000000000000000000 ) ) ;
#4780 = FACE_OUTER_BOUND ( 'NONE', #7494, .T. ) ;
#4781 = DIRECTION ( 'NONE',  ( -4.625929269271485322E-15, 0.000000000000000000, 1.000000000000000000 ) ) ;
#4782 = ORIENTED_EDGE ( 'NONE', *, *, #7001, .F. ) ;
#4783 = CARTESIAN_POINT ( 'NONE',  ( -68.00000000000000000, -72.00000000000001421, 5.000000000000000000 ) ) ;
#4784 = DIRECTION ( 'NONE',  ( 1.000000000000000000, 0.000000000000000000, 0.000000000000000000 ) ) ;
#4785 = EDGE_CURVE ( 'NONE', #7287, #8157, #6208, .T. ) ;
#4786 = FACE_OUTER_BOUND ( 'NONE', #6779, .T. ) ;
#4787 = ADVANCED_FACE ( 'NONE', ( #5615 ), #6832, .F. ) ;
#4788 = LINE ( 'NONE', #7334, #2780 ) ;
#4789 = CARTESIAN_POINT ( 'NONE',  ( -72.00000000000002842, -28.00000000000002487, 2.000000000000000000 ) ) ;
#4790 = ORIENTED_EDGE ( 'NONE', *, *, #7691, .T. ) ;
#4791 = ORIENTED_EDGE ( 'NONE', *, *, #6263, .T. ) ;
#4792 = CARTESIAN_POINT ( 'NONE',  ( -57.99999999999999289, -3.500000000000003109, 15.00000000000000000 ) ) ;
#4793 = DIRECTION ( 'NONE',  ( 2.312964634635729250E-15, 0.000000000000000000, 1.000000000000000000 ) ) ;
#4794 = DIRECTION ( 'NONE',  ( -1.850371707708594316E-16, 1.000000000000000000, -0.000000000000000000 ) ) ;
#4795 = EDGE_CURVE ( 'NONE', #392, #7910, #7821, .T. ) ;
#4796 = ORIENTED_EDGE ( 'NONE', *, *, #1728, .F. ) ;
#4797 = VECTOR ( 'NONE', #4321, 1000.000000000000000 ) ;
#4798 = ORIENTED_EDGE ( 'NONE', *, *, #3822, .T. ) ;
#4799 = PLANE ( 'NONE',  #1041 ) ;
#4800 = DIRECTION ( 'NONE',  ( 4.625929269271458501E-15, 0.000000000000000000, -1.000000000000000000 ) ) ;
#4801 = DIRECTION ( 'NONE',  ( 1.000000000000000000, 0.000000000000000000, 0.000000000000000000 ) ) ;
#4802 = PLANE ( 'NONE',  #8007 ) ;
#4803 = VECTOR ( 'NONE', #6843, 1000.000000000000000 ) ;
#4804 = ADVANCED_FACE ( 'NONE', ( #574 ), #3123, .F. ) ;
#4805 = ORIENTED_EDGE ( 'NONE', *, *, #745, .F. ) ;
#4806 = DIRECTION ( 'NONE',  ( -4.625929269271485322E-15, -0.000000000000000000, 1.000000000000000000 ) ) ;
#4807 = VECTOR ( 'NONE', #252, 1000.000000000000000 ) ;
#4808 = EDGE_LOOP ( 'NONE', ( #2151, #5867, #1649, #4502 ) ) ;
#4809 = DIRECTION ( 'NONE',  ( 0.000000000000000000, -0.000000000000000000, -1.000000000000000000 ) ) ;
#4810 = ORIENTED_EDGE ( 'NONE', *, *, #1737, .F. ) ;
#4811 = DIRECTION ( 'NONE',  ( -1.000000000000000000, -1.850371707708594070E-16, 0.000000000000000000 ) ) ;
#4812 = LINE ( 'NONE', #1097, #3801 ) ;
#4813 = ORIENTED_EDGE ( 'NONE', *, *, #3494, .T. ) ;
#4814 = CARTESIAN_POINT ( 'NONE',  ( -75.00000000000002842, -48.00000000000002132, 5.000000000000000000 ) ) ;
#4815 = VECTOR ( 'NONE', #5309, 1000.000000000000000 ) ;
#4816 = VERTEX_POINT ( 'NONE', #2668 ) ;
#4817 = PLANE ( 'NONE',  #740 ) ;
#4818 = DIRECTION ( 'NONE',  ( -1.000000000000000000, 0.000000000000000000, -4.625929269271485322E-15 ) ) ;
#4819 = VERTEX_POINT ( 'NONE', #3325 ) ;
#4820 = PLANE ( 'NONE',  #4441 ) ;
#4821 = ORIENTED_EDGE ( 'NONE', *, *, #880, .T. ) ;
#4822 = EDGE_CURVE ( 'NONE', #1254, #4689, #3875, .T. ) ;
#4823 = DIRECTION ( 'NONE',  ( -1.000000000000000000, 0.000000000000000000, 2.312964634635729250E-15 ) ) ;
#4824 = CARTESIAN_POINT ( 'NONE',  ( 75.00000000000000000, -70.00000000000002842, -6.123233995736766282E-16 ) ) ;
#4825 = CARTESIAN_POINT ( 'NONE',  ( 71.99999999999997158, 69.99999999999998579, 2.000000000000000000 ) ) ;
#4826 = VECTOR ( 'NONE', #7488, 1000.000000000000000 ) ;
#4827 = DIRECTION ( 'NONE',  ( -1.000000000000000000, 0.000000000000000000, 0.000000000000000000 ) ) ;
#4828 = LINE ( 'NONE', #7377, #4707 ) ;
#4829 = ORIENTED_EDGE ( 'NONE', *, *, #2659, .T. ) ;
#4830 = ORIENTED_EDGE ( 'NONE', *, *, #3425, .T. ) ;
#4831 = EDGE_CURVE ( 'NONE', #3221, #1304, #8259, .T. ) ;
#4832 = FACE_OUTER_BOUND ( 'NONE', #7575, .T. ) ;
#4833 = DIRECTION ( 'NONE',  ( 0.000000000000000000, 0.000000000000000000, -1.000000000000000000 ) ) ;
#4834 = DIRECTION ( 'NONE',  ( 1.000000000000000000, 0.000000000000000000, 0.000000000000000000 ) ) ;
#4835 = DIRECTION ( 'NONE',  ( 1.000000000000000000, 1.850371707708594070E-16, 0.000000000000000000 ) ) ;
#4836 = EDGE_CURVE ( 'NONE', #3725, #5340, #7586, .T. ) ;
#4837 = VECTOR ( 'NONE', #7610, 1000.000000000000000 ) ;
#4838 = VECTOR ( 'NONE', #941, 1000.000000000000000 ) ;
#4839 = VECTOR ( 'NONE', #7772, 1000.000000000000000 ) ;
#4840 = VECTOR ( 'NONE', #2088, 1000.000000000000000 ) ;
#4841 = ORIENTED_EDGE ( 'NONE', *, *, #5904, .F. ) ;
#4842 = CARTESIAN_POINT ( 'NONE',  ( 1.899999999999997913, 57.99999999999997868, 15.00000000000000000 ) ) ;
#4843 = EDGE_CURVE ( 'NONE', #6436, #6426, #5863, .T. ) ;
#4844 = LINE ( 'NONE', #7393, #4548 ) ;
#4845 = CARTESIAN_POINT ( 'NONE',  ( -3.499999999999992895, -57.99999999999997868, 5.000000000000000888 ) ) ;
#4846 = DIRECTION ( 'NONE',  ( 1.000000000000000000, 0.000000000000000000, 0.000000000000000000 ) ) ;
#4847 = VERTEX_POINT ( 'NONE', #4410 ) ;
#4848 = AXIS2_PLACEMENT_3D ( 'NONE', #8093, #1122, #4336 ) ;
#4849 = CARTESIAN_POINT ( 'NONE',  ( -75.00000000000002842, 41.99999999999997868, 5.000000000000000000 ) ) ;
#4850 = VERTEX_POINT ( 'NONE', #7126 ) ;
#4851 = DIRECTION ( 'NONE',  ( -4.625929269271485322E-15, -0.000000000000000000, 1.000000000000000000 ) ) ;
#4852 = ADVANCED_FACE ( 'NONE', ( #5164 ), #5203, .F. ) ;
#4853 = VERTEX_POINT ( 'NONE', #7080 ) ;
#4854 = LINE ( 'NONE', #973, #4978 ) ;
#4855 = VECTOR ( 'NONE', #4538, 1000.000000000000000 ) ;
#4856 = CARTESIAN_POINT ( 'NONE',  ( -72.00000000000002842, 41.99999999999997868, 5.000000000000000000 ) ) ;
#4857 = VERTEX_POINT ( 'NONE', #3166 ) ;
#4858 = FACE_BOUND ( 'NONE', #6510, .T. ) ;
#4859 = VECTOR ( 'NONE', #6293, 1000.000000000000000 ) ;
#4860 = ORIENTED_EDGE ( 'NONE', *, *, #6471, .T. ) ;
#4861 = LINE ( 'NONE', #8203, #4169 ) ;
#4862 = CARTESIAN_POINT ( 'NONE',  ( 74.99999999999997158, 64.99999999999998579, 5.000000000000000000 ) ) ;
#4863 = ORIENTED_EDGE ( 'NONE', *, *, #2942, .F. ) ;
#4864 = CARTESIAN_POINT ( 'NONE',  ( -72.00000000000002842, -3.000000000000016431, 5.000000000000000000 ) ) ;
#4865 = ORIENTED_EDGE ( 'NONE', *, *, #463, .T. ) ;
#4866 = DIRECTION ( 'NONE',  ( 2.312964634635729250E-15, 0.000000000000000000, 1.000000000000000000 ) ) ;
#4867 = VECTOR ( 'NONE', #569, 1000.000000000000000 ) ;
#4868 = FACE_OUTER_BOUND ( 'NONE', #3181, .T. ) ;
#4869 = EDGE_CURVE ( 'NONE', #4309, #5764, #5823, .T. ) ;
#4870 = LINE ( 'NONE', #7497, #1804 ) ;
#4871 = CARTESIAN_POINT ( 'NONE',  ( 75.00000000000000000, -65.00000000000002842, 5.000000000000000000 ) ) ;
#4872 = LINE ( 'NONE', #1705, #4435 ) ;
#4873 = ORIENTED_EDGE ( 'NONE', *, *, #5271, .F. ) ;
#4874 = ORIENTED_EDGE ( 'NONE', *, *, #190, .T. ) ;
#4875 = LINE ( 'NONE', #451, #461 ) ;
#4876 = LINE ( 'NONE', #33, #3265 ) ;
#4877 = FACE_OUTER_BOUND ( 'NONE', #5635, .T. ) ;
#4878 = LINE ( 'NONE', #1750, #3215 ) ;
#4879 = EDGE_CURVE ( 'NONE', #5631, #7852, #2539, .T. ) ;
#4880 = EDGE_CURVE ( 'NONE', #7787, #14, #699, .T. ) ;
#4881 = ADVANCED_FACE ( 'NONE', ( #1410 ), #3245, .F. ) ;
#4882 = ORIENTED_EDGE ( 'NONE', *, *, #1338, .T. ) ;
#4883 = FACE_OUTER_BOUND ( 'NONE', #768, .T. ) ;
#4884 = FACE_OUTER_BOUND ( 'NONE', #1399, .T. ) ;
#4885 = VECTOR ( 'NONE', #4621, 1000.000000000000000 ) ;
#4886 = PLANE ( 'NONE',  #3605 ) ;
#4887 = CARTESIAN_POINT ( 'NONE',  ( 74.99999999999997158, 69.99999999999998579, 2.000000000000000000 ) ) ;
#4888 = ORIENTED_EDGE ( 'NONE', *, *, #2938, .F. ) ;
#4889 = EDGE_CURVE ( 'NONE', #7557, #1161, #6495, .T. ) ;
#4890 = LINE ( 'NONE', #549, #314 ) ;
#4891 = ADVANCED_FACE ( 'NONE', ( #6375 ), #2706, .F. ) ;
#4892 = AXIS2_PLACEMENT_3D ( 'NONE', #929, #7234, #2931 ) ;
#4893 = VERTEX_POINT ( 'NONE', #1999 ) ;
#4894 = LINE ( 'NONE', #3016, #3841 ) ;
#4895 = ORIENTED_EDGE ( 'NONE', *, *, #5992, .F. ) ;
#4896 = DIRECTION ( 'NONE',  ( 0.000000000000000000, 0.000000000000000000, 1.000000000000000000 ) ) ;
#4897 = DIRECTION ( 'NONE',  ( -1.000000000000000000, -1.850371707708594070E-16, 0.000000000000000000 ) ) ;
#4898 = FACE_BOUND ( 'NONE', #6253, .T. ) ;
#4899 = VECTOR ( 'NONE', #6005, 1000.000000000000000 ) ;
#4900 = ORIENTED_EDGE ( 'NONE', *, *, #6013, .F. ) ;
#4901 = ADVANCED_FACE ( 'NONE', ( #780 ), #5741, .F. ) ;
#4902 = LINE ( 'NONE', #7450, #2966 ) ;
#4903 = CARTESIAN_POINT ( 'NONE',  ( -75.00000000000002842, -75.00000000000001421, 5.000000000000000000 ) ) ;
#4904 = EDGE_LOOP ( 'NONE', ( #2081, #4693, #3596, #1173 ) ) ;
#4905 = VECTOR ( 'NONE', #2728, 1000.000000000000000 ) ;
#4906 = PLANE ( 'NONE',  #1103 ) ;
#4907 = ORIENTED_EDGE ( 'NONE', *, *, #5300, .T. ) ;
#4908 = DIRECTION ( 'NONE',  ( -1.000000000000000000, -0.000000000000000000, -0.000000000000000000 ) ) ;
#4909 = DIRECTION ( 'NONE',  ( -0.000000000000000000, -1.000000000000000000, -0.000000000000000000 ) ) ;
#4910 = EDGE_CURVE ( 'NONE', #4090, #1507, #6455, .T. ) ;
#4911 = VECTOR ( 'NONE', #7954, 1000.000000000000000 ) ;
#4912 = DIRECTION ( 'NONE',  ( -0.000000000000000000, -1.000000000000000000, -0.000000000000000000 ) ) ;
#4913 = LINE ( 'NONE', #367, #7034 ) ;
#4914 = LINE ( 'NONE', #7461, #7511 ) ;
#4915 = EDGE_LOOP ( 'NONE', ( #277, #6928, #807, #7768 ) ) ;
#4916 = EDGE_LOOP ( 'NONE', ( #649, #4270, #6272, #426 ) ) ;
#4917 = CARTESIAN_POINT ( 'NONE',  ( -75.00000000000002842, 71.99999999999998579, 2.000000000000000000 ) ) ;
#4918 = PLANE ( 'NONE',  #2194 ) ;
#4919 = DIRECTION ( 'NONE',  ( -0.000000000000000000, -0.000000000000000000, -1.000000000000000000 ) ) ;
#4920 = DIRECTION ( 'NONE',  ( 1.000000000000000000, 0.000000000000000000, -0.000000000000000000 ) ) ;
#4921 = ORIENTED_EDGE ( 'NONE', *, *, #2386, .T. ) ;
#4922 = CARTESIAN_POINT ( 'NONE',  ( 74.99999999999997158, 49.99999999999997158, -6.123233995736766282E-16 ) ) ;
#4923 = EDGE_CURVE ( 'NONE', #3079, #5675, #660, .T. ) ;
#4924 = DIRECTION ( 'NONE',  ( -0.000000000000000000, 0.000000000000000000, 1.000000000000000000 ) ) ;
#4925 = PLANE ( 'NONE',  #4017 ) ;
#4926 = ORIENTED_EDGE ( 'NONE', *, *, #8106, .T. ) ;
#4927 = VECTOR ( 'NONE', #2947, 1000.000000000000000 ) ;
#4928 = DIRECTION ( 'NONE',  ( -1.850371707708594316E-16, 1.000000000000000000, -0.000000000000000000 ) ) ;
#4929 = ORIENTED_EDGE ( 'NONE', *, *, #2894, .F. ) ;
#4930 = CARTESIAN_POINT ( 'NONE',  ( -3.000000000000016431, -72.00000000000001421, 5.000000000000000000 ) ) ;
#4931 = ORIENTED_EDGE ( 'NONE', *, *, #6414, .F. ) ;
#4932 = PLANE ( 'NONE',  #6705 ) ;
#4933 = VECTOR ( 'NONE', #6064, 1000.000000000000000 ) ;
#4934 = DIRECTION ( 'NONE',  ( -4.625929269271458501E-15, -0.000000000000000000, 1.000000000000000000 ) ) ;
#4935 = CARTESIAN_POINT ( 'NONE',  ( 72.00000000000000000, -55.00000000000002132, 0.000000000000000000 ) ) ;
#4936 = EDGE_CURVE ( 'NONE', #6938, #5447, #115, .T. ) ;
#4937 = PLANE ( 'NONE',  #5068 ) ;
#4938 = EDGE_CURVE ( 'NONE', #6855, #1981, #4497, .T. ) ;
#4939 = ORIENTED_EDGE ( 'NONE', *, *, #2999, .T. ) ;
#4940 = VECTOR ( 'NONE', #3555, 1000.000000000000000 ) ;
#4941 = LINE ( 'NONE', #5518, #2043 ) ;
#4942 = ORIENTED_EDGE ( 'NONE', *, *, #5424, .T. ) ;
#4943 = DIRECTION ( 'NONE',  ( -1.000000000000000000, -0.000000000000000000, -0.000000000000000000 ) ) ;
#4944 = VERTEX_POINT ( 'NONE', #4664 ) ;
#4945 = CARTESIAN_POINT ( 'NONE',  ( 74.99999999999998579, 24.99999999999998224, 0.000000000000000000 ) ) ;
#4946 = VERTEX_POINT ( 'NONE', #3537 ) ;
#4947 = EDGE_CURVE ( 'NONE', #7616, #4510, #2165, .T. ) ;
#4948 = CARTESIAN_POINT ( 'NONE',  ( -52.99999999999999289, -72.00000000000001421, 1.999999999999982236 ) ) ;
#4949 = VECTOR ( 'NONE', #4784, 1000.000000000000000 ) ;
#4950 = LINE ( 'NONE', #528, #602 ) ;
#4951 = VECTOR ( 'NONE', #419, 1000.000000000000000 ) ;
#4952 = DIRECTION ( 'NONE',  ( -0.000000000000000000, -0.000000000000000000, -1.000000000000000000 ) ) ;
#4953 = DIRECTION ( 'NONE',  ( -2.312964634635729250E-15, 0.000000000000000000, -1.000000000000000000 ) ) ;
#4954 = ORIENTED_EDGE ( 'NONE', *, *, #6817, .F. ) ;
#4955 = ORIENTED_EDGE ( 'NONE', *, *, #3102, .T. ) ;
#4956 = EDGE_CURVE ( 'NONE', #7501, #3889, #4041, .T. ) ;
#4957 = LINE ( 'NONE', #7503, #1931 ) ;
#4958 = CARTESIAN_POINT ( 'NONE',  ( -50.00000000000003553, 71.99999999999998579, 5.000000000000000000 ) ) ;
#4959 = CARTESIAN_POINT ( 'NONE',  ( -72.00000000000002842, 61.99999999999997868, 5.000000000000000000 ) ) ;
#4960 = CARTESIAN_POINT ( 'NONE',  ( -57.99999999999997868, 3.500000000000000000, 5.000000000000000888 ) ) ;
#4961 = ORIENTED_EDGE ( 'NONE', *, *, #3586, .F. ) ;
#4962 = CARTESIAN_POINT ( 'NONE',  ( 54.99999999999995026, 71.99999999999998579, 2.000000000000000000 ) ) ;
#4963 = VECTOR ( 'NONE', #5897, 1000.000000000000000 ) ;
#4964 = DIRECTION ( 'NONE',  ( -0.000000000000000000, 1.000000000000000000, -0.000000000000000000 ) ) ;
#4965 = LINE ( 'NONE', #4341, #2814 ) ;
#4966 = ORIENTED_EDGE ( 'NONE', *, *, #3924, .T. ) ;
#4967 = VECTOR ( 'NONE', #1483, 1000.000000000000000 ) ;
#4968 = VECTOR ( 'NONE', #5793, 1000.000000000000000 ) ;
#4969 = VECTOR ( 'NONE', #4928, 1000.000000000000000 ) ;
#4970 = EDGE_CURVE ( 'NONE', #1469, #5811, #4703, .T. ) ;
#4971 = CARTESIAN_POINT ( 'NONE',  ( -75.00000000000002842, 1.999999999999980904, 2.000000000000000000 ) ) ;
#4972 = VERTEX_POINT ( 'NONE', #5947 ) ;
#4973 = LINE ( 'NONE', #4346, #5826 ) ;
#4974 = VERTEX_POINT ( 'NONE', #906 ) ;
#4975 = CARTESIAN_POINT ( 'NONE',  ( 57.99999999999997868, -3.500000000000000000, 0.000000000000000000 ) ) ;
#4976 = DIRECTION ( 'NONE',  ( -0.000000000000000000, -0.000000000000000000, -1.000000000000000000 ) ) ;
#4977 = FACE_OUTER_BOUND ( 'NONE', #2615, .T. ) ;
#4978 = VECTOR ( 'NONE', #6773, 1000.000000000000000 ) ;
#4979 = VECTOR ( 'NONE', #5072, 1000.000000000000000 ) ;
#4980 = ORIENTED_EDGE ( 'NONE', *, *, #416, .F. ) ;
#4981 = EDGE_CURVE ( 'NONE', #66, #6321, #3492, .T. ) ;
#4982 = DIRECTION ( 'NONE',  ( 0.000000000000000000, -1.000000000000000000, 0.000000000000000000 ) ) ;
#4983 = EDGE_LOOP ( 'NONE', ( #3402, #6960, #6661, #7918 ) ) ;
#4984 = VECTOR ( 'NONE', #7849, 1000.000000000000000 ) ;
#4985 = DIRECTION ( 'NONE',  ( 0.000000000000000000, -1.000000000000000000, 0.000000000000000000 ) ) ;
#4986 = ORIENTED_EDGE ( 'NONE', *, *, #2559, .F. ) ;
#4987 = EDGE_CURVE ( 'NONE', #6739, #1965, #1495, .T. ) ;
#4988 = CARTESIAN_POINT ( 'NONE',  ( 74.99999999999997158, 74.99999999999998579, 5.000000000000000000 ) ) ;
#4989 = EDGE_LOOP ( 'NONE', ( #2899, #7162 ) ) ;
#4990 = CARTESIAN_POINT ( 'NONE',  ( 41.99999999999999289, -72.00000000000001421, 5.000000000000000000 ) ) ;
#4991 = CLOSED_SHELL ( 'NONE', ( #3833, #663, #4082, #850, #5145, #1771, #4852, #6356, #8037, #7182, #2409, #4132, #1940, #5584, #3408, #6475, #5028, #6003, #1545, #4804, #1366, #498, #2536, #8221, #2950, #5443, #5805, #5887, #2538, #4387, #3406, #25, #4881, #519, #3936, #3608, #4997, #3122, #7478, #7529, #4261, #304, #2492, #1218, #3612, #4787, #6372, #698, #3827, #4479, #2215, #2528, #7744, #4382, #2042, #7548, #7589, #6865, #2906, #3869, #1311, #6295, #7139, #3945, #7491, #500, #7802, #6198, #6225, #5752, #6519, #4417, #1529, #6740, #1567, #5090, #800, #2620, #2020, #5769, #7936, #4581, #1113, #1760, #2796, #3464, #3618, #4426, #4130, #3597, #3327, #3689, #3344, #3043, #5382, #140, #440, #1474, #5039, #352, #4657, #4778, #5501, #6881, #1011, #2198, #6874, #189, #5852, #2917, #3249, #4342, #1673, #7732, #371, #7375, #568, #7757, #6521, #6211, #2698, #1976, #7833, #1054, #3577, #1196, #3478, #1839, #2380, #6480, #4477, #3416, #3418, #3375, #918, #4414, #4221, #907, #5634, #8115, #6630, #654, #10, #1414, #1466, #5359, #2840, #5705, #3785, #4585, #1068, #2137, #2456, #7480, #2127, #948, #4630, #594, #8059, #5922, #4096, #962, #2751, #871, #6109, #144, #1052, #3003, #4465, #2274, #6153, #7184, #5180, #56, #34, #4550, #615, #5479, #3517, #7192, #4628, #508, #1317, #624, #4901, #4279, #560, #6511, #5085, #3552, #3307, #7392, #1415, #5057, #7238, #1059, #1167, #1305, #240, #1261, #1282, #5208, #4775, #6707, #2345, #3721, #8048, #5665, #3295, #5341, #2090, #7125, #1632, #4649, #3843, #1823, #6763, #7945, #3715, #3042, #4018, #267, #5470, #5832, #4616, #2823, #6662, #1784, #5083, #1273, #117, #7288, #2483, #2102, #6719, #2703, #5711, #7025, #606, #4230, #6273, #4176, #5744, #7350, #642, #5261, #4891, #4603, #6249 ) ) ;
#4992 = EDGE_CURVE ( 'NONE', #2583, #8117, #2789, .T. ) ;
#4993 = CARTESIAN_POINT ( 'NONE',  ( -55.00000000000004263, 74.99999999999998579, 5.000000000000000000 ) ) ;
#4994 = DIRECTION ( 'NONE',  ( -0.000000000000000000, -0.000000000000000000, -1.000000000000000000 ) ) ;
#4995 = PLANE ( 'NONE',  #2452 ) ;
#4996 = VERTEX_POINT ( 'NONE', #7796 ) ;
#4997 = ADVANCED_FACE ( 'NONE', ( #2831 ), #1451, .F. ) ;
#4998 = AXIS2_PLACEMENT_3D ( 'NONE', #1287, #7044, #6500 ) ;
#4999 = EDGE_LOOP ( 'NONE', ( #3561, #2038, #4535, #7360 ) ) ;
#5000 = DIRECTION ( 'NONE',  ( -0.000000000000000000, 0.000000000000000000, 1.000000000000000000 ) ) ;
#5001 = DIRECTION ( 'NONE',  ( -0.000000000000000000, -1.000000000000000000, -0.000000000000000000 ) ) ;
#5002 = CARTESIAN_POINT ( 'NONE',  ( 59.60000000000000142, 3.500000000000003109, 5.000000000000000888 ) ) ;
#5003 = EDGE_CURVE ( 'NONE', #3136, #5811, #3997, .T. ) ;
#5004 = DIRECTION ( 'NONE',  ( -0.000000000000000000, 0.000000000000000000, 1.000000000000000000 ) ) ;
#5005 = EDGE_LOOP ( 'NONE', ( #3783, #5486, #4447, #2449 ) ) ;
#5006 = PLANE ( 'NONE',  #2424 ) ;
#5007 = DIRECTION ( 'NONE',  ( -1.000000000000000000, -0.000000000000000000, -0.000000000000000000 ) ) ;
#5008 = CARTESIAN_POINT ( 'NONE',  ( -43.00000000000000711, -72.00000000000001421, 5.000000000000000000 ) ) ;
#5009 = ORIENTED_EDGE ( 'NONE', *, *, #8211, .F. ) ;
#5010 = DIRECTION ( 'NONE',  ( 0.000000000000000000, 0.000000000000000000, -1.000000000000000000 ) ) ;
#5011 = ORIENTED_EDGE ( 'NONE', *, *, #1951, .F. ) ;
#5012 = CARTESIAN_POINT ( 'NONE',  ( -75.00000000000002842, 74.99999999999998579, 5.000000000000000000 ) ) ;
#5013 = AXIS2_PLACEMENT_3D ( 'NONE', #4917, #5000, #3668 ) ;
#5014 = ORIENTED_EDGE ( 'NONE', *, *, #6013, .T. ) ;
#5015 = DIRECTION ( 'NONE',  ( -1.000000000000000000, -1.850371707708594316E-16, 0.000000000000000000 ) ) ;
#5016 = CARTESIAN_POINT ( 'NONE',  ( -75.00000000000002842, -8.000000000000028422, 5.000000000000000000 ) ) ;
#5017 = LINE ( 'NONE', #3817, #6803 ) ;
#5018 = ORIENTED_EDGE ( 'NONE', *, *, #7409, .F. ) ;
#5019 = CARTESIAN_POINT ( 'NONE',  ( -75.00000000000002842, 74.99999999999998579, 5.000000000000000000 ) ) ;
#5020 = ORIENTED_EDGE ( 'NONE', *, *, #7738, .F. ) ;
#5021 = DIRECTION ( 'NONE',  ( 1.000000000000000000, 1.850371707708594070E-16, -0.000000000000000000 ) ) ;
#5022 = VERTEX_POINT ( 'NONE', #4744 ) ;
#5023 = DIRECTION ( 'NONE',  ( 1.000000000000000000, 0.000000000000000000, 0.000000000000000000 ) ) ;
#5024 = ORIENTED_EDGE ( 'NONE', *, *, #6820, .F. ) ;
#5025 = CARTESIAN_POINT ( 'NONE',  ( 74.99999999999997158, 69.99999999999998579, 2.000000000000000000 ) ) ;
#5026 = VECTOR ( 'NONE', #808, 1000.000000000000000 ) ;
#5027 = EDGE_CURVE ( 'NONE', #4352, #2257, #7208, .T. ) ;
#5028 = ADVANCED_FACE ( 'NONE', ( #3369 ), #2872, .F. ) ;
#5029 = EDGE_CURVE ( 'NONE', #6573, #5340, #5907, .T. ) ;
#5030 = CARTESIAN_POINT ( 'NONE',  ( -75.00000000000002842, 74.99999999999998579, 5.000000000000000000 ) ) ;
#5031 = VECTOR ( 'NONE', #5266, 1000.000000000000000 ) ;
#5032 = LINE ( 'NONE', #1786, #5562 ) ;
#5033 = DIRECTION ( 'NONE',  ( -0.000000000000000000, 1.000000000000000000, -0.000000000000000000 ) ) ;
#5034 = ORIENTED_EDGE ( 'NONE', *, *, #222, .F. ) ;
#5035 = CARTESIAN_POINT ( 'NONE',  ( 74.99999999999997158, 74.99999999999998579, 5.000000000000000000 ) ) ;
#5036 = ORIENTED_EDGE ( 'NONE', *, *, #1624, .F. ) ;
#5037 = CARTESIAN_POINT ( 'NONE',  ( -75.00000000000002842, 74.99999999999998579, 2.000000000000000000 ) ) ;
#5038 = LINE ( 'NONE', #2501, #1526 ) ;
#5039 = ADVANCED_FACE ( 'NONE', ( #6584 ), #4085, .F. ) ;
#5040 = CARTESIAN_POINT ( 'NONE',  ( -72.00000000000002842, -43.00000000000002132, 5.000000000000000000 ) ) ;
#5041 = AXIS2_PLACEMENT_3D ( 'NONE', #68, #2159, #6620 ) ;
#5042 = EDGE_CURVE ( 'NONE', #3559, #356, #1540, .T. ) ;
#5043 = DIRECTION ( 'NONE',  ( -2.312964634635729250E-15, 0.000000000000000000, -1.000000000000000000 ) ) ;
#5044 = ORIENTED_EDGE ( 'NONE', *, *, #6207, .T. ) ;
#5045 = CARTESIAN_POINT ( 'NONE',  ( 71.99999999999997158, 69.99999999999998579, 2.000000000000000000 ) ) ;
#5046 = ORIENTED_EDGE ( 'NONE', *, *, #2770, .T. ) ;
#5047 = EDGE_CURVE ( 'NONE', #3576, #6002, #200, .T. ) ;
#5048 = LINE ( 'NONE', #5087, #978 ) ;
#5049 = CARTESIAN_POINT ( 'NONE',  ( -28.00000000000001066, -75.00000000000001421, 1.999999999999982236 ) ) ;
#5050 = ORIENTED_EDGE ( 'NONE', *, *, #4981, .F. ) ;
#5051 = DIRECTION ( 'NONE',  ( 1.000000000000000000, 1.850371707708594070E-16, -0.000000000000000000 ) ) ;
#5052 = ORIENTED_EDGE ( 'NONE', *, *, #3930, .F. ) ;
#5053 = CARTESIAN_POINT ( 'NONE',  ( 41.99999999999999289, -75.00000000000001421, 5.000000000000000000 ) ) ;
#5054 = ORIENTED_EDGE ( 'NONE', *, *, #2398, .T. ) ;
#5055 = DIRECTION ( 'NONE',  ( -0.000000000000000000, -4.625929269271485322E-15, 1.000000000000000000 ) ) ;
#5056 = DIRECTION ( 'NONE',  ( -2.312964634635729250E-15, 0.000000000000000000, -1.000000000000000000 ) ) ;
#5057 = ADVANCED_FACE ( 'NONE', ( #6626 ), #2750, .F. ) ;
#5058 = CARTESIAN_POINT ( 'NONE',  ( 11.99999999999998934, -72.00000000000001421, 5.000000000000000000 ) ) ;
#5059 = VERTEX_POINT ( 'NONE', #989 ) ;
#5060 = CARTESIAN_POINT ( 'NONE',  ( -75.00000000000002842, 11.99999999999997513, 5.000000000000000000 ) ) ;
#5061 = ORIENTED_EDGE ( 'NONE', *, *, #6638, .F. ) ;
#5062 = DIRECTION ( 'NONE',  ( -1.000000000000000000, -0.000000000000000000, -0.000000000000000000 ) ) ;
#5063 = ORIENTED_EDGE ( 'NONE', *, *, #1463, .T. ) ;
#5064 = DIRECTION ( 'NONE',  ( 0.000000000000000000, 0.000000000000000000, 1.000000000000000000 ) ) ;
#5065 = VECTOR ( 'NONE', #3233, 1000.000000000000000 ) ;
#5066 = EDGE_LOOP ( 'NONE', ( #7619, #1601, #2603, #6950 ) ) ;
#5067 = DIRECTION ( 'NONE',  ( 1.914177628664063128E-16, -1.000000000000000000, -1.226270043362915368E-16 ) ) ;
#5068 = AXIS2_PLACEMENT_3D ( 'NONE', #477, #1018, #1729 ) ;
#5069 = ORIENTED_EDGE ( 'NONE', *, *, #362, .F. ) ;
#5070 = CARTESIAN_POINT ( 'NONE',  ( -23.00000000000000711, -72.00000000000001421, 5.000000000000000000 ) ) ;
#5071 = CARTESIAN_POINT ( 'NONE',  ( -68.00000000000000000, -72.00000000000001421, 1.999999999999982236 ) ) ;
#5073 = EDGE_CURVE ( 'NONE', #2738, #2122, #2125, .T. ) ;
#5072 = DIRECTION ( 'NONE',  ( -0.000000000000000000, 1.000000000000000000, -0.000000000000000000 ) ) ;
#5074 = VERTEX_POINT ( 'NONE', #3656 ) ;
#5075 = VECTOR ( 'NONE', #3848, 1000.000000000000000 ) ;
#5076 = CARTESIAN_POINT ( 'NONE',  ( -4.163336342344337027E-14, 71.99999999999998579, 5.000000000000000000 ) ) ;
#5077 = ORIENTED_EDGE ( 'NONE', *, *, #2805, .T. ) ;
#5078 = DIRECTION ( 'NONE',  ( 1.000000000000000000, 0.000000000000000000, 0.000000000000000000 ) ) ;
#5079 = CARTESIAN_POINT ( 'NONE',  ( 54.99999999999995737, 71.99999999999998579, 5.000000000000000000 ) ) ;
#5080 = FACE_OUTER_BOUND ( 'NONE', #1853, .T. ) ;
#5081 = VECTOR ( 'NONE', #3287, 1000.000000000000000 ) ;
#5082 = DIRECTION ( 'NONE',  ( 1.000000000000000000, 0.000000000000000000, 0.000000000000000000 ) ) ;
#5083 = ADVANCED_FACE ( 'NONE', ( #2990 ), #3073, .F. ) ;
#5084 = EDGE_LOOP ( 'NONE', ( #2138, #1337, #8149, #3862 ) ) ;
#5085 = ADVANCED_FACE ( 'NONE', ( #1821 ), #2281, .F. ) ;
#5086 = PLANE ( 'NONE',  #326 ) ;
#5087 = CARTESIAN_POINT ( 'NONE',  ( -33.00000000000000000, -72.00000000000001421, 1.999999999999982236 ) ) ;
#5088 = CARTESIAN_POINT ( 'NONE',  ( 71.99999999999997158, 69.99999999999998579, 2.000000000000000000 ) ) ;
#5089 = ORIENTED_EDGE ( 'NONE', *, *, #1883, .T. ) ;
#5090 = ADVANCED_FACE ( 'NONE', ( #527 ), #3029, .F. ) ;
#5091 = LINE ( 'NONE', #1930, #5900 ) ;
#5092 = ORIENTED_EDGE ( 'NONE', *, *, #4684, .T. ) ;
#5093 = AXIS2_PLACEMENT_3D ( 'NONE', #1609, #4152, #5435 ) ;
#5094 = ORIENTED_EDGE ( 'NONE', *, *, #2283, .F. ) ;
#5095 = DIRECTION ( 'NONE',  ( 2.269055394249329430E-32, -1.226270043362915368E-16, 1.000000000000000000 ) ) ;
#5096 = ORIENTED_EDGE ( 'NONE', *, *, #5885, .T. ) ;
#5097 = DIRECTION ( 'NONE',  ( 1.850371707708594070E-16, -1.000000000000000000, 0.000000000000000000 ) ) ;
#5098 = DIRECTION ( 'NONE',  ( 0.000000000000000000, 0.000000000000000000, 1.000000000000000000 ) ) ;
#5099 = DIRECTION ( 'NONE',  ( -0.000000000000000000, 0.000000000000000000, -1.000000000000000000 ) ) ;
#5100 = DIRECTION ( 'NONE',  ( -0.000000000000000000, 1.000000000000000000, -0.000000000000000000 ) ) ;
#5101 = VECTOR ( 'NONE', #153, 1000.000000000000000 ) ;
#5102 = EDGE_LOOP ( 'NONE', ( #1308, #4108, #5156, #6365 ) ) ;
#5103 = VECTOR ( 'NONE', #5485, 1000.000000000000000 ) ;
#5104 = EDGE_CURVE ( 'NONE', #1695, #4668, #1656, .T. ) ;
#5105 = DIRECTION ( 'NONE',  ( 1.000000000000000000, -0.000000000000000000, 4.625929269271458501E-15 ) ) ;
#5106 = ORIENTED_EDGE ( 'NONE', *, *, #2095, .T. ) ;
#5107 = CARTESIAN_POINT ( 'NONE',  ( 41.99999999999997868, -72.00000000000001421, 1.999999999999982236 ) ) ;
#5108 = ORIENTED_EDGE ( 'NONE', *, *, #4263, .T. ) ;
#5109 = AXIS2_PLACEMENT_3D ( 'NONE', #5936, #5319, #4811 ) ;
#5110 = AXIS2_PLACEMENT_3D ( 'NONE', #4975, #4348, #2518 ) ;
#5111 = CARTESIAN_POINT ( 'NONE',  ( -75.00000000000002842, 61.99999999999997868, 5.000000000000000000 ) ) ;
#5112 = VECTOR ( 'NONE', #3911, 1000.000000000000000 ) ;
#5113 = ORIENTED_EDGE ( 'NONE', *, *, #1641, .F. ) ;
#5114 = LINE ( 'NONE', #8210, #2544 ) ;
#5115 = ORIENTED_EDGE ( 'NONE', *, *, #2952, .T. ) ;
#5116 = VECTOR ( 'NONE', #1079, 1000.000000000000000 ) ;
#5117 = DIRECTION ( 'NONE',  ( 1.000000000000000000, 1.850371707708594070E-16, 0.000000000000000000 ) ) ;
#5118 = DIRECTION ( 'NONE',  ( -1.000000000000000000, 0.000000000000000000, 0.000000000000000000 ) ) ;
#5119 = CARTESIAN_POINT ( 'NONE',  ( 57.99999999999999289, 3.500000000000003109, 5.000000000000000888 ) ) ;
#5120 = ORIENTED_EDGE ( 'NONE', *, *, #6967, .F. ) ;
#5121 = DIRECTION ( 'NONE',  ( -0.000000000000000000, -1.000000000000000000, -0.000000000000000000 ) ) ;
#5122 = ORIENTED_EDGE ( 'NONE', *, *, #4325, .F. ) ;
#5123 = DIRECTION ( 'NONE',  ( -0.000000000000000000, -0.000000000000000000, -1.000000000000000000 ) ) ;
#5124 = DIRECTION ( 'NONE',  ( -0.000000000000000000, -0.000000000000000000, 1.000000000000000000 ) ) ;
#5125 = VECTOR ( 'NONE', #6100, 1000.000000000000000 ) ;
#5126 = CARTESIAN_POINT ( 'NONE',  ( 47.00000000000000000, -75.00000000000001421, 1.999999999999982236 ) ) ;
#5127 = VECTOR ( 'NONE', #5829, 1000.000000000000000 ) ;
#5128 = LINE ( 'NONE', #1964, #7264 ) ;
#5129 = AXIS2_PLACEMENT_3D ( 'NONE', #1581, #6116, #7256 ) ;
#5130 = ORIENTED_EDGE ( 'NONE', *, *, #3859, .T. ) ;
#5131 = DIRECTION ( 'NONE',  ( -2.312964634635729250E-15, 0.000000000000000000, -1.000000000000000000 ) ) ;
#5132 = LINE ( 'NONE', #2093, #6435 ) ;
#5133 = FACE_OUTER_BOUND ( 'NONE', #4246, .T. ) ;
#5134 = CIRCLE ( 'NONE', #6200, 1.600000000000004974 ) ;
#5135 = EDGE_CURVE ( 'NONE', #8099, #2427, #1738, .T. ) ;
#5136 = EDGE_CURVE ( 'NONE', #4763, #1613, #1698, .T. ) ;
#5137 = ORIENTED_EDGE ( 'NONE', *, *, #6403, .F. ) ;
#5138 = EDGE_CURVE ( 'NONE', #591, #7130, #7495, .T. ) ;
#5139 = VERTEX_POINT ( 'NONE', #7456 ) ;
#5140 = ORIENTED_EDGE ( 'NONE', *, *, #7229, .F. ) ;
#5141 = DIRECTION ( 'NONE',  ( 1.000000000000000000, 0.000000000000000000, 0.000000000000000000 ) ) ;
#5142 = LINE ( 'NONE', #6476, #4839 ) ;
#5143 = LINE ( 'NONE', #5677, #3660 ) ;
#5144 = CARTESIAN_POINT ( 'NONE',  ( 21.99999999999999289, -75.00000000000001421, 5.000000000000000000 ) ) ;
#5145 = ADVANCED_FACE ( 'NONE', ( #1185 ), #6240, .F. ) ;
#5146 = ORIENTED_EDGE ( 'NONE', *, *, #8019, .T. ) ;
#5147 = EDGE_CURVE ( 'NONE', #518, #644, #7537, .T. ) ;
#5148 = VERTEX_POINT ( 'NONE', #7998 ) ;
#5149 = LINE ( 'NONE', #3900, #5681 ) ;
#5150 = ORIENTED_EDGE ( 'NONE', *, *, #1074, .F. ) ;
#5151 = CARTESIAN_POINT ( 'NONE',  ( 74.99999999999998579, -5.000000000000018652, 0.000000000000000000 ) ) ;
#5152 = ORIENTED_EDGE ( 'NONE', *, *, #5728, .F. ) ;
#5153 = CYLINDRICAL_SURFACE ( 'NONE', #2406, 1.600000000000005196 ) ;
#5154 = EDGE_CURVE ( 'NONE', #4164, #127, #7369, .T. ) ;
#5155 = AXIS2_PLACEMENT_3D ( 'NONE', #3917, #619, #5700 ) ;
#5156 = ORIENTED_EDGE ( 'NONE', *, *, #3762, .F. ) ;
#5157 = CARTESIAN_POINT ( 'NONE',  ( 3.500000000000003109, -57.99999999999997868, 15.00000000000000000 ) ) ;
#5158 = DIRECTION ( 'NONE',  ( -0.000000000000000000, 0.000000000000000000, 1.000000000000000000 ) ) ;
#5159 = DIRECTION ( 'NONE',  ( -0.000000000000000000, 0.000000000000000000, 1.000000000000000000 ) ) ;
#5160 = EDGE_LOOP ( 'NONE', ( #4297, #5847, #7481, #5603 ) ) ;
#5161 = VECTOR ( 'NONE', #3313, 1000.000000000000000 ) ;
#5162 = DIRECTION ( 'NONE',  ( -0.000000000000000000, 0.000000000000000000, 1.000000000000000000 ) ) ;
#5163 = ORIENTED_EDGE ( 'NONE', *, *, #8068, .T. ) ;
#5164 = FACE_OUTER_BOUND ( 'NONE', #1564, .T. ) ;
#5165 = DIRECTION ( 'NONE',  ( 1.000000000000000000, 1.850371707708594070E-16, 0.000000000000000000 ) ) ;
#5166 = EDGE_CURVE ( 'NONE', #972, #1736, #4360, .T. ) ;
#5167 = CARTESIAN_POINT ( 'NONE',  ( 0.000000000000000000, 71.99999999999998579, 0.000000000000000000 ) ) ;
#5168 = VECTOR ( 'NONE', #4534, 1000.000000000000000 ) ;
#5169 = FACE_OUTER_BOUND ( 'NONE', #2266, .T. ) ;
#5170 = EDGE_LOOP ( 'NONE', ( #4294, #2458, #4900, #3624 ) ) ;
#5171 = CARTESIAN_POINT ( 'NONE',  ( -75.00000000000002842, 74.99999999999998579, 5.000000000000000000 ) ) ;
#5172 = VECTOR ( 'NONE', #5779, 1000.000000000000000 ) ;
#5173 = LINE ( 'NONE', #7718, #2593 ) ;
#5174 = LINE ( 'NONE', #4054, #6576 ) ;
#5175 = CARTESIAN_POINT ( 'NONE',  ( 14.99999999999996447, 71.99999999999998579, 5.000000000000000000 ) ) ;
#5176 = VERTEX_POINT ( 'NONE', #6904 ) ;
#5177 = ORIENTED_EDGE ( 'NONE', *, *, #5608, .F. ) ;
#5178 = VERTEX_POINT ( 'NONE', #2327 ) ;
#5179 = DIRECTION ( 'NONE',  ( -1.000000000000000000, -0.000000000000000000, -0.000000000000000000 ) ) ;
#5180 = ADVANCED_FACE ( 'NONE', ( #4201 ), #8165, .F. ) ;
#5181 = LINE ( 'NONE', #4475, #7840 ) ;
#5182 = CARTESIAN_POINT ( 'NONE',  ( -75.00000000000002842, 16.99999999999997868, 5.000000000000000000 ) ) ;
#5183 = DIRECTION ( 'NONE',  ( -0.000000000000000000, -0.000000000000000000, 1.000000000000000000 ) ) ;
#5184 = VERTEX_POINT ( 'NONE', #8038 ) ;
#5185 = ADVANCED_BREP_SHAPE_REPRESENTATION ( 'bottom part', ( #1263, #2722 ), #8051 ) ;
#5186 = VERTEX_POINT ( 'NONE', #4239 ) ;
#5187 = LINE ( 'NONE', #7024, #3030 ) ;
#5188 = EDGE_CURVE ( 'NONE', #7336, #783, #6786, .T. ) ;
#5189 = ORIENTED_EDGE ( 'NONE', *, *, #6924, .F. ) ;
#5190 = CARTESIAN_POINT ( 'NONE',  ( -75.00000000000002842, -75.00000000000001421, 5.000000000000000000 ) ) ;
#5191 = VERTEX_POINT ( 'NONE', #5524 ) ;
#5192 = DIRECTION ( 'NONE',  ( -1.000000000000000000, 0.000000000000000000, 0.000000000000000000 ) ) ;
#5193 = EDGE_CURVE ( 'NONE', #6555, #2097, #8079, .T. ) ;
#5194 = ORIENTED_EDGE ( 'NONE', *, *, #441, .T. ) ;
#5195 = DIRECTION ( 'NONE',  ( 1.000000000000000000, 0.000000000000000000, 0.000000000000000000 ) ) ;
#5196 = VECTOR ( 'NONE', #924, 1000.000000000000000 ) ;
#5197 = CARTESIAN_POINT ( 'NONE',  ( -75.00000000000002842, -75.00000000000001421, 5.000000000000000000 ) ) ;
#5198 = DIRECTION ( 'NONE',  ( -1.000000000000000000, 0.000000000000000000, -4.625929269271485322E-15 ) ) ;
#5199 = EDGE_CURVE ( 'NONE', #5178, #4119, #1147, .T. ) ;
#5200 = VERTEX_POINT ( 'NONE', #3826 ) ;
#5201 = CARTESIAN_POINT ( 'NONE',  ( -75.00000000000002842, 74.99999999999998579, 5.000000000000000000 ) ) ;
#5202 = ORIENTED_EDGE ( 'NONE', *, *, #8164, .F. ) ;
#5203 = CYLINDRICAL_SURFACE ( 'NONE', #3553, 1.600000000000004974 ) ;
#5204 = VECTOR ( 'NONE', #8101, 1000.000000000000000 ) ;
#5205 = FACE_OUTER_BOUND ( 'NONE', #3148, .T. ) ;
#5206 = FACE_OUTER_BOUND ( 'NONE', #7004, .T. ) ;
#5207 = DIRECTION ( 'NONE',  ( 0.000000000000000000, -1.000000000000000000, -1.226270043362915368E-16 ) ) ;
#5208 = ADVANCED_FACE ( 'NONE', ( #4063 ), #19, .F. ) ;
#5209 = ORIENTED_EDGE ( 'NONE', *, *, #3045, .T. ) ;
#5210 = DIRECTION ( 'NONE',  ( 1.000000000000000000, 1.850371707708594070E-16, -0.000000000000000000 ) ) ;
#5211 = CARTESIAN_POINT ( 'NONE',  ( -58.00000000000000711, -72.00000000000001421, 1.999999999999982236 ) ) ;
#5212 = DIRECTION ( 'NONE',  ( -0.000000000000000000, 0.000000000000000000, 1.000000000000000000 ) ) ;
#5213 = CARTESIAN_POINT ( 'NONE',  ( -68.00000000000001421, -72.00000000000001421, 1.999999999999982236 ) ) ;
#5214 = VECTOR ( 'NONE', #1542, 1000.000000000000000 ) ;
#5215 = VERTEX_POINT ( 'NONE', #7662 ) ;
#5216 = ORIENTED_EDGE ( 'NONE', *, *, #7991, .F. ) ;
#5217 = ORIENTED_EDGE ( 'NONE', *, *, #4987, .F. ) ;
#5218 = VERTEX_POINT ( 'NONE', #5025 ) ;
#5219 = FACE_OUTER_BOUND ( 'NONE', #7995, .T. ) ;
#5220 = DIRECTION ( 'NONE',  ( -0.000000000000000000, 0.000000000000000000, 1.000000000000000000 ) ) ;
#5221 = CARTESIAN_POINT ( 'NONE',  ( 19.99999999999997513, 71.99999999999998579, 2.000000000000000000 ) ) ;
#5222 = DIRECTION ( 'NONE',  ( 1.914177628664063128E-16, -1.000000000000000000, -1.226270043362915368E-16 ) ) ;
#5223 = ORIENTED_EDGE ( 'NONE', *, *, #7083, .F. ) ;
#5224 = EDGE_CURVE ( 'NONE', #246, #103, #567, .T. ) ;
#5225 =( NAMED_UNIT ( * ) SI_UNIT ( $, .STERADIAN. ) SOLID_ANGLE_UNIT ( ) );
#5226 = ORIENTED_EDGE ( 'NONE', *, *, #393, .T. ) ;
#5227 = CARTESIAN_POINT ( 'NONE',  ( -35.00000000000004263, 71.99999999999998579, 5.000000000000000000 ) ) ;
#5228 = ORIENTED_EDGE ( 'NONE', *, *, #130, .F. ) ;
#5229 = DIRECTION ( 'NONE',  ( 1.000000000000000000, 0.000000000000000000, 0.000000000000000000 ) ) ;
#5230 = ORIENTED_EDGE ( 'NONE', *, *, #5547, .T. ) ;
#5231 = VECTOR ( 'NONE', #1558, 1000.000000000000000 ) ;
#5232 = ORIENTED_EDGE ( 'NONE', *, *, #7576, .T. ) ;
#5233 = EDGE_CURVE ( 'NONE', #7174, #7191, #1400, .T. ) ;
#5234 = EDGE_CURVE ( 'NONE', #1551, #6236, #5114, .T. ) ;
#5235 = DIRECTION ( 'NONE',  ( 0.000000000000000000, 0.000000000000000000, -1.000000000000000000 ) ) ;
#5236 = VECTOR ( 'NONE', #1144, 1000.000000000000000 ) ;
#5237 = EDGE_CURVE ( 'NONE', #3852, #5596, #6531, .T. ) ;
#5238 = VECTOR ( 'NONE', #4466, 1000.000000000000000 ) ;
#5239 = VECTOR ( 'NONE', #6790, 1000.000000000000000 ) ;
#5240 = DIRECTION ( 'NONE',  ( 1.000000000000000000, 1.850371707708594070E-16, 0.000000000000000000 ) ) ;
#5241 = CARTESIAN_POINT ( 'NONE',  ( -10.00000000000002309, 74.99999999999998579, 2.000000000000000000 ) ) ;
#5242 = ORIENTED_EDGE ( 'NONE', *, *, #6360, .F. ) ;
#5243 = LINE ( 'NONE', #7122, #310 ) ;
#5244 = ORIENTED_EDGE ( 'NONE', *, *, #6893, .F. ) ;
#5245 = DIRECTION ( 'NONE',  ( 1.914177628664063128E-16, -1.000000000000000000, -1.226270043362915368E-16 ) ) ;
#5246 = CARTESIAN_POINT ( 'NONE',  ( -48.00000000000001421, -75.00000000000001421, 1.999999999999982236 ) ) ;
#5247 = PLANE ( 'NONE',  #4687 ) ;
#5248 = EDGE_LOOP ( 'NONE', ( #2694, #3274, #2065, #7536 ) ) ;
#5249 = AXIS2_PLACEMENT_3D ( 'NONE', #2035, #5734, #4575 ) ;
#5250 = EDGE_CURVE ( 'NONE', #5218, #4996, #3784, .T. ) ;
#5251 = PLANE ( 'NONE',  #4998 ) ;
#5252 = EDGE_CURVE ( 'NONE', #337, #2641, #4401, .T. ) ;
#5253 = CARTESIAN_POINT ( 'NONE',  ( -30.00000000000003908, 74.99999999999998579, 5.000000000000000000 ) ) ;
#5254 = AXIS2_PLACEMENT_3D ( 'NONE', #2295, #4250, #5999 ) ;
#5255 = VERTEX_POINT ( 'NONE', #7577 ) ;
#5256 = CARTESIAN_POINT ( 'NONE',  ( 71.99999999999997158, 69.99999999999998579, 2.000000000000000000 ) ) ;
#5257 = CARTESIAN_POINT ( 'NONE',  ( -5.000000000000039080, 71.99999999999998579, 5.000000000000000000 ) ) ;
#5258 = CARTESIAN_POINT ( 'NONE',  ( 59.99999999999995737, 74.99999999999998579, 5.000000000000000000 ) ) ;
#5259 = VECTOR ( 'NONE', #4752, 1000.000000000000000 ) ;
#5260 = DIRECTION ( 'NONE',  ( 1.000000000000000000, 1.850371707708594070E-16, 0.000000000000000000 ) ) ;
#5261 = ADVANCED_FACE ( 'NONE', ( #1354 ), #5153, .F. ) ;
#5262 = EDGE_LOOP ( 'NONE', ( #4423, #1665, #4339, #6022 ) ) ;
#5263 = EDGE_LOOP ( 'NONE', ( #3139, #397, #6027, #6374 ) ) ;
#5264 = ORIENTED_EDGE ( 'NONE', *, *, #951, .F. ) ;
#5265 = VERTEX_POINT ( 'NONE', #3194 ) ;
#5266 = DIRECTION ( 'NONE',  ( -1.000000000000000000, -1.850371707708594070E-16, 0.000000000000000000 ) ) ;
#5267 = CARTESIAN_POINT ( 'NONE',  ( -75.00000000000002842, -75.00000000000001421, 5.000000000000000000 ) ) ;
#5268 = VECTOR ( 'NONE', #2993, 1000.000000000000000 ) ;
#5269 = DIRECTION ( 'NONE',  ( -4.625929269271485322E-15, -0.000000000000000000, 1.000000000000000000 ) ) ;
#5270 = DIRECTION ( 'NONE',  ( -0.000000000000000000, 1.000000000000000000, -0.000000000000000000 ) ) ;
#5271 = EDGE_CURVE ( 'NONE', #7053, #4718, #64, .T. ) ;
#5272 = VERTEX_POINT ( 'NONE', #7029 ) ;
#5273 = CARTESIAN_POINT ( 'NONE',  ( -72.00000000000002842, 1.999999999999980904, 5.000000000000000000 ) ) ;
#5274 = VERTEX_POINT ( 'NONE', #7741 ) ;
#5275 = DIRECTION ( 'NONE',  ( 1.000000000000000000, 1.850371707708594070E-16, -0.000000000000000000 ) ) ;
#5276 = ORIENTED_EDGE ( 'NONE', *, *, #2430, .F. ) ;
#5277 = DIRECTION ( 'NONE',  ( 1.914177628664063128E-16, -1.000000000000000000, -1.226270043362915368E-16 ) ) ;
#5278 = EDGE_LOOP ( 'NONE', ( #2098, #5036, #5348, #3599 ) ) ;
#5279 = ORIENTED_EDGE ( 'NONE', *, *, #6915, .T. ) ;
#5280 = LINE ( 'NONE', #1569, #7097 ) ;
#5281 = CARTESIAN_POINT ( 'NONE',  ( -72.00000000000002842, -3.000000000000002665, 2.000000000000000000 ) ) ;
#5282 = CARTESIAN_POINT ( 'NONE',  ( 71.99999999999997158, 39.99999999999997868, -6.123233995736766282E-16 ) ) ;
#5283 = ORIENTED_EDGE ( 'NONE', *, *, #6463, .T. ) ;
#5284 = DIRECTION ( 'NONE',  ( 0.000000000000000000, 0.000000000000000000, 1.000000000000000000 ) ) ;
#5285 = ORIENTED_EDGE ( 'NONE', *, *, #150, .T. ) ;
#5286 = EDGE_CURVE ( 'NONE', #336, #8086, #5812, .T. ) ;
#5287 = VECTOR ( 'NONE', #155, 1000.000000000000000 ) ;
#5288 = CARTESIAN_POINT ( 'NONE',  ( -72.00000000000002842, -33.00000000000001421, 5.000000000000000000 ) ) ;
#5289 = PLANE ( 'NONE',  #3351 ) ;
#5290 = EDGE_CURVE ( 'NONE', #4819, #6552, #8248, .T. ) ;
#5291 = CARTESIAN_POINT ( 'NONE',  ( 71.99999999999997158, 64.99999999999998579, 0.000000000000000000 ) ) ;
#5292 = VECTOR ( 'NONE', #7533, 1000.000000000000000 ) ;
#5293 = CARTESIAN_POINT ( 'NONE',  ( -72.00000000000002842, 36.99999999999997868, 5.000000000000000000 ) ) ;
#5294 = ORIENTED_EDGE ( 'NONE', *, *, #222, .T. ) ;
#5295 = EDGE_CURVE ( 'NONE', #3772, #1981, #1901, .T. ) ;
#5296 = CARTESIAN_POINT ( 'NONE',  ( 71.99999999999998579, -35.00000000000001421, 1.999999999999987121 ) ) ;
#5297 = CARTESIAN_POINT ( 'NONE',  ( -30.00000000000002842, 71.99999999999998579, 2.000000000000000000 ) ) ;
#5298 = CARTESIAN_POINT ( 'NONE',  ( 16.99999999999998579, -72.00000000000001421, 5.000000000000000000 ) ) ;
#5299 = DIRECTION ( 'NONE',  ( 0.000000000000000000, -1.000000000000000000, -1.226270043362915368E-16 ) ) ;
#5300 = EDGE_CURVE ( 'NONE', #3413, #7336, #7068, .T. ) ;
#5301 = VECTOR ( 'NONE', #2643, 1000.000000000000000 ) ;
#5302 = EDGE_LOOP ( 'NONE', ( #6611, #757, #2725, #424 ) ) ;
#5303 = ORIENTED_EDGE ( 'NONE', *, *, #8092, .T. ) ;
#5304 = VECTOR ( 'NONE', #7055, 1000.000000000000000 ) ;
#5305 = ORIENTED_EDGE ( 'NONE', *, *, #4517, .T. ) ;
#5306 = EDGE_LOOP ( 'NONE', ( #4429, #611, #3242, #7743 ) ) ;
#5307 = CARTESIAN_POINT ( 'NONE',  ( -75.00000000000002842, 74.99999999999998579, 5.000000000000000000 ) ) ;
#5308 = EDGE_CURVE ( 'NONE', #7638, #7913, #732, .T. ) ;
#5309 = DIRECTION ( 'NONE',  ( -0.000000000000000000, 1.000000000000000000, -0.000000000000000000 ) ) ;
#5310 = DIRECTION ( 'NONE',  ( -0.000000000000000000, -1.000000000000000000, -0.000000000000000000 ) ) ;
#5311 = FACE_OUTER_BOUND ( 'NONE', #3447, .T. ) ;
#5312 = VECTOR ( 'NONE', #4079, 1000.000000000000000 ) ;
#5313 = ORIENTED_EDGE ( 'NONE', *, *, #1121, .T. ) ;
#5314 = LINE ( 'NONE', #805, #7911 ) ;
#5315 = ORIENTED_EDGE ( 'NONE', *, *, #7510, .T. ) ;
#5316 = FACE_OUTER_BOUND ( 'NONE', #4358, .T. ) ;
#5317 = EDGE_CURVE ( 'NONE', #6600, #5579, #5729, .T. ) ;
#5318 = ORIENTED_EDGE ( 'NONE', *, *, #1917, .F. ) ;
#5319 = DIRECTION ( 'NONE',  ( -1.850371707708594070E-16, 1.000000000000000000, 0.000000000000000000 ) ) ;
#5320 = ORIENTED_EDGE ( 'NONE', *, *, #1496, .F. ) ;
#5321 = ORIENTED_EDGE ( 'NONE', *, *, #1730, .T. ) ;
#5322 = LINE ( 'NONE', #6618, #4335 ) ;
#5323 = CARTESIAN_POINT ( 'NONE',  ( 3.500000000000003109, 57.99999999999997868, 15.00000000000000000 ) ) ;
#5324 = CARTESIAN_POINT ( 'NONE',  ( -75.00000000000002842, 71.99999999999998579, 2.000000000000000000 ) ) ;
#5325 = ORIENTED_EDGE ( 'NONE', *, *, #3760, .T. ) ;
#5326 = LINE ( 'NONE', #2748, #5627 ) ;
#5327 = ORIENTED_EDGE ( 'NONE', *, *, #6252, .F. ) ;
#5328 = CARTESIAN_POINT ( 'NONE',  ( -72.00000000000002842, 21.99999999999997868, 5.000000000000000000 ) ) ;
#5329 = CARTESIAN_POINT ( 'NONE',  ( 71.99999999999998579, -10.00000000000002309, 5.000000000000000000 ) ) ;
#5330 = EDGE_CURVE ( 'NONE', #8110, #7185, #2618, .T. ) ;
#5331 = DIRECTION ( 'NONE',  ( 1.000000000000000000, 1.850371707708594070E-16, -0.000000000000000000 ) ) ;
#5332 = DIRECTION ( 'NONE',  ( 1.000000000000000000, -0.000000000000000000, 4.625929269271458501E-15 ) ) ;
#5333 = ORIENTED_EDGE ( 'NONE', *, *, #4643, .T. ) ;
#5334 = CARTESIAN_POINT ( 'NONE',  ( -1.899999999999987477, -57.99999999999997868, 5.000000000000000888 ) ) ;
#5335 = DIRECTION ( 'NONE',  ( 1.000000000000000000, 1.850371707708594070E-16, -0.000000000000000000 ) ) ;
#5336 = DIRECTION ( 'NONE',  ( -0.000000000000000000, 1.000000000000000000, -0.000000000000000000 ) ) ;
#5337 = VECTOR ( 'NONE', #1555, 1000.000000000000000 ) ;
#5338 = ORIENTED_EDGE ( 'NONE', *, *, #6509, .T. ) ;
#5339 = EDGE_CURVE ( 'NONE', #6600, #4676, #6261, .T. ) ;
#5340 = VERTEX_POINT ( 'NONE', #104 ) ;
#5341 = ADVANCED_FACE ( 'NONE', ( #7114 ), #4886, .F. ) ;
#5342 = ORIENTED_EDGE ( 'NONE', *, *, #1570, .T. ) ;
#5343 = LINE ( 'NONE', #4758, #5423 ) ;
#5344 = CARTESIAN_POINT ( 'NONE',  ( 7.000000000000006217, -72.00000000000001421, 1.999999999999982236 ) ) ;
#5345 = FACE_OUTER_BOUND ( 'NONE', #5505, .T. ) ;
#5346 = CARTESIAN_POINT ( 'NONE',  ( -30.00000000000002842, 71.99999999999998579, 2.000000000000000000 ) ) ;
#5347 = DIRECTION ( 'NONE',  ( 1.000000000000000000, 0.000000000000000000, 0.000000000000000000 ) ) ;
#5348 = ORIENTED_EDGE ( 'NONE', *, *, #6073, .F. ) ;
#5349 = EDGE_CURVE ( 'NONE', #6782, #2772, #6605, .T. ) ;
#5350 = VECTOR ( 'NONE', #3456, 1000.000000000000000 ) ;
#5351 = CARTESIAN_POINT ( 'NONE',  ( -75.00000000000002842, -75.00000000000001421, 5.000000000000000000 ) ) ;
#5352 = ORIENTED_EDGE ( 'NONE', *, *, #1589, .F. ) ;
#5353 = CARTESIAN_POINT ( 'NONE',  ( 39.99999999999996447, 71.99999999999998579, 5.000000000000000000 ) ) ;
#5354 = ORIENTED_EDGE ( 'NONE', *, *, #2543, .F. ) ;
#5355 = CARTESIAN_POINT ( 'NONE',  ( 72.00000000000000000, -60.00000000000002842, -6.123233995736766282E-16 ) ) ;
#5356 = ORIENTED_EDGE ( 'NONE', *, *, #3867, .T. ) ;
#5357 = ORIENTED_EDGE ( 'NONE', *, *, #5237, .T. ) ;
#5358 = EDGE_LOOP ( 'NONE', ( #587, #6484, #2164, #4733 ) ) ;
#5359 = ADVANCED_FACE ( 'NONE', ( #4178 ), #4723, .F. ) ;
#5360 = FACE_OUTER_BOUND ( 'NONE', #6514, .T. ) ;
#5361 = CARTESIAN_POINT ( 'NONE',  ( 34.99999999999995737, 71.99999999999998579, 5.000000000000000000 ) ) ;
#5362 = CARTESIAN_POINT ( 'NONE',  ( 71.99999999999998579, -20.00000000000001776, -6.123233995736766282E-16 ) ) ;
#5363 = ORIENTED_EDGE ( 'NONE', *, *, #2610, .F. ) ;
#5364 = DIRECTION ( 'NONE',  ( -0.000000000000000000, 1.000000000000000000, -0.000000000000000000 ) ) ;
#5365 = ORIENTED_EDGE ( 'NONE', *, *, #3147, .T. ) ;
#5366 = DIRECTION ( 'NONE',  ( 0.000000000000000000, 0.000000000000000000, -1.000000000000000000 ) ) ;
#5367 = CARTESIAN_POINT ( 'NONE',  ( -58.00000000000000000, -72.00000000000001421, 5.000000000000000000 ) ) ;
#5368 = VECTOR ( 'NONE', #1352, 1000.000000000000000 ) ;
#5369 = VECTOR ( 'NONE', #6842, 1000.000000000000000 ) ;
#5370 = VECTOR ( 'NONE', #2455, 1000.000000000000000 ) ;
#5371 = PLANE ( 'NONE',  #1003 ) ;
#5372 = LINE ( 'NONE', #4126, #6959 ) ;
#5373 = ORIENTED_EDGE ( 'NONE', *, *, #1029, .T. ) ;
#5374 = FACE_OUTER_BOUND ( 'NONE', #5263, .T. ) ;
#5375 = LINE ( 'NONE', #6041, #1390 ) ;
#5376 = AXIS2_PLACEMENT_3D ( 'NONE', #2202, #7286, #863 ) ;
#5377 = LINE ( 'NONE', #2256, #2553 ) ;
#5378 = AXIS2_PLACEMENT_3D ( 'NONE', #5413, #2960, #3001 ) ;
#5379 = ORIENTED_EDGE ( 'NONE', *, *, #7485, .T. ) ;
#5380 = LINE ( 'NONE', #6760, #1295 ) ;
#5381 = LINE ( 'NONE', #7937, #8145 ) ;
#5382 = ADVANCED_FACE ( 'NONE', ( #1718 ), #342, .F. ) ;
#5383 = EDGE_CURVE ( 'NONE', #3808, #7900, #2223, .T. ) ;
#5384 = CARTESIAN_POINT ( 'NONE',  ( -72.00000000000002842, -43.00000000000002132, 5.000000000000000000 ) ) ;
#5385 = LINE ( 'NONE', #4683, #7879 ) ;
#5386 = EDGE_CURVE ( 'NONE', #1882, #3058, #7394, .T. ) ;
#5387 = ORIENTED_EDGE ( 'NONE', *, *, #5154, .T. ) ;
#5388 = LINE ( 'NONE', #6687, #2319 ) ;
#5389 = EDGE_LOOP ( 'NONE', ( #5838, #7412, #1773, #6139 ) ) ;
#5390 = LINE ( 'NONE', #7356, #4100 ) ;
#5391 = ORIENTED_EDGE ( 'NONE', *, *, #430, .F. ) ;
#5392 = CARTESIAN_POINT ( 'NONE',  ( 3.500000000000003109, -57.99999999999997868, 0.000000000000000000 ) ) ;
#5393 = ORIENTED_EDGE ( 'NONE', *, *, #3879, .T. ) ;
#5394 = EDGE_CURVE ( 'NONE', #5596, #3852, #8132, .T. ) ;
#5395 = ORIENTED_EDGE ( 'NONE', *, *, #2430, .T. ) ;
#5396 = DIRECTION ( 'NONE',  ( -1.850371707708594316E-16, 1.000000000000000000, -0.000000000000000000 ) ) ;
#5397 = EDGE_CURVE ( 'NONE', #2740, #966, #1554, .T. ) ;
#5398 = ORIENTED_EDGE ( 'NONE', *, *, #3564, .T. ) ;
#5399 = DIRECTION ( 'NONE',  ( -1.850371707708594070E-16, 1.000000000000000000, 0.000000000000000000 ) ) ;
#5400 = CARTESIAN_POINT ( 'NONE',  ( 71.99999999999998579, -30.00000000000002842, -6.123233995736766282E-16 ) ) ;
#5401 = DIRECTION ( 'NONE',  ( 0.000000000000000000, -0.000000000000000000, 1.000000000000000000 ) ) ;
#5402 = DIRECTION ( 'NONE',  ( 0.000000000000000000, 0.000000000000000000, 1.000000000000000000 ) ) ;
#5403 = VERTEX_POINT ( 'NONE', #5970 ) ;
#5404 = EDGE_CURVE ( 'NONE', #3601, #3818, #3594, .T. ) ;
#5405 = DIRECTION ( 'NONE',  ( 0.000000000000000000, -0.000000000000000000, 1.000000000000000000 ) ) ;
#5406 = DIRECTION ( 'NONE',  ( 0.000000000000000000, 1.000000000000000000, 0.000000000000000000 ) ) ;
#5407 = LINE ( 'NONE', #993, #1541 ) ;
#5408 = DIRECTION ( 'NONE',  ( -0.000000000000000000, -1.000000000000000000, -0.000000000000000000 ) ) ;
#5409 = DIRECTION ( 'NONE',  ( 0.000000000000000000, -1.000000000000000000, 0.000000000000000000 ) ) ;
#5410 = ORIENTED_EDGE ( 'NONE', *, *, #3205, .T. ) ;
#5411 = EDGE_CURVE ( 'NONE', #5648, #1695, #2183, .T. ) ;
#5412 = DIRECTION ( 'NONE',  ( -1.000000000000000000, -0.000000000000000000, -0.000000000000000000 ) ) ;
#5413 = CARTESIAN_POINT ( 'NONE',  ( 71.99999999999998579, -5.000000000000019540, 0.000000000000000000 ) ) ;
#5414 = PLANE ( 'NONE',  #3080 ) ;
#5415 = VERTEX_POINT ( 'NONE', #2262 ) ;
#5416 = EDGE_LOOP ( 'NONE', ( #6941, #7322, #1270, #3420 ) ) ;
#5417 = DIRECTION ( 'NONE',  ( 0.000000000000000000, 0.000000000000000000, -1.000000000000000000 ) ) ;
#5418 = DIRECTION ( 'NONE',  ( -1.000000000000000000, 0.000000000000000000, 0.000000000000000000 ) ) ;
#5419 = AXIS2_PLACEMENT_3D ( 'NONE', #7983, #971, #7315 ) ;
#5420 = DIRECTION ( 'NONE',  ( 0.000000000000000000, -1.000000000000000000, -4.625929269271485322E-15 ) ) ;
#5421 = LINE ( 'NONE', #3680, #5864 ) ;
#5422 = EDGE_LOOP ( 'NONE', ( #747, #1092, #4095, #928 ) ) ;
#5423 = VECTOR ( 'NONE', #6047, 1000.000000000000000 ) ;
#5424 = EDGE_CURVE ( 'NONE', #3221, #3854, #1677, .T. ) ;
#5425 = DIRECTION ( 'NONE',  ( -2.312964634635729250E-15, 0.000000000000000000, -1.000000000000000000 ) ) ;
#5426 = VERTEX_POINT ( 'NONE', #5346 ) ;
#5427 = CARTESIAN_POINT ( 'NONE',  ( 72.00000000000000000, -75.00000000000001421, 1.999999999999982236 ) ) ;
#5428 = ORIENTED_EDGE ( 'NONE', *, *, #6836, .F. ) ;
#5429 = CARTESIAN_POINT ( 'NONE',  ( -72.00000000000002842, -38.00000000000002842, 5.000000000000000000 ) ) ;
#5430 = LINE ( 'NONE', #4189, #3129 ) ;
#5431 = DIRECTION ( 'NONE',  ( 2.269055394249329430E-32, -1.226270043362915368E-16, 1.000000000000000000 ) ) ;
#5432 = VECTOR ( 'NONE', #7541, 1000.000000000000000 ) ;
#5433 = EDGE_LOOP ( 'NONE', ( #6878, #4110, #7837, #839 ) ) ;
#5434 = EDGE_CURVE ( 'NONE', #5658, #295, #2889, .T. ) ;
#5435 = DIRECTION ( 'NONE',  ( -4.625929269271485322E-15, 0.000000000000000000, 1.000000000000000000 ) ) ;
#5436 = PLANE ( 'NONE',  #5689 ) ;
#5437 = ORIENTED_EDGE ( 'NONE', *, *, #3045, .F. ) ;
#5438 = EDGE_CURVE ( 'NONE', #4676, #6600, #1606, .T. ) ;
#5439 = DIRECTION ( 'NONE',  ( -0.000000000000000000, 0.000000000000000000, -1.000000000000000000 ) ) ;
#5440 = VERTEX_POINT ( 'NONE', #3554 ) ;
#5441 = DIRECTION ( 'NONE',  ( -0.000000000000000000, -0.000000000000000000, -1.000000000000000000 ) ) ;
#5442 = CARTESIAN_POINT ( 'NONE',  ( -72.00000000000002842, 61.99999999999997868, 5.000000000000000000 ) ) ;
#5443 = ADVANCED_FACE ( 'NONE', ( #3512 ), #2926, .F. ) ;
#5444 = CARTESIAN_POINT ( 'NONE',  ( 71.99999999999998579, 34.99999999999998579, 5.000000000000000000 ) ) ;
#5445 = DIRECTION ( 'NONE',  ( -0.000000000000000000, -1.000000000000000000, -0.000000000000000000 ) ) ;
#5446 = PLANE ( 'NONE',  #7635 ) ;
#5447 = VERTEX_POINT ( 'NONE', #5384 ) ;
#5448 = VERTEX_POINT ( 'NONE', #6089 ) ;
#5449 = CARTESIAN_POINT ( 'NONE',  ( -75.00000000000002842, 74.99999999999998579, 2.000000000000000000 ) ) ;
#5450 = CARTESIAN_POINT ( 'NONE',  ( -75.00000000000002842, 71.99999999999998579, 2.000000000000000000 ) ) ;
#5451 = LINE ( 'NONE', #4291, #2948 ) ;
#5452 = EDGE_CURVE ( 'NONE', #6831, #5487, #380, .T. ) ;
#5453 = VECTOR ( 'NONE', #439, 1000.000000000000000 ) ;
#5454 = ORIENTED_EDGE ( 'NONE', *, *, #1429, .T. ) ;
#5455 = CARTESIAN_POINT ( 'NONE',  ( -25.00000000000004263, 74.99999999999998579, 2.000000000000000000 ) ) ;
#5456 = DIRECTION ( 'NONE',  ( 1.000000000000000000, 0.000000000000000000, 0.000000000000000000 ) ) ;
#5457 = DIRECTION ( 'NONE',  ( 0.000000000000000000, 0.000000000000000000, -1.000000000000000000 ) ) ;
#5458 = DIRECTION ( 'NONE',  ( 1.000000000000000000, 0.000000000000000000, 0.000000000000000000 ) ) ;
#5459 = AXIS2_PLACEMENT_3D ( 'NONE', #6413, #700, #3246 ) ;
#5460 = ORIENTED_EDGE ( 'NONE', *, *, #3263, .T. ) ;
#5461 = DIRECTION ( 'NONE',  ( 0.000000000000000000, 0.000000000000000000, -1.000000000000000000 ) ) ;
#5462 = AXIS2_PLACEMENT_3D ( 'NONE', #1841, #544, #1249 ) ;
#5463 = EDGE_LOOP ( 'NONE', ( #6150, #3544, #7314, #2619 ) ) ;
#5464 = CARTESIAN_POINT ( 'NONE',  ( -72.00000000000002842, -43.00000000000000711, 2.000000000000000000 ) ) ;
#5465 = ORIENTED_EDGE ( 'NONE', *, *, #5452, .T. ) ;
#5466 = LINE ( 'NONE', #269, #4711 ) ;
#5467 = DIRECTION ( 'NONE',  ( 0.000000000000000000, -1.000000000000000000, -1.226270043362915368E-16 ) ) ;
#5468 = ORIENTED_EDGE ( 'NONE', *, *, #2298, .F. ) ;
#5469 = CARTESIAN_POINT ( 'NONE',  ( 6.999999999999992006, -75.00000000000001421, 5.000000000000000000 ) ) ;
#5470 = ADVANCED_FACE ( 'NONE', ( #8017 ), #2304, .F. ) ;
#5471 = ORIENTED_EDGE ( 'NONE', *, *, #3916, .T. ) ;
#5472 = CARTESIAN_POINT ( 'NONE',  ( -53.00000000000000711, -75.00000000000001421, 5.000000000000000000 ) ) ;
#5473 = FACE_OUTER_BOUND ( 'NONE', #887, .T. ) ;
#5474 = VERTEX_POINT ( 'NONE', #2347 ) ;
#5475 = CARTESIAN_POINT ( 'NONE',  ( -72.00000000000002842, -63.00000000000001421, 5.000000000000000000 ) ) ;
#5476 = ORIENTED_EDGE ( 'NONE', *, *, #5950, .F. ) ;
#5477 = DIRECTION ( 'NONE',  ( 0.000000000000000000, -1.000000000000000000, -1.226270043362915368E-16 ) ) ;
#5478 = EDGE_CURVE ( 'NONE', #7766, #5819, #585, .T. ) ;
#5479 = ADVANCED_FACE ( 'NONE', ( #1126 ), #6217, .F. ) ;
#5480 = DIRECTION ( 'NONE',  ( 0.000000000000000000, -0.000000000000000000, 1.000000000000000000 ) ) ;
#5481 = EDGE_CURVE ( 'NONE', #7451, #1539, #7332, .T. ) ;
#5482 = CARTESIAN_POINT ( 'NONE',  ( -55.00000000000004263, 74.99999999999998579, 5.000000000000000000 ) ) ;
#5483 = AXIS2_PLACEMENT_3D ( 'NONE', #274, #357, #2744 ) ;
#5484 = LINE ( 'NONE', #328, #2379 ) ;
#5485 = DIRECTION ( 'NONE',  ( -1.000000000000000000, 0.000000000000000000, 0.000000000000000000 ) ) ;
#5486 = ORIENTED_EDGE ( 'NONE', *, *, #7799, .F. ) ;
#5487 = VERTEX_POINT ( 'NONE', #3133 ) ;
#5488 = LINE ( 'NONE', #5533, #7792 ) ;
#5489 = DIRECTION ( 'NONE',  ( 1.000000000000000000, 0.000000000000000000, 0.000000000000000000 ) ) ;
#5490 = DIRECTION ( 'NONE',  ( -1.000000000000000000, 0.000000000000000000, 2.312964634635729250E-15 ) ) ;
#5491 = EDGE_CURVE ( 'NONE', #1790, #2236, #7471, .T. ) ;
#5492 = DIRECTION ( 'NONE',  ( -1.000000000000000000, 0.000000000000000000, 2.312964634635729250E-15 ) ) ;
#5493 = AXIS2_PLACEMENT_3D ( 'NONE', #1884, #4384, #6925 ) ;
#5494 = EDGE_CURVE ( 'NONE', #6651, #7827, #7553, .T. ) ;
#5495 = VECTOR ( 'NONE', #6400, 1000.000000000000000 ) ;
#5496 = VECTOR ( 'NONE', #7719, 1000.000000000000000 ) ;
#5497 = VECTOR ( 'NONE', #24, 1000.000000000000000 ) ;
#5498 = ORIENTED_EDGE ( 'NONE', *, *, #755, .F. ) ;
#5499 = CARTESIAN_POINT ( 'NONE',  ( -53.00000000000000711, -75.00000000000001421, 5.000000000000000000 ) ) ;
#5500 = DIRECTION ( 'NONE',  ( -0.000000000000000000, -0.000000000000000000, -1.000000000000000000 ) ) ;
#5501 = ADVANCED_FACE ( 'NONE', ( #2425 ), #3756, .F. ) ;
#5502 = DIRECTION ( 'NONE',  ( 2.312964634635729250E-15, 0.000000000000000000, 1.000000000000000000 ) ) ;
#5503 = ORIENTED_EDGE ( 'NONE', *, *, #190, .F. ) ;
#5504 = DIRECTION ( 'NONE',  ( 0.000000000000000000, -0.000000000000000000, -1.000000000000000000 ) ) ;
#5505 = EDGE_LOOP ( 'NONE', ( #5387, #5264, #7199, #5230 ) ) ;
#5506 = AXIS2_PLACEMENT_3D ( 'NONE', #5450, #3589, #4834 ) ;
#5507 = PLANE ( 'NONE',  #1648 ) ;
#5508 = VERTEX_POINT ( 'NONE', #6256 ) ;
#5509 = DIRECTION ( 'NONE',  ( 0.000000000000000000, -1.000000000000000000, 0.000000000000000000 ) ) ;
#5510 = ORIENTED_EDGE ( 'NONE', *, *, #6778, .T. ) ;
#5511 = DIRECTION ( 'NONE',  ( -1.000000000000000000, 0.000000000000000000, 0.000000000000000000 ) ) ;
#5512 = VECTOR ( 'NONE', #4976, 1000.000000000000000 ) ;
#5513 = ORIENTED_EDGE ( 'NONE', *, *, #7786, .F. ) ;
#5514 = EDGE_CURVE ( 'NONE', #7040, #7181, #3805, .T. ) ;
#5515 = CARTESIAN_POINT ( 'NONE',  ( 56.99999999999998579, -72.00000000000001421, 5.000000000000000000 ) ) ;
#5516 = VECTOR ( 'NONE', #4331, 1000.000000000000000 ) ;
#5517 = ORIENTED_EDGE ( 'NONE', *, *, #5992, .T. ) ;
#5518 = CARTESIAN_POINT ( 'NONE',  ( 72.00000000000000000, -40.00000000000002132, -6.123233995736766282E-16 ) ) ;
#5519 = ORIENTED_EDGE ( 'NONE', *, *, #1356, .T. ) ;
#5520 = CARTESIAN_POINT ( 'NONE',  ( -72.00000000000002842, -18.00000000000001421, 2.000000000000000000 ) ) ;
#5521 = ORIENTED_EDGE ( 'NONE', *, *, #8068, .F. ) ;
#5522 = FACE_OUTER_BOUND ( 'NONE', #5248, .T. ) ;
#5523 = ORIENTED_EDGE ( 'NONE', *, *, #4032, .T. ) ;
#5524 = CARTESIAN_POINT ( 'NONE',  ( 72.00000000000000000, -50.00000000000001421, 1.999999999999985345 ) ) ;
#5525 = VECTOR ( 'NONE', #1709, 1000.000000000000000 ) ;
#5526 = CARTESIAN_POINT ( 'NONE',  ( 75.00000000000000000, -45.00000000000001421, 5.000000000000000000 ) ) ;
#5527 = DIRECTION ( 'NONE',  ( -4.625929269271485322E-15, -0.000000000000000000, 1.000000000000000000 ) ) ;
#5528 = DIRECTION ( 'NONE',  ( -4.625929269271485322E-15, -0.000000000000000000, 1.000000000000000000 ) ) ;
#5530 = EDGE_CURVE ( 'NONE', #351, #4090, #3090, .T. ) ;
#5529 = DIRECTION ( 'NONE',  ( -0.000000000000000000, -1.000000000000000000, -0.000000000000000000 ) ) ;
#5531 = ORIENTED_EDGE ( 'NONE', *, *, #7592, .F. ) ;
#5532 = ORIENTED_EDGE ( 'NONE', *, *, #4007, .F. ) ;
#5533 = CARTESIAN_POINT ( 'NONE',  ( -53.00000000000000711, -72.00000000000001421, 5.000000000000000000 ) ) ;
#5534 = CARTESIAN_POINT ( 'NONE',  ( 74.99999999999997158, 74.99999999999998579, 5.000000000000000000 ) ) ;
#5535 = LINE ( 'NONE', #6000, #944 ) ;
#5536 = CARTESIAN_POINT ( 'NONE',  ( 74.99999999999998579, 29.99999999999997868, 5.000000000000000000 ) ) ;
#5537 = EDGE_CURVE ( 'NONE', #1254, #8159, #1802, .T. ) ;
#5538 = ORIENTED_EDGE ( 'NONE', *, *, #7639, .F. ) ;
#5539 = FACE_OUTER_BOUND ( 'NONE', #6536, .T. ) ;
#5540 = EDGE_CURVE ( 'NONE', #4379, #7616, #6340, .T. ) ;
#5541 = LINE ( 'NONE', #4922, #6012 ) ;
#5542 = ORIENTED_EDGE ( 'NONE', *, *, #3137, .T. ) ;
#5543 = VECTOR ( 'NONE', #280, 1000.000000000000000 ) ;
#5544 = DIRECTION ( 'NONE',  ( 0.000000000000000000, 0.000000000000000000, 1.000000000000000000 ) ) ;
#5545 = CARTESIAN_POINT ( 'NONE',  ( -72.00000000000002842, -18.00000000000002132, 5.000000000000000000 ) ) ;
#5546 = VERTEX_POINT ( 'NONE', #2550 ) ;
#5547 = EDGE_CURVE ( 'NONE', #6798, #4164, #5048, .T. ) ;
#5548 = CARTESIAN_POINT ( 'NONE',  ( -12.99999999999999822, -72.00000000000001421, 1.999999999999982236 ) ) ;
#5549 = VECTOR ( 'NONE', #6771, 1000.000000000000000 ) ;
#5550 = VERTEX_POINT ( 'NONE', #1088 ) ;
#5551 = LINE ( 'NONE', #2431, #7693 ) ;
#5552 = VERTEX_POINT ( 'NONE', #1165 ) ;
#5553 = CARTESIAN_POINT ( 'NONE',  ( -75.00000000000002842, 74.99999999999998579, 5.000000000000000000 ) ) ;
#5554 = CARTESIAN_POINT ( 'NONE',  ( -75.00000000000002842, 74.99999999999998579, 2.000000000000000000 ) ) ;
#5555 = FACE_BOUND ( 'NONE', #5837, .T. ) ;
#5556 = VECTOR ( 'NONE', #8257, 1000.000000000000000 ) ;
#5557 = ORIENTED_EDGE ( 'NONE', *, *, #3567, .T. ) ;
#5558 = EDGE_CURVE ( 'NONE', #3837, #5440, #8227, .T. ) ;
#5559 = CARTESIAN_POINT ( 'NONE',  ( -72.00000000000002842, -23.00000000000002132, 5.000000000000000000 ) ) ;
#5560 = LINE ( 'NONE', #5646, #1970 ) ;
#5561 = ORIENTED_EDGE ( 'NONE', *, *, #6450, .F. ) ;
#5562 = VECTOR ( 'NONE', #6327, 1000.000000000000000 ) ;
#5563 = LINE ( 'NONE', #1696, #3237 ) ;
#5564 = VERTEX_POINT ( 'NONE', #542 ) ;
#5565 = CARTESIAN_POINT ( 'NONE',  ( -72.00000000000002842, -38.00000000000002842, 5.000000000000000000 ) ) ;
#5566 = CARTESIAN_POINT ( 'NONE',  ( -72.00000000000002842, 16.99999999999999289, 2.000000000000000000 ) ) ;
#5567 = DIRECTION ( 'NONE',  ( -1.000000000000000000, 0.000000000000000000, 0.000000000000000000 ) ) ;
#5568 = PLANE ( 'NONE',  #1303 ) ;
#5569 = DIRECTION ( 'NONE',  ( 1.000000000000000000, -0.000000000000000000, 4.625929269271458501E-15 ) ) ;
#5570 = ORIENTED_EDGE ( 'NONE', *, *, #4077, .T. ) ;
#5571 = ORIENTED_EDGE ( 'NONE', *, *, #4992, .T. ) ;
#5572 = CARTESIAN_POINT ( 'NONE',  ( 46.99999999999998579, -72.00000000000001421, 5.000000000000000000 ) ) ;
#5573 = DIRECTION ( 'NONE',  ( -1.850371707708594316E-16, 1.000000000000000000, -0.000000000000000000 ) ) ;
#5574 = DIRECTION ( 'NONE',  ( 1.000000000000000000, 0.000000000000000000, -0.000000000000000000 ) ) ;
#5575 = EDGE_CURVE ( 'NONE', #2161, #272, #3049, .T. ) ;
#5576 = FACE_OUTER_BOUND ( 'NONE', #2884, .T. ) ;
#5577 = VERTEX_POINT ( 'NONE', #7514 ) ;
#5578 = CARTESIAN_POINT ( 'NONE',  ( -50.00000000000003553, 71.99999999999998579, 5.000000000000000000 ) ) ;
#5579 = VERTEX_POINT ( 'NONE', #8100 ) ;
#5580 = DIRECTION ( 'NONE',  ( 0.000000000000000000, -0.000000000000000000, 1.000000000000000000 ) ) ;
#5581 = CARTESIAN_POINT ( 'NONE',  ( -72.00000000000002842, 41.99999999999997868, 5.000000000000000000 ) ) ;
#5582 = EDGE_CURVE ( 'NONE', #6112, #1324, #6920, .T. ) ;
#5583 = EDGE_LOOP ( 'NONE', ( #6732, #837, #3543, #3503 ) ) ;
#5584 = ADVANCED_FACE ( 'NONE', ( #5668 ), #7594, .F. ) ;
#5585 = VECTOR ( 'NONE', #298, 1000.000000000000000 ) ;
#5586 = LINE ( 'NONE', #6181, #4969 ) ;
#5587 = ORIENTED_EDGE ( 'NONE', *, *, #1109, .F. ) ;
#5588 = DIRECTION ( 'NONE',  ( -0.000000000000000000, 1.000000000000000000, -0.000000000000000000 ) ) ;
#5589 = ORIENTED_EDGE ( 'NONE', *, *, #6386, .T. ) ;
#5590 = VERTEX_POINT ( 'NONE', #4421 ) ;
#5591 = CARTESIAN_POINT ( 'NONE',  ( 71.99999999999997158, 69.99999999999998579, 2.000000000000000000 ) ) ;
#5592 = VECTOR ( 'NONE', #5347, 1000.000000000000000 ) ;
#5593 = LINE ( 'NONE', #1176, #5653 ) ;
#5594 = DIRECTION ( 'NONE',  ( -1.000000000000000000, -0.000000000000000000, -0.000000000000000000 ) ) ;
#5595 = EDGE_CURVE ( 'NONE', #2841, #3387, #4298, .T. ) ;
#5596 = VERTEX_POINT ( 'NONE', #8139 ) ;
#5597 = EDGE_CURVE ( 'NONE', #7455, #4492, #2676, .T. ) ;
#5598 = VECTOR ( 'NONE', #4835, 1000.000000000000000 ) ;
#5599 = CARTESIAN_POINT ( 'NONE',  ( 71.99999999999997158, 74.99999999999998579, 2.000000000000000000 ) ) ;
#5600 = ORIENTED_EDGE ( 'NONE', *, *, #1864, .T. ) ;
#5601 = PLANE ( 'NONE',  #2368 ) ;
#5602 = ORIENTED_EDGE ( 'NONE', *, *, #6748, .F. ) ;
#5603 = ORIENTED_EDGE ( 'NONE', *, *, #2691, .F. ) ;
#5604 = DIRECTION ( 'NONE',  ( 1.000000000000000000, 0.000000000000000000, 0.000000000000000000 ) ) ;
#5605 = VERTEX_POINT ( 'NONE', #4546 ) ;
#5606 = CARTESIAN_POINT ( 'NONE',  ( -33.00000000000001421, -75.00000000000001421, 5.000000000000000000 ) ) ;
#5607 = AXIS2_PLACEMENT_3D ( 'NONE', #4216, #6761, #1046 ) ;
#5608 = EDGE_CURVE ( 'NONE', #794, #988, #3213, .T. ) ;
#5609 = PLANE ( 'NONE',  #7401 ) ;
#5610 = VECTOR ( 'NONE', #4254, 1000.000000000000000 ) ;
#5611 = PLANE ( 'NONE',  #4504 ) ;
#5612 = DIRECTION ( 'NONE',  ( -1.000000000000000000, 0.000000000000000000, 0.000000000000000000 ) ) ;
#5613 = VERTEX_POINT ( 'NONE', #5874 ) ;
#5614 = ORIENTED_EDGE ( 'NONE', *, *, #6866, .T. ) ;
#5615 = FACE_OUTER_BOUND ( 'NONE', #4702, .T. ) ;
#5616 = DIRECTION ( 'NONE',  ( -1.000000000000000000, -1.850371707708594070E-16, 0.000000000000000000 ) ) ;
#5617 = UNCERTAINTY_MEASURE_WITH_UNIT (LENGTH_MEASURE( 1.000000000000000082E-05 ), #3311, 'distance_accuracy_value', 'NONE');
#5618 = CARTESIAN_POINT ( 'NONE',  ( -72.00000000000002842, 11.99999999999997513, 2.000000000000000000 ) ) ;
#5619 = LINE ( 'NONE', #4375, #6170 ) ;
#5620 = ORIENTED_EDGE ( 'NONE', *, *, #7871, .T. ) ;
#5621 = DIRECTION ( 'NONE',  ( 0.000000000000000000, 0.000000000000000000, -1.000000000000000000 ) ) ;
#5622 = VECTOR ( 'NONE', #1532, 1000.000000000000000 ) ;
#5623 = ORIENTED_EDGE ( 'NONE', *, *, #7037, .T. ) ;
#5624 = DIRECTION ( 'NONE',  ( 0.000000000000000000, 0.000000000000000000, -1.000000000000000000 ) ) ;
#5625 = PLANE ( 'NONE',  #814 ) ;
#5626 = ORIENTED_EDGE ( 'NONE', *, *, #7993, .F. ) ;
#5627 = VECTOR ( 'NONE', #2123, 1000.000000000000000 ) ;
#5628 = VECTOR ( 'NONE', #6383, 1000.000000000000000 ) ;
#5629 = VECTOR ( 'NONE', #1499, 1000.000000000000000 ) ;
#5630 = CARTESIAN_POINT ( 'NONE',  ( 34.99999999999995737, 71.99999999999998579, 5.000000000000000000 ) ) ;
#5631 = VERTEX_POINT ( 'NONE', #3292 ) ;
#5632 = EDGE_CURVE ( 'NONE', #3228, #1882, #2636, .T. ) ;
#5633 = DIRECTION ( 'NONE',  ( 1.914177628664063128E-16, -1.000000000000000000, -1.226270043362915368E-16 ) ) ;
#5634 = ADVANCED_FACE ( 'NONE', ( #1334 ), #7762, .F. ) ;
#5635 = EDGE_LOOP ( 'NONE', ( #3301, #1125, #2775, #7608 ) ) ;
#5636 = CARTESIAN_POINT ( 'NONE',  ( -8.000000000000014211, -75.00000000000001421, 5.000000000000000000 ) ) ;
#5637 = LINE ( 'NONE', #7017, #8180 ) ;
#5638 = DIRECTION ( 'NONE',  ( 1.850371707708594070E-16, -1.000000000000000000, 0.000000000000000000 ) ) ;
#5639 = CARTESIAN_POINT ( 'NONE',  ( 71.99999999999997158, 69.99999999999998579, 5.000000000000000000 ) ) ;
#5640 = PRODUCT_RELATED_PRODUCT_CATEGORY ( 'part', '', ( #7095 ) ) ;
#5641 = VECTOR ( 'NONE', #656, 1000.000000000000000 ) ;
#5642 = ORIENTED_EDGE ( 'NONE', *, *, #4424, .F. ) ;
#5643 = CARTESIAN_POINT ( 'NONE',  ( 71.99999999999998579, -15.00000000000001421, 0.000000000000000000 ) ) ;
#5644 = VERTEX_POINT ( 'NONE', #4506 ) ;
#5645 = AXIS2_PLACEMENT_3D ( 'NONE', #4129, #5490, #4793 ) ;
#5646 = CARTESIAN_POINT ( 'NONE',  ( 72.00000000000000000, -75.00000000000001421, 1.999999999999982236 ) ) ;
#5647 = EDGE_CURVE ( 'NONE', #6397, #5577, #40, .T. ) ;
#5648 = VERTEX_POINT ( 'NONE', #6466 ) ;
#5649 = CARTESIAN_POINT ( 'NONE',  ( -75.00000000000002842, -63.00000000000001421, 5.000000000000000000 ) ) ;
#5650 = EDGE_LOOP ( 'NONE', ( #5046, #5893, #2735, #6561 ) ) ;
#5651 = DIRECTION ( 'NONE',  ( 1.000000000000000000, 0.000000000000000000, 0.000000000000000000 ) ) ;
#5652 = EDGE_CURVE ( 'NONE', #2070, #2583, #5132, .T. ) ;
#5653 = VECTOR ( 'NONE', #2435, 1000.000000000000000 ) ;
#5654 = DIRECTION ( 'NONE',  ( 0.000000000000000000, 0.000000000000000000, -1.000000000000000000 ) ) ;
#5655 = LINE ( 'NONE', #4452, #1980 ) ;
#5656 = DIRECTION ( 'NONE',  ( -4.625929269271458501E-15, -0.000000000000000000, 1.000000000000000000 ) ) ;
#5657 = EDGE_CURVE ( 'NONE', #228, #3753, #7006, .T. ) ;
#5658 = VERTEX_POINT ( 'NONE', #4008 ) ;
#5659 = VECTOR ( 'NONE', #3208, 1000.000000000000000 ) ;
#5660 = VERTEX_POINT ( 'NONE', #81 ) ;
#5661 = LINE ( 'NONE', #6246, #6048 ) ;
#5662 = LINE ( 'NONE', #3669, #1658 ) ;
#5663 = DIRECTION ( 'NONE',  ( -0.000000000000000000, 1.000000000000000000, -0.000000000000000000 ) ) ;
#5664 = LINE ( 'NONE', #6877, #2981 ) ;
#5665 = ADVANCED_FACE ( 'NONE', ( #7049 ), #7680, .F. ) ;
#5666 = ORIENTED_EDGE ( 'NONE', *, *, #4694, .T. ) ;
#5667 = CARTESIAN_POINT ( 'NONE',  ( 71.99999999999998579, -20.00000000000001776, 1.999999999999989120 ) ) ;
#5668 = FACE_OUTER_BOUND ( 'NONE', #5306, .T. ) ;
#5669 = CARTESIAN_POINT ( 'NONE',  ( 72.00000000000000000, -60.00000000000002842, 5.000000000000000000 ) ) ;
#5670 = ORIENTED_EDGE ( 'NONE', *, *, #2296, .T. ) ;
#5671 = CARTESIAN_POINT ( 'NONE',  ( -23.00000000000000711, -75.00000000000001421, 5.000000000000000000 ) ) ;
#5672 = ORIENTED_EDGE ( 'NONE', *, *, #8091, .T. ) ;
#5673 = LINE ( 'NONE', #7601, #3438 ) ;
#5674 = VECTOR ( 'NONE', #2450, 1000.000000000000000 ) ;
#5675 = VERTEX_POINT ( 'NONE', #5258 ) ;
#5676 = DIRECTION ( 'NONE',  ( 0.000000000000000000, 1.000000000000000000, 0.000000000000000000 ) ) ;
#5677 = CARTESIAN_POINT ( 'NONE',  ( -40.00000000000003553, 71.99999999999998579, 5.000000000000000000 ) ) ;
#5678 = DIRECTION ( 'NONE',  ( 0.000000000000000000, -1.000000000000000000, 0.000000000000000000 ) ) ;
#5679 = ORIENTED_EDGE ( 'NONE', *, *, #2852, .F. ) ;
#5680 = EDGE_CURVE ( 'NONE', #1296, #5605, #6968, .T. ) ;
#5681 = VECTOR ( 'NONE', #7696, 1000.000000000000000 ) ;
#5682 = LINE ( 'NONE', #5060, #6156 ) ;
#5683 = ORIENTED_EDGE ( 'NONE', *, *, #4869, .F. ) ;
#5684 = LINE ( 'NONE', #1269, #5292 ) ;
#5685 = ORIENTED_EDGE ( 'NONE', *, *, #7500, .F. ) ;
#5686 = CARTESIAN_POINT ( 'NONE',  ( -13.00000000000001066, -72.00000000000001421, 5.000000000000000000 ) ) ;
#5687 = ORIENTED_EDGE ( 'NONE', *, *, #7217, .F. ) ;
#5688 = CARTESIAN_POINT ( 'NONE',  ( -3.000000000000016431, -72.00000000000001421, 5.000000000000000000 ) ) ;
#5689 = AXIS2_PLACEMENT_3D ( 'NONE', #3610, #2201, #6742 ) ;
#5690 = ORIENTED_EDGE ( 'NONE', *, *, #344, .F. ) ;
#5691 = EDGE_CURVE ( 'NONE', #4847, #5724, #4633, .T. ) ;
#5692 = CARTESIAN_POINT ( 'NONE',  ( -12.99999999999999822, -75.00000000000001421, 1.999999999999982236 ) ) ;
#5693 = EDGE_CURVE ( 'NONE', #2214, #7528, #6549, .T. ) ;
#5694 = VECTOR ( 'NONE', #8067, 1000.000000000000000 ) ;
#5695 = DIRECTION ( 'NONE',  ( 1.850371707708594316E-16, -1.000000000000000000, 0.000000000000000000 ) ) ;
#5696 = LINE ( 'NONE', #8255, #3516 ) ;
#5697 = ORIENTED_EDGE ( 'NONE', *, *, #981, .F. ) ;
#5698 = DIRECTION ( 'NONE',  ( 1.850371707708594070E-16, -1.000000000000000000, 0.000000000000000000 ) ) ;
#5699 = EDGE_LOOP ( 'NONE', ( #3611, #6887, #4526, #2923 ) ) ;
#5700 = DIRECTION ( 'NONE',  ( 0.000000000000000000, -0.000000000000000000, -1.000000000000000000 ) ) ;
#5701 = LINE ( 'NONE', #3748, #4717 ) ;
#5702 = UNCERTAINTY_MEASURE_WITH_UNIT (LENGTH_MEASURE( 1.000000000000000082E-05 ), #7649, 'distance_accuracy_value', 'NONE');
#5703 = CARTESIAN_POINT ( 'NONE',  ( 56.39999999999999147, 3.500000000000003109, 0.000000000000000000 ) ) ;
#5704 = VECTOR ( 'NONE', #3239, 1000.000000000000000 ) ;
#5705 = ADVANCED_FACE ( 'NONE', ( #2718 ), #7178, .F. ) ;
#5706 = DIRECTION ( 'NONE',  ( -1.000000000000000000, -0.000000000000000000, -0.000000000000000000 ) ) ;
#5707 = VERTEX_POINT ( 'NONE', #1460 ) ;
#5708 = CARTESIAN_POINT ( 'NONE',  ( 71.99999999999998579, -2.831068712794149178E-14, 5.000000000000000000 ) ) ;
#5709 = CARTESIAN_POINT ( 'NONE',  ( -75.00000000000002842, 71.99999999999998579, 2.000000000000000000 ) ) ;
#5710 = DIRECTION ( 'NONE',  ( -1.000000000000000000, 0.000000000000000000, -4.625929269271485322E-15 ) ) ;
#5711 = ADVANCED_FACE ( 'NONE', ( #790 ), #123, .F. ) ;
#5712 = ORIENTED_EDGE ( 'NONE', *, *, #1206, .T. ) ;
#5713 = LINE ( 'NONE', #5293, #2448 ) ;
#5714 = ORIENTED_EDGE ( 'NONE', *, *, #4992, .F. ) ;
#5715 = CARTESIAN_POINT ( 'NONE',  ( -10.00000000000003730, 71.99999999999998579, 5.000000000000000000 ) ) ;
#5716 = EDGE_LOOP ( 'NONE', ( #6357, #345, #7278, #4145 ) ) ;
#5717 = PLANE ( 'NONE',  #2446 ) ;
#5718 = PLANE ( 'NONE',  #3258 ) ;
#5719 = DIRECTION ( 'NONE',  ( 1.000000000000000000, -0.000000000000000000, 4.625929269271458501E-15 ) ) ;
#5720 = EDGE_LOOP ( 'NONE', ( #8206, #4576, #3187, #1190 ) ) ;
#5721 = PLANE ( 'NONE',  #2173 ) ;
#5722 = ORIENTED_EDGE ( 'NONE', *, *, #7912, .F. ) ;
#5723 = DIRECTION ( 'NONE',  ( -0.000000000000000000, 1.000000000000000000, -0.000000000000000000 ) ) ;
#5724 = VERTEX_POINT ( 'NONE', #5917 ) ;
#5725 = DIRECTION ( 'NONE',  ( -1.000000000000000000, -1.850371707708594316E-16, 0.000000000000000000 ) ) ;
#5726 = VECTOR ( 'NONE', #650, 1000.000000000000000 ) ;
#5727 = ORIENTED_EDGE ( 'NONE', *, *, #3007, .T. ) ;
#5728 = EDGE_CURVE ( 'NONE', #5756, #5176, #2760, .T. ) ;
#5729 = LINE ( 'NONE', #688, #7598 ) ;
#5730 = VECTOR ( 'NONE', #3647, 1000.000000000000000 ) ;
#5731 = ORIENTED_EDGE ( 'NONE', *, *, #5252, .T. ) ;
#5732 = DIRECTION ( 'NONE',  ( 0.000000000000000000, 0.000000000000000000, -1.000000000000000000 ) ) ;
#5733 = DIRECTION ( 'NONE',  ( -1.000000000000000000, -1.850371707708594316E-16, 0.000000000000000000 ) ) ;
#5734 = DIRECTION ( 'NONE',  ( -0.000000000000000000, 0.000000000000000000, 1.000000000000000000 ) ) ;
#5735 = ORIENTED_EDGE ( 'NONE', *, *, #6366, .F. ) ;
#5736 = VECTOR ( 'NONE', #7091, 1000.000000000000000 ) ;
#5737 = LINE ( 'NONE', #2582, #3574 ) ;
#5738 = EDGE_CURVE ( 'NONE', #5178, #4716, #711, .T. ) ;
#5739 = EDGE_LOOP ( 'NONE', ( #564, #4774, #6486, #1818 ) ) ;
#5740 = EDGE_CURVE ( 'NONE', #3802, #7053, #5174, .T. ) ;
#5741 = PLANE ( 'NONE',  #5155 ) ;
#5742 = PLANE ( 'NONE',  #5459 ) ;
#5743 = DIRECTION ( 'NONE',  ( -0.000000000000000000, 0.000000000000000000, -1.000000000000000000 ) ) ;
#5744 = ADVANCED_FACE ( 'NONE', ( #7218 ), #6594, .F. ) ;
#5745 = VECTOR ( 'NONE', #2629, 1000.000000000000000 ) ;
#5746 = CARTESIAN_POINT ( 'NONE',  ( 72.00000000000000000, -70.00000000000002842, -6.123233995736766282E-16 ) ) ;
#5747 = VERTEX_POINT ( 'NONE', #3423 ) ;
#5748 = EDGE_CURVE ( 'NONE', #513, #2264, #7850, .T. ) ;
#5749 = FACE_OUTER_BOUND ( 'NONE', #4983, .T. ) ;
#5750 = CARTESIAN_POINT ( 'NONE',  ( -72.00000000000002842, 71.99999999999998579, 2.000000000000000000 ) ) ;
#5751 = CARTESIAN_POINT ( 'NONE',  ( -57.99999999999999289, -3.500000000000003109, 0.000000000000000000 ) ) ;
#5752 = ADVANCED_FACE ( 'NONE', ( #251 ), #1848, .F. ) ;
#5753 = ORIENTED_EDGE ( 'NONE', *, *, #923, .T. ) ;
#5754 = ORIENTED_EDGE ( 'NONE', *, *, #2146, .F. ) ;
#5755 = VECTOR ( 'NONE', #561, 1000.000000000000000 ) ;
#5756 = VERTEX_POINT ( 'NONE', #1095 ) ;
#5757 = CARTESIAN_POINT ( 'NONE',  ( 44.99999999999996447, 71.99999999999998579, 5.000000000000000000 ) ) ;
#5758 = EDGE_CURVE ( 'NONE', #5675, #5274, #7563, .T. ) ;
#5759 = ORIENTED_EDGE ( 'NONE', *, *, #6671, .F. ) ;
#5760 = DIRECTION ( 'NONE',  ( -0.000000000000000000, 1.000000000000000000, -0.000000000000000000 ) ) ;
#5761 = LINE ( 'NONE', #7688, #59 ) ;
#5762 = FACE_OUTER_BOUND ( 'NONE', #3037, .T. ) ;
#5763 = VECTOR ( 'NONE', #1408, 1000.000000000000000 ) ;
#5764 = VERTEX_POINT ( 'NONE', #1889 ) ;
#5765 = VECTOR ( 'NONE', #3743, 1000.000000000000000 ) ;
#5766 = PLANE ( 'NONE',  #3502 ) ;
#5767 = EDGE_LOOP ( 'NONE', ( #5876, #6711, #2817, #5933 ) ) ;
#5768 = CARTESIAN_POINT ( 'NONE',  ( -33.00000000000000000, -72.00000000000001421, 1.999999999999982236 ) ) ;
#5769 = ADVANCED_FACE ( 'NONE', ( #3643 ), #5717, .F. ) ;
#5770 = VERTEX_POINT ( 'NONE', #8236 ) ;
#5771 = CARTESIAN_POINT ( 'NONE',  ( 49.99999999999996447, 71.99999999999998579, 5.000000000000000000 ) ) ;
#5772 = VECTOR ( 'NONE', #7509, 1000.000000000000000 ) ;
#5773 = VERTEX_POINT ( 'NONE', #8111 ) ;
#5774 = CARTESIAN_POINT ( 'NONE',  ( 39.99999999999996447, 71.99999999999998579, 5.000000000000000000 ) ) ;
#5775 = VERTEX_POINT ( 'NONE', #4389 ) ;
#5776 = VECTOR ( 'NONE', #4266, 1000.000000000000000 ) ;
#5777 = AXIS2_PLACEMENT_3D ( 'NONE', #333, #4713, #6082 ) ;
#5778 = CARTESIAN_POINT ( 'NONE',  ( -3.499999999999992895, 57.99999999999997868, 0.000000000000000000 ) ) ;
#5779 = DIRECTION ( 'NONE',  ( -1.000000000000000000, -1.850371707708594070E-16, 0.000000000000000000 ) ) ;
#5780 = LINE ( 'NONE', #5902, #5641 ) ;
#5781 = ORIENTED_EDGE ( 'NONE', *, *, #1883, .F. ) ;
#5782 = FACE_OUTER_BOUND ( 'NONE', #1927, .T. ) ;
#5783 = ORIENTED_EDGE ( 'NONE', *, *, #7427, .T. ) ;
#5784 = DIRECTION ( 'NONE',  ( -1.000000000000000000, 0.000000000000000000, 0.000000000000000000 ) ) ;
#5785 = DIRECTION ( 'NONE',  ( -0.000000000000000000, -1.000000000000000000, -0.000000000000000000 ) ) ;
#5786 = CARTESIAN_POINT ( 'NONE',  ( -10.00000000000002309, 71.99999999999998579, 2.000000000000000000 ) ) ;
#5787 = EDGE_CURVE ( 'NONE', #1991, #7721, #3097, .T. ) ;
#5788 = CARTESIAN_POINT ( 'NONE',  ( 74.99999999999997158, 74.99999999999998579, 5.000000000000000000 ) ) ;
#5789 = AXIS2_PLACEMENT_3D ( 'NONE', #2833, #7925, #6154 ) ;
#5790 = ORIENTED_EDGE ( 'NONE', *, *, #6379, .F. ) ;
#5791 = DIRECTION ( 'NONE',  ( 0.000000000000000000, -1.000000000000000000, -1.226270043362915368E-16 ) ) ;
#5792 = LINE ( 'NONE', #1332, #8187 ) ;
#5793 = DIRECTION ( 'NONE',  ( -0.000000000000000000, 1.000000000000000000, -0.000000000000000000 ) ) ;
#5794 = CARTESIAN_POINT ( 'NONE',  ( -72.00000000000002842, -53.00000000000002132, 5.000000000000000000 ) ) ;
#5795 = ORIENTED_EDGE ( 'NONE', *, *, #5434, .T. ) ;
#5796 = EDGE_CURVE ( 'NONE', #3136, #7020, #7524, .T. ) ;
#5797 = EDGE_CURVE ( 'NONE', #1199, #1357, #6300, .T. ) ;
#5798 = ORIENTED_EDGE ( 'NONE', *, *, #5595, .T. ) ;
#5799 = VERTEX_POINT ( 'NONE', #554 ) ;
#5800 = DIRECTION ( 'NONE',  ( -0.000000000000000000, 1.000000000000000000, -0.000000000000000000 ) ) ;
#5801 = LINE ( 'NONE', #3304, #4905 ) ;
#5802 = CARTESIAN_POINT ( 'NONE',  ( -20.00000000000003908, 71.99999999999998579, 5.000000000000000000 ) ) ;
#5803 = LINE ( 'NONE', #6393, #2010 ) ;
#5804 = ORIENTED_EDGE ( 'NONE', *, *, #773, .T. ) ;
#5805 = ADVANCED_FACE ( 'NONE', ( #473 ), #6973, .F. ) ;
#5806 = DIRECTION ( 'NONE',  ( 1.000000000000000000, 1.850371707708594070E-16, -0.000000000000000000 ) ) ;
#5807 = ORIENTED_EDGE ( 'NONE', *, *, #6333, .T. ) ;
#5808 = DIRECTION ( 'NONE',  ( -0.000000000000000000, 1.000000000000000000, -0.000000000000000000 ) ) ;
#5809 = VERTEX_POINT ( 'NONE', #1810 ) ;
#5810 = CARTESIAN_POINT ( 'NONE',  ( 39.99999999999997868, 71.99999999999998579, 2.000000000000000000 ) ) ;
#5811 = VERTEX_POINT ( 'NONE', #5636 ) ;
#5812 = LINE ( 'NONE', #1274, #4134 ) ;
#5813 = VECTOR ( 'NONE', #824, 1000.000000000000000 ) ;
#5814 = ORIENTED_EDGE ( 'NONE', *, *, #6086, .T. ) ;
#5815 = EDGE_CURVE ( 'NONE', #228, #2860, #3019, .T. ) ;
#5816 = DIRECTION ( 'NONE',  ( -4.625929269271458501E-15, -0.000000000000000000, 1.000000000000000000 ) ) ;
#5817 = DIRECTION ( 'NONE',  ( -0.000000000000000000, 1.000000000000000000, -0.000000000000000000 ) ) ;
#5818 = PLANE ( 'NONE',  #3386 ) ;
#5819 = VERTEX_POINT ( 'NONE', #2394 ) ;
#5820 = VECTOR ( 'NONE', #7153, 1000.000000000000000 ) ;
#5821 = DIRECTION ( 'NONE',  ( -0.000000000000000000, 0.000000000000000000, -1.000000000000000000 ) ) ;
#5822 = ORIENTED_EDGE ( 'NONE', *, *, #6775, .T. ) ;
#5823 = LINE ( 'NONE', #1325, #622 ) ;
#5824 = CARTESIAN_POINT ( 'NONE',  ( 71.99999999999998579, 14.99999999999998579, 1.999999999999993117 ) ) ;
#5825 = CARTESIAN_POINT ( 'NONE',  ( -22.99999999999999289, -72.00000000000001421, 1.999999999999982236 ) ) ;
#5826 = VECTOR ( 'NONE', #2477, 1000.000000000000000 ) ;
#5827 = CARTESIAN_POINT ( 'NONE',  ( -75.00000000000002842, -68.00000000000000000, 2.000000000000000000 ) ) ;
#5828 = ORIENTED_EDGE ( 'NONE', *, *, #4822, .T. ) ;
#5829 = DIRECTION ( 'NONE',  ( -0.000000000000000000, 1.000000000000000000, -0.000000000000000000 ) ) ;
#5830 = VECTOR ( 'NONE', #1742, 1000.000000000000000 ) ;
#5831 = DIRECTION ( 'NONE',  ( 0.000000000000000000, 0.000000000000000000, -1.000000000000000000 ) ) ;
#5832 = ADVANCED_FACE ( 'NONE', ( #3184 ), #4932, .F. ) ;
#5833 = DIRECTION ( 'NONE',  ( -0.000000000000000000, -4.625929269271485322E-15, 1.000000000000000000 ) ) ;
#5834 = DIRECTION ( 'NONE',  ( 0.000000000000000000, 0.000000000000000000, -1.000000000000000000 ) ) ;
#5835 = ORIENTED_EDGE ( 'NONE', *, *, #2646, .T. ) ;
#5836 = ORIENTED_EDGE ( 'NONE', *, *, #4138, .T. ) ;
#5837 = EDGE_LOOP ( 'NONE', ( #5094, #5531 ) ) ;
#5838 = ORIENTED_EDGE ( 'NONE', *, *, #6044, .T. ) ;
#5839 = CARTESIAN_POINT ( 'NONE',  ( 71.99999999999998579, 24.99999999999998224, 5.000000000000000000 ) ) ;
#5840 = DIRECTION ( 'NONE',  ( 1.000000000000000000, 0.000000000000000000, 0.000000000000000000 ) ) ;
#5841 = CARTESIAN_POINT ( 'NONE',  ( -75.00000000000002842, -53.00000000000000711, 2.000000000000000000 ) ) ;
#5842 = EDGE_CURVE ( 'NONE', #4030, #6280, #6, .T. ) ;
#5843 = DIRECTION ( 'NONE',  ( 0.000000000000000000, 0.000000000000000000, 1.000000000000000000 ) ) ;
#5844 = EDGE_CURVE ( 'NONE', #858, #3481, #3767, .T. ) ;
#5845 = ORIENTED_EDGE ( 'NONE', *, *, #5582, .F. ) ;
#5846 = CARTESIAN_POINT ( 'NONE',  ( 74.99999999999997158, 74.99999999999998579, 5.000000000000000000 ) ) ;
#5847 = ORIENTED_EDGE ( 'NONE', *, *, #5339, .F. ) ;
#5848 = DIRECTION ( 'NONE',  ( -2.312964634635729250E-15, 0.000000000000000000, -1.000000000000000000 ) ) ;
#5849 = ORIENTED_EDGE ( 'NONE', *, *, #301, .F. ) ;
#5850 = DIRECTION ( 'NONE',  ( 1.000000000000000000, 0.000000000000000000, 0.000000000000000000 ) ) ;
#5851 = ORIENTED_EDGE ( 'NONE', *, *, #3713, .F. ) ;
#5852 = ADVANCED_FACE ( 'NONE', ( #3686 ), #6306, .F. ) ;
#5853 = EDGE_CURVE ( 'NONE', #659, #5, #3814, .T. ) ;
#5854 = VERTEX_POINT ( 'NONE', #4265 ) ;
#5855 = DIRECTION ( 'NONE',  ( -0.000000000000000000, 0.000000000000000000, 1.000000000000000000 ) ) ;
#5856 = AXIS2_PLACEMENT_3D ( 'NONE', #4278, #5441, #3615 ) ;
#5857 = CARTESIAN_POINT ( 'NONE',  ( 71.99999999999998579, 9.999999999999980460, -6.123233995736766282E-16 ) ) ;
#5858 = CARTESIAN_POINT ( 'NONE',  ( 74.99999999999998579, -5.000000000000018652, 1.999999999999990896 ) ) ;
#5859 = VERTEX_POINT ( 'NONE', #6811 ) ;
#5860 = LINE ( 'NONE', #2704, #7506 ) ;
#5861 = ORIENTED_EDGE ( 'NONE', *, *, #3970, .T. ) ;
#5862 = EDGE_CURVE ( 'NONE', #6205, #3005, #6851, .T. ) ;
#5863 = LINE ( 'NONE', #1868, #888 ) ;
#5864 = VECTOR ( 'NONE', #6132, 1000.000000000000000 ) ;
#5865 = CARTESIAN_POINT ( 'NONE',  ( -23.00000000000000711, -72.00000000000001421, 5.000000000000000000 ) ) ;
#5866 = FACE_OUTER_BOUND ( 'NONE', #499, .T. ) ;
#5867 = ORIENTED_EDGE ( 'NONE', *, *, #2082, .F. ) ;
#5868 = LINE ( 'NONE', #5911, #7663 ) ;
#5869 = CIRCLE ( 'NONE', #5462, 1.600000000000005196 ) ;
#5870 = CARTESIAN_POINT ( 'NONE',  ( 51.99999999999999289, -72.00000000000001421, 5.000000000000000000 ) ) ;
#5871 = ORIENTED_EDGE ( 'NONE', *, *, #2314, .F. ) ;
#5872 = DIRECTION ( 'NONE',  ( 0.000000000000000000, -1.000000000000000000, -1.226270043362915368E-16 ) ) ;
#5873 = LINE ( 'NONE', #5297, #2329 ) ;
#5874 = CARTESIAN_POINT ( 'NONE',  ( -50.00000000000002132, 71.99999999999998579, 2.000000000000000000 ) ) ;
#5875 = LINE ( 'NONE', #4093, #4807 ) ;
#5876 = ORIENTED_EDGE ( 'NONE', *, *, #1477, .F. ) ;
#5877 = EDGE_LOOP ( 'NONE', ( #3257, #7152, #829, #573 ) ) ;
#5878 = VERTEX_POINT ( 'NONE', #3059 ) ;
#5879 = ORIENTED_EDGE ( 'NONE', *, *, #6729, .F. ) ;
#5880 = CARTESIAN_POINT ( 'NONE',  ( 71.99999999999997158, 39.99999999999997868, 1.999999999999996669 ) ) ;
#5881 = CARTESIAN_POINT ( 'NONE',  ( -40.00000000000002132, 71.99999999999998579, 2.000000000000000000 ) ) ;
#5882 = CARTESIAN_POINT ( 'NONE',  ( 74.99999999999997158, 44.99999999999998579, 1.999999999999997113 ) ) ;
#5883 = LINE ( 'NONE', #2730, #1745 ) ;
#5884 = ORIENTED_EDGE ( 'NONE', *, *, #2242, .F. ) ;
#5885 = EDGE_CURVE ( 'NONE', #2497, #5215, #2434, .T. ) ;
#5886 = VECTOR ( 'NONE', #6014, 1000.000000000000000 ) ;
#5887 = ADVANCED_FACE ( 'NONE', ( #4016 ), #7816, .F. ) ;
#5888 = DIRECTION ( 'NONE',  ( -0.000000000000000000, 0.000000000000000000, 1.000000000000000000 ) ) ;
#5889 = ORIENTED_EDGE ( 'NONE', *, *, #2805, .F. ) ;
#5890 = PLANE ( 'NONE',  #8232 ) ;
#5891 = EDGE_LOOP ( 'NONE', ( #4966, #3681, #5122, #4829 ) ) ;
#5892 = CARTESIAN_POINT ( 'NONE',  ( 71.99999999999998579, 4.999999999999976019, 5.000000000000000000 ) ) ;
#5893 = ORIENTED_EDGE ( 'NONE', *, *, #6095, .F. ) ;
#5894 = AXIS2_PLACEMENT_3D ( 'NONE', #7213, #3962, #1844 ) ;
#5895 = VERTEX_POINT ( 'NONE', #3264 ) ;
#5896 = EDGE_CURVE ( 'NONE', #2893, #5059, #5142, .T. ) ;
#5897 = DIRECTION ( 'NONE',  ( 1.000000000000000000, 1.850371707708594070E-16, -0.000000000000000000 ) ) ;
#5898 = VECTOR ( 'NONE', #3781, 1000.000000000000000 ) ;
#5899 = AXIS2_PLACEMENT_3D ( 'NONE', #5709, #4924, #3175 ) ;
#5900 = VECTOR ( 'NONE', #5051, 1000.000000000000000 ) ;
#5901 = DIRECTION ( 'NONE',  ( 1.000000000000000000, 1.850371707708594070E-16, -0.000000000000000000 ) ) ;
#5902 = CARTESIAN_POINT ( 'NONE',  ( 56.99999999999998579, -75.00000000000001421, 5.000000000000000000 ) ) ;
#5903 = ORIENTED_EDGE ( 'NONE', *, *, #1328, .T. ) ;
#5904 = EDGE_CURVE ( 'NONE', #8099, #1814, #5181, .T. ) ;
#5905 = CARTESIAN_POINT ( 'NONE',  ( -2.775557561562891351E-14, 71.99999999999998579, 2.000000000000000000 ) ) ;
#5906 = EDGE_LOOP ( 'NONE', ( #3389, #459, #4003, #4026 ) ) ;
#5907 = LINE ( 'NONE', #4783, #1286 ) ;
#5908 = CARTESIAN_POINT ( 'NONE',  ( -48.00000000000000711, -72.00000000000001421, 5.000000000000000000 ) ) ;
#5909 = VECTOR ( 'NONE', #3321, 1000.000000000000000 ) ;
#5910 = EDGE_CURVE ( 'NONE', #3191, #5474, #4644, .T. ) ;
#5911 = CARTESIAN_POINT ( 'NONE',  ( -72.00000000000002842, 71.99999999999998579, 2.000000000000000000 ) ) ;
#5912 = LINE ( 'NONE', #4425, #1509 ) ;
#5913 = VECTOR ( 'NONE', #4005, 1000.000000000000000 ) ;
#5914 = ORIENTED_EDGE ( 'NONE', *, *, #1628, .T. ) ;
#5915 = CARTESIAN_POINT ( 'NONE',  ( 74.99999999999998579, -10.00000000000002309, 1.999999999999990008 ) ) ;
#5916 = DIRECTION ( 'NONE',  ( 1.000000000000000000, 0.000000000000000000, 0.000000000000000000 ) ) ;
#5917 = CARTESIAN_POINT ( 'NONE',  ( 71.99999999999998579, 19.99999999999997513, 5.000000000000000000 ) ) ;
#5918 = AXIS2_PLACEMENT_3D ( 'NONE', #7300, #954, #1586 ) ;
#5919 = PLANE ( 'NONE',  #3881 ) ;
#5920 = ORIENTED_EDGE ( 'NONE', *, *, #1834, .F. ) ;
#5921 = ORIENTED_EDGE ( 'NONE', *, *, #94, .F. ) ;
#5922 = ADVANCED_FACE ( 'NONE', ( #6558 ), #3894, .F. ) ;
#5923 = ORIENTED_EDGE ( 'NONE', *, *, #7227, .T. ) ;
#5924 = VERTEX_POINT ( 'NONE', #1430 ) ;
#5925 = EDGE_LOOP ( 'NONE', ( #5342, #7735, #2457, #1952 ) ) ;
#5926 = CARTESIAN_POINT ( 'NONE',  ( -75.00000000000002842, -48.00000000000002132, 5.000000000000000000 ) ) ;
#5927 = DIRECTION ( 'NONE',  ( 0.000000000000000000, -1.000000000000000000, -1.226270043362915368E-16 ) ) ;
#5928 = VECTOR ( 'NONE', #1112, 1000.000000000000000 ) ;
#5929 = LINE ( 'NONE', #3939, #1259 ) ;
#5930 = CARTESIAN_POINT ( 'NONE',  ( -35.00000000000004263, 71.99999999999998579, 2.000000000000000000 ) ) ;
#5931 = VERTEX_POINT ( 'NONE', #3222 ) ;
#5932 = PLANE ( 'NONE',  #1241 ) ;
#5933 = ORIENTED_EDGE ( 'NONE', *, *, #5547, .F. ) ;
#5934 = CARTESIAN_POINT ( 'NONE',  ( -68.00000000000000000, -72.00000000000001421, 5.000000000000000000 ) ) ;
#5935 = EDGE_LOOP ( 'NONE', ( #5814, #3244, #5561, #2525 ) ) ;
#5936 = CARTESIAN_POINT ( 'NONE',  ( 71.99999999999998579, 24.99999999999998224, 0.000000000000000000 ) ) ;
#5937 = EDGE_LOOP ( 'NONE', ( #4863, #6845, #1130, #8217 ) ) ;
#5938 = EDGE_CURVE ( 'NONE', #3813, #478, #50, .T. ) ;
#5939 = ORIENTED_EDGE ( 'NONE', *, *, #7083, .T. ) ;
#5940 = LINE ( 'NONE', #2904, #1637 ) ;
#5941 = LINE ( 'NONE', #234, #8245 ) ;
#5942 = CARTESIAN_POINT ( 'NONE',  ( 56.99999999999998579, -72.00000000000001421, 5.000000000000000000 ) ) ;
#5943 = VERTEX_POINT ( 'NONE', #4512 ) ;
#5944 = LINE ( 'NONE', #2787, #846 ) ;
#5945 = ORIENTED_EDGE ( 'NONE', *, *, #7496, .F. ) ;
#5946 = VECTOR ( 'NONE', #484, 1000.000000000000000 ) ;
#5947 = CARTESIAN_POINT ( 'NONE',  ( 75.00000000000000000, -60.00000000000002842, 5.000000000000000000 ) ) ;
#5948 = EDGE_CURVE ( 'NONE', #5564, #4655, #7146, .T. ) ;
#5949 = CARTESIAN_POINT ( 'NONE',  ( -30.00000000000003908, 71.99999999999998579, 5.000000000000000000 ) ) ;
#5950 = EDGE_CURVE ( 'NONE', #5200, #4207, #6368, .T. ) ;
#5951 = DIRECTION ( 'NONE',  ( 2.269055394249329430E-32, -1.226270043362915368E-16, 1.000000000000000000 ) ) ;
#5952 = VECTOR ( 'NONE', #8205, 1000.000000000000000 ) ;
#5953 = CYLINDRICAL_SURFACE ( 'NONE', #7240, 1.600000000000004086 ) ;
#5954 = EDGE_LOOP ( 'NONE', ( #2572, #1801, #6624, #5294 ) ) ;
#5955 = ORIENTED_EDGE ( 'NONE', *, *, #3914, .T. ) ;
#5956 = DIRECTION ( 'NONE',  ( 1.000000000000000000, 0.000000000000000000, 0.000000000000000000 ) ) ;
#5957 = CARTESIAN_POINT ( 'NONE',  ( 75.00000000000000000, -50.00000000000001421, 1.999999999999985345 ) ) ;
#5958 = EDGE_CURVE ( 'NONE', #7795, #7658, #2061, .T. ) ;
#5959 = DIRECTION ( 'NONE',  ( -4.625929269271458501E-15, -0.000000000000000000, 1.000000000000000000 ) ) ;
#5960 = CARTESIAN_POINT ( 'NONE',  ( -72.00000000000002842, 21.99999999999997868, 5.000000000000000000 ) ) ;
#5961 = VECTOR ( 'NONE', #5966, 1000.000000000000000 ) ;
#5962 = ORIENTED_EDGE ( 'NONE', *, *, #6207, .F. ) ;
#5963 = VERTEX_POINT ( 'NONE', #4600 ) ;
#5964 = AXIS2_PLACEMENT_3D ( 'NONE', #8213, #6868, #2412 ) ;
#5965 = VERTEX_POINT ( 'NONE', #1471 ) ;
#5966 = DIRECTION ( 'NONE',  ( -0.000000000000000000, -1.000000000000000000, -0.000000000000000000 ) ) ;
#5967 = LINE ( 'NONE', #259, #2021 ) ;
#5968 = CARTESIAN_POINT ( 'NONE',  ( -33.00000000000001421, -72.00000000000001421, 5.000000000000000000 ) ) ;
#5969 = EDGE_CURVE ( 'NONE', #7764, #3559, #6430, .T. ) ;
#5970 = CARTESIAN_POINT ( 'NONE',  ( 74.99999999999997158, 39.99999999999997868, 1.999999999999996669 ) ) ;
#5971 = CARTESIAN_POINT ( 'NONE',  ( 74.99999999999998579, -2.775557561562891351E-14, 5.000000000000000000 ) ) ;
#5972 = VECTOR ( 'NONE', #5983, 1000.000000000000000 ) ;
#5973 = VERTEX_POINT ( 'NONE', #6516 ) ;
#5974 = PLANE ( 'NONE',  #6029 ) ;
#5975 = EDGE_LOOP ( 'NONE', ( #1361, #1756, #4757, #1250 ) ) ;
#5976 = PLANE ( 'NONE',  #6222 ) ;
#5977 = ORIENTED_EDGE ( 'NONE', *, *, #2690, .F. ) ;
#5978 = DIRECTION ( 'NONE',  ( 0.000000000000000000, 0.000000000000000000, -1.000000000000000000 ) ) ;
#5979 = VERTEX_POINT ( 'NONE', #7648 ) ;
#5980 = ORIENTED_EDGE ( 'NONE', *, *, #916, .F. ) ;
#5981 = ORIENTED_EDGE ( 'NONE', *, *, #3241, .F. ) ;
#5982 = DIRECTION ( 'NONE',  ( 0.000000000000000000, -1.000000000000000000, 0.000000000000000000 ) ) ;
#5983 = DIRECTION ( 'NONE',  ( -1.000000000000000000, -0.000000000000000000, -0.000000000000000000 ) ) ;
#5984 = FACE_OUTER_BOUND ( 'NONE', #3776, .T. ) ;
#5985 = ORIENTED_EDGE ( 'NONE', *, *, #5073, .T. ) ;
#5986 = CARTESIAN_POINT ( 'NONE',  ( -50.00000000000003553, 71.99999999999998579, 5.000000000000000000 ) ) ;
#5987 = ORIENTED_EDGE ( 'NONE', *, *, #1100, .F. ) ;
#5988 = CARTESIAN_POINT ( 'NONE',  ( -75.00000000000002842, 74.99999999999998579, 2.000000000000000000 ) ) ;
#5989 = DIRECTION ( 'NONE',  ( 0.000000000000000000, 0.000000000000000000, -1.000000000000000000 ) ) ;
#5990 = VECTOR ( 'NONE', #4446, 1000.000000000000000 ) ;
#5991 = DIRECTION ( 'NONE',  ( 0.000000000000000000, -1.000000000000000000, -1.226270043362915368E-16 ) ) ;
#5992 = EDGE_CURVE ( 'NONE', #7823, #4037, #1936, .T. ) ;
#5994 = EDGE_CURVE ( 'NONE', #491, #4151, #4556, .T. ) ;
#5993 = FACE_OUTER_BOUND ( 'NONE', #1210, .T. ) ;
#5995 = VECTOR ( 'NONE', #1326, 1000.000000000000000 ) ;
#5996 = ORIENTED_EDGE ( 'NONE', *, *, #7576, .F. ) ;
#5997 = EDGE_CURVE ( 'NONE', #2122, #4097, #720, .T. ) ;
#5998 = CARTESIAN_POINT ( 'NONE',  ( -35.00000000000004263, 71.99999999999998579, 5.000000000000000000 ) ) ;
#5999 = DIRECTION ( 'NONE',  ( 0.000000000000000000, -1.000000000000000000, -1.226270043362915368E-16 ) ) ;
#6000 = CARTESIAN_POINT ( 'NONE',  ( 74.99999999999998579, -10.00000000000002309, -6.123233995736766282E-16 ) ) ;
#6001 = VECTOR ( 'NONE', #3293, 1000.000000000000000 ) ;
#6002 = VERTEX_POINT ( 'NONE', #5881 ) ;
#6003 = ADVANCED_FACE ( 'NONE', ( #1386 ), #172, .F. ) ;
#6004 = ORIENTED_EDGE ( 'NONE', *, *, #2770, .F. ) ;
#6005 = DIRECTION ( 'NONE',  ( 0.000000000000000000, 0.000000000000000000, -1.000000000000000000 ) ) ;
#6006 = EDGE_CURVE ( 'NONE', #6890, #2975, #5801, .T. ) ;
#6007 = DIRECTION ( 'NONE',  ( 0.000000000000000000, 0.000000000000000000, -1.000000000000000000 ) ) ;
#6008 = AXIS2_PLACEMENT_3D ( 'NONE', #6664, #4203, #7416 ) ;
#6009 = DIRECTION ( 'NONE',  ( -1.000000000000000000, 0.000000000000000000, 0.000000000000000000 ) ) ;
#6010 = LINE ( 'NONE', #1389, #2546 ) ;
#6011 = ORIENTED_EDGE ( 'NONE', *, *, #2599, .T. ) ;
#6012 = VECTOR ( 'NONE', #5500, 1000.000000000000000 ) ;
#6013 = EDGE_CURVE ( 'NONE', #3005, #7814, #91, .T. ) ;
#6014 = DIRECTION ( 'NONE',  ( -0.000000000000000000, 1.000000000000000000, -0.000000000000000000 ) ) ;
#6015 = ORIENTED_EDGE ( 'NONE', *, *, #6936, .F. ) ;
#6016 = DIRECTION ( 'NONE',  ( 0.000000000000000000, -1.000000000000000000, 0.000000000000000000 ) ) ;
#6017 = ORIENTED_EDGE ( 'NONE', *, *, #3296, .T. ) ;
#6018 = LINE ( 'NONE', #1686, #7640 ) ;
#6019 = ORIENTED_EDGE ( 'NONE', *, *, #4730, .F. ) ;
#6020 = EDGE_LOOP ( 'NONE', ( #5232, #3023, #2275, #7436 ) ) ;
#6021 = FACE_OUTER_BOUND ( 'NONE', #8065, .T. ) ;
#6022 = ORIENTED_EDGE ( 'NONE', *, *, #3924, .F. ) ;
#6023 = EDGE_CURVE ( 'NONE', #3210, #5426, #2289, .T. ) ;
#6024 = LINE ( 'NONE', #233, #2439 ) ;
#6025 = CARTESIAN_POINT ( 'NONE',  ( -20.00000000000003908, 71.99999999999998579, 5.000000000000000000 ) ) ;
#6026 = CARTESIAN_POINT ( 'NONE',  ( -75.00000000000002842, -75.00000000000001421, 5.000000000000000000 ) ) ;
#6027 = ORIENTED_EDGE ( 'NONE', *, *, #6508, .F. ) ;
#6028 = CARTESIAN_POINT ( 'NONE',  ( -72.00000000000002842, 66.99999999999997158, 5.000000000000000000 ) ) ;
#6029 = AXIS2_PLACEMENT_3D ( 'NONE', #3474, #5888, #889 ) ;
#6030 = VERTEX_POINT ( 'NONE', #2212 ) ;
#6031 = DIRECTION ( 'NONE',  ( 1.000000000000000000, 0.000000000000000000, 0.000000000000000000 ) ) ;
#6032 = PLANE ( 'NONE',  #3751 ) ;
#6033 = AXIS2_PLACEMENT_3D ( 'NONE', #7027, #5604, #2405 ) ;
#6034 = AXIS2_PLACEMENT_3D ( 'NONE', #7443, #5015, #3142 ) ;
#6035 = AXIS2_PLACEMENT_3D ( 'NONE', #7475, #1131, #6135 ) ;
#6036 = DIRECTION ( 'NONE',  ( 2.312964634635729250E-15, 0.000000000000000000, 1.000000000000000000 ) ) ;
#6037 = DIRECTION ( 'NONE',  ( -1.000000000000000000, -0.000000000000000000, -0.000000000000000000 ) ) ;
#6038 = CARTESIAN_POINT ( 'NONE',  ( -75.00000000000002842, 74.99999999999998579, 5.000000000000000000 ) ) ;
#6039 = ORIENTED_EDGE ( 'NONE', *, *, #1682, .F. ) ;
#6040 = DIRECTION ( 'NONE',  ( -1.000000000000000000, -1.850371707708594070E-16, 0.000000000000000000 ) ) ;
#6041 = CARTESIAN_POINT ( 'NONE',  ( 61.99999999999998579, -72.00000000000001421, 1.999999999999982236 ) ) ;
#6042 = VECTOR ( 'NONE', #5033, 1000.000000000000000 ) ;
#6043 = LINE ( 'NONE', #334, #6676 ) ;
#6044 = EDGE_CURVE ( 'NONE', #4510, #2830, #406, .T. ) ;
#6045 = AXIS2_PLACEMENT_3D ( 'NONE', #5534, #2540, #3124 ) ;
#6046 = ORIENTED_EDGE ( 'NONE', *, *, #4240, .F. ) ;
#6047 = DIRECTION ( 'NONE',  ( 0.000000000000000000, -1.000000000000000000, 0.000000000000000000 ) ) ;
#6048 = VECTOR ( 'NONE', #411, 1000.000000000000000 ) ;
#6049 = LINE ( 'NONE', #379, #7220 ) ;
#6050 = CARTESIAN_POINT ( 'NONE',  ( -72.00000000000002842, 71.99999999999998579, 2.000000000000000000 ) ) ;
#6051 = CARTESIAN_POINT ( 'NONE',  ( -72.00000000000002842, -48.00000000000002132, 5.000000000000000000 ) ) ;
#6052 = VECTOR ( 'NONE', #3266, 1000.000000000000000 ) ;
#6053 = EDGE_CURVE ( 'NONE', #972, #1170, #3034, .T. ) ;
#6054 = ORIENTED_EDGE ( 'NONE', *, *, #1942, .T. ) ;
#6055 = EDGE_CURVE ( 'NONE', #3228, #7015, #5484, .T. ) ;
#6056 = CARTESIAN_POINT ( 'NONE',  ( -75.00000000000002842, 16.99999999999997868, 5.000000000000000000 ) ) ;
#6057 = ORIENTED_EDGE ( 'NONE', *, *, #4031, .T. ) ;
#6058 = VECTOR ( 'NONE', #5654, 1000.000000000000000 ) ;
#6059 = DIRECTION ( 'NONE',  ( -1.000000000000000000, -0.000000000000000000, -0.000000000000000000 ) ) ;
#6060 = ORIENTED_EDGE ( 'NONE', *, *, #5647, .T. ) ;
#6061 = DIRECTION ( 'NONE',  ( 1.000000000000000000, 1.850371707708594070E-16, -0.000000000000000000 ) ) ;
#6062 = DIRECTION ( 'NONE',  ( 1.914177628664063128E-16, -1.000000000000000000, -1.226270043362915368E-16 ) ) ;
#6063 = ORIENTED_EDGE ( 'NONE', *, *, #6638, .T. ) ;
#6064 = DIRECTION ( 'NONE',  ( -0.000000000000000000, -1.000000000000000000, -0.000000000000000000 ) ) ;
#6065 = EDGE_CURVE ( 'NONE', #3005, #2779, #7460, .T. ) ;
#6066 = ORIENTED_EDGE ( 'NONE', *, *, #5844, .T. ) ;
#6067 = DIRECTION ( 'NONE',  ( -1.000000000000000000, -0.000000000000000000, -0.000000000000000000 ) ) ;
#6068 = CARTESIAN_POINT ( 'NONE',  ( -75.00000000000002842, -75.00000000000001421, 5.000000000000000000 ) ) ;
#6069 = ORIENTED_EDGE ( 'NONE', *, *, #5740, .T. ) ;
#6070 = CARTESIAN_POINT ( 'NONE',  ( 74.99999999999997158, 54.99999999999997868, 5.000000000000000000 ) ) ;
#6071 = EDGE_LOOP ( 'NONE', ( #1123, #6529, #16, #7877 ) ) ;
#6072 = CARTESIAN_POINT ( 'NONE',  ( 46.99999999999998579, -72.00000000000001421, 5.000000000000000000 ) ) ;
#6073 = EDGE_CURVE ( 'NONE', #3591, #7845, #4913, .T. ) ;
#6074 = FACE_OUTER_BOUND ( 'NONE', #3688, .T. ) ;
#6075 = CYLINDRICAL_SURFACE ( 'NONE', #5789, 1.600000000000004086 ) ;
#6076 = CARTESIAN_POINT ( 'NONE',  ( -4.163336342344337027E-14, 74.99999999999998579, 5.000000000000000000 ) ) ;
#6077 = DIRECTION ( 'NONE',  ( 0.000000000000000000, -0.000000000000000000, -1.000000000000000000 ) ) ;
#6078 = VECTOR ( 'NONE', #7878, 1000.000000000000000 ) ;
#6079 = VERTEX_POINT ( 'NONE', #7297 ) ;
#6080 = EDGE_LOOP ( 'NONE', ( #5244, #6394, #6329, #913 ) ) ;
#6081 = FACE_OUTER_BOUND ( 'NONE', #7834, .T. ) ;
#6082 = DIRECTION ( 'NONE',  ( 0.000000000000000000, -1.000000000000000000, -1.226270043362915368E-16 ) ) ;
#6083 = CARTESIAN_POINT ( 'NONE',  ( 39.99999999999996447, 71.99999999999998579, 5.000000000000000000 ) ) ;
#6084 = ORIENTED_EDGE ( 'NONE', *, *, #6053, .T. ) ;
#6085 = LINE ( 'NONE', #1552, #4899 ) ;
#6086 = EDGE_CURVE ( 'NONE', #2366, #5564, #2954, .T. ) ;
#6087 = LINE ( 'NONE', #7269, #4815 ) ;
#6088 = CIRCLE ( 'NONE', #4493, 1.600000000000004974 ) ;
#6089 = CARTESIAN_POINT ( 'NONE',  ( 71.99999999999997158, 59.99999999999997868, 1.999999999999998668 ) ) ;
#6090 = CARTESIAN_POINT ( 'NONE',  ( 74.99999999999997158, 69.99999999999998579, 2.000000000000000000 ) ) ;
#6091 = ORIENTED_EDGE ( 'NONE', *, *, #4032, .F. ) ;
#6092 = AXIS2_PLACEMENT_3D ( 'NONE', #1866, #7624, #4408 ) ;
#6093 = LINE ( 'NONE', #1681, #3238 ) ;
#6094 = VERTEX_POINT ( 'NONE', #8004 ) ;
#6095 = EDGE_CURVE ( 'NONE', #5979, #1222, #3582, .T. ) ;
#6096 = LINE ( 'NONE', #1684, #5549 ) ;
#6097 = EDGE_CURVE ( 'NONE', #4676, #4853, #949, .T. ) ;
#6098 = ORIENTED_EDGE ( 'NONE', *, *, #6463, .F. ) ;
#6099 = CARTESIAN_POINT ( 'NONE',  ( 1.999999999999994893, -72.00000000000001421, 5.000000000000000000 ) ) ;
#6100 = DIRECTION ( 'NONE',  ( -0.000000000000000000, -0.000000000000000000, -1.000000000000000000 ) ) ;
#6101 = ORIENTED_EDGE ( 'NONE', *, *, #1063, .T. ) ;
#6102 = LINE ( 'NONE', #3896, #806 ) ;
#6103 = EDGE_CURVE ( 'NONE', #7716, #5546, #4125, .T. ) ;
#6104 = VECTOR ( 'NONE', #1662, 1000.000000000000000 ) ;
#6105 = ORIENTED_EDGE ( 'NONE', *, *, #2351, .T. ) ;
#6106 = CARTESIAN_POINT ( 'NONE',  ( 72.00000000000000000, -65.00000000000002842, 5.000000000000000000 ) ) ;
#6107 = ORIENTED_EDGE ( 'NONE', *, *, #3114, .F. ) ;
#6108 = DIRECTION ( 'NONE',  ( -0.000000000000000000, 1.000000000000000000, -0.000000000000000000 ) ) ;
#6109 = ADVANCED_FACE ( 'NONE', ( #8044 ), #7418, .F. ) ;
#6110 = ORIENTED_EDGE ( 'NONE', *, *, #5647, .F. ) ;
#6111 = DIRECTION ( 'NONE',  ( -0.000000000000000000, -1.000000000000000000, -0.000000000000000000 ) ) ;
#6112 = VERTEX_POINT ( 'NONE', #6667 ) ;
#6113 = DIRECTION ( 'NONE',  ( -1.000000000000000000, -1.850371707708594316E-16, 0.000000000000000000 ) ) ;
#6114 = EDGE_CURVE ( 'NONE', #3802, #6388, #2878, .T. ) ;
#6115 = PLANE ( 'NONE',  #7349 ) ;
#6116 = DIRECTION ( 'NONE',  ( -0.000000000000000000, 1.000000000000000000, 0.000000000000000000 ) ) ;
#6117 = FACE_OUTER_BOUND ( 'NONE', #5739, .T. ) ;
#6118 = LINE ( 'NONE', #995, #5239 ) ;
#6119 = EDGE_CURVE ( 'NONE', #4685, #3108, #1033, .T. ) ;
#6120 = ORIENTED_EDGE ( 'NONE', *, *, #83, .F. ) ;
#6121 = VERTEX_POINT ( 'NONE', #4871 ) ;
#6122 = DIRECTION ( 'NONE',  ( -0.000000000000000000, 1.000000000000000000, -0.000000000000000000 ) ) ;
#6123 = CARTESIAN_POINT ( 'NONE',  ( -75.00000000000002842, 21.99999999999997868, 5.000000000000000000 ) ) ;
#6124 = DIRECTION ( 'NONE',  ( 1.000000000000000000, 1.850371707708594070E-16, -0.000000000000000000 ) ) ;
#6125 = CARTESIAN_POINT ( 'NONE',  ( -72.00000000000002842, -75.00000000000001421, 5.000000000000000000 ) ) ;
#6126 = EDGE_CURVE ( 'NONE', #6555, #4277, #4788, .T. ) ;
#6127 = VECTOR ( 'NONE', #8061, 1000.000000000000000 ) ;
#6128 = ORIENTED_EDGE ( 'NONE', *, *, #5514, .F. ) ;
#6129 = FACE_OUTER_BOUND ( 'NONE', #7098, .T. ) ;
#6130 = CARTESIAN_POINT ( 'NONE',  ( -72.00000000000002842, -58.00000000000002132, 2.000000000000000000 ) ) ;
#6131 = CARTESIAN_POINT ( 'NONE',  ( -75.00000000000002842, -33.00000000000001421, 5.000000000000000000 ) ) ;
#6132 = DIRECTION ( 'NONE',  ( 0.000000000000000000, 0.000000000000000000, -1.000000000000000000 ) ) ;
#6133 = AXIS2_PLACEMENT_3D ( 'NONE', #3225, #5719, #3186 ) ;
#6134 = ORIENTED_EDGE ( 'NONE', *, *, #3657, .T. ) ;
#6135 = DIRECTION ( 'NONE',  ( -1.000000000000000000, -1.850371707708594070E-16, 0.000000000000000000 ) ) ;
#6136 = AXIS2_PLACEMENT_3D ( 'NONE', #1924, #4467, #41 ) ;
#6137 = ORIENTED_EDGE ( 'NONE', *, *, #2503, .F. ) ;
#6138 = LINE ( 'NONE', #425, #7964 ) ;
#6139 = ORIENTED_EDGE ( 'NONE', *, *, #6979, .T. ) ;
#6140 = FACE_OUTER_BOUND ( 'NONE', #5170, .T. ) ;
#6141 = LINE ( 'NONE', #5554, #726 ) ;
#6142 = CARTESIAN_POINT ( 'NONE',  ( -23.00000000000000711, -75.00000000000001421, 5.000000000000000000 ) ) ;
#6143 = VECTOR ( 'NONE', #2085, 1000.000000000000000 ) ;
#6144 = ORIENTED_EDGE ( 'NONE', *, *, #5958, .F. ) ;
#6145 = EDGE_CURVE ( 'NONE', #103, #6651, #2915, .T. ) ;
#6146 = CARTESIAN_POINT ( 'NONE',  ( -48.00000000000000711, -72.00000000000001421, 5.000000000000000000 ) ) ;
#6147 = LINE ( 'NONE', #434, #2768 ) ;
#6148 = ORIENTED_EDGE ( 'NONE', *, *, #7500, .T. ) ;
#6149 = CARTESIAN_POINT ( 'NONE',  ( 39.99999999999996447, 71.99999999999998579, 5.000000000000000000 ) ) ;
#6150 = ORIENTED_EDGE ( 'NONE', *, *, #3982, .T. ) ;
#6151 = DIRECTION ( 'NONE',  ( -0.000000000000000000, -0.000000000000000000, -1.000000000000000000 ) ) ;
#6152 = DIRECTION ( 'NONE',  ( -0.000000000000000000, -0.000000000000000000, -1.000000000000000000 ) ) ;
#6153 = ADVANCED_FACE ( 'NONE', ( #6117 ), #4244, .F. ) ;
#6154 = DIRECTION ( 'NONE',  ( -1.000000000000000000, 0.000000000000000000, 0.000000000000000000 ) ) ;
#6155 = EDGE_CURVE ( 'NONE', #3388, #4400, #447, .T. ) ;
#6156 = VECTOR ( 'NONE', #4518, 1000.000000000000000 ) ;
#6157 = DIRECTION ( 'NONE',  ( 0.000000000000000000, -1.000000000000000000, -1.226270043362915368E-16 ) ) ;
#6158 = CARTESIAN_POINT ( 'NONE',  ( 71.99999999999998579, -2.831068712794149178E-14, 5.000000000000000000 ) ) ;
#6159 = EDGE_LOOP ( 'NONE', ( #1494, #5781, #2650, #2306 ) ) ;
#6160 = ORIENTED_EDGE ( 'NONE', *, *, #212, .T. ) ;
#6161 = DIRECTION ( 'NONE',  ( -0.000000000000000000, 0.000000000000000000, 1.000000000000000000 ) ) ;
#6162 = LINE ( 'NONE', #1668, #8056 ) ;
#6163 = CARTESIAN_POINT ( 'NONE',  ( -72.00000000000002842, -48.00000000000001421, 2.000000000000000000 ) ) ;
#6164 = VECTOR ( 'NONE', #7697, 1000.000000000000000 ) ;
#6165 = VECTOR ( 'NONE', #3558, 1000.000000000000000 ) ;
#6166 = EDGE_CURVE ( 'NONE', #4944, #670, #8082, .T. ) ;
#6167 = DIRECTION ( 'NONE',  ( 0.000000000000000000, 0.000000000000000000, 1.000000000000000000 ) ) ;
#6168 = VECTOR ( 'NONE', #3987, 1000.000000000000000 ) ;
#6169 = VECTOR ( 'NONE', #6891, 1000.000000000000000 ) ;
#6170 = VECTOR ( 'NONE', #1836, 1000.000000000000000 ) ;
#6171 = ORIENTED_EDGE ( 'NONE', *, *, #4843, .F. ) ;
#6172 = CARTESIAN_POINT ( 'NONE',  ( -1.899999999999987477, 57.99999999999997868, 5.000000000000000888 ) ) ;
#6173 = LINE ( 'NONE', #3008, #2029 ) ;
#6174 = ORIENTED_EDGE ( 'NONE', *, *, #7398, .T. ) ;
#6175 = CARTESIAN_POINT ( 'NONE',  ( 72.00000000000000000, -75.00000000000001421, 1.999999999999982236 ) ) ;
#6176 = ORIENTED_EDGE ( 'NONE', *, *, #8103, .F. ) ;
#6177 = CARTESIAN_POINT ( 'NONE',  ( 71.99999999999998579, -25.00000000000002132, 1.999999999999988232 ) ) ;
#6178 = EDGE_CURVE ( 'NONE', #6388, #4718, #1231, .T. ) ;
#6179 = ORIENTED_EDGE ( 'NONE', *, *, #4031, .F. ) ;
#6180 = VECTOR ( 'NONE', #7465, 1000.000000000000000 ) ;
#6181 = CARTESIAN_POINT ( 'NONE',  ( 74.99999999999997158, 74.99999999999998579, 5.000000000000000000 ) ) ;
#6182 = ORIENTED_EDGE ( 'NONE', *, *, #713, .F. ) ;
#6183 = CARTESIAN_POINT ( 'NONE',  ( 46.99999999999998579, -72.00000000000001421, 5.000000000000000000 ) ) ;
#6184 = VERTEX_POINT ( 'NONE', #8168 ) ;
#6185 = CARTESIAN_POINT ( 'NONE',  ( -75.00000000000002842, 74.99999999999998579, 5.000000000000000000 ) ) ;
#6186 = DIRECTION ( 'NONE',  ( -4.625929269271458501E-15, -0.000000000000000000, 1.000000000000000000 ) ) ;
#6187 = VECTOR ( 'NONE', #6974, 1000.000000000000000 ) ;
#6188 = FACE_OUTER_BOUND ( 'NONE', #3934, .T. ) ;
#6189 = LINE ( 'NONE', #2436, #7062 ) ;
#6190 = VECTOR ( 'NONE', #7423, 1000.000000000000000 ) ;
#6191 = VERTEX_POINT ( 'NONE', #3159 ) ;
#6192 = AXIS2_PLACEMENT_3D ( 'NONE', #2791, #1498, #6036 ) ;
#6193 = PLANE ( 'NONE',  #4296 ) ;
#6194 = ORIENTED_EDGE ( 'NONE', *, *, #5349, .T. ) ;
#6195 = DIRECTION ( 'NONE',  ( -0.000000000000000000, 1.000000000000000000, -0.000000000000000000 ) ) ;
#6196 = LINE ( 'NONE', #4742, #3109 ) ;
#6197 = VERTEX_POINT ( 'NONE', #3831 ) ;
#6198 = ADVANCED_FACE ( 'NONE', ( #1277 ), #5611, .F. ) ;
#6199 = DIRECTION ( 'NONE',  ( -1.000000000000000000, -0.000000000000000000, -0.000000000000000000 ) ) ;
#6200 = AXIS2_PLACEMENT_3D ( 'NONE', #7666, #5855, #147 ) ;
#6201 = DIRECTION ( 'NONE',  ( -1.000000000000000000, -0.000000000000000000, -0.000000000000000000 ) ) ;
#6202 = LINE ( 'NONE', #3076, #1128 ) ;
#6203 = CARTESIAN_POINT ( 'NONE',  ( -75.00000000000002842, 71.99999999999998579, 2.000000000000000000 ) ) ;
#6204 = CARTESIAN_POINT ( 'NONE',  ( -72.00000000000002842, 71.99999999999998579, 2.000000000000000000 ) ) ;
#6205 = VERTEX_POINT ( 'NONE', #4404 ) ;
#6206 = VERTEX_POINT ( 'NONE', #23 ) ;
#6207 = EDGE_CURVE ( 'NONE', #3272, #7108, #7579, .T. ) ;
#6208 = LINE ( 'NONE', #3000, #1557 ) ;
#6209 = DIRECTION ( 'NONE',  ( -0.000000000000000000, -4.625929269271485322E-15, 1.000000000000000000 ) ) ;
#6210 = DIRECTION ( 'NONE',  ( -1.000000000000000000, -0.000000000000000000, -0.000000000000000000 ) ) ;
#6211 = ADVANCED_FACE ( 'NONE', ( #2579 ), #5568, .F. ) ;
#6212 = FACE_OUTER_BOUND ( 'NONE', #5102, .T. ) ;
#6213 = ORIENTED_EDGE ( 'NONE', *, *, #5224, .F. ) ;
#6214 = EDGE_CURVE ( 'NONE', #3946, #7276, #7498, .T. ) ;
#6215 = CARTESIAN_POINT ( 'NONE',  ( -22.99999999999999289, -75.00000000000001421, 1.999999999999982236 ) ) ;
#6216 = AXIS2_PLACEMENT_3D ( 'NONE', #7921, #2207, #4157 ) ;
#6217 = PLANE ( 'NONE',  #2675 ) ;
#6218 = CARTESIAN_POINT ( 'NONE',  ( 71.99999999999997158, 49.99999999999997158, 5.000000000000000000 ) ) ;
#6219 = EDGE_CURVE ( 'NONE', #4480, #3864, #613, .T. ) ;
#6220 = ORIENTED_EDGE ( 'NONE', *, *, #4077, .F. ) ;
#6221 = DIRECTION ( 'NONE',  ( 1.850371707708594316E-16, -1.000000000000000000, 0.000000000000000000 ) ) ;
#6222 = AXIS2_PLACEMENT_3D ( 'NONE', #4146, #2974, #4809 ) ;
#6223 = ORIENTED_EDGE ( 'NONE', *, *, #4123, .F. ) ;
#6224 = CARTESIAN_POINT ( 'NONE',  ( -72.00000000000002842, 26.99999999999999645, 2.000000000000000000 ) ) ;
#6225 = ADVANCED_FACE ( 'NONE', ( #6407 ), #7035, .F. ) ;
#6226 = ORIENTED_EDGE ( 'NONE', *, *, #3960, .T. ) ;
#6227 = CARTESIAN_POINT ( 'NONE',  ( -72.00000000000002842, -48.00000000000002132, 5.000000000000000000 ) ) ;
#6228 = CARTESIAN_POINT ( 'NONE',  ( -72.00000000000002842, 51.99999999999997868, 2.000000000000000000 ) ) ;
#6229 = CARTESIAN_POINT ( 'NONE',  ( 24.99999999999996092, 71.99999999999998579, 5.000000000000000000 ) ) ;
#6230 = DIRECTION ( 'NONE',  ( -4.625929269271458501E-15, -0.000000000000000000, 1.000000000000000000 ) ) ;
#6231 = CIRCLE ( 'NONE', #2371, 1.600000000000004974 ) ;
#6232 = ORIENTED_EDGE ( 'NONE', *, *, #7510, .F. ) ;
#6233 = LINE ( 'NONE', #1140, #302 ) ;
#6234 = ORIENTED_EDGE ( 'NONE', *, *, #2226, .T. ) ;
#6235 = CARTESIAN_POINT ( 'NONE',  ( 72.00000000000000000, -65.00000000000002842, 0.000000000000000000 ) ) ;
#6236 = VERTEX_POINT ( 'NONE', #3703 ) ;
#6237 = VECTOR ( 'NONE', #3951, 1000.000000000000000 ) ;
#6238 = CARTESIAN_POINT ( 'NONE',  ( -75.00000000000002842, 46.99999999999997868, 5.000000000000000000 ) ) ;
#6239 = ORIENTED_EDGE ( 'NONE', *, *, #7283, .F. ) ;
#6240 = CYLINDRICAL_SURFACE ( 'NONE', #5856, 1.600000000000004086 ) ;
#6241 = CARTESIAN_POINT ( 'NONE',  ( 39.99999999999997868, 71.99999999999998579, 2.000000000000000000 ) ) ;
#6242 = CARTESIAN_POINT ( 'NONE',  ( -72.00000000000002842, -72.00000000000001421, 0.000000000000000000 ) ) ;
#6243 = LINE ( 'NONE', #6204, #6042 ) ;
#6244 = ORIENTED_EDGE ( 'NONE', *, *, #7583, .T. ) ;
#6245 = VERTEX_POINT ( 'NONE', #692 ) ;
#6246 = CARTESIAN_POINT ( 'NONE',  ( -38.00000000000001421, -75.00000000000001421, 5.000000000000000000 ) ) ;
#6247 = CARTESIAN_POINT ( 'NONE',  ( 59.59999999999998721, -3.500000000000000000, 15.00000000000000000 ) ) ;
#6248 = DIRECTION ( 'NONE',  ( -0.000000000000000000, -0.000000000000000000, -1.000000000000000000 ) ) ;
#6249 = ADVANCED_FACE ( 'NONE', ( #8254 ), #8125, .F. ) ;
#6250 = EDGE_CURVE ( 'NONE', #3522, #7512, #2532, .T. ) ;
#6251 = LINE ( 'NONE', #6914, #1244 ) ;
#6252 = EDGE_CURVE ( 'NONE', #6552, #6487, #5032, .T. ) ;
#6253 = EDGE_LOOP ( 'NONE', ( #1013, #1465 ) ) ;
#6254 = PLANE ( 'NONE',  #7391 ) ;
#6255 = ORIENTED_EDGE ( 'NONE', *, *, #3405, .F. ) ;
#6256 = CARTESIAN_POINT ( 'NONE',  ( -75.00000000000002842, 6.999999999999992006, 2.000000000000000000 ) ) ;
#6257 = VERTEX_POINT ( 'NONE', #5071 ) ;
#6258 = CARTESIAN_POINT ( 'NONE',  ( -75.00000000000002842, 74.99999999999998579, 5.000000000000000000 ) ) ;
#6259 = ORIENTED_EDGE ( 'NONE', *, *, #7259, .F. ) ;
#6260 = EDGE_CURVE ( 'NONE', #7862, #4710, #7621, .T. ) ;
#6261 = CIRCLE ( 'NONE', #4006, 1.600000000000005196 ) ;
#6262 = CARTESIAN_POINT ( 'NONE',  ( -18.00000000000001066, -75.00000000000001421, 5.000000000000000000 ) ) ;
#6263 = EDGE_CURVE ( 'NONE', #2012, #4996, #1149, .T. ) ;
#6264 = EDGE_LOOP ( 'NONE', ( #7933, #4354, #6735, #21 ) ) ;
#6265 = DIRECTION ( 'NONE',  ( 1.000000000000000000, 0.000000000000000000, 0.000000000000000000 ) ) ;
#6266 = ORIENTED_EDGE ( 'NONE', *, *, #1701, .T. ) ;
#6267 = DIRECTION ( 'NONE',  ( 0.000000000000000000, -1.000000000000000000, 0.000000000000000000 ) ) ;
#6268 = VECTOR ( 'NONE', #465, 1000.000000000000000 ) ;
#6269 = LINE ( 'NONE', #7564, #983 ) ;
#6270 = DIRECTION ( 'NONE',  ( -0.000000000000000000, 1.000000000000000000, -0.000000000000000000 ) ) ;
#6271 = LINE ( 'NONE', #557, #1740 ) ;
#6272 = ORIENTED_EDGE ( 'NONE', *, *, #8250, .F. ) ;
#6273 = ADVANCED_FACE ( 'NONE', ( #3077 ), #1826, .F. ) ;
#6274 = VECTOR ( 'NONE', #5663, 1000.000000000000000 ) ;
#6275 = CARTESIAN_POINT ( 'NONE',  ( -75.00000000000002842, 26.99999999999998224, 5.000000000000000000 ) ) ;
#6276 = VERTEX_POINT ( 'NONE', #1187 ) ;
#6277 = DIRECTION ( 'NONE',  ( 1.000000000000000000, 1.850371707708594070E-16, -0.000000000000000000 ) ) ;
#6278 = ORIENTED_EDGE ( 'NONE', *, *, #6775, .F. ) ;
#6279 = LINE ( 'NONE', #4443, #6299 ) ;
#6280 = VERTEX_POINT ( 'NONE', #570 ) ;
#6281 = DIRECTION ( 'NONE',  ( 0.000000000000000000, -0.000000000000000000, 1.000000000000000000 ) ) ;
#6282 = EDGE_CURVE ( 'NONE', #2, #7552, #5655, .T. ) ;
#6283 = CARTESIAN_POINT ( 'NONE',  ( -72.00000000000002842, 71.99999999999998579, 2.000000000000000000 ) ) ;
#6284 = CARTESIAN_POINT ( 'NONE',  ( -25.00000000000004263, 71.99999999999998579, 2.000000000000000000 ) ) ;
#6285 = CARTESIAN_POINT ( 'NONE',  ( -10.00000000000003730, 71.99999999999998579, 5.000000000000000000 ) ) ;
#6286 = ORIENTED_EDGE ( 'NONE', *, *, #7001, .T. ) ;
#6287 = ORIENTED_EDGE ( 'NONE', *, *, #6313, .F. ) ;
#6288 = DIRECTION ( 'NONE',  ( 0.000000000000000000, -0.000000000000000000, -1.000000000000000000 ) ) ;
#6289 = CARTESIAN_POINT ( 'NONE',  ( 4.999999999999955591, 74.99999999999998579, 2.000000000000000000 ) ) ;
#6290 = PLANE ( 'NONE',  #1885 ) ;
#6291 = LINE ( 'NONE', #580, #7915 ) ;
#6292 = ORIENTED_EDGE ( 'NONE', *, *, #2451, .T. ) ;
#6293 = DIRECTION ( 'NONE',  ( -0.000000000000000000, 1.000000000000000000, -0.000000000000000000 ) ) ;
#6294 = VECTOR ( 'NONE', #3407, 1000.000000000000000 ) ;
#6295 = ADVANCED_FACE ( 'NONE', ( #655 ), #3198, .F. ) ;
#6296 = CARTESIAN_POINT ( 'NONE',  ( 74.99999999999998579, 4.999999999999976907, 0.000000000000000000 ) ) ;
#6297 = LINE ( 'NONE', #2597, #4144 ) ;
#6298 = EDGE_LOOP ( 'NONE', ( #5538, #2963, #279, #1487 ) ) ;
#6299 = VECTOR ( 'NONE', #6985, 1000.000000000000000 ) ;
#6300 = CIRCLE ( 'NONE', #5110, 1.600000000000004086 ) ;
#6301 = CIRCLE ( 'NONE', #1376, 1.600000000000004086 ) ;
#6302 = CARTESIAN_POINT ( 'NONE',  ( 72.00000000000000000, -70.00000000000002842, 1.999999999999982681 ) ) ;
#6303 = ORIENTED_EDGE ( 'NONE', *, *, #2249, .T. ) ;
#6304 = DIRECTION ( 'NONE',  ( 4.625929269271458501E-15, 0.000000000000000000, -1.000000000000000000 ) ) ;
#6305 = ORIENTED_EDGE ( 'NONE', *, *, #3494, .F. ) ;
#6306 = PLANE ( 'NONE',  #4173 ) ;
#6307 = DIRECTION ( 'NONE',  ( -0.000000000000000000, -4.625929269271485322E-15, 1.000000000000000000 ) ) ;
#6308 = CARTESIAN_POINT ( 'NONE',  ( -72.00000000000002842, -8.000000000000028422, 5.000000000000000000 ) ) ;
#6309 = EDGE_CURVE ( 'NONE', #7133, #1551, #3320, .T. ) ;
#6310 = DIRECTION ( 'NONE',  ( -1.000000000000000000, -0.000000000000000000, -0.000000000000000000 ) ) ;
#6311 = VECTOR ( 'NONE', #1258, 1000.000000000000000 ) ;
#6312 = AXIS2_PLACEMENT_3D ( 'NONE', #5362, #2160, #320 ) ;
#6313 = EDGE_CURVE ( 'NONE', #3901, #3761, #736, .T. ) ;
#6314 = VERTEX_POINT ( 'NONE', #2076 ) ;
#6315 = FACE_OUTER_BOUND ( 'NONE', #1679, .T. ) ;
#6316 = EDGE_LOOP ( 'NONE', ( #5822, #6046, #7316, #930 ) ) ;
#6317 = CIRCLE ( 'NONE', #2461, 1.600000000000004974 ) ;
#6318 = DIRECTION ( 'NONE',  ( -1.000000000000000000, 0.000000000000000000, 2.312964634635729250E-15 ) ) ;
#6319 = ORIENTED_EDGE ( 'NONE', *, *, #6864, .F. ) ;
#6320 = DIRECTION ( 'NONE',  ( -4.625929269271458501E-15, -0.000000000000000000, 1.000000000000000000 ) ) ;
#6321 = VERTEX_POINT ( 'NONE', #2034 ) ;
#6322 = EDGE_CURVE ( 'NONE', #2891, #246, #4614, .T. ) ;
#6323 = AXIS2_PLACEMENT_3D ( 'NONE', #2836, #4004, #6040 ) ;
#6324 = DIRECTION ( 'NONE',  ( 1.914177628664063128E-16, -1.000000000000000000, -1.226270043362915368E-16 ) ) ;
#6325 = ORIENTED_EDGE ( 'NONE', *, *, #2031, .F. ) ;
#6326 = LINE ( 'NONE', #5030, #5268 ) ;
#6327 = DIRECTION ( 'NONE',  ( -0.000000000000000000, 1.000000000000000000, -0.000000000000000000 ) ) ;
#6328 = CARTESIAN_POINT ( 'NONE',  ( -65.00000000000001421, 74.99999999999998579, 5.000000000000000000 ) ) ;
#6329 = ORIENTED_EDGE ( 'NONE', *, *, #5397, .F. ) ;
#6330 = DIRECTION ( 'NONE',  ( 0.000000000000000000, 0.000000000000000000, -1.000000000000000000 ) ) ;
#6331 = VECTOR ( 'NONE', #3330, 1000.000000000000000 ) ;
#6332 = ORIENTED_EDGE ( 'NONE', *, *, #1834, .T. ) ;
#6333 = EDGE_CURVE ( 'NONE', #5440, #2153, #1533, .T. ) ;
#6334 = CARTESIAN_POINT ( 'NONE',  ( -3.499999999999992895, 57.99999999999997868, 15.00000000000000000 ) ) ;
#6335 = PLANE ( 'NONE',  #6045 ) ;
#6336 = CARTESIAN_POINT ( 'NONE',  ( -25.00000000000004263, 74.99999999999998579, 5.000000000000000000 ) ) ;
#6337 = PLANE ( 'NONE',  #4848 ) ;
#6338 = VERTEX_POINT ( 'NONE', #1446 ) ;
#6339 = LINE ( 'NONE', #626, #1392 ) ;
#6340 = LINE ( 'NONE', #6882, #2980 ) ;
#6341 = CARTESIAN_POINT ( 'NONE',  ( -75.00000000000002842, -75.00000000000001421, 5.000000000000000000 ) ) ;
#6342 = ORIENTED_EDGE ( 'NONE', *, *, #696, .T. ) ;
#6343 = EDGE_CURVE ( 'NONE', #3915, #2072, #5941, .T. ) ;
#6344 = LINE ( 'NONE', #1456, #979 ) ;
#6345 = EDGE_LOOP ( 'NONE', ( #7516, #4356, #2617, #1855 ) ) ;
#6346 = FACE_BOUND ( 'NONE', #3132, .T. ) ;
#6347 = VECTOR ( 'NONE', #7960, 1000.000000000000000 ) ;
#6348 = ORIENTED_EDGE ( 'NONE', *, *, #2548, .F. ) ;
#6349 = CARTESIAN_POINT ( 'NONE',  ( -8.000000000000014211, -72.00000000000001421, 5.000000000000000000 ) ) ;
#6350 = CARTESIAN_POINT ( 'NONE',  ( -72.00000000000002842, 16.99999999999999289, 2.000000000000000000 ) ) ;
#6351 = LINE ( 'NONE', #1850, #5512 ) ;
#6352 = LINE ( 'NONE', #639, #1873 ) ;
#6353 = ORIENTED_EDGE ( 'NONE', *, *, #6023, .F. ) ;
#6354 = AXIS2_PLACEMENT_3D ( 'NONE', #396, #8032, #2825 ) ;
#6355 = EDGE_CURVE ( 'NONE', #4039, #1707, #2120, .T. ) ;
#6356 = ADVANCED_FACE ( 'NONE', ( #775 ), #2784, .F. ) ;
#6357 = ORIENTED_EDGE ( 'NONE', *, *, #6580, .T. ) ;
#6358 = LINE ( 'NONE', #3026, #2504 ) ;
#6359 = ORIENTED_EDGE ( 'NONE', *, *, #3162, .T. ) ;
#6360 = EDGE_CURVE ( 'NONE', #5552, #3866, #2913, .T. ) ;
#6361 = CARTESIAN_POINT ( 'NONE',  ( 56.99999999999998579, -75.00000000000001421, 5.000000000000000000 ) ) ;
#6362 = ORIENTED_EDGE ( 'NONE', *, *, #1512, .F. ) ;
#6363 = CARTESIAN_POINT ( 'NONE',  ( -4.163336342344337027E-14, 71.99999999999998579, 5.000000000000000000 ) ) ;
#6364 = VECTOR ( 'NONE', #3631, 1000.000000000000000 ) ;
#6365 = ORIENTED_EDGE ( 'NONE', *, *, #3914, .F. ) ;
#6366 = EDGE_CURVE ( 'NONE', #2489, #1898, #6578, .T. ) ;
#6367 = LINE ( 'NONE', #22, #2877 ) ;
#6368 = CIRCLE ( 'NONE', #3846, 1.600000000000004086 ) ;
#6369 = CARTESIAN_POINT ( 'NONE',  ( -57.99999999999997868, 3.500000000000000000, 15.00000000000000000 ) ) ;
#6370 = PLANE ( 'NONE',  #5249 ) ;
#6371 = EDGE_LOOP ( 'NONE', ( #6752, #5011, #47, #8242 ) ) ;
#6372 = ADVANCED_FACE ( 'NONE', ( #4035 ), #2662, .F. ) ;
#6373 = DIRECTION ( 'NONE',  ( 0.000000000000000000, -1.000000000000000000, 0.000000000000000000 ) ) ;
#6374 = ORIENTED_EDGE ( 'NONE', *, *, #6628, .T. ) ;
#6375 = FACE_OUTER_BOUND ( 'NONE', #5160, .T. ) ;
#6376 = LINE ( 'NONE', #2460, #6982 ) ;
#6377 = DIRECTION ( 'NONE',  ( -1.850371707708594070E-16, 1.000000000000000000, 0.000000000000000000 ) ) ;
#6378 = VECTOR ( 'NONE', #1694, 1000.000000000000000 ) ;
#6379 = EDGE_CURVE ( 'NONE', #8117, #6896, #148, .T. ) ;
#6380 = CARTESIAN_POINT ( 'NONE',  ( 5.100000000000009415, -57.99999999999997868, 5.000000000000000888 ) ) ;
#6381 = ORIENTED_EDGE ( 'NONE', *, *, #3812, .F. ) ;
#6382 = CARTESIAN_POINT ( 'NONE',  ( -30.00000000000003908, 74.99999999999998579, 5.000000000000000000 ) ) ;
#6383 = DIRECTION ( 'NONE',  ( 1.000000000000000000, 1.850371707708594070E-16, -0.000000000000000000 ) ) ;
#6384 = LINE ( 'NONE', #4422, #1486 ) ;
#6385 = ORIENTED_EDGE ( 'NONE', *, *, #7691, .F. ) ;
#6386 = EDGE_CURVE ( 'NONE', #1222, #6191, #2745, .T. ) ;
#6387 = ORIENTED_EDGE ( 'NONE', *, *, #7961, .F. ) ;
#6388 = VERTEX_POINT ( 'NONE', #7706 ) ;
#6389 = FACE_OUTER_BOUND ( 'NONE', #1143, .T. ) ;
#6390 = EDGE_LOOP ( 'NONE', ( #595, #1132 ) ) ;
#6391 = DIRECTION ( 'NONE',  ( -0.000000000000000000, 1.000000000000000000, -0.000000000000000000 ) ) ;
#6392 = DIRECTION ( 'NONE',  ( 1.000000000000000000, 0.000000000000000000, 0.000000000000000000 ) ) ;
#6393 = CARTESIAN_POINT ( 'NONE',  ( 75.00000000000000000, -60.00000000000002842, -6.123233995736766282E-16 ) ) ;
#6394 = ORIENTED_EDGE ( 'NONE', *, *, #4293, .F. ) ;
#6395 = DIRECTION ( 'NONE',  ( -1.850371707708594316E-16, 1.000000000000000000, -0.000000000000000000 ) ) ;
#6396 = VECTOR ( 'NONE', #886, 1000.000000000000000 ) ;
#6397 = VERTEX_POINT ( 'NONE', #7074 ) ;
#6398 = CARTESIAN_POINT ( 'NONE',  ( -20.00000000000003908, 71.99999999999998579, 5.000000000000000000 ) ) ;
#6399 = ORIENTED_EDGE ( 'NONE', *, *, #7013, .F. ) ;
#6400 = DIRECTION ( 'NONE',  ( -4.625929269271485322E-15, -0.000000000000000000, 1.000000000000000000 ) ) ;
#6401 = ORIENTED_EDGE ( 'NONE', *, *, #4947, .F. ) ;
#6402 = DIRECTION ( 'NONE',  ( 1.000000000000000000, 0.000000000000000000, 0.000000000000000000 ) ) ;
#6403 = EDGE_CURVE ( 'NONE', #518, #8117, #6448, .T. ) ;
#6404 = VECTOR ( 'NONE', #4604, 1000.000000000000000 ) ;
#6405 = EDGE_LOOP ( 'NONE', ( #4926, #5759, #6472, #3130 ) ) ;
#6406 = CARTESIAN_POINT ( 'NONE',  ( -72.00000000000002842, 41.99999999999997868, 5.000000000000000000 ) ) ;
#6407 = FACE_OUTER_BOUND ( 'NONE', #5433, .T. ) ;
#6408 = CARTESIAN_POINT ( 'NONE',  ( 34.99999999999995737, 71.99999999999998579, 5.000000000000000000 ) ) ;
#6409 = EDGE_LOOP ( 'NONE', ( #1137, #4521, #4409, #683 ) ) ;
#6410 = CARTESIAN_POINT ( 'NONE',  ( -20.00000000000002487, 71.99999999999998579, 2.000000000000000000 ) ) ;
#6411 = EDGE_LOOP ( 'NONE', ( #6745, #2355, #1573, #107 ) ) ;
#6412 = CARTESIAN_POINT ( 'NONE',  ( -72.00000000000002842, 46.99999999999999289, 2.000000000000000000 ) ) ;
#6413 = CARTESIAN_POINT ( 'NONE',  ( 71.99999999999998579, -35.00000000000001421, 0.000000000000000000 ) ) ;
#6414 = EDGE_CURVE ( 'NONE', #7852, #4716, #2700, .T. ) ;
#6415 = LINE ( 'NONE', #7168, #4024 ) ;
#6416 = EDGE_CURVE ( 'NONE', #5878, #4454, #6489, .T. ) ;
#6417 = AXIS2_PLACEMENT_3D ( 'NONE', #2832, #1030, #324 ) ;
#6418 = DIRECTION ( 'NONE',  ( 1.000000000000000000, 1.850371707708594070E-16, -0.000000000000000000 ) ) ;
#6419 = ORIENTED_EDGE ( 'NONE', *, *, #1747, .F. ) ;
#6420 = DIRECTION ( 'NONE',  ( 0.000000000000000000, 0.000000000000000000, -1.000000000000000000 ) ) ;
#6421 = CARTESIAN_POINT ( 'NONE',  ( 74.99999999999997158, 59.99999999999997868, -6.123233995736766282E-16 ) ) ;
#6422 = EDGE_CURVE ( 'NONE', #2489, #8256, #3992, .T. ) ;
#6423 = DIRECTION ( 'NONE',  ( -0.000000000000000000, 1.000000000000000000, -0.000000000000000000 ) ) ;
#6424 = LINE ( 'NONE', #5008, #5075 ) ;
#6425 = ORIENTED_EDGE ( 'NONE', *, *, #8003, .T. ) ;
#6426 = VERTEX_POINT ( 'NONE', #194 ) ;
#6427 = VECTOR ( 'NONE', #6608, 1000.000000000000000 ) ;
#6428 = VERTEX_POINT ( 'NONE', #7831 ) ;
#6429 = FACE_BOUND ( 'NONE', #2811, .T. ) ;
#6430 = LINE ( 'NONE', #3977, #2649 ) ;
#6431 = CARTESIAN_POINT ( 'NONE',  ( 72.00000000000000000, -60.00000000000002842, 1.999999999999984013 ) ) ;
#6432 = EDGE_CURVE ( 'NONE', #3829, #3221, #4659, .T. ) ;
#6433 = DIRECTION ( 'NONE',  ( -1.000000000000000000, -0.000000000000000000, -0.000000000000000000 ) ) ;
#6434 = AXIS2_PLACEMENT_3D ( 'NONE', #4029, #102, #1398 ) ;
#6435 = VECTOR ( 'NONE', #7137, 1000.000000000000000 ) ;
#6436 = VERTEX_POINT ( 'NONE', #3533 ) ;
#6437 = VECTOR ( 'NONE', #6563, 1000.000000000000000 ) ;
#6438 = ORIENTED_EDGE ( 'NONE', *, *, #2196, .F. ) ;
#6439 = DIRECTION ( 'NONE',  ( 1.850371707708594316E-16, -1.000000000000000000, 0.000000000000000000 ) ) ;
#6440 = ORIENTED_EDGE ( 'NONE', *, *, #1535, .T. ) ;
#6441 = DIRECTION ( 'NONE',  ( -4.625929269271485322E-15, -0.000000000000000000, 1.000000000000000000 ) ) ;
#6442 = VECTOR ( 'NONE', #1150, 1000.000000000000000 ) ;
#6443 = ORIENTED_EDGE ( 'NONE', *, *, #1338, .F. ) ;
#6444 = DIRECTION ( 'NONE',  ( 1.000000000000000000, 0.000000000000000000, 0.000000000000000000 ) ) ;
#6445 = ORIENTED_EDGE ( 'NONE', *, *, #1951, .T. ) ;
#6446 = VECTOR ( 'NONE', #2921, 1000.000000000000000 ) ;
#6447 = PLANE ( 'NONE',  #72 ) ;
#6448 = LINE ( 'NONE', #4574, #2119 ) ;
#6450 = EDGE_CURVE ( 'NONE', #1491, #7198, #319, .T. ) ;
#6449 = CARTESIAN_POINT ( 'NONE',  ( 71.99999999999997158, 64.99999999999998579, 1.999999999999999112 ) ) ;
#6451 = AXIS2_PLACEMENT_3D ( 'NONE', #1708, #2417, #7464 ) ;
#6452 = ORIENTED_EDGE ( 'NONE', *, *, #5188, .T. ) ;
#6453 = CARTESIAN_POINT ( 'NONE',  ( 71.99999999999998579, -25.00000000000002132, 0.000000000000000000 ) ) ;
#6454 = ORIENTED_EDGE ( 'NONE', *, *, #5938, .F. ) ;
#6455 = LINE ( 'NONE', #7626, #1422 ) ;
#6456 = CARTESIAN_POINT ( 'NONE',  ( -72.00000000000002842, -8.000000000000028422, 5.000000000000000000 ) ) ;
#6457 = VECTOR ( 'NONE', #6270, 1000.000000000000000 ) ;
#6458 = CARTESIAN_POINT ( 'NONE',  ( -75.00000000000002842, 74.99999999999998579, 5.000000000000000000 ) ) ;
#6459 = DIRECTION ( 'NONE',  ( -0.000000000000000000, 1.000000000000000000, -0.000000000000000000 ) ) ;
#6460 = VECTOR ( 'NONE', #4912, 1000.000000000000000 ) ;
#6461 = EDGE_CURVE ( 'NONE', #4337, #6831, #7411, .T. ) ;
#6462 = ORIENTED_EDGE ( 'NONE', *, *, #6721, .F. ) ;
#6463 = EDGE_CURVE ( 'NONE', #1546, #1971, #1062, .T. ) ;
#6464 = CARTESIAN_POINT ( 'NONE',  ( -2.775557561562891351E-14, 74.99999999999998579, 2.000000000000000000 ) ) ;
#6465 = PLANE ( 'NONE',  #2731 ) ;
#6466 = CARTESIAN_POINT ( 'NONE',  ( -72.00000000000002842, -72.00000000000001421, 1.999999999999982236 ) ) ;
#6467 = LINE ( 'NONE', #4055, #7742 ) ;
#6468 = AXIS2_PLACEMENT_3D ( 'NONE', #67, #6530, #7789 ) ;
#6469 = ORIENTED_EDGE ( 'NONE', *, *, #8202, .F. ) ;
#6470 = VERTEX_POINT ( 'NONE', #3486 ) ;
#6471 = EDGE_CURVE ( 'NONE', #408, #4689, #7324, .T. ) ;
#6472 = ORIENTED_EDGE ( 'NONE', *, *, #6766, .F. ) ;
#6473 = ORIENTED_EDGE ( 'NONE', *, *, #1377, .F. ) ;
#6474 = DIRECTION ( 'NONE',  ( 0.000000000000000000, -0.000000000000000000, 1.000000000000000000 ) ) ;
#6475 = ADVANCED_FACE ( 'NONE', ( #4738 ), #7285, .F. ) ;
#6476 = CARTESIAN_POINT ( 'NONE',  ( -18.00000000000001421, -72.00000000000001421, 1.999999999999982236 ) ) ;
#6477 = CARTESIAN_POINT ( 'NONE',  ( -65.00000000000001421, 74.99999999999998579, 5.000000000000000000 ) ) ;
#6478 = CARTESIAN_POINT ( 'NONE',  ( 74.99999999999997158, 69.99999999999998579, 2.000000000000000000 ) ) ;
#6479 = ORIENTED_EDGE ( 'NONE', *, *, #1579, .T. ) ;
#6480 = ADVANCED_FACE ( 'NONE', ( #938 ), #3449, .F. ) ;
#6481 = FILL_AREA_STYLE_COLOUR ( '', #32 ) ;
#6482 = ORIENTED_EDGE ( 'NONE', *, *, #456, .T. ) ;
#6483 = CARTESIAN_POINT ( 'NONE',  ( 21.99999999999999289, -72.00000000000001421, 5.000000000000000000 ) ) ;
#6484 = ORIENTED_EDGE ( 'NONE', *, *, #1691, .T. ) ;
#6485 = CARTESIAN_POINT ( 'NONE',  ( -53.00000000000000711, -72.00000000000001421, 5.000000000000000000 ) ) ;
#6486 = ORIENTED_EDGE ( 'NONE', *, *, #3252, .T. ) ;
#6487 = VERTEX_POINT ( 'NONE', #2867 ) ;
#6488 = FACE_OUTER_BOUND ( 'NONE', #543, .T. ) ;
#6489 = LINE ( 'NONE', #5281, #5312 ) ;
#6490 = DIRECTION ( 'NONE',  ( -4.625929269271458501E-15, -0.000000000000000000, 1.000000000000000000 ) ) ;
#6491 = ORIENTED_EDGE ( 'NONE', *, *, #5290, .F. ) ;
#6492 = VECTOR ( 'NONE', #7365, 1000.000000000000000 ) ;
#6493 = CARTESIAN_POINT ( 'NONE',  ( -75.00000000000002842, 41.99999999999997868, 5.000000000000000000 ) ) ;
#6494 = ORIENTED_EDGE ( 'NONE', *, *, #5582, .T. ) ;
#6495 = LINE ( 'NONE', #3838, #5287 ) ;
#6496 = LINE ( 'NONE', #7320, #4317 ) ;
#6497 = LINE ( 'NONE', #2991, #2162 ) ;
#6498 = ORIENTED_EDGE ( 'NONE', *, *, #5330, .F. ) ;
#6499 = VECTOR ( 'NONE', #1715, 1000.000000000000000 ) ;
#6500 = DIRECTION ( 'NONE',  ( 1.000000000000000000, 0.000000000000000000, 0.000000000000000000 ) ) ;
#6501 = PLANE ( 'NONE',  #5493 ) ;
#6502 = EDGE_LOOP ( 'NONE', ( #5871, #2089, #49, #1316 ) ) ;
#6503 = PLANE ( 'NONE',  #7262 ) ;
#6504 = VECTOR ( 'NONE', #5528, 1000.000000000000000 ) ;
#6505 = CARTESIAN_POINT ( 'NONE',  ( 71.99999999999998579, -30.00000000000002842, 1.999999999999988010 ) ) ;
#6506 = CARTESIAN_POINT ( 'NONE',  ( -57.99999999999999289, -3.500000000000003109, 5.000000000000000888 ) ) ;
#6507 = FACE_OUTER_BOUND ( 'NONE', #5302, .T. ) ;
#6508 = EDGE_CURVE ( 'NONE', #5255, #2326, #1571, .T. ) ;
#6509 = EDGE_CURVE ( 'NONE', #7721, #377, #358, .T. ) ;
#6510 = EDGE_LOOP ( 'NONE', ( #5242, #1297 ) ) ;
#6511 = ADVANCED_FACE ( 'NONE', ( #2905 ), #5436, .F. ) ;
#6512 = ORIENTED_EDGE ( 'NONE', *, *, #6977, .T. ) ;
#6513 = EDGE_LOOP ( 'NONE', ( #5152, #5454, #3730, #4287 ) ) ;
#6514 = EDGE_LOOP ( 'NONE', ( #5670, #5731, #2019, #7805 ) ) ;
#6515 = CARTESIAN_POINT ( 'NONE',  ( -75.00000000000002842, 74.99999999999998579, 5.000000000000000000 ) ) ;
#6516 = CARTESIAN_POINT ( 'NONE',  ( 64.99999999999994316, 74.99999999999998579, 2.000000000000000000 ) ) ;
#6517 = LINE ( 'NONE', #1514, #7798 ) ;
#6518 = CARTESIAN_POINT ( 'NONE',  ( -30.00000000000003908, 71.99999999999998579, 5.000000000000000000 ) ) ;
#6519 = ADVANCED_FACE ( 'NONE', ( #7994 ), #2239, .F. ) ;
#6520 = ORIENTED_EDGE ( 'NONE', *, *, #4138, .F. ) ;
#6521 = ADVANCED_FACE ( 'NONE', ( #5473 ), #3572, .F. ) ;
#6522 = FACE_OUTER_BOUND ( 'NONE', #8107, .T. ) ;
#6523 = ORIENTED_EDGE ( 'NONE', *, *, #444, .T. ) ;
#6524 = CARTESIAN_POINT ( 'NONE',  ( -38.00000000000001421, -72.00000000000001421, 5.000000000000000000 ) ) ;
#6525 = VERTEX_POINT ( 'NONE', #4153 ) ;
#6526 = PLANE ( 'NONE',  #5109 ) ;
#6527 = VERTEX_POINT ( 'NONE', #7916 ) ;
#6528 = EDGE_CURVE ( 'NONE', #5854, #3601, #6698, .T. ) ;
#6529 = ORIENTED_EDGE ( 'NONE', *, *, #476, .F. ) ;
#6530 = DIRECTION ( 'NONE',  ( -1.000000000000000000, -1.850371707708594316E-16, 0.000000000000000000 ) ) ;
#6531 = CIRCLE ( 'NONE', #2936, 1.600000000000004086 ) ;
#6532 = CARTESIAN_POINT ( 'NONE',  ( 71.99999999999998579, 9.999999999999980460, 5.000000000000000000 ) ) ;
#6533 = PLANE ( 'NONE',  #2723 ) ;
#6534 = ORIENTED_EDGE ( 'NONE', *, *, #4638, .T. ) ;
#6535 = CARTESIAN_POINT ( 'NONE',  ( -5.000000000000039080, 74.99999999999998579, 2.000000000000000000 ) ) ;
#6536 = EDGE_LOOP ( 'NONE', ( #4559, #255, #7884, #4014 ) ) ;
#6537 = CARTESIAN_POINT ( 'NONE',  ( -75.00000000000002842, 71.99999999999998579, 2.000000000000000000 ) ) ;
#6538 = VECTOR ( 'NONE', #4558, 1000.000000000000000 ) ;
#6539 = CARTESIAN_POINT ( 'NONE',  ( 71.99999999999997158, 59.99999999999997868, -6.123233995736766282E-16 ) ) ;
#6540 = EDGE_CURVE ( 'NONE', #2348, #5859, #6147, .T. ) ;
#6541 = PLANE ( 'NONE',  #550 ) ;
#6542 = VERTEX_POINT ( 'NONE', #4862 ) ;
#6543 = PLANE ( 'NONE',  #1401 ) ;
#6544 = AXIS2_PLACEMENT_3D ( 'NONE', #211, #6550, #5299 ) ;
#6545 = LINE ( 'NONE', #2514, #4573 ) ;
#6546 = VERTEX_POINT ( 'NONE', #6781 ) ;
#6547 = DIRECTION ( 'NONE',  ( 1.000000000000000000, -0.000000000000000000, 4.625929269271458501E-15 ) ) ;
#6548 = CARTESIAN_POINT ( 'NONE',  ( -75.00000000000002842, 26.99999999999998224, 5.000000000000000000 ) ) ;
#6549 = LINE ( 'NONE', #1968, #5496 ) ;
#6550 = DIRECTION ( 'NONE',  ( 2.269055394249329430E-32, -1.226270043362915368E-16, 1.000000000000000000 ) ) ;
#6551 = VECTOR ( 'NONE', #870, 1000.000000000000000 ) ;
#6552 = VERTEX_POINT ( 'NONE', #2985 ) ;
#6553 = VERTEX_POINT ( 'NONE', #5520 ) ;
#6554 = ORIENTED_EDGE ( 'NONE', *, *, #5271, .T. ) ;
#6555 = VERTEX_POINT ( 'NONE', #8075 ) ;
#6556 = FACE_BOUND ( 'NONE', #6701, .T. ) ;
#6557 = EDGE_CURVE ( 'NONE', #1075, #5272, #2363, .T. ) ;
#6558 = FACE_OUTER_BOUND ( 'NONE', #7973, .T. ) ;
#6559 = CARTESIAN_POINT ( 'NONE',  ( 74.99999999999997158, 74.99999999999998579, 5.000000000000000000 ) ) ;
#6560 = CARTESIAN_POINT ( 'NONE',  ( -59.60000000000000142, -3.500000000000003109, 15.00000000000000000 ) ) ;
#6561 = ORIENTED_EDGE ( 'NONE', *, *, #2135, .T. ) ;
#6562 = AXIS2_PLACEMENT_3D ( 'NONE', #2522, #682, #7779 ) ;
#6563 = DIRECTION ( 'NONE',  ( 0.000000000000000000, 0.000000000000000000, -1.000000000000000000 ) ) ;
#6564 = ORIENTED_EDGE ( 'NONE', *, *, #1929, .T. ) ;
#6565 = LINE ( 'NONE', #100, #7021 ) ;
#6566 = EDGE_CURVE ( 'NONE', #6919, #5773, #900, .T. ) ;
#6567 = ORIENTED_EDGE ( 'NONE', *, *, #2249, .F. ) ;
#6568 = CARTESIAN_POINT ( 'NONE',  ( 31.99999999999998579, -72.00000000000001421, 1.999999999999982236 ) ) ;
#6569 = VERTEX_POINT ( 'NONE', #4439 ) ;
#6570 = VECTOR ( 'NONE', #686, 1000.000000000000000 ) ;
#6571 = EDGE_CURVE ( 'NONE', #5660, #6030, #1181, .T. ) ;
#6572 = AXIS2_PLACEMENT_3D ( 'NONE', #1091, #6847, #6730 ) ;
#6573 = VERTEX_POINT ( 'NONE', #7657 ) ;
#6574 = DIRECTION ( 'NONE',  ( -4.625929269271458501E-15, -0.000000000000000000, 1.000000000000000000 ) ) ;
#6575 = VECTOR ( 'NONE', #3913, 1000.000000000000000 ) ;
#6576 = VECTOR ( 'NONE', #4672, 1000.000000000000000 ) ;
#6577 = VECTOR ( 'NONE', #1242, 1000.000000000000000 ) ;
#6578 = LINE ( 'NONE', #5857, #376 ) ;
#6579 = DIRECTION ( 'NONE',  ( -0.000000000000000000, 1.000000000000000000, -0.000000000000000000 ) ) ;
#6580 = EDGE_CURVE ( 'NONE', #4366, #5059, #5560, .T. ) ;
#6581 = ORIENTED_EDGE ( 'NONE', *, *, #3259, .F. ) ;
#6582 = FACE_OUTER_BOUND ( 'NONE', #4663, .T. ) ;
#6583 = EDGE_LOOP ( 'NONE', ( #5955, #6385, #2521, #2390 ) ) ;
#6584 = FACE_OUTER_BOUND ( 'NONE', #410, .T. ) ;
#6585 = CARTESIAN_POINT ( 'NONE',  ( -72.00000000000002842, 66.99999999999997158, 5.000000000000000000 ) ) ;
#6586 = VECTOR ( 'NONE', #6124, 1000.000000000000000 ) ;
#6587 = CARTESIAN_POINT ( 'NONE',  ( 71.99999999999997158, 69.99999999999998579, 2.000000000000000000 ) ) ;
#6588 = LINE ( 'NONE', #8189, #7373 ) ;
#6589 = EDGE_CURVE ( 'NONE', #7708, #3808, #1142, .T. ) ;
#6590 = VECTOR ( 'NONE', #5056, 1000.000000000000000 ) ;
#6591 = ORIENTED_EDGE ( 'NONE', *, *, #3212, .F. ) ;
#6592 = PLANE ( 'NONE',  #1536 ) ;
#6593 = CARTESIAN_POINT ( 'NONE',  ( -75.00000000000002842, -38.00000000000002842, 5.000000000000000000 ) ) ;
#6594 = CYLINDRICAL_SURFACE ( 'NONE', #7372, 1.600000000000004974 ) ;
#6595 = VECTOR ( 'NONE', #7088, 1000.000000000000000 ) ;
#6596 = PLANE ( 'NONE',  #3475 ) ;
#6597 = AXIS2_PLACEMENT_3D ( 'NONE', #7424, #5489, #1038 ) ;
#6598 = ORIENTED_EDGE ( 'NONE', *, *, #301, .T. ) ;
#6599 = EDGE_LOOP ( 'NONE', ( #6223, #2259, #6677, #1510 ) ) ;
#6600 = VERTEX_POINT ( 'NONE', #481 ) ;
#6601 = FACE_OUTER_BOUND ( 'NONE', #7345, .T. ) ;
#6602 = CARTESIAN_POINT ( 'NONE',  ( -75.00000000000002842, 71.99999999999998579, 2.000000000000000000 ) ) ;
#6603 = AXIS2_PLACEMENT_3D ( 'NONE', #2002, #7758, #2210 ) ;
#6604 = CARTESIAN_POINT ( 'NONE',  ( -3.499999999999992895, -57.99999999999997868, 0.000000000000000000 ) ) ;
#6605 = LINE ( 'NONE', #964, #934 ) ;
#6606 = LINE ( 'NONE', #7819, #1479 ) ;
#6607 = ORIENTED_EDGE ( 'NONE', *, *, #5166, .T. ) ;
#6608 = DIRECTION ( 'NONE',  ( 0.000000000000000000, -1.000000000000000000, 0.000000000000000000 ) ) ;
#6609 = ORIENTED_EDGE ( 'NONE', *, *, #6989, .F. ) ;
#6610 = PLANE ( 'NONE',  #5419 ) ;
#6611 = ORIENTED_EDGE ( 'NONE', *, *, #84, .F. ) ;
#6612 = DIRECTION ( 'NONE',  ( 4.625929269271458501E-15, 0.000000000000000000, -1.000000000000000000 ) ) ;
#6613 = ORIENTED_EDGE ( 'NONE', *, *, #7030, .T. ) ;
#6614 = ORIENTED_EDGE ( 'NONE', *, *, #2284, .F. ) ;
#6615 = ORIENTED_EDGE ( 'NONE', *, *, #1109, .T. ) ;
#6616 = EDGE_CURVE ( 'NONE', #5799, #2366, #605, .T. ) ;
#6617 = EDGE_CURVE ( 'NONE', #7528, #3272, #4355, .T. ) ;
#6618 = CARTESIAN_POINT ( 'NONE',  ( 71.99999999999998579, 34.99999999999998579, 5.000000000000000000 ) ) ;
#6619 = EDGE_CURVE ( 'NONE', #6184, #161, #2486, .T. ) ;
#6620 = DIRECTION ( 'NONE',  ( 1.000000000000000000, 0.000000000000000000, 0.000000000000000000 ) ) ;
#6621 = LINE ( 'NONE', #901, #7245 ) ;
#6622 = VERTEX_POINT ( 'NONE', #522 ) ;
#6623 = CARTESIAN_POINT ( 'NONE',  ( 72.00000000000000000, -50.00000000000001421, 1.999999999999985345 ) ) ;
#6624 = ORIENTED_EDGE ( 'NONE', *, *, #1172, .F. ) ;
#6625 = VECTOR ( 'NONE', #6951, 1000.000000000000000 ) ;
#6626 = FACE_OUTER_BOUND ( 'NONE', #7023, .T. ) ;
#6627 = DIRECTION ( 'NONE',  ( -0.000000000000000000, 1.000000000000000000, -0.000000000000000000 ) ) ;
#6628 = EDGE_CURVE ( 'NONE', #5255, #4710, #3734, .T. ) ;
#6629 = CARTESIAN_POINT ( 'NONE',  ( 41.99999999999999289, -72.00000000000001421, 5.000000000000000000 ) ) ;
#6630 = ADVANCED_FACE ( 'NONE', ( #7571 ), #1946, .F. ) ;
#6631 = VECTOR ( 'NONE', #8192, 1000.000000000000000 ) ;
#6632 = DIRECTION ( 'NONE',  ( -0.000000000000000000, -4.625929269271485322E-15, 1.000000000000000000 ) ) ;
#6633 = ORIENTED_EDGE ( 'NONE', *, *, #1074, .T. ) ;
#6634 = LINE ( 'NONE', #7929, #992 ) ;
#6635 = DIRECTION ( 'NONE',  ( -0.000000000000000000, -0.000000000000000000, -1.000000000000000000 ) ) ;
#6636 = DIRECTION ( 'NONE',  ( -0.000000000000000000, -0.000000000000000000, -1.000000000000000000 ) ) ;
#6637 = VECTOR ( 'NONE', #5417, 1000.000000000000000 ) ;
#6638 = EDGE_CURVE ( 'NONE', #2097, #2030, #4396, .T. ) ;
#6639 = ORIENTED_EDGE ( 'NONE', *, *, #546, .F. ) ;
#6640 = VECTOR ( 'NONE', #6037, 1000.000000000000000 ) ;
#6641 = ORIENTED_EDGE ( 'NONE', *, *, #3551, .T. ) ;
#6642 = PLANE ( 'NONE',  #4639 ) ;
#6643 = DIRECTION ( 'NONE',  ( 1.000000000000000000, -0.000000000000000000, 4.625929269271458501E-15 ) ) ;
#6644 = DIRECTION ( 'NONE',  ( 2.269055394249329430E-32, -1.226270043362915368E-16, 1.000000000000000000 ) ) ;
#6645 = DIRECTION ( 'NONE',  ( -4.625929269271485322E-15, -0.000000000000000000, 1.000000000000000000 ) ) ;
#6646 = EDGE_CURVE ( 'NONE', #4352, #3055, #3190, .T. ) ;
#6647 = ORIENTED_EDGE ( 'NONE', *, *, #5233, .T. ) ;
#6648 = DIRECTION ( 'NONE',  ( 1.000000000000000000, 0.000000000000000000, 0.000000000000000000 ) ) ;
#6649 = ORIENTED_EDGE ( 'NONE', *, *, #5386, .T. ) ;
#6650 = CARTESIAN_POINT ( 'NONE',  ( 74.99999999999997158, 69.99999999999998579, 2.000000000000000000 ) ) ;
#6651 = VERTEX_POINT ( 'NONE', #6983 ) ;
#6652 = CARTESIAN_POINT ( 'NONE',  ( 74.99999999999998579, -25.00000000000002132, 1.999999999999988232 ) ) ;
#6653 = VERTEX_POINT ( 'NONE', #8118 ) ;
#6654 = EDGE_LOOP ( 'NONE', ( #2487, #1998, #1759, #2149 ) ) ;
#6655 = ORIENTED_EDGE ( 'NONE', *, *, #6155, .T. ) ;
#6656 = DIRECTION ( 'NONE',  ( 1.000000000000000000, 0.000000000000000000, 0.000000000000000000 ) ) ;
#6657 = DIRECTION ( 'NONE',  ( 0.000000000000000000, 1.000000000000000000, 0.000000000000000000 ) ) ;
#6658 = CARTESIAN_POINT ( 'NONE',  ( -75.00000000000002842, 31.99999999999997868, 5.000000000000000000 ) ) ;
#6659 = VERTEX_POINT ( 'NONE', #2568 ) ;
#6660 = LINE ( 'NONE', #5475, #7909 ) ;
#6661 = ORIENTED_EDGE ( 'NONE', *, *, #3960, .F. ) ;
#6662 = ADVANCED_FACE ( 'NONE', ( #1774 ), #5601, .F. ) ;
#6663 = DIRECTION ( 'NONE',  ( -0.000000000000000000, 0.000000000000000000, 1.000000000000000000 ) ) ;
#6664 = CARTESIAN_POINT ( 'NONE',  ( -3.499999999999992895, -57.99999999999997868, 15.00000000000000000 ) ) ;
#6665 = AXIS2_PLACEMENT_3D ( 'NONE', #6764, #6644, #2847 ) ;
#6666 = CARTESIAN_POINT ( 'NONE',  ( 54.99999999999995737, 71.99999999999998579, 5.000000000000000000 ) ) ;
#6667 = CARTESIAN_POINT ( 'NONE',  ( 74.99999999999998579, 4.999999999999976907, 1.999999999999992228 ) ) ;
#6668 = DIRECTION ( 'NONE',  ( 1.000000000000000000, 0.000000000000000000, 0.000000000000000000 ) ) ;
#6669 = VECTOR ( 'NONE', #6310, 1000.000000000000000 ) ;
#6670 = ORIENTED_EDGE ( 'NONE', *, *, #2182, .T. ) ;
#6671 = EDGE_CURVE ( 'NONE', #3210, #2724, #2442, .T. ) ;
#6672 = PLANE ( 'NONE',  #3928 ) ;
#6673 = FACE_OUTER_BOUND ( 'NONE', #3766, .T. ) ;
#6674 = DIRECTION ( 'NONE',  ( -0.000000000000000000, 0.000000000000000000, 1.000000000000000000 ) ) ;
#6675 = EDGE_CURVE ( 'NONE', #6651, #1882, #5684, .T. ) ;
#6676 = VECTOR ( 'NONE', #455, 1000.000000000000000 ) ;
#6677 = ORIENTED_EDGE ( 'NONE', *, *, #7596, .F. ) ;
#6678 = EDGE_LOOP ( 'NONE', ( #5410, #6839, #694, #3720 ) ) ;
#6679 = DIRECTION ( 'NONE',  ( -0.000000000000000000, -0.000000000000000000, -1.000000000000000000 ) ) ;
#6680 = EDGE_CURVE ( 'NONE', #3481, #3069, #1817, .T. ) ;
#6681 = CARTESIAN_POINT ( 'NONE',  ( -72.00000000000002842, -75.00000000000001421, 5.000000000000000000 ) ) ;
#6682 = VECTOR ( 'NONE', #6201, 1000.000000000000000 ) ;
#6683 = DIRECTION ( 'NONE',  ( -1.000000000000000000, -0.000000000000000000, -0.000000000000000000 ) ) ;
#6684 = DIRECTION ( 'NONE',  ( 0.000000000000000000, -0.000000000000000000, 1.000000000000000000 ) ) ;
#6685 = ORIENTED_EDGE ( 'NONE', *, *, #6671, .T. ) ;
#6686 = CIRCLE ( 'NONE', #3489, 1.600000000000004086 ) ;
#6687 = CARTESIAN_POINT ( 'NONE',  ( 71.99999999999998579, 19.99999999999997513, -6.123233995736766282E-16 ) ) ;
#6688 = ORIENTED_EDGE ( 'NONE', *, *, #7967, .F. ) ;
#6689 = DIRECTION ( 'NONE',  ( 1.914177628664063128E-16, -1.000000000000000000, -1.226270043362915368E-16 ) ) ;
#6690 = EDGE_CURVE ( 'NONE', #5186, #2788, #6358, .T. ) ;
#6691 = ORIENTED_EDGE ( 'NONE', *, *, #3519, .T. ) ;
#6692 = CARTESIAN_POINT ( 'NONE',  ( -58.00000000000000000, -72.00000000000001421, 5.000000000000000000 ) ) ;
#6693 = EDGE_LOOP ( 'NONE', ( #4011, #8057, #3636, #6753 ) ) ;
#6694 = ORIENTED_EDGE ( 'NONE', *, *, #4686, .F. ) ;
#6695 = LINE ( 'NONE', #116, #4855 ) ;
#6696 = ORIENTED_EDGE ( 'NONE', *, *, #4213, .T. ) ;
#6697 = LINE ( 'NONE', #1488, #8030 ) ;
#6698 = LINE ( 'NONE', #985, #6492 ) ;
#6699 = CARTESIAN_POINT ( 'NONE',  ( 54.99999999999995737, 71.99999999999998579, 5.000000000000000000 ) ) ;
#6700 = AXIS2_PLACEMENT_3D ( 'NONE', #7232, #2188, #264 ) ;
#6701 = EDGE_LOOP ( 'NONE', ( #5945, #4165 ) ) ;
#6702 = DIRECTION ( 'NONE',  ( 0.000000000000000000, -1.000000000000000000, -4.625929269271485322E-15 ) ) ;
#6703 = LINE ( 'NONE', #7999, #1619 ) ;
#6704 = VECTOR ( 'NONE', #2829, 1000.000000000000000 ) ;
#6705 = AXIS2_PLACEMENT_3D ( 'NONE', #1174, #8195, #1136 ) ;
#6706 = VECTOR ( 'NONE', #6710, 1000.000000000000000 ) ;
#6707 = ADVANCED_FACE ( 'NONE', ( #15 ), #2403, .F. ) ;
#6708 = DIRECTION ( 'NONE',  ( -1.000000000000000000, -0.000000000000000000, -0.000000000000000000 ) ) ;
#6709 = CARTESIAN_POINT ( 'NONE',  ( -43.00000000000000711, -72.00000000000001421, 5.000000000000000000 ) ) ;
#6710 = DIRECTION ( 'NONE',  ( -0.000000000000000000, -0.000000000000000000, -1.000000000000000000 ) ) ;
#6711 = ORIENTED_EDGE ( 'NONE', *, *, #3317, .T. ) ;
#6712 = ORIENTED_EDGE ( 'NONE', *, *, #7437, .T. ) ;
#6713 = CARTESIAN_POINT ( 'NONE',  ( 71.99999999999998579, -30.00000000000002842, -6.123233995736766282E-16 ) ) ;
#6714 = PLANE ( 'NONE',  #5378 ) ;
#6715 = VECTOR ( 'NONE', #6490, 1000.000000000000000 ) ;
#6716 = CARTESIAN_POINT ( 'NONE',  ( -72.00000000000002842, 26.99999999999998224, 5.000000000000000000 ) ) ;
#6717 = EDGE_CURVE ( 'NONE', #7512, #5963, #6858, .T. ) ;
#6718 = ORIENTED_EDGE ( 'NONE', *, *, #4785, .T. ) ;
#6719 = ADVANCED_FACE ( 'NONE', ( #5316 ), #60, .F. ) ;
#6720 = VECTOR ( 'NONE', #5616, 1000.000000000000000 ) ;
#6721 = EDGE_CURVE ( 'NONE', #5508, #6206, #5149, .T. ) ;
#6722 = ORIENTED_EDGE ( 'NONE', *, *, #6825, .T. ) ;
#6723 = LINE ( 'NONE', #296, #5961 ) ;
#6724 = AXIS2_PLACEMENT_3D ( 'NONE', #6713, #248, #2254 ) ;
#6725 = LINE ( 'NONE', #7977, #820 ) ;
#6726 = DIRECTION ( 'NONE',  ( -0.000000000000000000, 0.000000000000000000, 1.000000000000000000 ) ) ;
#6727 = DIRECTION ( 'NONE',  ( -0.000000000000000000, 0.000000000000000000, 1.000000000000000000 ) ) ;
#6728 = ORIENTED_EDGE ( 'NONE', *, *, #2054, .T. ) ;
#6729 = EDGE_CURVE ( 'NONE', #1117, #6397, #4482, .T. ) ;
#6730 = DIRECTION ( 'NONE',  ( 1.000000000000000000, 0.000000000000000000, 0.000000000000000000 ) ) ;
#6731 = EDGE_CURVE ( 'NONE', #2350, #55, #5187, .T. ) ;
#6732 = ORIENTED_EDGE ( 'NONE', *, *, #592, .T. ) ;
#6733 = AXIS2_PLACEMENT_3D ( 'NONE', #760, #2645, #7727 ) ;
#6734 = CARTESIAN_POINT ( 'NONE',  ( 74.99999999999997158, 39.99999999999997868, -6.123233995736766282E-16 ) ) ;
#6735 = ORIENTED_EDGE ( 'NONE', *, *, #3822, .F. ) ;
#6736 = CARTESIAN_POINT ( 'NONE',  ( 71.99999999999998579, -15.00000000000001421, 0.000000000000000000 ) ) ;
#6737 = DIRECTION ( 'NONE',  ( -0.000000000000000000, 1.000000000000000000, -0.000000000000000000 ) ) ;
#6738 = CARTESIAN_POINT ( 'NONE',  ( 27.00000000000000355, -72.00000000000001421, 1.999999999999982236 ) ) ;
#6739 = VERTEX_POINT ( 'NONE', #3944 ) ;
#6740 = ADVANCED_FACE ( 'NONE', ( #7195 ), #5890, .F. ) ;
#6741 = DIRECTION ( 'NONE',  ( -0.000000000000000000, -1.000000000000000000, -0.000000000000000000 ) ) ;
#6742 = DIRECTION ( 'NONE',  ( 0.000000000000000000, 4.625929269271485322E-15, -1.000000000000000000 ) ) ;
#6743 = ORIENTED_EDGE ( 'NONE', *, *, #5796, .F. ) ;
#6744 = CARTESIAN_POINT ( 'NONE',  ( -72.00000000000002842, -3.000000000000016431, 5.000000000000000000 ) ) ;
#6745 = ORIENTED_EDGE ( 'NONE', *, *, #3628, .T. ) ;
#6746 = CARTESIAN_POINT ( 'NONE',  ( 71.99999999999997158, 69.99999999999998579, 2.000000000000000000 ) ) ;
#6747 = PLANE ( 'NONE',  #6417 ) ;
#6748 = EDGE_CURVE ( 'NONE', #3445, #4946, #4520, .T. ) ;
#6749 = CARTESIAN_POINT ( 'NONE',  ( 71.99999999999998579, 9.999999999999980460, -6.123233995736766282E-16 ) ) ;
#6750 = CARTESIAN_POINT ( 'NONE',  ( -3.000000000000002665, -72.00000000000001421, 1.999999999999982236 ) ) ;
#6751 = PLANE ( 'NONE',  #1105 ) ;
#6752 = ORIENTED_EDGE ( 'NONE', *, *, #5494, .T. ) ;
#6753 = ORIENTED_EDGE ( 'NONE', *, *, #4591, .F. ) ;
#6754 = DIRECTION ( 'NONE',  ( -0.000000000000000000, 1.000000000000000000, -0.000000000000000000 ) ) ;
#6755 = DIRECTION ( 'NONE',  ( -1.000000000000000000, -0.000000000000000000, -0.000000000000000000 ) ) ;
#6756 = LINE ( 'NONE', #2837, #1920 ) ;
#6757 = CARTESIAN_POINT ( 'NONE',  ( -58.00000000000000000, -72.00000000000001421, 5.000000000000000000 ) ) ;
#6758 = VECTOR ( 'NONE', #1350, 1000.000000000000000 ) ;
#6759 = ORIENTED_EDGE ( 'NONE', *, *, #4112, .T. ) ;
#6760 = CARTESIAN_POINT ( 'NONE',  ( -65.00000000000001421, 71.99999999999998579, 5.000000000000000000 ) ) ;
#6761 = DIRECTION ( 'NONE',  ( 0.000000000000000000, -1.000000000000000000, -4.625929269271485322E-15 ) ) ;
#6762 = AXIS2_PLACEMENT_3D ( 'NONE', #1909, #1234, #695 ) ;
#6763 = ADVANCED_FACE ( 'NONE', ( #1396 ), #4608, .F. ) ;
#6764 = CARTESIAN_POINT ( 'NONE',  ( 71.99999999999997158, 69.99999999999998579, 2.000000000000000000 ) ) ;
#6765 = FACE_OUTER_BOUND ( 'NONE', #7165, .T. ) ;
#6766 = EDGE_CURVE ( 'NONE', #4612, #3210, #4652, .T. ) ;
#6767 = ORIENTED_EDGE ( 'NONE', *, *, #5537, .F. ) ;
#6768 = VECTOR ( 'NONE', #4599, 1000.000000000000000 ) ;
#6769 = LINE ( 'NONE', #1050, #579 ) ;
#6770 = ORIENTED_EDGE ( 'NONE', *, *, #3551, .F. ) ;
#6771 = DIRECTION ( 'NONE',  ( 1.000000000000000000, 0.000000000000000000, 0.000000000000000000 ) ) ;
#6772 = ORIENTED_EDGE ( 'NONE', *, *, #7818, .F. ) ;
#6773 = DIRECTION ( 'NONE',  ( 0.000000000000000000, 0.000000000000000000, 1.000000000000000000 ) ) ;
#6774 = DIRECTION ( 'NONE',  ( 0.000000000000000000, -1.000000000000000000, -1.226270043362915368E-16 ) ) ;
#6775 = EDGE_CURVE ( 'NONE', #633, #254, #7064, .T. ) ;
#6776 = CARTESIAN_POINT ( 'NONE',  ( -72.00000000000002842, 31.99999999999997868, 5.000000000000000000 ) ) ;
#6777 = VECTOR ( 'NONE', #4697, 1000.000000000000000 ) ;
#6778 = EDGE_CURVE ( 'NONE', #5605, #1296, #3294, .T. ) ;
#6779 = EDGE_LOOP ( 'NONE', ( #4605, #4256, #8135, #166 ) ) ;
#6780 = DIRECTION ( 'NONE',  ( 1.000000000000000000, 1.850371707708594070E-16, 0.000000000000000000 ) ) ;
#6781 = CARTESIAN_POINT ( 'NONE',  ( -75.00000000000002842, -43.00000000000002132, 5.000000000000000000 ) ) ;
#6782 = VERTEX_POINT ( 'NONE', #2776 ) ;
#6783 = CARTESIAN_POINT ( 'NONE',  ( -72.00000000000002842, -63.00000000000001421, 5.000000000000000000 ) ) ;
#6784 = ORIENTED_EDGE ( 'NONE', *, *, #7961, .T. ) ;
#6785 = EDGE_CURVE ( 'NONE', #1875, #2893, #7109, .T. ) ;
#6786 = LINE ( 'NONE', #1067, #8001 ) ;
#6787 = DIRECTION ( 'NONE',  ( -1.000000000000000000, -1.850371707708594070E-16, 0.000000000000000000 ) ) ;
#6788 = CARTESIAN_POINT ( 'NONE',  ( -57.99999999999999289, -3.500000000000003109, 15.00000000000000000 ) ) ;
#6789 = DIRECTION ( 'NONE',  ( -1.000000000000000000, -1.850371707708594070E-16, 0.000000000000000000 ) ) ;
#6790 = DIRECTION ( 'NONE',  ( 1.000000000000000000, 1.850371707708594070E-16, 0.000000000000000000 ) ) ;
#6791 = ORIENTED_EDGE ( 'NONE', *, *, #3102, .F. ) ;
#6792 = ORIENTED_EDGE ( 'NONE', *, *, #1777, .T. ) ;
#6793 = EDGE_CURVE ( 'NONE', #4771, #4400, #3861, .T. ) ;
#6794 = DIRECTION ( 'NONE',  ( 0.000000000000000000, 0.000000000000000000, 1.000000000000000000 ) ) ;
#6795 = PLANE ( 'NONE',  #5645 ) ;
#6796 = LINE ( 'NONE', #3627, #1751 ) ;
#6797 = CARTESIAN_POINT ( 'NONE',  ( 11.99999999999998224, -72.00000000000001421, 1.999999999999982236 ) ) ;
#6798 = VERTEX_POINT ( 'NONE', #5768 ) ;
#6799 = CARTESIAN_POINT ( 'NONE',  ( 71.99999999999998579, -2.831068712794149178E-14, 1.999999999999991340 ) ) ;
#6800 = LINE ( 'NONE', #2383, #4951 ) ;
#6801 = DIRECTION ( 'NONE',  ( -0.000000000000000000, 1.000000000000000000, -0.000000000000000000 ) ) ;
#6802 = CARTESIAN_POINT ( 'NONE',  ( -72.00000000000002842, 31.99999999999997868, 5.000000000000000000 ) ) ;
#6803 = VECTOR ( 'NONE', #6975, 1000.000000000000000 ) ;
#6804 = ORIENTED_EDGE ( 'NONE', *, *, #6646, .F. ) ;
#6805 = EDGE_CURVE ( 'NONE', #7682, #5274, #727, .T. ) ;
#6806 = CARTESIAN_POINT ( 'NONE',  ( 61.99999999999999289, -72.00000000000001421, 5.000000000000000000 ) ) ;
#6807 = VECTOR ( 'NONE', #2922, 1000.000000000000000 ) ;
#6808 = ORIENTED_EDGE ( 'NONE', *, *, #7086, .T. ) ;
#6809 = CARTESIAN_POINT ( 'NONE',  ( -72.00000000000002842, 71.99999999999998579, 2.000000000000000000 ) ) ;
#6810 = EDGE_LOOP ( 'NONE', ( #1475, #3892, #5020, #5471 ) ) ;
#6811 = CARTESIAN_POINT ( 'NONE',  ( 11.99999999999998224, -75.00000000000001421, 1.999999999999982236 ) ) ;
#6812 = CARTESIAN_POINT ( 'NONE',  ( -75.00000000000002842, -43.00000000000000711, 2.000000000000000000 ) ) ;
#6813 = FACE_OUTER_BOUND ( 'NONE', #2231, .T. ) ;
#6814 = CARTESIAN_POINT ( 'NONE',  ( 59.99999999999997158, 74.99999999999998579, 2.000000000000000000 ) ) ;
#6815 = VECTOR ( 'NONE', #6787, 1000.000000000000000 ) ;
#6816 = ORIENTED_EDGE ( 'NONE', *, *, #3054, .T. ) ;
#6817 = EDGE_CURVE ( 'NONE', #1480, #1469, #3985, .T. ) ;
#6818 = LINE ( 'NONE', #8116, #1505 ) ;
#6819 = CARTESIAN_POINT ( 'NONE',  ( -28.00000000000000355, -72.00000000000001421, 5.000000000000000000 ) ) ;
#6820 = EDGE_CURVE ( 'NONE', #3451, #1099, #6565, .T. ) ;
#6821 = CARTESIAN_POINT ( 'NONE',  ( -75.00000000000002842, 74.99999999999998579, 5.000000000000000000 ) ) ;
#6822 = ORIENTED_EDGE ( 'NONE', *, *, #2849, .T. ) ;
#6823 = DIRECTION ( 'NONE',  ( -0.000000000000000000, -1.000000000000000000, -0.000000000000000000 ) ) ;
#6824 = CARTESIAN_POINT ( 'NONE',  ( -58.00000000000000711, -75.00000000000001421, 1.999999999999982236 ) ) ;
#6825 = EDGE_CURVE ( 'NONE', #6338, #7235, #7736, .T. ) ;
#6826 = CARTESIAN_POINT ( 'NONE',  ( 71.99999999999997158, 69.99999999999998579, 2.000000000000000000 ) ) ;
#6827 = AXIS2_PLACEMENT_3D ( 'NONE', #7569, #1101, #1854 ) ;
#6828 = CARTESIAN_POINT ( 'NONE',  ( 17.00000000000000000, -72.00000000000001421, 1.999999999999982236 ) ) ;
#6829 = CARTESIAN_POINT ( 'NONE',  ( -53.00000000000000711, -72.00000000000001421, 5.000000000000000000 ) ) ;
#6830 = ORIENTED_EDGE ( 'NONE', *, *, #6876, .T. ) ;
#6831 = VERTEX_POINT ( 'NONE', #2024 ) ;
#6832 = PLANE ( 'NONE',  #5013 ) ;
#6833 = CARTESIAN_POINT ( 'NONE',  ( 6.999999999999992006, -72.00000000000001421, 5.000000000000000000 ) ) ;
#6834 = CARTESIAN_POINT ( 'NONE',  ( -59.59999999999998721, 3.500000000000000000, 5.000000000000000888 ) ) ;
#6835 = VECTOR ( 'NONE', #3275, 1000.000000000000000 ) ;
#6836 = EDGE_CURVE ( 'NONE', #5550, #138, #3354, .T. ) ;
#6837 = CARTESIAN_POINT ( 'NONE',  ( 71.99999999999997158, 69.99999999999998579, 2.000000000000000000 ) ) ;
#6838 = VECTOR ( 'NONE', #3926, 1000.000000000000000 ) ;
#6839 = ORIENTED_EDGE ( 'NONE', *, *, #2896, .F. ) ;
#6840 = PLANE ( 'NONE',  #2863 ) ;
#6841 = ORIENTED_EDGE ( 'NONE', *, *, #1747, .T. ) ;
#6842 = DIRECTION ( 'NONE',  ( -0.000000000000000000, -1.000000000000000000, -0.000000000000000000 ) ) ;
#6843 = DIRECTION ( 'NONE',  ( -2.312964634635729250E-15, 0.000000000000000000, -1.000000000000000000 ) ) ;
#6844 = VECTOR ( 'NONE', #555, 1000.000000000000000 ) ;
#6845 = ORIENTED_EDGE ( 'NONE', *, *, #1926, .F. ) ;
#6846 = VECTOR ( 'NONE', #5573, 1000.000000000000000 ) ;
#6847 = DIRECTION ( 'NONE',  ( -0.000000000000000000, 0.000000000000000000, 1.000000000000000000 ) ) ;
#6848 = ORIENTED_EDGE ( 'NONE', *, *, #5575, .T. ) ;
#6849 = LINE ( 'NONE', #1723, #6631 ) ;
#6850 = ORIENTED_EDGE ( 'NONE', *, *, #4123, .T. ) ;
#6851 = LINE ( 'NONE', #514, #1240 ) ;
#6852 = APPLICATION_PROTOCOL_DEFINITION ( 'draft international standard', 'automotive_design', 1998, #3347 ) ;
#6853 = VERTEX_POINT ( 'NONE', #2111 ) ;
#6854 = CARTESIAN_POINT ( 'NONE',  ( -72.00000000000002842, 1.999999999999980904, 5.000000000000000000 ) ) ;
#6855 = VERTEX_POINT ( 'NONE', #2895 ) ;
#6856 = CARTESIAN_POINT ( 'NONE',  ( 71.99999999999998579, -5.000000000000019540, 1.999999999999990896 ) ) ;
#6857 = ORIENTED_EDGE ( 'NONE', *, *, #6044, .F. ) ;
#6858 = LINE ( 'NONE', #4562, #629 ) ;
#6859 = VERTEX_POINT ( 'NONE', #386 ) ;
#6860 = LINE ( 'NONE', #7493, #175 ) ;
#6861 = ORIENTED_EDGE ( 'NONE', *, *, #362, .T. ) ;
#6862 = DIRECTION ( 'NONE',  ( 2.269055394249329430E-32, -1.226270043362915368E-16, 1.000000000000000000 ) ) ;
#6863 = VECTOR ( 'NONE', #1318, 1000.000000000000000 ) ;
#6864 = EDGE_CURVE ( 'NONE', #4524, #3522, #4690, .T. ) ;
#6865 = ADVANCED_FACE ( 'NONE', ( #266 ), #6610, .F. ) ;
#6866 = EDGE_CURVE ( 'NONE', #672, #7174, #2267, .T. ) ;
#6867 = DIRECTION ( 'NONE',  ( -0.000000000000000000, -0.000000000000000000, -1.000000000000000000 ) ) ;
#6868 = DIRECTION ( 'NONE',  ( -1.000000000000000000, -1.850371707708594316E-16, 0.000000000000000000 ) ) ;
#6869 = CARTESIAN_POINT ( 'NONE',  ( 56.99999999999998579, -72.00000000000001421, 5.000000000000000000 ) ) ;
#6870 = EDGE_LOOP ( 'NONE', ( #3161, #1268, #1349, #5044 ) ) ;
#6871 = ORIENTED_EDGE ( 'NONE', *, *, #5286, .F. ) ;
#6872 = FACE_OUTER_BOUND ( 'NONE', #3764, .T. ) ;
#6873 = DIRECTION ( 'NONE',  ( 1.000000000000000000, -0.000000000000000000, 4.625929269271458501E-15 ) ) ;
#6874 = ADVANCED_FACE ( 'NONE', ( #4729 ), #5976, .F. ) ;
#6875 = CARTESIAN_POINT ( 'NONE',  ( 61.99999999999999289, -72.00000000000001421, 5.000000000000000000 ) ) ;
#6876 = EDGE_CURVE ( 'NONE', #2841, #2891, #2816, .T. ) ;
#6877 = CARTESIAN_POINT ( 'NONE',  ( 74.99999999999997158, 69.99999999999998579, 2.000000000000000000 ) ) ;
#6878 = ORIENTED_EDGE ( 'NONE', *, *, #7854, .F. ) ;
#6879 = DIRECTION ( 'NONE',  ( -0.000000000000000000, 1.000000000000000000, -0.000000000000000000 ) ) ;
#6880 = ORIENTED_EDGE ( 'NONE', *, *, #130, .T. ) ;
#6881 = ADVANCED_FACE ( 'NONE', ( #2150 ), #2230, .F. ) ;
#6882 = CARTESIAN_POINT ( 'NONE',  ( -5.000000000000039080, 71.99999999999998579, 2.000000000000000000 ) ) ;
#6883 = FACE_OUTER_BOUND ( 'NONE', #5767, .T. ) ;
#6884 = ORIENTED_EDGE ( 'NONE', *, *, #6805, .T. ) ;
#6885 = CARTESIAN_POINT ( 'NONE',  ( -13.00000000000001066, -75.00000000000001421, 5.000000000000000000 ) ) ;
#6886 = VECTOR ( 'NONE', #6939, 1000.000000000000000 ) ;
#6887 = ORIENTED_EDGE ( 'NONE', *, *, #4831, .F. ) ;
#6888 = CARTESIAN_POINT ( 'NONE',  ( 3.500000000000003109, 57.99999999999997868, 5.000000000000000888 ) ) ;
#6889 = ORIENTED_EDGE ( 'NONE', *, *, #866, .T. ) ;
#6890 = VERTEX_POINT ( 'NONE', #3477 ) ;
#6891 = DIRECTION ( 'NONE',  ( -1.000000000000000000, -0.000000000000000000, -0.000000000000000000 ) ) ;
#6892 = LINE ( 'NONE', #3856, #6187 ) ;
#6893 = EDGE_CURVE ( 'NONE', #1288, #7597, #2310, .T. ) ;
#6894 = FACE_OUTER_BOUND ( 'NONE', #5084, .T. ) ;
#6895 = VECTOR ( 'NONE', #2924, 1000.000000000000000 ) ;
#6896 = VERTEX_POINT ( 'NONE', #1522 ) ;
#6897 = DIRECTION ( 'NONE',  ( 0.000000000000000000, 0.000000000000000000, -1.000000000000000000 ) ) ;
#6898 = ORIENTED_EDGE ( 'NONE', *, *, #2080, .T. ) ;
#6899 = CARTESIAN_POINT ( 'NONE',  ( -75.00000000000002842, 74.99999999999998579, 5.000000000000000000 ) ) ;
#6900 = EDGE_LOOP ( 'NONE', ( #3398, #2560, #960, #8033 ) ) ;
#6901 = VECTOR ( 'NONE', #5408, 1000.000000000000000 ) ;
#6902 = CARTESIAN_POINT ( 'NONE',  ( 11.99999999999998934, -72.00000000000001421, 5.000000000000000000 ) ) ;
#6903 = ORIENTED_EDGE ( 'NONE', *, *, #6006, .F. ) ;
#6904 = CARTESIAN_POINT ( 'NONE',  ( -72.00000000000002842, -63.00000000000000000, 2.000000000000000000 ) ) ;
#6905 = CARTESIAN_POINT ( 'NONE',  ( -75.00000000000002842, 71.99999999999998579, 2.000000000000000000 ) ) ;
#6906 = DIRECTION ( 'NONE',  ( -1.000000000000000000, 0.000000000000000000, 2.312964634635729250E-15 ) ) ;
#6908 = EDGE_CURVE ( 'NONE', #1090, #356, #4225, .T. ) ;
#6907 = LINE ( 'NONE', #8126, #7112 ) ;
#6909 = ORIENTED_EDGE ( 'NONE', *, *, #4269, .T. ) ;
#6910 = ORIENTED_EDGE ( 'NONE', *, *, #7171, .T. ) ;
#6911 = LINE ( 'NONE', #1191, #2463 ) ;
#6912 = DIRECTION ( 'NONE',  ( -1.000000000000000000, 0.000000000000000000, 0.000000000000000000 ) ) ;
#6913 = CARTESIAN_POINT ( 'NONE',  ( -22.99999999999999289, -72.00000000000001421, 1.999999999999982236 ) ) ;
#6914 = CARTESIAN_POINT ( 'NONE',  ( -75.00000000000002842, 74.99999999999998579, 2.000000000000000000 ) ) ;
#6915 = EDGE_CURVE ( 'NONE', #7185, #3299, #7277, .T. ) ;
#6916 = EDGE_LOOP ( 'NONE', ( #4471, #6325, #3106, #7028 ) ) ;
#6917 = EDGE_CURVE ( 'NONE', #7644, #7875, #1014, .T. ) ;
#6918 = CARTESIAN_POINT ( 'NONE',  ( -60.00000000000004263, 71.99999999999998579, 5.000000000000000000 ) ) ;
#6919 = VERTEX_POINT ( 'NONE', #2190 ) ;
#6920 = LINE ( 'NONE', #6296, #2843 ) ;
#6921 = DIRECTION ( 'NONE',  ( 1.000000000000000000, 0.000000000000000000, 0.000000000000000000 ) ) ;
#6922 = ORIENTED_EDGE ( 'NONE', *, *, #5029, .T. ) ;
#6923 = VECTOR ( 'NONE', #7617, 1000.000000000000000 ) ;
#6924 = EDGE_CURVE ( 'NONE', #5148, #3484, #891, .T. ) ;
#6925 = DIRECTION ( 'NONE',  ( 0.000000000000000000, -0.000000000000000000, 1.000000000000000000 ) ) ;
#6926 = ORIENTED_EDGE ( 'NONE', *, *, #4831, .T. ) ;
#6927 = DIRECTION ( 'NONE',  ( -1.000000000000000000, -0.000000000000000000, -0.000000000000000000 ) ) ;
#6928 = ORIENTED_EDGE ( 'NONE', *, *, #1672, .F. ) ;
#6929 = DIRECTION ( 'NONE',  ( 0.000000000000000000, -1.000000000000000000, -1.226270043362915368E-16 ) ) ;
#6930 = VECTOR ( 'NONE', #1595, 1000.000000000000000 ) ;
#6931 = DIRECTION ( 'NONE',  ( -1.000000000000000000, -0.000000000000000000, -0.000000000000000000 ) ) ;
#6932 = CARTESIAN_POINT ( 'NONE',  ( 74.99999999999998579, -35.00000000000001421, 1.999999999999987121 ) ) ;
#6933 = LINE ( 'NONE', #1979, #2940 ) ;
#6934 = ORIENTED_EDGE ( 'NONE', *, *, #2033, .T. ) ;
#6935 = VECTOR ( 'NONE', #6210, 1000.000000000000000 ) ;
#6936 = EDGE_CURVE ( 'NONE', #377, #6831, #3441, .T. ) ;
#6937 = CARTESIAN_POINT ( 'NONE',  ( -72.00000000000002842, 46.99999999999999289, 2.000000000000000000 ) ) ;
#6938 = VERTEX_POINT ( 'NONE', #5464 ) ;
#6939 = DIRECTION ( 'NONE',  ( -0.000000000000000000, 1.000000000000000000, -0.000000000000000000 ) ) ;
#6940 = LINE ( 'NONE', #4945, #3505 ) ;
#6941 = ORIENTED_EDGE ( 'NONE', *, *, #8094, .T. ) ;
#6942 = DIRECTION ( 'NONE',  ( -0.000000000000000000, -1.000000000000000000, -0.000000000000000000 ) ) ;
#6943 = AXIS2_PLACEMENT_3D ( 'NONE', #2180, #7859, #3511 ) ;
#6944 = EDGE_LOOP ( 'NONE', ( #3057, #3096, #6696, #5325, #4731, #4383, #6910, #5570, #6057, #7364, #793, #4330, #1384, #902, #641, #2336, #216, #5305, #7250, #6607, #3081, #4583, #5666, #1394, #7722, #4656, #5356, #1482, #4469, #8078, #3322, #926, #1106, #4235, #2986, #4232, #8251, #2219, #1974, #1949, #7584, #7632, #4427, #3623, #1639, #1371, #7281, #7180, #6898, #2982, #2441, #167, #665, #4756, #8204, #3509, #4942, #4368, #566, #7273, #78, #2626 ) ) ;
#6945 = CARTESIAN_POINT ( 'NONE',  ( -20.00000000000003908, 71.99999999999998579, 5.000000000000000000 ) ) ;
#6946 = DIRECTION ( 'NONE',  ( 1.000000000000000000, 1.850371707708594070E-16, -0.000000000000000000 ) ) ;
#6947 = PLANE ( 'NONE',  #4053 ) ;
#6948 = ORIENTED_EDGE ( 'NONE', *, *, #1129, .F. ) ;
#6949 = LINE ( 'NONE', #617, #5168 ) ;
#6950 = ORIENTED_EDGE ( 'NONE', *, *, #6977, .F. ) ;
#6951 = DIRECTION ( 'NONE',  ( 1.000000000000000000, 0.000000000000000000, 0.000000000000000000 ) ) ;
#6952 = CARTESIAN_POINT ( 'NONE',  ( -75.00000000000002842, 74.99999999999998579, 5.000000000000000000 ) ) ;
#6953 = LINE ( 'NONE', #7505, #6274 ) ;
#6954 = EDGE_CURVE ( 'NONE', #6553, #7552, #5390, .T. ) ;
#6955 = VECTOR ( 'NONE', #6395, 1000.000000000000000 ) ;
#6956 = LINE ( 'NONE', #7631, #186 ) ;
#6957 = ORIENTED_EDGE ( 'NONE', *, *, #6322, .T. ) ;
#6958 = LINE ( 'NONE', #5667, #957 ) ;
#6959 = VECTOR ( 'NONE', #6632, 1000.000000000000000 ) ;
#6960 = ORIENTED_EDGE ( 'NONE', *, *, #4373, .F. ) ;
#6961 = CARTESIAN_POINT ( 'NONE',  ( -75.00000000000002842, 31.99999999999997868, 5.000000000000000000 ) ) ;
#6962 = PLANE ( 'NONE',  #6136 ) ;
#6963 = EDGE_CURVE ( 'NONE', #7910, #392, #6088, .T. ) ;
#6964 = EDGE_CURVE ( 'NONE', #138, #5403, #1640, .T. ) ;
#6965 = ORIENTED_EDGE ( 'NONE', *, *, #7045, .T. ) ;
#6966 = VECTOR ( 'NONE', #5277, 1000.000000000000000 ) ;
#6967 = EDGE_CURVE ( 'NONE', #2903, #1653, #6096, .T. ) ;
#6968 = CIRCLE ( 'NONE', #2588, 1.600000000000004086 ) ;
#6969 = LINE ( 'NONE', #1252, #710 ) ;
#6970 = VERTEX_POINT ( 'NONE', #1053 ) ;
#6971 = CARTESIAN_POINT ( 'NONE',  ( 71.99999999999998579, 19.99999999999997513, 1.999999999999994005 ) ) ;
#6972 = VERTEX_POINT ( 'NONE', #3600 ) ;
#6973 = PLANE ( 'NONE',  #8177 ) ;
#6974 = DIRECTION ( 'NONE',  ( 1.000000000000000000, 1.850371707708594070E-16, 0.000000000000000000 ) ) ;
#6975 = DIRECTION ( 'NONE',  ( 0.000000000000000000, 0.000000000000000000, -1.000000000000000000 ) ) ;
#6976 = VECTOR ( 'NONE', #3644, 1000.000000000000000 ) ;
#6977 = EDGE_CURVE ( 'NONE', #618, #7862, #6138, .T. ) ;
#6978 = ORIENTED_EDGE ( 'NONE', *, *, #212, .F. ) ;
#6979 = EDGE_CURVE ( 'NONE', #7638, #4510, #6849, .T. ) ;
#6980 = PRESENTATION_STYLE_ASSIGNMENT (( #3819 ) ) ;
#6981 = ORIENTED_EDGE ( 'NONE', *, *, #5491, .T. ) ;
#6982 = VECTOR ( 'NONE', #1284, 1000.000000000000000 ) ;
#6983 = CARTESIAN_POINT ( 'NONE',  ( 17.00000000000000000, -75.00000000000001421, 1.999999999999982236 ) ) ;
#6984 = ORIENTED_EDGE ( 'NONE', *, *, #7630, .F. ) ;
#6985 = DIRECTION ( 'NONE',  ( -1.000000000000000000, -0.000000000000000000, -0.000000000000000000 ) ) ;
#6986 = ORIENTED_EDGE ( 'NONE', *, *, #3359, .T. ) ;
#6987 = VECTOR ( 'NONE', #2091, 1000.000000000000000 ) ;
#6988 = CARTESIAN_POINT ( 'NONE',  ( 3.500000000000003109, -57.99999999999997868, 15.00000000000000000 ) ) ;
#6989 = EDGE_CURVE ( 'NONE', #3332, #236, #1763, .T. ) ;
#6990 = AXIS2_PLACEMENT_3D ( 'NONE', #2233, #4149, #6774 ) ;
#6991 = ORIENTED_EDGE ( 'NONE', *, *, #7702, .F. ) ;
#6992 = LINE ( 'NONE', #3907, #2211 ) ;
#6993 = DIRECTION ( 'NONE',  ( 0.000000000000000000, 0.000000000000000000, -1.000000000000000000 ) ) ;
#6994 = DIRECTION ( 'NONE',  ( -4.625929269271458501E-15, -0.000000000000000000, 1.000000000000000000 ) ) ;
#6995 = ORIENTED_EDGE ( 'NONE', *, *, #7259, .T. ) ;
#6996 = CARTESIAN_POINT ( 'NONE',  ( 71.99999999999998579, -10.00000000000002309, -6.123233995736766282E-16 ) ) ;
#6997 = CIRCLE ( 'NONE', #3403, 1.600000000000004974 ) ;
#6998 = ORIENTED_EDGE ( 'NONE', *, *, #4448, .F. ) ;
#6999 = CARTESIAN_POINT ( 'NONE',  ( 24.99999999999996092, 74.99999999999998579, 5.000000000000000000 ) ) ;
#7000 = DIRECTION ( 'NONE',  ( 1.914177628664063128E-16, -1.000000000000000000, -1.226270043362915368E-16 ) ) ;
#7001 = EDGE_CURVE ( 'NONE', #449, #4819, #5551, .T. ) ;
#7002 = FACE_OUTER_BOUND ( 'NONE', #1024, .T. ) ;
#7003 = FACE_OUTER_BOUND ( 'NONE', #431, .T. ) ;
#7004 = EDGE_LOOP ( 'NONE', ( #5460, #183, #5987, #3411 ) ) ;
#7005 = LINE ( 'NONE', #2595, #2330 ) ;
#7006 = LINE ( 'NONE', #3336, #8041 ) ;
#7007 = CARTESIAN_POINT ( 'NONE',  ( 72.00000000000000000, -45.00000000000001421, 5.000000000000000000 ) ) ;
#7008 = ORIENTED_EDGE ( 'NONE', *, *, #7556, .T. ) ;
#7009 = LINE ( 'NONE', #1294, #3508 ) ;
#7010 = EDGE_LOOP ( 'NONE', ( #1060, #3640, #18, #5685 ) ) ;
#7011 = EDGE_LOOP ( 'NONE', ( #6120, #8199, #6098, #6998 ) ) ;
#7012 = PLANE ( 'NONE',  #4363 ) ;
#7013 = EDGE_CURVE ( 'NONE', #4288, #6525, #3182, .T. ) ;
#7014 = VECTOR ( 'NONE', #7753, 1000.000000000000000 ) ;
#7015 = VERTEX_POINT ( 'NONE', #8234 ) ;
#7016 = CARTESIAN_POINT ( 'NONE',  ( 71.99999999999998579, 19.99999999999997513, -6.123233995736766282E-16 ) ) ;
#7017 = CARTESIAN_POINT ( 'NONE',  ( 16.99999999999998579, -72.00000000000001421, 5.000000000000000000 ) ) ;
#7018 = DIRECTION ( 'NONE',  ( -1.000000000000000000, -0.000000000000000000, -0.000000000000000000 ) ) ;
#7019 = CARTESIAN_POINT ( 'NONE',  ( 72.00000000000000000, -40.00000000000002132, 5.000000000000000000 ) ) ;
#7020 = VERTEX_POINT ( 'NONE', #1134 ) ;
#7021 = VECTOR ( 'NONE', #2653, 1000.000000000000000 ) ;
#7022 = LINE ( 'NONE', #3227, #835 ) ;
#7023 = EDGE_LOOP ( 'NONE', ( #935, #5697, #3153, #7214 ) ) ;
#7024 = CARTESIAN_POINT ( 'NONE',  ( 74.99999999999997158, 69.99999999999998579, 2.000000000000000000 ) ) ;
#7025 = ADVANCED_FACE ( 'NONE', ( #7561 ), #2516, .F. ) ;
#7026 = EDGE_LOOP ( 'NONE', ( #26, #1664, #7304, #6004 ) ) ;
#7027 = CARTESIAN_POINT ( 'NONE',  ( 24.99999999999996092, 71.99999999999998579, 5.000000000000000000 ) ) ;
#7028 = ORIENTED_EDGE ( 'NONE', *, *, #3075, .F. ) ;
#7029 = CARTESIAN_POINT ( 'NONE',  ( -48.00000000000000711, -75.00000000000001421, 5.000000000000000000 ) ) ;
#7030 = EDGE_CURVE ( 'NONE', #5448, #2214, #1887, .T. ) ;
#7031 = VECTOR ( 'NONE', #7479, 1000.000000000000000 ) ;
#7032 = ORIENTED_EDGE ( 'NONE', *, *, #283, .F. ) ;
#7033 = LINE ( 'NONE', #691, #7270 ) ;
#7034 = VECTOR ( 'NONE', #4161, 1000.000000000000000 ) ;
#7035 = PLANE ( 'NONE',  #5964 ) ;
#7036 = DIRECTION ( 'NONE',  ( 1.000000000000000000, 0.000000000000000000, -0.000000000000000000 ) ) ;
#7037 = EDGE_CURVE ( 'NONE', #7185, #6782, #1211, .T. ) ;
#7038 = ORIENTED_EDGE ( 'NONE', *, *, #4889, .F. ) ;
#7039 = FACE_OUTER_BOUND ( 'NONE', #734, .T. ) ;
#7040 = VERTEX_POINT ( 'NONE', #6224 ) ;
#7041 = DIRECTION ( 'NONE',  ( -1.000000000000000000, 0.000000000000000000, 0.000000000000000000 ) ) ;
#7042 = CARTESIAN_POINT ( 'NONE',  ( -59.59999999999998721, 3.500000000000000000, 0.000000000000000000 ) ) ;
#7043 = DIRECTION ( 'NONE',  ( 0.000000000000000000, -0.000000000000000000, 1.000000000000000000 ) ) ;
#7044 = DIRECTION ( 'NONE',  ( -0.000000000000000000, 0.000000000000000000, 1.000000000000000000 ) ) ;
#7045 = EDGE_CURVE ( 'NONE', #6257, #5648, #8108, .T. ) ;
#7046 = ORIENTED_EDGE ( 'NONE', *, *, #1264, .T. ) ;
#7047 = CARTESIAN_POINT ( 'NONE',  ( 72.00000000000000000, -75.00000000000001421, 1.999999999999982236 ) ) ;
#7048 = PLANE ( 'NONE',  #3524 ) ;
#7049 = FACE_OUTER_BOUND ( 'NONE', #1805, .T. ) ;
#7050 = DIRECTION ( 'NONE',  ( 0.000000000000000000, -0.000000000000000000, 1.000000000000000000 ) ) ;
#7051 = ORIENTED_EDGE ( 'NONE', *, *, #4626, .F. ) ;
#7052 = ORIENTED_EDGE ( 'NONE', *, *, #1789, .T. ) ;
#7053 = VERTEX_POINT ( 'NONE', #4930 ) ;
#7054 = DIRECTION ( 'NONE',  ( -0.000000000000000000, 1.000000000000000000, -0.000000000000000000 ) ) ;
#7055 = DIRECTION ( 'NONE',  ( -0.000000000000000000, -0.000000000000000000, -1.000000000000000000 ) ) ;
#7056 = CARTESIAN_POINT ( 'NONE',  ( -5.000000000000039080, 71.99999999999998579, 5.000000000000000000 ) ) ;
#7057 = DIRECTION ( 'NONE',  ( 1.000000000000000000, 0.000000000000000000, 0.000000000000000000 ) ) ;
#7058 = ORIENTED_EDGE ( 'NONE', *, *, #2989, .T. ) ;
#7059 = AXIS2_PLACEMENT_3D ( 'NONE', #7433, #6726, #7271 ) ;
#7060 = EDGE_CURVE ( 'NONE', #4563, #4857, #2354, .T. ) ;
#7061 = DIRECTION ( 'NONE',  ( -0.000000000000000000, 0.000000000000000000, 1.000000000000000000 ) ) ;
#7062 = VECTOR ( 'NONE', #8028, 1000.000000000000000 ) ;
#7063 = ORIENTED_EDGE ( 'NONE', *, *, #5494, .F. ) ;
#7064 = LINE ( 'NONE', #182, #6758 ) ;
#7065 = ORIENTED_EDGE ( 'NONE', *, *, #6729, .T. ) ;
#7066 = LINE ( 'NONE', #2114, #8040 ) ;
#7067 = ORIENTED_EDGE ( 'NONE', *, *, #2351, .F. ) ;
#7068 = LINE ( 'NONE', #3865, #403 ) ;
#7069 = AXIS2_PLACEMENT_3D ( 'NONE', #7219, #1421, #1504 ) ;
#7070 = ORIENTED_EDGE ( 'NONE', *, *, #1306, .F. ) ;
#7071 = EDGE_CURVE ( 'NONE', #1736, #3451, #4262, .T. ) ;
#7072 = CARTESIAN_POINT ( 'NONE',  ( -75.00000000000002842, -75.00000000000001421, 5.000000000000000000 ) ) ;
#7073 = EDGE_CURVE ( 'NONE', #4569, #236, #1093, .T. ) ;
#7074 = CARTESIAN_POINT ( 'NONE',  ( -75.00000000000002842, 36.99999999999999289, 2.000000000000000000 ) ) ;
#7075 = CARTESIAN_POINT ( 'NONE',  ( 46.99999999999998579, -75.00000000000001421, 5.000000000000000000 ) ) ;
#7076 = ORIENTED_EDGE ( 'NONE', *, *, #7037, .F. ) ;
#7077 = VECTOR ( 'NONE', #1367, 1000.000000000000000 ) ;
#7078 = CARTESIAN_POINT ( 'NONE',  ( -40.00000000000003553, 71.99999999999998579, 5.000000000000000000 ) ) ;
#7079 = ORIENTED_EDGE ( 'NONE', *, *, #1874, .T. ) ;
#7080 = CARTESIAN_POINT ( 'NONE',  ( -1.899999999999987477, -57.99999999999997868, 0.000000000000000000 ) ) ;
#7081 = CARTESIAN_POINT ( 'NONE',  ( 71.99999999999997158, 44.99999999999998579, 0.000000000000000000 ) ) ;
#7082 = CARTESIAN_POINT ( 'NONE',  ( 72.00000000000000000, -65.00000000000002842, 5.000000000000000000 ) ) ;
#7083 = EDGE_CURVE ( 'NONE', #307, #55, #4894, .T. ) ;
#7084 = AXIS2_PLACEMENT_3D ( 'NONE', #6918, #3716, #3676 ) ;
#7085 = DIRECTION ( 'NONE',  ( 0.000000000000000000, 0.000000000000000000, 1.000000000000000000 ) ) ;
#7086 = EDGE_CURVE ( 'NONE', #5184, #3791, #4973, .T. ) ;
#7087 = EDGE_LOOP ( 'NONE', ( #2977, #7143 ) ) ;
#7088 = DIRECTION ( 'NONE',  ( 0.000000000000000000, 0.000000000000000000, 1.000000000000000000 ) ) ;
#7089 = CARTESIAN_POINT ( 'NONE',  ( 74.99999999999997158, 69.99999999999998579, 2.000000000000000000 ) ) ;
#7090 = DIRECTION ( 'NONE',  ( 0.000000000000000000, 4.625929269271485322E-15, -1.000000000000000000 ) ) ;
#7091 = DIRECTION ( 'NONE',  ( -1.000000000000000000, -0.000000000000000000, -0.000000000000000000 ) ) ;
#7092 = EDGE_CURVE ( 'NONE', #3191, #3350, #6231, .T. ) ;
#7093 = ORIENTED_EDGE ( 'NONE', *, *, #823, .T. ) ;
#7094 = ORIENTED_EDGE ( 'NONE', *, *, #6103, .F. ) ;
#7095 = PRODUCT ( 'bottom part', 'bottom part', '', ( #3060 ) ) ;
#7096 = ORIENTED_EDGE ( 'NONE', *, *, #6717, .F. ) ;
#7097 = VECTOR ( 'NONE', #3448, 1000.000000000000000 ) ;
#7098 = EDGE_LOOP ( 'NONE', ( #1921, #5115, #1734, #382 ) ) ;
#7099 = DIRECTION ( 'NONE',  ( 0.000000000000000000, 1.000000000000000000, 0.000000000000000000 ) ) ;
#7100 = DIRECTION ( 'NONE',  ( 2.269055394249329430E-32, -1.226270043362915368E-16, 1.000000000000000000 ) ) ;
#7101 = LINE ( 'NONE', #5221, #6052 ) ;
#7102 = DIRECTION ( 'NONE',  ( -0.000000000000000000, 1.000000000000000000, -0.000000000000000000 ) ) ;
#7103 = VECTOR ( 'NONE', #1654, 1000.000000000000000 ) ;
#7104 = VECTOR ( 'NONE', #1757, 1000.000000000000000 ) ;
#7105 = EDGE_LOOP ( 'NONE', ( #1731, #2537, #6767, #5828 ) ) ;
#7106 = VECTOR ( 'NONE', #2475, 1000.000000000000000 ) ;
#7107 = DIRECTION ( 'NONE',  ( 1.000000000000000000, 0.000000000000000000, 0.000000000000000000 ) ) ;
#7108 = VERTEX_POINT ( 'NONE', #552 ) ;
#7109 = LINE ( 'NONE', #853, #3432 ) ;
#7110 = ORIENTED_EDGE ( 'NONE', *, *, #896, .T. ) ;
#7111 = LINE ( 'NONE', #4654, #4301 ) ;
#7112 = VECTOR ( 'NONE', #5529, 1000.000000000000000 ) ;
#7113 = ORIENTED_EDGE ( 'NONE', *, *, #5188, .F. ) ;
#7114 = FACE_OUTER_BOUND ( 'NONE', #7105, .T. ) ;
#7115 = ORIENTED_EDGE ( 'NONE', *, *, #7274, .T. ) ;
#7116 = VECTOR ( 'NONE', #5916, 1000.000000000000000 ) ;
#7117 = DIRECTION ( 'NONE',  ( 0.000000000000000000, 0.000000000000000000, -1.000000000000000000 ) ) ;
#7118 = DIRECTION ( 'NONE',  ( -0.000000000000000000, 1.000000000000000000, -0.000000000000000000 ) ) ;
#7119 = DIRECTION ( 'NONE',  ( -0.000000000000000000, -1.000000000000000000, -0.000000000000000000 ) ) ;
#7120 = VECTOR ( 'NONE', #5131, 1000.000000000000000 ) ;
#7121 = ORIENTED_EDGE ( 'NONE', *, *, #5193, .F. ) ;
#7122 = CARTESIAN_POINT ( 'NONE',  ( 64.99999999999994316, 71.99999999999998579, 5.000000000000000000 ) ) ;
#7123 = EDGE_CURVE ( 'NONE', #8140, #5631, #3095, .T. ) ;
#7124 = ORIENTED_EDGE ( 'NONE', *, *, #3436, .F. ) ;
#7125 = ADVANCED_FACE ( 'NONE', ( #4386 ), #3765, .F. ) ;
#7126 = CARTESIAN_POINT ( 'NONE',  ( 1.999999999999988010, -72.00000000000001421, 1.999999999999982236 ) ) ;
#7127 = PLANE ( 'NONE',  #1251 ) ;
#7128 = LINE ( 'NONE', #242, #2288 ) ;
#7129 = PRODUCT_DEFINITION ( 'UNKNOWN', '', #4449, #2541 ) ;
#7130 = VERTEX_POINT ( 'NONE', #5053 ) ;
#7131 = CARTESIAN_POINT ( 'NONE',  ( -59.59999999999998721, 3.500000000000000000, 15.00000000000000000 ) ) ;
#7132 = VECTOR ( 'NONE', #6708, 1000.000000000000000 ) ;
#7133 = VERTEX_POINT ( 'NONE', #3140 ) ;
#7134 = EDGE_CURVE ( 'NONE', #2011, #3946, #5673, .T. ) ;
#7135 = FACE_OUTER_BOUND ( 'NONE', #1245, .T. ) ;
#7136 = PLANE ( 'NONE',  #7652 ) ;
#7137 = DIRECTION ( 'NONE',  ( -0.000000000000000000, 1.000000000000000000, -0.000000000000000000 ) ) ;
#7138 = PLANE ( 'NONE',  #7069 ) ;
#7139 = ADVANCED_FACE ( 'NONE', ( #6346, #6556, #4511, #4, #1298, #4555, #1428, #6429, #1385 ), #7012, .F. ) ;
#7140 = ORIENTED_EDGE ( 'NONE', *, *, #2258, .T. ) ;
#7141 = ORIENTED_EDGE ( 'NONE', *, *, #4643, .F. ) ;
#7142 = EDGE_LOOP ( 'NONE', ( #5672, #7299 ) ) ;
#7143 = ORIENTED_EDGE ( 'NONE', *, *, #5680, .F. ) ;
#7144 = DIRECTION ( 'NONE',  ( 0.000000000000000000, -1.000000000000000000, 0.000000000000000000 ) ) ;
#7145 = EDGE_CURVE ( 'NONE', #4850, #3802, #2683, .T. ) ;
#7146 = LINE ( 'NONE', #131, #3179 ) ;
#7147 = DIRECTION ( 'NONE',  ( 1.000000000000000000, 0.000000000000000000, 0.000000000000000000 ) ) ;
#7148 = CARTESIAN_POINT ( 'NONE',  ( -60.00000000000004263, 71.99999999999998579, 5.000000000000000000 ) ) ;
#7149 = VERTEX_POINT ( 'NONE', #1975 ) ;
#7150 = AXIS2_PLACEMENT_3D ( 'NONE', #2910, #6113, #2408 ) ;
#7151 = CARTESIAN_POINT ( 'NONE',  ( 74.99999999999998579, 4.999999999999976907, 5.000000000000000000 ) ) ;
#7152 = ORIENTED_EDGE ( 'NONE', *, *, #5652, .F. ) ;
#7153 = DIRECTION ( 'NONE',  ( 0.000000000000000000, -1.000000000000000000, 0.000000000000000000 ) ) ;
#7154 = EDGE_CURVE ( 'NONE', #3108, #858, #4015, .T. ) ;
#7155 = EDGE_LOOP ( 'NONE', ( #6469, #6871, #6770, #6176 ) ) ;
#7156 = DIRECTION ( 'NONE',  ( 1.000000000000000000, -0.000000000000000000, 4.625929269271458501E-15 ) ) ;
#7157 = ORIENTED_EDGE ( 'NONE', *, *, #813, .F. ) ;
#7158 = ORIENTED_EDGE ( 'NONE', *, *, #5797, .T. ) ;
#7159 = LINE ( 'NONE', #5070, #2611 ) ;
#7160 = DIRECTION ( 'NONE',  ( -0.000000000000000000, 1.000000000000000000, -0.000000000000000000 ) ) ;
#7161 = CARTESIAN_POINT ( 'NONE',  ( 71.99999999999997158, 74.99999999999998579, 0.000000000000000000 ) ) ;
#7162 = ORIENTED_EDGE ( 'NONE', *, *, #7092, .F. ) ;
#7163 = VECTOR ( 'NONE', #3777, 1000.000000000000000 ) ;
#7164 = DIRECTION ( 'NONE',  ( 1.000000000000000000, 0.000000000000000000, -0.000000000000000000 ) ) ;
#7165 = EDGE_LOOP ( 'NONE', ( #2309, #3955, #1116, #2407 ) ) ;
#7166 = CARTESIAN_POINT ( 'NONE',  ( -72.00000000000002842, -8.000000000000028422, 5.000000000000000000 ) ) ;
#7167 = PLANE ( 'NONE',  #4188 ) ;
#7168 = CARTESIAN_POINT ( 'NONE',  ( 24.99999999999996092, 71.99999999999998579, 5.000000000000000000 ) ) ;
#7169 = ORIENTED_EDGE ( 'NONE', *, *, #3114, .T. ) ;
#7170 = VECTOR ( 'NONE', #5800, 1000.000000000000000 ) ;
#7171 = EDGE_CURVE ( 'NONE', #7710, #4337, #7725, .T. ) ;
#7172 = CARTESIAN_POINT ( 'NONE',  ( -75.00000000000002842, -23.00000000000002132, 5.000000000000000000 ) ) ;
#7173 = DIRECTION ( 'NONE',  ( 1.000000000000000000, 0.000000000000000000, 0.000000000000000000 ) ) ;
#7174 = VERTEX_POINT ( 'NONE', #2558 ) ;
#7175 = DIRECTION ( 'NONE',  ( 1.914177628664063128E-16, -1.000000000000000000, -1.226270043362915368E-16 ) ) ;
#7176 = VECTOR ( 'NONE', #2605, 1000.000000000000000 ) ;
#7177 = DIRECTION ( 'NONE',  ( 0.000000000000000000, -0.000000000000000000, 1.000000000000000000 ) ) ;
#7178 = PLANE ( 'NONE',  #7507 ) ;
#7179 = FACE_OUTER_BOUND ( 'NONE', #5005, .T. ) ;
#7180 = ORIENTED_EDGE ( 'NONE', *, *, #4274, .T. ) ;
#7181 = VERTEX_POINT ( 'NONE', #4642 ) ;
#7182 = ADVANCED_FACE ( 'NONE', ( #3976 ), #48, .F. ) ;
#7183 = EDGE_LOOP ( 'NONE', ( #3189, #2996, #7600, #6598 ) ) ;
#7184 = ADVANCED_FACE ( 'NONE', ( #6389 ), #3893, .F. ) ;
#7185 = VERTEX_POINT ( 'NONE', #3220 ) ;
#7186 = ORIENTED_EDGE ( 'NONE', *, *, #2466, .T. ) ;
#7187 = DIRECTION ( 'NONE',  ( 0.000000000000000000, -1.000000000000000000, -1.226270043362915368E-16 ) ) ;
#7188 = DIRECTION ( 'NONE',  ( 1.000000000000000000, 1.850371707708594070E-16, 0.000000000000000000 ) ) ;
#7189 = CARTESIAN_POINT ( 'NONE',  ( -75.00000000000002842, -68.00000000000000000, 5.000000000000000000 ) ) ;
#7190 = CARTESIAN_POINT ( 'NONE',  ( -72.00000000000002842, 61.99999999999997868, 2.000000000000000000 ) ) ;
#7191 = VERTEX_POINT ( 'NONE', #5757 ) ;
#7192 = ADVANCED_FACE ( 'NONE', ( #5219 ), #3853, .F. ) ;
#7193 = LINE ( 'NONE', #4143, #7769 ) ;
#7194 = ORIENTED_EDGE ( 'NONE', *, *, #7967, .T. ) ;
#7195 = FACE_OUTER_BOUND ( 'NONE', #7155, .T. ) ;
#7196 = ORIENTED_EDGE ( 'NONE', *, *, #3972, .T. ) ;
#7197 = LINE ( 'NONE', #142, #4967 ) ;
#7198 = VERTEX_POINT ( 'NONE', #3262 ) ;
#7199 = ORIENTED_EDGE ( 'NONE', *, *, #341, .F. ) ;
#7200 = EDGE_CURVE ( 'NONE', #2070, #518, #3935, .T. ) ;
#7201 = LINE ( 'NONE', #2782, #7367 ) ;
#7202 = VECTOR ( 'NONE', #261, 1000.000000000000000 ) ;
#7203 = CARTESIAN_POINT ( 'NONE',  ( -72.00000000000002842, 61.99999999999997868, 5.000000000000000000 ) ) ;
#7204 = DIRECTION ( 'NONE',  ( -1.000000000000000000, -1.850371707708594070E-16, 0.000000000000000000 ) ) ;
#7205 = EDGE_LOOP ( 'NONE', ( #7429, #4420, #6498, #7522 ) ) ;
#7206 = LINE ( 'NONE', #6623, #5101 ) ;
#7207 = ORIENTED_EDGE ( 'NONE', *, *, #6619, .T. ) ;
#7208 = LINE ( 'NONE', #6537, #3828 ) ;
#7209 = AXIS2_PLACEMENT_3D ( 'NONE', #4179, #6727, #4846 ) ;
#7210 = LINE ( 'NONE', #2790, #5081 ) ;
#7211 = DIRECTION ( 'NONE',  ( -0.000000000000000000, -0.000000000000000000, -1.000000000000000000 ) ) ;
#7212 = VECTOR ( 'NONE', #4754, 1000.000000000000000 ) ;
#7213 = CARTESIAN_POINT ( 'NONE',  ( 74.99999999999997158, 74.99999999999998579, 5.000000000000000000 ) ) ;
#7214 = ORIENTED_EDGE ( 'NONE', *, *, #7799, .T. ) ;
#7215 = CARTESIAN_POINT ( 'NONE',  ( 36.99999999999999289, -72.00000000000001421, 5.000000000000000000 ) ) ;
#7216 = DIRECTION ( 'NONE',  ( 0.000000000000000000, -0.000000000000000000, 1.000000000000000000 ) ) ;
#7217 = EDGE_CURVE ( 'NONE', #5403, #809, #2014, .T. ) ;
#7218 = FACE_OUTER_BOUND ( 'NONE', #73, .T. ) ;
#7219 = CARTESIAN_POINT ( 'NONE',  ( 71.99999999999997158, 69.99999999999998579, 2.000000000000000000 ) ) ;
#7220 = VECTOR ( 'NONE', #922, 1000.000000000000000 ) ;
#7221 = ORIENTED_EDGE ( 'NONE', *, *, #7329, .T. ) ;
#7222 = ORIENTED_EDGE ( 'NONE', *, *, #3207, .T. ) ;
#7223 = CARTESIAN_POINT ( 'NONE',  ( 74.99999999999997158, 44.99999999999998579, 0.000000000000000000 ) ) ;
#7224 = CARTESIAN_POINT ( 'NONE',  ( -72.00000000000002842, -72.00000000000001421, 1.999999999999982236 ) ) ;
#7225 = EDGE_CURVE ( 'NONE', #4847, #6859, #3303, .T. ) ;
#7226 = DIRECTION ( 'NONE',  ( -0.000000000000000000, 0.000000000000000000, 1.000000000000000000 ) ) ;
#7227 = EDGE_CURVE ( 'NONE', #2068, #3445, #129, .T. ) ;
#7228 = LINE ( 'NONE', #6478, #3607 ) ;
#7229 = EDGE_CURVE ( 'NONE', #2030, #2, #171, .T. ) ;
#7230 = EDGE_LOOP ( 'NONE', ( #770, #2639, #7572, #2880 ) ) ;
#7231 = AXIS2_PLACEMENT_3D ( 'NONE', #57, #603, #1348 ) ;
#7232 = CARTESIAN_POINT ( 'NONE',  ( -72.00000000000002842, -13.00000000000002487, 5.000000000000000000 ) ) ;
#7233 = ORIENTED_EDGE ( 'NONE', *, *, #2237, .T. ) ;
#7234 = DIRECTION ( 'NONE',  ( 0.000000000000000000, -1.000000000000000000, 0.000000000000000000 ) ) ;
#7235 = VERTEX_POINT ( 'NONE', #796 ) ;
#7236 = LINE ( 'NONE', #1525, #5368 ) ;
#7237 = VERTEX_POINT ( 'NONE', #3343 ) ;
#7238 = ADVANCED_FACE ( 'NONE', ( #2727 ), #7815, .F. ) ;
#7239 = AXIS2_PLACEMENT_3D ( 'NONE', #4618, #3995, #113 ) ;
#7240 = AXIS2_PLACEMENT_3D ( 'NONE', #286, #368, #329 ) ;
#7241 = EDGE_CURVE ( 'NONE', #4751, #5255, #5343, .T. ) ;
#7242 = ORIENTED_EDGE ( 'NONE', *, *, #5047, .F. ) ;
#7243 = CARTESIAN_POINT ( 'NONE',  ( -75.00000000000002842, 71.99999999999998579, 2.000000000000000000 ) ) ;
#7244 = VECTOR ( 'NONE', #4769, 1000.000000000000000 ) ;
#7245 = VECTOR ( 'NONE', #3450, 1000.000000000000000 ) ;
#7246 = CARTESIAN_POINT ( 'NONE',  ( -75.00000000000002842, 74.99999999999998579, 2.000000000000000000 ) ) ;
#7247 = DIRECTION ( 'NONE',  ( -0.000000000000000000, -1.000000000000000000, -0.000000000000000000 ) ) ;
#7248 = ORIENTED_EDGE ( 'NONE', *, *, #7540, .T. ) ;
#7249 = DIRECTION ( 'NONE',  ( 0.000000000000000000, 0.000000000000000000, -1.000000000000000000 ) ) ;
#7250 = ORIENTED_EDGE ( 'NONE', *, *, #4022, .T. ) ;
#7251 = EDGE_CURVE ( 'NONE', #8121, #4850, #2845, .T. ) ;
#7252 = CARTESIAN_POINT ( 'NONE',  ( -8.000000000000014211, -72.00000000000001421, 5.000000000000000000 ) ) ;
#7253 = CARTESIAN_POINT ( 'NONE',  ( 49.99999999999996447, 74.99999999999998579, 5.000000000000000000 ) ) ;
#7254 = VECTOR ( 'NONE', #6931, 1000.000000000000000 ) ;
#7255 = VECTOR ( 'NONE', #661, 1000.000000000000000 ) ;
#7256 = DIRECTION ( 'NONE',  ( 0.000000000000000000, -0.000000000000000000, 1.000000000000000000 ) ) ;
#7257 = DIRECTION ( 'NONE',  ( 0.000000000000000000, -1.000000000000000000, 0.000000000000000000 ) ) ;
#7258 = ORIENTED_EDGE ( 'NONE', *, *, #5135, .T. ) ;
#7259 = EDGE_CURVE ( 'NONE', #449, #295, #5380, .T. ) ;
#7260 = CARTESIAN_POINT ( 'NONE',  ( -28.00000000000000355, -72.00000000000001421, 5.000000000000000000 ) ) ;
#7261 = CARTESIAN_POINT ( 'NONE',  ( -60.00000000000004263, 71.99999999999998579, 5.000000000000000000 ) ) ;
#7262 = AXIS2_PLACEMENT_3D ( 'NONE', #1289, #4631, #6420 ) ;
#7263 = LINE ( 'NONE', #917, #5736 ) ;
#7264 = VECTOR ( 'NONE', #6418, 1000.000000000000000 ) ;
#7265 = ORIENTED_EDGE ( 'NONE', *, *, #2569, .T. ) ;
#7266 = ORIENTED_EDGE ( 'NONE', *, *, #546, .T. ) ;
#7267 = ORIENTED_EDGE ( 'NONE', *, *, #2659, .F. ) ;
#7268 = LINE ( 'NONE', #3467, #6364 ) ;
#7269 = CARTESIAN_POINT ( 'NONE',  ( -72.00000000000002842, 71.99999999999998579, 2.000000000000000000 ) ) ;
#7270 = VECTOR ( 'NONE', #7704, 1000.000000000000000 ) ;
#7271 = DIRECTION ( 'NONE',  ( 1.000000000000000000, 0.000000000000000000, 0.000000000000000000 ) ) ;
#7272 = DIRECTION ( 'NONE',  ( 1.000000000000000000, 0.000000000000000000, 0.000000000000000000 ) ) ;
#7273 = ORIENTED_EDGE ( 'NONE', *, *, #2792, .F. ) ;
#7274 = EDGE_CURVE ( 'NONE', #4343, #161, #6085, .T. ) ;
#7275 = DIRECTION ( 'NONE',  ( 2.269055394249329430E-32, -1.226270043362915368E-16, 1.000000000000000000 ) ) ;
#7276 = VERTEX_POINT ( 'NONE', #5455 ) ;
#7277 = LINE ( 'NONE', #6650, #3968 ) ;
#7278 = ORIENTED_EDGE ( 'NONE', *, *, #2599, .F. ) ;
#7279 = CARTESIAN_POINT ( 'NONE',  ( 74.99999999999997158, 69.99999999999998579, 2.000000000000000000 ) ) ;
#7280 = ORIENTED_EDGE ( 'NONE', *, *, #3705, .F. ) ;
#7281 = ORIENTED_EDGE ( 'NONE', *, *, #45, .T. ) ;
#7282 = ORIENTED_EDGE ( 'NONE', *, *, #7858, .T. ) ;
#7283 = EDGE_CURVE ( 'NONE', #6236, #3063, #2766, .T. ) ;
#7284 = CARTESIAN_POINT ( 'NONE',  ( -40.00000000000003553, 74.99999999999998579, 5.000000000000000000 ) ) ;
#7285 = PLANE ( 'NONE',  #2783 ) ;
#7286 = DIRECTION ( 'NONE',  ( 1.000000000000000000, -0.000000000000000000, 4.625929269271458501E-15 ) ) ;
#7287 = VERTEX_POINT ( 'NONE', #7308 ) ;
#7288 = ADVANCED_FACE ( 'NONE', ( #2260 ), #6642, .F. ) ;
#7289 = LINE ( 'NONE', #2908, #3779 ) ;
#7290 = ORIENTED_EDGE ( 'NONE', *, *, #5632, .T. ) ;
#7291 = VECTOR ( 'NONE', #5078, 1000.000000000000000 ) ;
#7292 = CARTESIAN_POINT ( 'NONE',  ( -75.00000000000002842, -75.00000000000001421, 5.000000000000000000 ) ) ;
#7293 = DIRECTION ( 'NONE',  ( 0.000000000000000000, -1.000000000000000000, 0.000000000000000000 ) ) ;
#7294 = EDGE_CURVE ( 'NONE', #2554, #2756, #6723, .T. ) ;
#7295 = DIRECTION ( 'NONE',  ( 0.000000000000000000, 0.000000000000000000, -1.000000000000000000 ) ) ;
#7296 = VECTOR ( 'NONE', #6016, 1000.000000000000000 ) ;
#7297 = CARTESIAN_POINT ( 'NONE',  ( 61.99999999999999289, -75.00000000000001421, 5.000000000000000000 ) ) ;
#7298 = DIRECTION ( 'NONE',  ( 0.000000000000000000, 0.000000000000000000, -1.000000000000000000 ) ) ;
#7299 = ORIENTED_EDGE ( 'NONE', *, *, #3052, .T. ) ;
#7300 = CARTESIAN_POINT ( 'NONE',  ( -75.00000000000002842, 74.99999999999998579, 5.000000000000000000 ) ) ;
#7301 = CARTESIAN_POINT ( 'NONE',  ( 71.99999999999998579, 29.99999999999997868, 5.000000000000000000 ) ) ;
#7302 = PLANE ( 'NONE',  #545 ) ;
#7303 = VECTOR ( 'NONE', #1171, 1000.000000000000000 ) ;
#7304 = ORIENTED_EDGE ( 'NONE', *, *, #6386, .F. ) ;
#7305 = EDGE_CURVE ( 'NONE', #4400, #3786, #338, .T. ) ;
#7306 = VECTOR ( 'NONE', #7160, 1000.000000000000000 ) ;
#7307 = ORIENTED_EDGE ( 'NONE', *, *, #6214, .T. ) ;
#7308 = CARTESIAN_POINT ( 'NONE',  ( -75.00000000000002842, -48.00000000000002132, 2.000000000000000000 ) ) ;
#7309 = CARTESIAN_POINT ( 'NONE',  ( 74.99999999999997158, 69.99999999999998579, 2.000000000000000000 ) ) ;
#7310 = CARTESIAN_POINT ( 'NONE',  ( -72.00000000000002842, -72.00000000000001421, 1.999999999999982236 ) ) ;
#7311 = LINE ( 'NONE', #2968, #6930 ) ;
#7312 = ORIENTED_EDGE ( 'NONE', *, *, #1322, .F. ) ;
#7313 = LINE ( 'NONE', #4068, #8167 ) ;
#7314 = ORIENTED_EDGE ( 'NONE', *, *, #7457, .F. ) ;
#7315 = DIRECTION ( 'NONE',  ( -0.000000000000000000, 0.000000000000000000, -1.000000000000000000 ) ) ;
#7316 = ORIENTED_EDGE ( 'NONE', *, *, #7251, .F. ) ;
#7317 = DIRECTION ( 'NONE',  ( 1.914177628664063128E-16, -1.000000000000000000, -1.226270043362915368E-16 ) ) ;
#7318 = EDGE_LOOP ( 'NONE', ( #8228, #1424 ) ) ;
#7319 = ORIENTED_EDGE ( 'NONE', *, *, #5047, .T. ) ;
#7320 = CARTESIAN_POINT ( 'NONE',  ( 72.00000000000000000, -45.00000000000001421, 1.999999999999985789 ) ) ;
#7321 = EDGE_CURVE ( 'NONE', #2860, #7287, #378, .T. ) ;
#7322 = ORIENTED_EDGE ( 'NONE', *, *, #3263, .F. ) ;
#7323 = PLANE ( 'NONE',  #5093 ) ;
#7324 = LINE ( 'NONE', #4197, #647 ) ;
#7325 = DIRECTION ( 'NONE',  ( -1.850371707708594070E-16, 1.000000000000000000, 0.000000000000000000 ) ) ;
#7326 = DIRECTION ( 'NONE',  ( -1.000000000000000000, -0.000000000000000000, -0.000000000000000000 ) ) ;
#7327 = ORIENTED_EDGE ( 'NONE', *, *, #3504, .T. ) ;
#7328 = DIRECTION ( 'NONE',  ( 1.000000000000000000, 0.000000000000000000, 0.000000000000000000 ) ) ;
#7329 = EDGE_CURVE ( 'NONE', #1837, #2738, #1631, .T. ) ;
#7330 = DIRECTION ( 'NONE',  ( 0.000000000000000000, 0.000000000000000000, 1.000000000000000000 ) ) ;
#7331 = EDGE_CURVE ( 'NONE', #8256, #2764, #2886, .T. ) ;
#7332 = CIRCLE ( 'NONE', #135, 1.600000000000005196 ) ;
#7333 = CARTESIAN_POINT ( 'NONE',  ( 9.999999999999980460, 71.99999999999998579, 2.000000000000000000 ) ) ;
#7334 = CARTESIAN_POINT ( 'NONE',  ( -72.00000000000002842, -13.00000000000002487, 5.000000000000000000 ) ) ;
#7335 = CARTESIAN_POINT ( 'NONE',  ( -43.00000000000000711, -72.00000000000001421, 5.000000000000000000 ) ) ;
#7336 = VERTEX_POINT ( 'NONE', #1511 ) ;
#7337 = VECTOR ( 'NONE', #5100, 1000.000000000000000 ) ;
#7338 = ORIENTED_EDGE ( 'NONE', *, *, #1568, .F. ) ;
#7339 = LINE ( 'NONE', #7215, #3799 ) ;
#7340 = CARTESIAN_POINT ( 'NONE',  ( 71.99999999999998579, 9.999999999999980460, 5.000000000000000000 ) ) ;
#7341 = EDGE_CURVE ( 'NONE', #256, #976, #1592, .T. ) ;
#7342 = CARTESIAN_POINT ( 'NONE',  ( -75.00000000000002842, 71.99999999999998579, 2.000000000000000000 ) ) ;
#7343 = EDGE_CURVE ( 'NONE', #5474, #6653, #7972, .T. ) ;
#7344 = VECTOR ( 'NONE', #495, 1000.000000000000000 ) ;
#7345 = EDGE_LOOP ( 'NONE', ( #2565, #1623, #6342, #5357 ) ) ;
#7346 = EDGE_LOOP ( 'NONE', ( #625, #803, #6639, #8109 ) ) ;
#7347 = DIRECTION ( 'NONE',  ( -4.625929269271485322E-15, 0.000000000000000000, 1.000000000000000000 ) ) ;
#7348 = CARTESIAN_POINT ( 'NONE',  ( 75.00000000000000000, -45.00000000000001421, 1.999999999999985789 ) ) ;
#7349 = AXIS2_PLACEMENT_3D ( 'NONE', #3493, #7293, #402 ) ;
#7350 = ADVANCED_FACE ( 'NONE', ( #6601 ), #2140, .F. ) ;
#7351 = DIRECTION ( 'NONE',  ( 1.000000000000000000, 0.000000000000000000, 0.000000000000000000 ) ) ;
#7352 = PLANE ( 'NONE',  #7209 ) ;
#7353 = VERTEX_POINT ( 'NONE', #2179 ) ;
#7354 = CARTESIAN_POINT ( 'NONE',  ( 71.99999999999998579, -25.00000000000002132, 1.999999999999988232 ) ) ;
#7355 = ORIENTED_EDGE ( 'NONE', *, *, #1737, .T. ) ;
#7356 = CARTESIAN_POINT ( 'NONE',  ( -72.00000000000002842, -18.00000000000002132, 2.000000000000000000 ) ) ;
#7357 = EDGE_LOOP ( 'NONE', ( #4641, #3400, #7811, #3614 ) ) ;
#7358 = DIRECTION ( 'NONE',  ( -0.000000000000000000, -0.000000000000000000, -1.000000000000000000 ) ) ;
#7359 = DIRECTION ( 'NONE',  ( 1.000000000000000000, 1.850371707708594070E-16, -0.000000000000000000 ) ) ;
#7360 = ORIENTED_EDGE ( 'NONE', *, *, #5738, .T. ) ;
#7361 = FACE_BOUND ( 'NONE', #2144, .T. ) ;
#7362 = EDGE_LOOP ( 'NONE', ( #217, #8186, #450, #7158 ) ) ;
#7363 = CARTESIAN_POINT ( 'NONE',  ( -75.00000000000002842, 71.99999999999998579, 2.000000000000000000 ) ) ;
#7364 = ORIENTED_EDGE ( 'NONE', *, *, #5787, .T. ) ;
#7365 = DIRECTION ( 'NONE',  ( -0.000000000000000000, 1.000000000000000000, -0.000000000000000000 ) ) ;
#7366 = DIRECTION ( 'NONE',  ( -1.000000000000000000, 0.000000000000000000, -4.625929269271485322E-15 ) ) ;
#7367 = VECTOR ( 'NONE', #6741, 1000.000000000000000 ) ;
#7368 = EDGE_LOOP ( 'NONE', ( #762, #3844, #1769, #1184 ) ) ;
#7369 = LINE ( 'NONE', #5606, #4927 ) ;
#7370 = LINE ( 'NONE', #5367, #2689 ) ;
#7371 = VECTOR ( 'NONE', #3452, 1000.000000000000000 ) ;
#7372 = AXIS2_PLACEMENT_3D ( 'NONE', #878, #2799, #1503 ) ;
#7373 = VECTOR ( 'NONE', #1, 1000.000000000000000 ) ;
#7374 = PLANE ( 'NONE',  #6192 ) ;
#7375 = ADVANCED_FACE ( 'NONE', ( #1005 ), #4799, .F. ) ;
#7376 = DIRECTION ( 'NONE',  ( 0.000000000000000000, 0.000000000000000000, -1.000000000000000000 ) ) ;
#7378 = EDGE_CURVE ( 'NONE', #4180, #5487, #921, .T. ) ;
#7377 = CARTESIAN_POINT ( 'NONE',  ( 72.00000000000000000, -75.00000000000001421, 1.999999999999982236 ) ) ;
#7379 = ORIENTED_EDGE ( 'NONE', *, *, #2494, .T. ) ;
#7380 = VERTEX_POINT ( 'NONE', #4136 ) ;
#7381 = EDGE_CURVE ( 'NONE', #3350, #6653, #4175, .T. ) ;
#7382 = FACE_OUTER_BOUND ( 'NONE', #604, .T. ) ;
#7383 = CARTESIAN_POINT ( 'NONE',  ( 71.99999999999998579, -20.00000000000001776, 5.000000000000000000 ) ) ;
#7384 = LINE ( 'NONE', #1626, #6446 ) ;
#7385 = VECTOR ( 'NONE', #7119, 1000.000000000000000 ) ;
#7386 = LINE ( 'NONE', #4212, #7212 ) ;
#7387 = VECTOR ( 'NONE', #2669, 1000.000000000000000 ) ;
#7388 = EDGE_CURVE ( 'NONE', #5965, #1324, #7268, .T. ) ;
#7389 = ORIENTED_EDGE ( 'NONE', *, *, #7388, .T. ) ;
#7390 = CARTESIAN_POINT ( 'NONE',  ( 1.999999999999994893, -72.00000000000001421, 5.000000000000000000 ) ) ;
#7391 = AXIS2_PLACEMENT_3D ( 'NONE', #5578, #8136, #7513 ) ;
#7392 = ADVANCED_FACE ( 'NONE', ( #7039 ), #7709, .F. ) ;
#7393 = CARTESIAN_POINT ( 'NONE',  ( -72.00000000000002842, 41.99999999999997868, 5.000000000000000000 ) ) ;
#7394 = LINE ( 'NONE', #2967, #3737 ) ;
#7395 = FACE_OUTER_BOUND ( 'NONE', #5262, .T. ) ;
#7396 = AXIS2_PLACEMENT_3D ( 'NONE', #7817, #7860, #3433 ) ;
#7397 = ORIENTED_EDGE ( 'NONE', *, *, #7689, .F. ) ;
#7398 = EDGE_CURVE ( 'NONE', #6276, #3388, #1997, .T. ) ;
#7399 = FACE_OUTER_BOUND ( 'NONE', #512, .T. ) ;
#7400 = ORIENTED_EDGE ( 'NONE', *, *, #7639, .T. ) ;
#7401 = AXIS2_PLACEMENT_3D ( 'NONE', #6905, #3662, #3701 ) ;
#7402 = DIRECTION ( 'NONE',  ( 0.000000000000000000, -1.000000000000000000, 0.000000000000000000 ) ) ;
#7403 = EDGE_LOOP ( 'NONE', ( #6348, #12, #3268, #1807 ) ) ;
#7404 = LINE ( 'NONE', #1056, #6976 ) ;
#7405 = ORIENTED_EDGE ( 'NONE', *, *, #2753, .F. ) ;
#7406 = ORIENTED_EDGE ( 'NONE', *, *, #6616, .F. ) ;
#7407 = PLANE ( 'NONE',  #4271 ) ;
#7408 = EDGE_LOOP ( 'NONE', ( #4578, #2291, #2174, #7984 ) ) ;
#7409 = EDGE_CURVE ( 'NONE', #6184, #1859, #3792, .T. ) ;
#7410 = PLANE ( 'NONE',  #6827 ) ;
#7411 = LINE ( 'NONE', #4115, #4242 ) ;
#7412 = ORIENTED_EDGE ( 'NONE', *, *, #1368, .F. ) ;
#7413 = LINE ( 'NONE', #6028, #2445 ) ;
#7414 = ORIENTED_EDGE ( 'NONE', *, *, #2503, .T. ) ;
#7415 = CARTESIAN_POINT ( 'NONE',  ( -72.00000000000002842, -58.00000000000001421, 5.000000000000000000 ) ) ;
#7416 = DIRECTION ( 'NONE',  ( -1.000000000000000000, 0.000000000000000000, 0.000000000000000000 ) ) ;
#7417 = LINE ( 'NONE', #8043, #2341 ) ;
#7418 = PLANE ( 'NONE',  #4111 ) ;
#7419 = LINE ( 'NONE', #4089, #178 ) ;
#7420 = AXIS2_PLACEMENT_3D ( 'NONE', #4579, #74, #3956 ) ;
#7421 = EDGE_LOOP ( 'NONE', ( #5714, #5113, #3309, #5790 ) ) ;
#7422 = ORIENTED_EDGE ( 'NONE', *, *, #4182, .F. ) ;
#7423 = DIRECTION ( 'NONE',  ( -0.000000000000000000, 1.000000000000000000, -0.000000000000000000 ) ) ;
#7424 = CARTESIAN_POINT ( 'NONE',  ( 64.99999999999994316, 71.99999999999998579, 5.000000000000000000 ) ) ;
#7425 = DIRECTION ( 'NONE',  ( 1.000000000000000000, 0.000000000000000000, 0.000000000000000000 ) ) ;
#7426 = DIRECTION ( 'NONE',  ( -1.000000000000000000, -0.000000000000000000, -0.000000000000000000 ) ) ;
#7427 = EDGE_CURVE ( 'NONE', #644, #6896, #6949, .T. ) ;
#7428 = VECTOR ( 'NONE', #5723, 1000.000000000000000 ) ;
#7429 = ORIENTED_EDGE ( 'NONE', *, *, #3460, .F. ) ;
#7430 = LINE ( 'NONE', #5076, #3973 ) ;
#7431 = CARTESIAN_POINT ( 'NONE',  ( -75.00000000000002842, 74.99999999999998579, 5.000000000000000000 ) ) ;
#7432 = AXIS2_PLACEMENT_3D ( 'NONE', #6183, #1808, #6304 ) ;
#7433 = CARTESIAN_POINT ( 'NONE',  ( -75.00000000000002842, 71.99999999999998579, 2.000000000000000000 ) ) ;
#7434 = CARTESIAN_POINT ( 'NONE',  ( -25.00000000000004263, 71.99999999999998579, 5.000000000000000000 ) ) ;
#7435 = EDGE_CURVE ( 'NONE', #1688, #5550, #3836, .T. ) ;
#7436 = ORIENTED_EDGE ( 'NONE', *, *, #830, .T. ) ;
#7437 = EDGE_CURVE ( 'NONE', #1613, #1075, #460, .T. ) ;
#7438 = VECTOR ( 'NONE', #5445, 1000.000000000000000 ) ;
#7439 = LINE ( 'NONE', #6262, #39 ) ;
#7440 = ORIENTED_EDGE ( 'NONE', *, *, #2690, .T. ) ;
#7441 = CARTESIAN_POINT ( 'NONE',  ( 71.99999999999998579, -5.000000000000019540, 5.000000000000000000 ) ) ;
#7442 = ORIENTED_EDGE ( 'NONE', *, *, #7956, .F. ) ;
#7443 = CARTESIAN_POINT ( 'NONE',  ( 74.99999999999997158, 74.99999999999998579, 5.000000000000000000 ) ) ;
#7444 = DIRECTION ( 'NONE',  ( 1.000000000000000000, 1.850371707708594070E-16, -0.000000000000000000 ) ) ;
#7445 = PLANE ( 'NONE',  #1798 ) ;
#7446 = LINE ( 'NONE', #2397, #5730 ) ;
#7447 = VECTOR ( 'NONE', #2943, 1000.000000000000000 ) ;
#7448 = EDGE_CURVE ( 'NONE', #6739, #3864, #7670, .T. ) ;
#7449 = ORIENTED_EDGE ( 'NONE', *, *, #7991, .T. ) ;
#7450 = CARTESIAN_POINT ( 'NONE',  ( 71.99999999999998579, 29.99999999999997868, -6.123233995736766282E-16 ) ) ;
#7451 = VERTEX_POINT ( 'NONE', #6172 ) ;
#7452 = DIRECTION ( 'NONE',  ( 1.000000000000000000, 0.000000000000000000, 0.000000000000000000 ) ) ;
#7453 = VERTEX_POINT ( 'NONE', #1044 ) ;
#7454 = FACE_OUTER_BOUND ( 'NONE', #5891, .T. ) ;
#7455 = VERTEX_POINT ( 'NONE', #3006 ) ;
#7456 = CARTESIAN_POINT ( 'NONE',  ( 64.99999999999994316, 74.99999999999998579, 5.000000000000000000 ) ) ;
#7457 = EDGE_CURVE ( 'NONE', #3046, #8095, #8058, .T. ) ;
#7458 = LINE ( 'NONE', #1739, #1347 ) ;
#7459 = LINE ( 'NONE', #6283, #4867 ) ;
#7460 = LINE ( 'NONE', #4748, #1712 ) ;
#7461 = CARTESIAN_POINT ( 'NONE',  ( -13.00000000000001066, -72.00000000000001421, 5.000000000000000000 ) ) ;
#7462 = ORIENTED_EDGE ( 'NONE', *, *, #8207, .T. ) ;
#7463 = ORIENTED_EDGE ( 'NONE', *, *, #3395, .F. ) ;
#7464 = DIRECTION ( 'NONE',  ( 0.000000000000000000, -0.000000000000000000, 1.000000000000000000 ) ) ;
#7465 = DIRECTION ( 'NONE',  ( 1.000000000000000000, 0.000000000000000000, 0.000000000000000000 ) ) ;
#7466 = LINE ( 'NONE', #8089, #1616 ) ;
#7467 = DIRECTION ( 'NONE',  ( 1.000000000000000000, 0.000000000000000000, 0.000000000000000000 ) ) ;
#7468 = VECTOR ( 'NONE', #5594, 1000.000000000000000 ) ;
#7469 = ORIENTED_EDGE ( 'NONE', *, *, #951, .T. ) ;
#7470 = DIRECTION ( 'NONE',  ( 1.000000000000000000, 0.000000000000000000, -0.000000000000000000 ) ) ;
#7471 = LINE ( 'NONE', #627, #3426 ) ;
#7472 = FACE_OUTER_BOUND ( 'NONE', #2416, .T. ) ;
#7473 = VECTOR ( 'NONE', #6636, 1000.000000000000000 ) ;
#7474 = ORIENTED_EDGE ( 'NONE', *, *, #4163, .F. ) ;
#7475 = CARTESIAN_POINT ( 'NONE',  ( 72.00000000000000000, -45.00000000000001421, 0.000000000000000000 ) ) ;
#7476 = VECTOR ( 'NONE', #3929, 1000.000000000000000 ) ;
#7477 = ORIENTED_EDGE ( 'NONE', *, *, #2237, .F. ) ;
#7478 = ADVANCED_FACE ( 'NONE', ( #4883 ), #2498, .F. ) ;
#7479 = DIRECTION ( 'NONE',  ( 1.914177628664063128E-16, -1.000000000000000000, -1.226270043362915368E-16 ) ) ;
#7480 = ADVANCED_FACE ( 'NONE', ( #6129 ), #27, .F. ) ;
#7481 = ORIENTED_EDGE ( 'NONE', *, *, #5317, .T. ) ;
#7482 = CARTESIAN_POINT ( 'NONE',  ( -75.00000000000002842, 74.99999999999998579, 5.000000000000000000 ) ) ;
#7483 = CARTESIAN_POINT ( 'NONE',  ( -75.00000000000002842, 56.99999999999997868, 5.000000000000000000 ) ) ;
#7484 = DIRECTION ( 'NONE',  ( -0.000000000000000000, 0.000000000000000000, 1.000000000000000000 ) ) ;
#7485 = EDGE_CURVE ( 'NONE', #7913, #3404, #7430, .T. ) ;
#7486 = AXIS2_PLACEMENT_3D ( 'NONE', #6602, #3469, #5456 ) ;
#7487 = ORIENTED_EDGE ( 'NONE', *, *, #1462, .T. ) ;
#7488 = DIRECTION ( 'NONE',  ( -2.312964634635729250E-15, 0.000000000000000000, -1.000000000000000000 ) ) ;
#7489 = ORIENTED_EDGE ( 'NONE', *, *, #5530, .F. ) ;
#7490 = CARTESIAN_POINT ( 'NONE',  ( 54.99999999999995737, 71.99999999999998579, 2.000000000000000000 ) ) ;
#7491 = ADVANCED_FACE ( 'NONE', ( #5539 ), #8096, .F. ) ;
#7492 = ORIENTED_EDGE ( 'NONE', *, *, #8249, .T. ) ;
#7493 = CARTESIAN_POINT ( 'NONE',  ( -5.099999999999997868, 57.99999999999997868, 15.00000000000000000 ) ) ;
#7494 = EDGE_LOOP ( 'NONE', ( #6091, #3723, #6494, #3963 ) ) ;
#7495 = LINE ( 'NONE', #4990, #5674 ) ;
#7496 = EDGE_CURVE ( 'NONE', #4816, #3733, #1442, .T. ) ;
#7497 = CARTESIAN_POINT ( 'NONE',  ( -40.00000000000002132, 71.99999999999998579, 2.000000000000000000 ) ) ;
#7498 = LINE ( 'NONE', #6284, #7974 ) ;
#7499 = LINE ( 'NONE', #3664, #1381 ) ;
#7500 = EDGE_CURVE ( 'NONE', #2427, #5854, #1323, .T. ) ;
#7501 = VERTEX_POINT ( 'NONE', #3201 ) ;
#7502 = ORIENTED_EDGE ( 'NONE', *, *, #8019, .F. ) ;
#7503 = CARTESIAN_POINT ( 'NONE',  ( -72.00000000000002842, 6.999999999999992006, 2.000000000000000000 ) ) ;
#7504 = CARTESIAN_POINT ( 'NONE',  ( 34.99999999999995737, 71.99999999999998579, 5.000000000000000000 ) ) ;
#7505 = CARTESIAN_POINT ( 'NONE',  ( -75.00000000000002842, 71.99999999999998579, 2.000000000000000000 ) ) ;
#7506 = VECTOR ( 'NONE', #4083, 1000.000000000000000 ) ;
#7507 = AXIS2_PLACEMENT_3D ( 'NONE', #7809, #667, #3927 ) ;
#7508 = AXIS2_PLACEMENT_3D ( 'NONE', #851, #2109, #2774 ) ;
#7509 = DIRECTION ( 'NONE',  ( -0.000000000000000000, -0.000000000000000000, -1.000000000000000000 ) ) ;
#7510 = EDGE_CURVE ( 'NONE', #246, #7827, #5737, .T. ) ;
#7511 = VECTOR ( 'NONE', #2413, 1000.000000000000000 ) ;
#7512 = VERTEX_POINT ( 'NONE', #3873 ) ;
#7513 = DIRECTION ( 'NONE',  ( -4.625929269271485322E-15, 0.000000000000000000, 1.000000000000000000 ) ) ;
#7514 = CARTESIAN_POINT ( 'NONE',  ( -75.00000000000002842, 36.99999999999997868, 5.000000000000000000 ) ) ;
#7515 = CARTESIAN_POINT ( 'NONE',  ( 26.99999999999998934, -75.00000000000001421, 5.000000000000000000 ) ) ;
#7516 = ORIENTED_EDGE ( 'NONE', *, *, #1512, .T. ) ;
#7517 = VECTOR ( 'NONE', #1452, 1000.000000000000000 ) ;
#7518 = FACE_OUTER_BOUND ( 'NONE', #2393, .T. ) ;
#7519 = AXIS2_PLACEMENT_3D ( 'NONE', #4792, #4712, #4128 ) ;
#7520 = ORIENTED_EDGE ( 'NONE', *, *, #6422, .F. ) ;
#7521 = DIRECTION ( 'NONE',  ( -1.000000000000000000, -1.850371707708594070E-16, 0.000000000000000000 ) ) ;
#7522 = ORIENTED_EDGE ( 'NONE', *, *, #3678, .F. ) ;
#7523 = ORIENTED_EDGE ( 'NONE', *, *, #5652, .T. ) ;
#7524 = LINE ( 'NONE', #6349, #445 ) ;
#7525 = AXIS2_PLACEMENT_3D ( 'NONE', #6308, #2686, #4210 ) ;
#7526 = DIRECTION ( 'NONE',  ( 1.000000000000000000, 0.000000000000000000, -0.000000000000000000 ) ) ;
#7527 = CARTESIAN_POINT ( 'NONE',  ( 71.99999999999997158, 69.99999999999998579, 2.000000000000000000 ) ) ;
#7528 = VERTEX_POINT ( 'NONE', #3243 ) ;
#7529 = ADVANCED_FACE ( 'NONE', ( #5782 ), #71, .F. ) ;
#7530 = VECTOR ( 'NONE', #664, 1000.000000000000000 ) ;
#7531 = CARTESIAN_POINT ( 'NONE',  ( -75.00000000000002842, -28.00000000000001776, 5.000000000000000000 ) ) ;
#7532 = ORIENTED_EDGE ( 'NONE', *, *, #6282, .F. ) ;
#7533 = DIRECTION ( 'NONE',  ( -4.625929269271458501E-15, -0.000000000000000000, 1.000000000000000000 ) ) ;
#7534 = VERTEX_POINT ( 'NONE', #7078 ) ;
#7535 = LINE ( 'NONE', #2526, #5495 ) ;
#7536 = ORIENTED_EDGE ( 'NONE', *, *, #3224, .F. ) ;
#7537 = LINE ( 'NONE', #401, #5453 ) ;
#7538 = EDGE_CURVE ( 'NONE', #3193, #5943, #278, .T. ) ;
#7539 = DIRECTION ( 'NONE',  ( -0.000000000000000000, -0.000000000000000000, -1.000000000000000000 ) ) ;
#7540 = EDGE_CURVE ( 'NONE', #1859, #7823, #2665, .T. ) ;
#7541 = DIRECTION ( 'NONE',  ( -1.850371707708594316E-16, 1.000000000000000000, -0.000000000000000000 ) ) ;
#7542 = FACE_OUTER_BOUND ( 'NONE', #361, .T. ) ;
#7543 = ORIENTED_EDGE ( 'NONE', *, *, #5330, .T. ) ;
#7544 = ORIENTED_EDGE ( 'NONE', *, *, #5234, .F. ) ;
#7545 = CARTESIAN_POINT ( 'NONE',  ( 3.500000000000003109, -57.99999999999997868, 5.000000000000000888 ) ) ;
#7546 = CARTESIAN_POINT ( 'NONE',  ( 31.99999999999998579, -72.00000000000001421, 1.999999999999982236 ) ) ;
#7547 = CARTESIAN_POINT ( 'NONE',  ( -72.00000000000002842, -8.000000000000028422, 5.000000000000000000 ) ) ;
#7548 = ADVANCED_FACE ( 'NONE', ( #6582 ), #1538, .F. ) ;
#7549 = DIRECTION ( 'NONE',  ( -0.000000000000000000, 1.000000000000000000, -0.000000000000000000 ) ) ;
#7550 = EDGE_LOOP ( 'NONE', ( #7096, #1809, #6319, #3429 ) ) ;
#7551 = DIRECTION ( 'NONE',  ( -1.000000000000000000, -1.850371707708594316E-16, 0.000000000000000000 ) ) ;
#7552 = VERTEX_POINT ( 'NONE', #1449 ) ;
#7553 = LINE ( 'NONE', #6175, #4442 ) ;
#7554 = ORIENTED_EDGE ( 'NONE', *, *, #7899, .T. ) ;
#7555 = DIRECTION ( 'NONE',  ( 2.269055394249329430E-32, -1.226270043362915368E-16, 1.000000000000000000 ) ) ;
#7556 = EDGE_CURVE ( 'NONE', #1275, #4847, #7751, .T. ) ;
#7557 = VERTEX_POINT ( 'NONE', #3954 ) ;
#7558 = CARTESIAN_POINT ( 'NONE',  ( -50.00000000000003553, 71.99999999999998579, 5.000000000000000000 ) ) ;
#7559 = AXIS2_PLACEMENT_3D ( 'NONE', #139, #7781, #227 ) ;
#7560 = ORIENTED_EDGE ( 'NONE', *, *, #6178, .F. ) ;
#7561 = FACE_OUTER_BOUND ( 'NONE', #422, .T. ) ;
#7562 = ORIENTED_EDGE ( 'NONE', *, *, #316, .T. ) ;
#7563 = LINE ( 'NONE', #5553, #1517 ) ;
#7564 = CARTESIAN_POINT ( 'NONE',  ( 71.99999999999998579, 29.99999999999997868, 5.000000000000000000 ) ) ;
#7565 = DIRECTION ( 'NONE',  ( 2.312964634635729250E-15, 0.000000000000000000, 1.000000000000000000 ) ) ;
#7566 = CARTESIAN_POINT ( 'NONE',  ( 54.99999999999995737, 74.99999999999998579, 2.000000000000000000 ) ) ;
#7567 = VECTOR ( 'NONE', #6373, 1000.000000000000000 ) ;
#7568 = ORIENTED_EDGE ( 'NONE', *, *, #2862, .F. ) ;
#7569 = CARTESIAN_POINT ( 'NONE',  ( -72.00000000000002842, -23.00000000000002132, 5.000000000000000000 ) ) ;
#7570 = ORIENTED_EDGE ( 'NONE', *, *, #3990, .F. ) ;
#7571 = FACE_OUTER_BOUND ( 'NONE', #7820, .T. ) ;
#7572 = ORIENTED_EDGE ( 'NONE', *, *, #6414, .T. ) ;
#7573 = VECTOR ( 'NONE', #6391, 1000.000000000000000 ) ;
#7574 = LINE ( 'NONE', #3697, #1645 ) ;
#7575 = EDGE_LOOP ( 'NONE', ( #3585, #3072, #3971, #5209 ) ) ;
#7576 = EDGE_CURVE ( 'NONE', #1467, #408, #778, .T. ) ;
#7577 = CARTESIAN_POINT ( 'NONE',  ( 71.99999999999998579, -30.00000000000002842, 5.000000000000000000 ) ) ;
#7578 = LINE ( 'NONE', #3741, #6460 ) ;
#7579 = LINE ( 'NONE', #1862, #243 ) ;
#7580 = CARTESIAN_POINT ( 'NONE',  ( -72.00000000000002842, -3.000000000000016431, 5.000000000000000000 ) ) ;
#7581 = ORIENTED_EDGE ( 'NONE', *, *, #8211, .T. ) ;
#7582 = DIRECTION ( 'NONE',  ( 1.850371707708594316E-16, -1.000000000000000000, 0.000000000000000000 ) ) ;
#7583 = EDGE_CURVE ( 'NONE', #1507, #4751, #4038, .T. ) ;
#7584 = ORIENTED_EDGE ( 'NONE', *, *, #2610, .T. ) ;
#7585 = EDGE_CURVE ( 'NONE', #6890, #5139, #5243, .T. ) ;
#7586 = LINE ( 'NONE', #742, #6625 ) ;
#7587 = FACE_OUTER_BOUND ( 'NONE', #5937, .T. ) ;
#7588 = CARTESIAN_POINT ( 'NONE',  ( 64.99999999999994316, 74.99999999999998579, 5.000000000000000000 ) ) ;
#7589 = ADVANCED_FACE ( 'NONE', ( #3283 ), #2204, .F. ) ;
#7590 = DIRECTION ( 'NONE',  ( 1.000000000000000000, 0.000000000000000000, 0.000000000000000000 ) ) ;
#7591 = ORIENTED_EDGE ( 'NONE', *, *, #4981, .T. ) ;
#7592 = EDGE_CURVE ( 'NONE', #2534, #3685, #2978, .T. ) ;
#7593 = DIRECTION ( 'NONE',  ( 1.000000000000000000, 0.000000000000000000, 0.000000000000000000 ) ) ;
#7594 = PLANE ( 'NONE',  #4572 ) ;
#7595 = CARTESIAN_POINT ( 'NONE',  ( 71.99999999999997158, 54.99999999999997868, 1.999999999999998224 ) ) ;
#7596 = EDGE_CURVE ( 'NONE', #4037, #4343, #5326, .T. ) ;
#7597 = VERTEX_POINT ( 'NONE', #238 ) ;
#7598 = VECTOR ( 'NONE', #4566, 1000.000000000000000 ) ;
#7599 = DIRECTION ( 'NONE',  ( 1.000000000000000000, 1.850371707708594070E-16, -0.000000000000000000 ) ) ;
#7600 = ORIENTED_EDGE ( 'NONE', *, *, #789, .F. ) ;
#7601 = CARTESIAN_POINT ( 'NONE',  ( -25.00000000000004263, 71.99999999999998579, 5.000000000000000000 ) ) ;
#7602 = EDGE_CURVE ( 'NONE', #2350, #5191, #7206, .T. ) ;
#7603 = ORIENTED_EDGE ( 'NONE', *, *, #1208, .F. ) ;
#7604 = DIRECTION ( 'NONE',  ( 0.000000000000000000, -0.000000000000000000, -1.000000000000000000 ) ) ;
#7605 = VECTOR ( 'NONE', #7774, 1000.000000000000000 ) ;
#7606 = CARTESIAN_POINT ( 'NONE',  ( 1.999999999999994893, -72.00000000000001421, 5.000000000000000000 ) ) ;
#7607 = DIRECTION ( 'NONE',  ( -0.000000000000000000, -1.000000000000000000, -0.000000000000000000 ) ) ;
#7608 = ORIENTED_EDGE ( 'NONE', *, *, #2443, .F. ) ;
#7609 = AXIS2_PLACEMENT_3D ( 'NONE', #7342, #6674, #2297 ) ;
#7610 = DIRECTION ( 'NONE',  ( 1.000000000000000000, 0.000000000000000000, 0.000000000000000000 ) ) ;
#7611 = ORIENTED_EDGE ( 'NONE', *, *, #4286, .T. ) ;
#7612 = CARTESIAN_POINT ( 'NONE',  ( -72.00000000000002842, 16.99999999999997868, 5.000000000000000000 ) ) ;
#7613 = EDGE_CURVE ( 'NONE', #7453, #5859, #5860, .T. ) ;
#7614 = ORIENTED_EDGE ( 'NONE', *, *, #3259, .T. ) ;
#7615 = LINE ( 'NONE', #6902, #5898 ) ;
#7616 = VERTEX_POINT ( 'NONE', #6535 ) ;
#7617 = DIRECTION ( 'NONE',  ( 1.000000000000000000, 0.000000000000000000, 0.000000000000000000 ) ) ;
#7618 = VECTOR ( 'NONE', #4539, 1000.000000000000000 ) ;
#7619 = ORIENTED_EDGE ( 'NONE', *, *, #3672, .F. ) ;
#7620 = CARTESIAN_POINT ( 'NONE',  ( -72.00000000000002842, 41.99999999999997868, 2.000000000000000000 ) ) ;
#7621 = LINE ( 'NONE', #4326, #5432 ) ;
#7622 = CARTESIAN_POINT ( 'NONE',  ( -18.00000000000001066, -72.00000000000001421, 5.000000000000000000 ) ) ;
#7623 = ORIENTED_EDGE ( 'NONE', *, *, #2443, .T. ) ;
#7624 = DIRECTION ( 'NONE',  ( 0.000000000000000000, 0.000000000000000000, -1.000000000000000000 ) ) ;
#7625 = EDGE_LOOP ( 'NONE', ( #3165, #616, #6144, #1599 ) ) ;
#7626 = CARTESIAN_POINT ( 'NONE',  ( 71.99999999999997158, 69.99999999999998579, 2.000000000000000000 ) ) ;
#7627 = DIRECTION ( 'NONE',  ( -0.000000000000000000, 1.000000000000000000, -0.000000000000000000 ) ) ;
#7628 = PLANE ( 'NONE',  #2953 ) ;
#7629 = PRESENTATION_LAYER_ASSIGNMENT (  '', '', ( #3773 ) ) ;
#7630 = EDGE_CURVE ( 'NONE', #4893, #4288, #904, .T. ) ;
#7631 = CARTESIAN_POINT ( 'NONE',  ( 29.99999999999995737, 71.99999999999998579, 5.000000000000000000 ) ) ;
#7632 = ORIENTED_EDGE ( 'NONE', *, *, #1435, .T. ) ;
#7633 = AXIS2_PLACEMENT_3D ( 'NONE', #6485, #7156, #6612 ) ;
#7634 = CARTESIAN_POINT ( 'NONE',  ( 71.99999999999997158, 69.99999999999998579, 2.000000000000000000 ) ) ;
#7635 = AXIS2_PLACEMENT_3D ( 'NONE', #2793, #5332, #2834 ) ;
#7636 = DIRECTION ( 'NONE',  ( -1.000000000000000000, -0.000000000000000000, -0.000000000000000000 ) ) ;
#7637 = FACE_OUTER_BOUND ( 'NONE', #4133, .T. ) ;
#7638 = VERTEX_POINT ( 'NONE', #5905 ) ;
#7639 = EDGE_CURVE ( 'NONE', #1707, #5184, #867, .T. ) ;
#7640 = VECTOR ( 'NONE', #7947, 1000.000000000000000 ) ;
#7641 = AXIS2_PLACEMENT_3D ( 'NONE', #6837, #3800, #8264 ) ;
#7642 = FACE_OUTER_BOUND ( 'NONE', #2422, .T. ) ;
#7643 = EDGE_CURVE ( 'NONE', #5963, #4524, #7836, .T. ) ;
#7644 = VERTEX_POINT ( 'NONE', #3412 ) ;
#7645 = ORIENTED_EDGE ( 'NONE', *, *, #4936, .F. ) ;
#7646 = DIRECTION ( 'NONE',  ( 1.000000000000000000, 1.850371707708594070E-16, -0.000000000000000000 ) ) ;
#7647 = EDGE_LOOP ( 'NONE', ( #6712, #3340, #674, #3948 ) ) ;
#7648 = CARTESIAN_POINT ( 'NONE',  ( -43.00000000000000711, -72.00000000000001421, 5.000000000000000000 ) ) ;
#7649 =( LENGTH_UNIT ( ) NAMED_UNIT ( * ) SI_UNIT ( .MILLI., .METRE. ) );
#7650 = LINE ( 'NONE', #721, #6590 ) ;
#7651 = DIRECTION ( 'NONE',  ( -1.000000000000000000, 0.000000000000000000, 0.000000000000000000 ) ) ;
#7652 = AXIS2_PLACEMENT_3D ( 'NONE', #3380, #2132, #7216 ) ;
#7653 = ORIENTED_EDGE ( 'NONE', *, *, #4067, .F. ) ;
#7654 = EDGE_CURVE ( 'NONE', #7235, #3297, #5944, .T. ) ;
#7655 = DIRECTION ( 'NONE',  ( 4.625929269271458501E-15, 0.000000000000000000, -1.000000000000000000 ) ) ;
#7656 = ORIENTED_EDGE ( 'NONE', *, *, #6422, .T. ) ;
#7657 = CARTESIAN_POINT ( 'NONE',  ( -68.00000000000000000, -72.00000000000001421, 5.000000000000000000 ) ) ;
#7658 = VERTEX_POINT ( 'NONE', #2163 ) ;
#7659 = FACE_OUTER_BOUND ( 'NONE', #2918, .T. ) ;
#7660 = ORIENTED_EDGE ( 'NONE', *, *, #6866, .F. ) ;
#7661 = VECTOR ( 'NONE', #2293, 1000.000000000000000 ) ;
#7662 = CARTESIAN_POINT ( 'NONE',  ( 71.99999999999997158, 59.99999999999997868, 5.000000000000000000 ) ) ;
#7663 = VECTOR ( 'NONE', #3921, 1000.000000000000000 ) ;
#7664 = ORIENTED_EDGE ( 'NONE', *, *, #2157, .T. ) ;
#7665 = EDGE_CURVE ( 'NONE', #5613, #2681, #4700, .T. ) ;
#7666 = CARTESIAN_POINT ( 'NONE',  ( 3.500000000000003109, 57.99999999999997868, 5.000000000000000888 ) ) ;
#7667 = CARTESIAN_POINT ( 'NONE',  ( 29.99999999999995737, 71.99999999999998579, 5.000000000000000000 ) ) ;
#7668 = CARTESIAN_POINT ( 'NONE',  ( -35.00000000000004263, 74.99999999999998579, 5.000000000000000000 ) ) ;
#7669 = ORIENTED_EDGE ( 'NONE', *, *, #4879, .T. ) ;
#7670 = LINE ( 'NONE', #6799, #4231 ) ;
#7671 = VECTOR ( 'NONE', #816, 1000.000000000000000 ) ;
#7672 = ORIENTED_EDGE ( 'NONE', *, *, #1009, .F. ) ;
#7673 = CARTESIAN_POINT ( 'NONE',  ( -72.00000000000002842, -43.00000000000002132, 5.000000000000000000 ) ) ;
#7674 = LINE ( 'NONE', #3998, #7788 ) ;
#7675 = LINE ( 'NONE', #7547, #2420 ) ;
#7676 = CARTESIAN_POINT ( 'NONE',  ( -30.00000000000003908, 71.99999999999998579, 5.000000000000000000 ) ) ;
#7677 = ORIENTED_EDGE ( 'NONE', *, *, #7283, .T. ) ;
#7678 = LINE ( 'NONE', #1966, #3528 ) ;
#7679 = EDGE_CURVE ( 'NONE', #5770, #7716, #7289, .T. ) ;
#7680 = PLANE ( 'NONE',  #2049 ) ;
#7681 = DIRECTION ( 'NONE',  ( 1.000000000000000000, 0.000000000000000000, 0.000000000000000000 ) ) ;
#7682 = VERTEX_POINT ( 'NONE', #6699 ) ;
#7683 = ORIENTED_EDGE ( 'NONE', *, *, #4822, .F. ) ;
#7684 = ORIENTED_EDGE ( 'NONE', *, *, #3195, .T. ) ;
#7685 = CARTESIAN_POINT ( 'NONE',  ( -72.00000000000002842, -72.00000000000001421, 1.999999999999982236 ) ) ;
#7686 = VECTOR ( 'NONE', #6031, 1000.000000000000000 ) ;
#7687 = DIRECTION ( 'NONE',  ( 0.000000000000000000, 1.000000000000000000, 0.000000000000000000 ) ) ;
#7688 = CARTESIAN_POINT ( 'NONE',  ( -75.00000000000002842, 74.99999999999998579, 5.000000000000000000 ) ) ;
#7689 = EDGE_CURVE ( 'NONE', #3915, #3591, #7413, .T. ) ;
#7690 = CARTESIAN_POINT ( 'NONE',  ( 67.00000000000000000, -72.00000000000001421, 1.999999999999982236 ) ) ;
#7691 = EDGE_CURVE ( 'NONE', #2692, #4561, #6196, .T. ) ;
#7692 = ORIENTED_EDGE ( 'NONE', *, *, #3930, .T. ) ;
#7693 = VECTOR ( 'NONE', #4305, 1000.000000000000000 ) ;
#7694 = LINE ( 'NONE', #3775, #4837 ) ;
#7695 = EDGE_LOOP ( 'NONE', ( #5108, #2835, #1321, #3368 ) ) ;
#7696 = DIRECTION ( 'NONE',  ( -0.000000000000000000, -4.625929269271485322E-15, 1.000000000000000000 ) ) ;
#7697 = DIRECTION ( 'NONE',  ( 1.914177628664063128E-16, -1.000000000000000000, -1.226270043362915368E-16 ) ) ;
#7698 = ORIENTED_EDGE ( 'NONE', *, *, #1672, .T. ) ;
#7699 = EDGE_CURVE ( 'NONE', #6972, #5577, #5563, .T. ) ;
#7700 = CARTESIAN_POINT ( 'NONE',  ( 74.99999999999998579, 19.99999999999997513, -6.123233995736766282E-16 ) ) ;
#7701 = VECTOR ( 'NONE', #1957, 1000.000000000000000 ) ;
#7702 = EDGE_CURVE ( 'NONE', #1655, #2350, #4237, .T. ) ;
#7703 = ORIENTED_EDGE ( 'NONE', *, *, #6675, .T. ) ;
#7704 = DIRECTION ( 'NONE',  ( -0.000000000000000000, 1.000000000000000000, -0.000000000000000000 ) ) ;
#7705 = AXIS2_PLACEMENT_3D ( 'NONE', #6369, #4952, #5118 ) ;
#7706 = CARTESIAN_POINT ( 'NONE',  ( -3.000000000000002665, -75.00000000000001421, 1.999999999999982236 ) ) ;
#7707 = DIRECTION ( 'NONE',  ( -0.000000000000000000, 0.000000000000000000, -1.000000000000000000 ) ) ;
#7708 = VERTEX_POINT ( 'NONE', #8034 ) ;
#7709 = PLANE ( 'NONE',  #6762 ) ;
#7710 = VERTEX_POINT ( 'NONE', #6783 ) ;
#7711 = EDGE_CURVE ( 'NONE', #8036, #3481, #399, .T. ) ;
#7712 = CARTESIAN_POINT ( 'NONE',  ( 19.99999999999996092, 71.99999999999998579, 5.000000000000000000 ) ) ;
#7713 = DIRECTION ( 'NONE',  ( 0.000000000000000000, -0.000000000000000000, -1.000000000000000000 ) ) ;
#7714 = DIRECTION ( 'NONE',  ( 0.000000000000000000, 0.000000000000000000, -1.000000000000000000 ) ) ;
#7715 = PLANE ( 'NONE',  #6603 ) ;
#7716 = VERTEX_POINT ( 'NONE', #6070 ) ;
#7717 = LINE ( 'NONE', #2673, #6595 ) ;
#7718 = CARTESIAN_POINT ( 'NONE',  ( 47.00000000000000000, -72.00000000000001421, 1.999999999999982236 ) ) ;
#7719 = DIRECTION ( 'NONE',  ( 0.000000000000000000, 0.000000000000000000, 1.000000000000000000 ) ) ;
#7720 = FACE_OUTER_BOUND ( 'NONE', #5463, .T. ) ;
#7721 = VERTEX_POINT ( 'NONE', #2870 ) ;
#7722 = ORIENTED_EDGE ( 'NONE', *, *, #404, .T. ) ;
#7723 = EDGE_LOOP ( 'NONE', ( #3642, #3694, #7660, #3466 ) ) ;
#7724 = VERTEX_POINT ( 'NONE', #7958 ) ;
#7725 = LINE ( 'NONE', #2101, #237 ) ;
#7726 = CARTESIAN_POINT ( 'NONE',  ( -75.00000000000002842, -75.00000000000001421, 5.000000000000000000 ) ) ;
#7727 = DIRECTION ( 'NONE',  ( 1.000000000000000000, 0.000000000000000000, 0.000000000000000000 ) ) ;
#7728 = LINE ( 'NONE', #3857, #1336 ) ;
#7729 = ORIENTED_EDGE ( 'NONE', *, *, #2590, .F. ) ;
#7730 = AXIS2_PLACEMENT_3D ( 'NONE', #1047, #420, #5502 ) ;
#7731 = EDGE_CURVE ( 'NONE', #4154, #7764, #2325, .T. ) ;
#7732 = ADVANCED_FACE ( 'NONE', ( #7454 ), #4276, .F. ) ;
#7733 = PLANE ( 'NONE',  #1770 ) ;
#7734 = VECTOR ( 'NONE', #7607, 1000.000000000000000 ) ;
#7735 = ORIENTED_EDGE ( 'NONE', *, *, #1582, .F. ) ;
#7736 = LINE ( 'NONE', #6524, #5026 ) ;
#7737 = EDGE_LOOP ( 'NONE', ( #5150, #7975 ) ) ;
#7738 = EDGE_CURVE ( 'NONE', #5176, #7710, #6660, .T. ) ;
#7739 = DIRECTION ( 'NONE',  ( 0.000000000000000000, -1.000000000000000000, 0.000000000000000000 ) ) ;
#7740 = ORIENTED_EDGE ( 'NONE', *, *, #463, .F. ) ;
#7741 = CARTESIAN_POINT ( 'NONE',  ( 54.99999999999995737, 74.99999999999998579, 5.000000000000000000 ) ) ;
#7742 = VECTOR ( 'NONE', #2094, 1000.000000000000000 ) ;
#7743 = ORIENTED_EDGE ( 'NONE', *, *, #2874, .F. ) ;
#7744 = ADVANCED_FACE ( 'NONE', ( #4199 ), #4820, .F. ) ;
#7745 = LINE ( 'NONE', #7620, #4735 ) ;
#7746 = DIRECTION ( 'NONE',  ( -0.000000000000000000, -0.000000000000000000, -1.000000000000000000 ) ) ;
#7747 = CARTESIAN_POINT ( 'NONE',  ( -25.00000000000004263, 71.99999999999998579, 5.000000000000000000 ) ) ;
#7748 = EDGE_LOOP ( 'NONE', ( #2229, #4651, #4418, #7094 ) ) ;
#7749 = EDGE_CURVE ( 'NONE', #2850, #5448, #3575, .T. ) ;
#7750 = VECTOR ( 'NONE', #3247, 1000.000000000000000 ) ;
#7751 = LINE ( 'NONE', #2037, #1914 ) ;
#7752 = ORIENTED_EDGE ( 'NONE', *, *, #6540, .T. ) ;
#7753 = DIRECTION ( 'NONE',  ( -1.000000000000000000, -0.000000000000000000, -0.000000000000000000 ) ) ;
#7754 = DIRECTION ( 'NONE',  ( 0.000000000000000000, -1.000000000000000000, 0.000000000000000000 ) ) ;
#7755 = CARTESIAN_POINT ( 'NONE',  ( 31.99999999999999289, -75.00000000000001421, 5.000000000000000000 ) ) ;
#7756 = ORIENTED_EDGE ( 'NONE', *, *, #2286, .F. ) ;
#7757 = ADVANCED_FACE ( 'NONE', ( #7996 ), #4906, .F. ) ;
#7758 = DIRECTION ( 'NONE',  ( 2.269055394249329430E-32, -1.226270043362915368E-16, 1.000000000000000000 ) ) ;
#7759 = ORIENTED_EDGE ( 'NONE', *, *, #8092, .F. ) ;
#7760 = LINE ( 'NONE', #1547, #5259 ) ;
#7761 = DIRECTION ( 'NONE',  ( -0.000000000000000000, -0.000000000000000000, -1.000000000000000000 ) ) ;
#7762 = PLANE ( 'NONE',  #2318 ) ;
#7763 = CARTESIAN_POINT ( 'NONE',  ( -45.00000000000004263, 71.99999999999998579, 2.000000000000000000 ) ) ;
#7764 = VERTEX_POINT ( 'NONE', #3490 ) ;
#7765 = EDGE_CURVE ( 'NONE', #5878, #7766, #436, .T. ) ;
#7766 = VERTEX_POINT ( 'NONE', #6744 ) ;
#7767 = PRODUCT_DEFINITION_SHAPE ( 'NONE', 'NONE',  #7129 ) ;
#7768 = ORIENTED_EDGE ( 'NONE', *, *, #719, .T. ) ;
#7769 = VECTOR ( 'NONE', #7822, 1000.000000000000000 ) ;
#7770 = ORIENTED_EDGE ( 'NONE', *, *, #7890, .T. ) ;
#7771 = CARTESIAN_POINT ( 'NONE',  ( -75.00000000000002842, -75.00000000000001421, 5.000000000000000000 ) ) ;
#7772 = DIRECTION ( 'NONE',  ( -0.000000000000000000, -1.000000000000000000, -0.000000000000000000 ) ) ;
#7773 = CARTESIAN_POINT ( 'NONE',  ( 72.00000000000000000, -55.00000000000002132, 1.999999999999984901 ) ) ;
#7774 = DIRECTION ( 'NONE',  ( -0.000000000000000000, 1.000000000000000000, -0.000000000000000000 ) ) ;
#7775 = VECTOR ( 'NONE', #3535, 1000.000000000000000 ) ;
#7776 = VECTOR ( 'NONE', #4307, 1000.000000000000000 ) ;
#7777 = ORIENTED_EDGE ( 'NONE', *, *, #3170, .T. ) ;
#7778 = AXIS2_PLACEMENT_3D ( 'NONE', #3542, #4162, #6077 ) ;
#7779 = DIRECTION ( 'NONE',  ( -4.625929269271485322E-15, 0.000000000000000000, 1.000000000000000000 ) ) ;
#7780 = VERTEX_POINT ( 'NONE', #1025 ) ;
#7781 = DIRECTION ( 'NONE',  ( -0.000000000000000000, 0.000000000000000000, 1.000000000000000000 ) ) ;
#7782 = EDGE_LOOP ( 'NONE', ( #4955, #1820, #3329, #213 ) ) ;
#7783 = CARTESIAN_POINT ( 'NONE',  ( -72.00000000000002842, 31.99999999999997868, 5.000000000000000000 ) ) ;
#7784 = CIRCLE ( 'NONE', #2851, 1.600000000000004086 ) ;
#7785 = ORIENTED_EDGE ( 'NONE', *, *, #537, .T. ) ;
#7786 = EDGE_CURVE ( 'NONE', #1875, #920, #1065, .T. ) ;
#7787 = VERTEX_POINT ( 'NONE', #321 ) ;
#7788 = VECTOR ( 'NONE', #781, 1000.000000000000000 ) ;
#7789 = DIRECTION ( 'NONE',  ( 1.850371707708594316E-16, -1.000000000000000000, 0.000000000000000000 ) ) ;
#7790 = CARTESIAN_POINT ( 'NONE',  ( 72.00000000000000000, -70.00000000000002842, 1.999999999999982681 ) ) ;
#7791 = CARTESIAN_POINT ( 'NONE',  ( -75.00000000000002842, 74.99999999999998579, 5.000000000000000000 ) ) ;
#7792 = VECTOR ( 'NONE', #2376, 1000.000000000000000 ) ;
#7793 = ORIENTED_EDGE ( 'NONE', *, *, #454, .T. ) ;
#7794 = CARTESIAN_POINT ( 'NONE',  ( 49.99999999999996447, 71.99999999999998579, 5.000000000000000000 ) ) ;
#7795 = VERTEX_POINT ( 'NONE', #2987 ) ;
#7796 = CARTESIAN_POINT ( 'NONE',  ( 74.99999999999997158, 64.99999999999998579, 1.999999999999999556 ) ) ;
#7797 = LINE ( 'NONE', #4498, #191 ) ;
#7798 = VECTOR ( 'NONE', #5269, 1000.000000000000000 ) ;
#7799 = EDGE_CURVE ( 'NONE', #1094, #3601, #482, .T. ) ;
#7800 = LINE ( 'NONE', #1327, #3890 ) ;
#7801 = ORIENTED_EDGE ( 'NONE', *, *, #7956, .T. ) ;
#7802 = ADVANCED_FACE ( 'NONE', ( #5522 ), #8077, .F. ) ;
#7803 = CARTESIAN_POINT ( 'NONE',  ( -50.00000000000003553, 71.99999999999998579, 5.000000000000000000 ) ) ;
#7804 = LINE ( 'NONE', #5870, #7106 ) ;
#7805 = ORIENTED_EDGE ( 'NONE', *, *, #8261, .T. ) ;
#7806 = LINE ( 'NONE', #7634, #3396 ) ;
#7807 = LINE ( 'NONE', #4632, #3920 ) ;
#7808 = EDGE_CURVE ( 'NONE', #2893, #3793, #3824, .T. ) ;
#7809 = CARTESIAN_POINT ( 'NONE',  ( 72.00000000000000000, -40.00000000000002132, -6.123233995736766282E-16 ) ) ;
#7810 = CARTESIAN_POINT ( 'NONE',  ( 74.99999999999998579, -20.00000000000001776, -6.123233995736766282E-16 ) ) ;
#7811 = ORIENTED_EDGE ( 'NONE', *, *, #6785, .F. ) ;
#7812 = ORIENTED_EDGE ( 'NONE', *, *, #3454, .T. ) ;
#7813 = ORIENTED_EDGE ( 'NONE', *, *, #2080, .F. ) ;
#7814 = VERTEX_POINT ( 'NONE', #3863 ) ;
#7815 = PLANE ( 'NONE',  #2108 ) ;
#7816 = PLANE ( 'NONE',  #176 ) ;
#7817 = CARTESIAN_POINT ( 'NONE',  ( -33.00000000000001421, -72.00000000000001421, 5.000000000000000000 ) ) ;
#7818 = EDGE_CURVE ( 'NONE', #1991, #287, #565, .T. ) ;
#7819 = CARTESIAN_POINT ( 'NONE',  ( -75.00000000000002842, 51.99999999999997868, 5.000000000000000000 ) ) ;
#7820 = EDGE_LOOP ( 'NONE', ( #3479, #754, #3655, #315 ) ) ;
#7821 = CIRCLE ( 'NONE', #2630, 1.600000000000004974 ) ;
#7822 = DIRECTION ( 'NONE',  ( -0.000000000000000000, 1.000000000000000000, -0.000000000000000000 ) ) ;
#7823 = VERTEX_POINT ( 'NONE', #5771 ) ;
#7824 = CARTESIAN_POINT ( 'NONE',  ( 71.99999999999997158, 39.99999999999997868, 5.000000000000000000 ) ) ;
#7825 = ORIENTED_EDGE ( 'NONE', *, *, #6360, .T. ) ;
#7826 = DIRECTION ( 'NONE',  ( 0.000000000000000000, 0.000000000000000000, 1.000000000000000000 ) ) ;
#7827 = VERTEX_POINT ( 'NONE', #8246 ) ;
#7828 = VECTOR ( 'NONE', #7452, 1000.000000000000000 ) ;
#7829 = VERTEX_POINT ( 'NONE', #6238 ) ;
#7830 = PLANE ( 'NONE',  #4567 ) ;
#7831 = CARTESIAN_POINT ( 'NONE',  ( -43.00000000000000000, -72.00000000000001421, 1.999999999999982236 ) ) ;
#7833 = ADVANCED_FACE ( 'NONE', ( #2488 ), #2447, .F. ) ;
#7832 = CARTESIAN_POINT ( 'NONE',  ( 37.00000000000000711, -72.00000000000001421, 1.999999999999982236 ) ) ;
#7834 = EDGE_LOOP ( 'NONE', ( #6520, #779, #2654, #547 ) ) ;
#7835 = VECTOR ( 'NONE', #7521, 1000.000000000000000 ) ;
#7836 = LINE ( 'NONE', #4662, #6575 ) ;
#7837 = ORIENTED_EDGE ( 'NONE', *, *, #2296, .F. ) ;
#7838 = DIRECTION ( 'NONE',  ( 0.000000000000000000, 4.625929269271485322E-15, -1.000000000000000000 ) ) ;
#7839 = LINE ( 'NONE', #2001, #8016 ) ;
#7840 = VECTOR ( 'NONE', #2015, 1000.000000000000000 ) ;
#7841 = DIRECTION ( 'NONE',  ( 0.000000000000000000, 0.000000000000000000, -1.000000000000000000 ) ) ;
#7842 = EDGE_CURVE ( 'NONE', #1653, #4944, #7535, .T. ) ;
#7844 = EDGE_CURVE ( 'NONE', #5775, #1480, #4357, .T. ) ;
#7843 = CARTESIAN_POINT ( 'NONE',  ( -75.00000000000002842, -75.00000000000001421, 5.000000000000000000 ) ) ;
#7845 = VERTEX_POINT ( 'NONE', #5111 ) ;
#7846 = EDGE_CURVE ( 'NONE', #3108, #7968, #1948, .T. ) ;
#7847 = DIRECTION ( 'NONE',  ( 0.000000000000000000, -1.000000000000000000, -1.226270043362915368E-16 ) ) ;
#7848 = VECTOR ( 'NONE', #3345, 1000.000000000000000 ) ;
#7849 = DIRECTION ( 'NONE',  ( -0.000000000000000000, -4.625929269271485322E-15, 1.000000000000000000 ) ) ;
#7850 = LINE ( 'NONE', #2133, #4051 ) ;
#7851 = DIRECTION ( 'NONE',  ( 0.000000000000000000, 4.625929269271485322E-15, -1.000000000000000000 ) ) ;
#7852 = VERTEX_POINT ( 'NONE', #4398 ) ;
#7853 = ORIENTED_EDGE ( 'NONE', *, *, #3157, .T. ) ;
#7854 = EDGE_CURVE ( 'NONE', #2055, #6859, #6940, .T. ) ;
#7855 = ORIENTED_EDGE ( 'NONE', *, *, #6646, .T. ) ;
#7856 = ORIENTED_EDGE ( 'NONE', *, *, #247, .F. ) ;
#7857 = DIRECTION ( 'NONE',  ( 0.000000000000000000, 0.000000000000000000, 1.000000000000000000 ) ) ;
#7858 = EDGE_CURVE ( 'NONE', #1539, #5707, #6860, .T. ) ;
#7859 = DIRECTION ( 'NONE',  ( 1.000000000000000000, 0.000000000000000000, 0.000000000000000000 ) ) ;
#7860 = DIRECTION ( 'NONE',  ( 1.000000000000000000, -0.000000000000000000, 4.625929269271458501E-15 ) ) ;
#7861 = DIRECTION ( 'NONE',  ( -0.000000000000000000, 0.000000000000000000, 1.000000000000000000 ) ) ;
#7862 = VERTEX_POINT ( 'NONE', #1779 ) ;
#7863 = EDGE_CURVE ( 'NONE', #3889, #5878, #1819, .T. ) ;
#7864 = DIRECTION ( 'NONE',  ( 0.000000000000000000, -1.000000000000000000, -1.226270043362915368E-16 ) ) ;
#7865 = ORIENTED_EDGE ( 'NONE', *, *, #5597, .T. ) ;
#7866 = DIRECTION ( 'NONE',  ( -1.000000000000000000, 0.000000000000000000, 2.312964634635729250E-15 ) ) ;
#7867 = ORIENTED_EDGE ( 'NONE', *, *, #4704, .T. ) ;
#7868 = CARTESIAN_POINT ( 'NONE',  ( -75.00000000000002842, 71.99999999999998579, 2.000000000000000000 ) ) ;
#7869 = EDGE_LOOP ( 'NONE', ( #5216, #5217, #2696, #1205 ) ) ;
#7870 = ORIENTED_EDGE ( 'NONE', *, *, #2334, .T. ) ;
#7871 = EDGE_CURVE ( 'NONE', #7336, #197, #607, .T. ) ;
#7872 = LINE ( 'NONE', #192, #4963 ) ;
#7873 = DIRECTION ( 'NONE',  ( 1.000000000000000000, 0.000000000000000000, -0.000000000000000000 ) ) ;
#7874 = CARTESIAN_POINT ( 'NONE',  ( -72.00000000000002842, 71.99999999999998579, 5.000000000000000000 ) ) ;
#7875 = VERTEX_POINT ( 'NONE', #5649 ) ;
#7876 = DIRECTION ( 'NONE',  ( -0.000000000000000000, -1.000000000000000000, -0.000000000000000000 ) ) ;
#7877 = ORIENTED_EDGE ( 'NONE', *, *, #1154, .T. ) ;
#7878 = DIRECTION ( 'NONE',  ( -0.000000000000000000, -1.000000000000000000, -0.000000000000000000 ) ) ;
#7879 = VECTOR ( 'NONE', #7940, 1000.000000000000000 ) ;
#7880 = CARTESIAN_POINT ( 'NONE',  ( 59.99999999999995737, 74.99999999999998579, 5.000000000000000000 ) ) ;
#7881 = DIRECTION ( 'NONE',  ( 2.269055394249329430E-32, -1.226270043362915368E-16, 1.000000000000000000 ) ) ;
#7882 = AXIS2_PLACEMENT_3D ( 'NONE', #6258, #4381, #3886 ) ;
#7883 = CARTESIAN_POINT ( 'NONE',  ( 74.99999999999998579, -15.00000000000001421, 1.999999999999989564 ) ) ;
#7884 = ORIENTED_EDGE ( 'NONE', *, *, #4334, .F. ) ;
#7885 = ORIENTED_EDGE ( 'NONE', *, *, #393, .F. ) ;
#7886 = PLANE ( 'NONE',  #8190 ) ;
#7887 = DIRECTION ( 'NONE',  ( -0.000000000000000000, 0.000000000000000000, -1.000000000000000000 ) ) ;
#7888 = CARTESIAN_POINT ( 'NONE',  ( -72.00000000000002842, -72.00000000000001421, 0.000000000000000000 ) ) ;
#7889 = AXIS2_PLACEMENT_3D ( 'NONE', #3206, #6248, #535 ) ;
#7890 = EDGE_CURVE ( 'NONE', #7015, #2241, #7615, .T. ) ;
#7891 = ORIENTED_EDGE ( 'NONE', *, *, #340, .F. ) ;
#7892 = EDGE_LOOP ( 'NONE', ( #8119, #8102, #5754, #4347 ) ) ;
#7893 = ORIENTED_EDGE ( 'NONE', *, *, #2721, .T. ) ;
#7894 = DIRECTION ( 'NONE',  ( -1.000000000000000000, -0.000000000000000000, -0.000000000000000000 ) ) ;
#7895 = LINE ( 'NONE', #1163, #4552 ) ;
#7896 = FACE_OUTER_BOUND ( 'NONE', #7782, .T. ) ;
#7897 = DIRECTION ( 'NONE',  ( -1.000000000000000000, -0.000000000000000000, -0.000000000000000000 ) ) ;
#7898 = LINE ( 'NONE', #133, #4537 ) ;
#7899 = EDGE_CURVE ( 'NONE', #5764, #5022, #7574, .T. ) ;
#7900 = VERTEX_POINT ( 'NONE', #1899 ) ;
#7901 = EDGE_CURVE ( 'NONE', #3046, #2236, #525, .T. ) ;
#7902 = CIRCLE ( 'NONE', #1230, 1.600000000000004974 ) ;
#7903 = CARTESIAN_POINT ( 'NONE',  ( 57.00000000000000000, -75.00000000000001421, 1.999999999999982236 ) ) ;
#7904 = VERTEX_POINT ( 'NONE', #1183 ) ;
#7905 = DIRECTION ( 'NONE',  ( -1.000000000000000000, 0.000000000000000000, 0.000000000000000000 ) ) ;
#7906 = ORIENTED_EDGE ( 'NONE', *, *, #2432, .F. ) ;
#7907 = DIRECTION ( 'NONE',  ( -1.000000000000000000, -0.000000000000000000, -0.000000000000000000 ) ) ;
#7908 = ORIENTED_EDGE ( 'NONE', *, *, #745, .T. ) ;
#7909 = VECTOR ( 'NONE', #360, 1000.000000000000000 ) ;
#7910 = VERTEX_POINT ( 'NONE', #3736 ) ;
#7911 = VECTOR ( 'NONE', #3352, 1000.000000000000000 ) ;
#7912 = EDGE_CURVE ( 'NONE', #7764, #1409, #6279, .T. ) ;
#7913 = VERTEX_POINT ( 'NONE', #1271 ) ;
#7914 = DIRECTION ( 'NONE',  ( 1.000000000000000000, 1.850371707708594070E-16, 0.000000000000000000 ) ) ;
#7915 = VECTOR ( 'NONE', #5043, 1000.000000000000000 ) ;
#7916 = CARTESIAN_POINT ( 'NONE',  ( 19.99999999999997513, 74.99999999999998579, 2.000000000000000000 ) ) ;
#7917 = LINE ( 'NONE', #7874, #3381 ) ;
#7918 = ORIENTED_EDGE ( 'NONE', *, *, #7711, .T. ) ;
#7919 = DIRECTION ( 'NONE',  ( -0.000000000000000000, 0.000000000000000000, -1.000000000000000000 ) ) ;
#7920 = VERTEX_POINT ( 'NONE', #6361 ) ;
#7921 = CARTESIAN_POINT ( 'NONE',  ( -75.00000000000002842, 71.99999999999998579, 2.000000000000000000 ) ) ;
#7922 = EDGE_CURVE ( 'NONE', #2382, #188, #648, .T. ) ;
#7923 = CARTESIAN_POINT ( 'NONE',  ( 29.99999999999995737, 71.99999999999998579, 5.000000000000000000 ) ) ;
#7924 = VECTOR ( 'NONE', #5001, 1000.000000000000000 ) ;
#7925 = DIRECTION ( 'NONE',  ( -0.000000000000000000, -0.000000000000000000, -1.000000000000000000 ) ) ;
#7926 = CARTESIAN_POINT ( 'NONE',  ( -72.00000000000002842, -28.00000000000001776, 5.000000000000000000 ) ) ;
#7927 = CARTESIAN_POINT ( 'NONE',  ( 74.99999999999997158, 34.99999999999998579, 1.999999999999995781 ) ) ;
#7928 = ORIENTED_EDGE ( 'NONE', *, *, #5397, .T. ) ;
#7929 = CARTESIAN_POINT ( 'NONE',  ( -72.00000000000002842, -75.00000000000001421, 0.000000000000000000 ) ) ;
#7930 = DIRECTION ( 'NONE',  ( -0.000000000000000000, -1.000000000000000000, -0.000000000000000000 ) ) ;
#7931 = FACE_OUTER_BOUND ( 'NONE', #7946, .T. ) ;
#7932 = AXIS2_PLACEMENT_3D ( 'NONE', #4825, #5951, #4124 ) ;
#7933 = ORIENTED_EDGE ( 'NONE', *, *, #4020, .T. ) ;
#7934 = ORIENTED_EDGE ( 'NONE', *, *, #812, .T. ) ;
#7935 = CARTESIAN_POINT ( 'NONE',  ( -63.00000000000000000, -72.00000000000001421, 1.999999999999982236 ) ) ;
#7936 = ADVANCED_FACE ( 'NONE', ( #7659 ), #3357, .F. ) ;
#7937 = CARTESIAN_POINT ( 'NONE',  ( 61.99999999999999289, -72.00000000000001421, 5.000000000000000000 ) ) ;
#7938 = AXIS2_PLACEMENT_3D ( 'NONE', #735, #4570, #7117 ) ;
#7939 = DIRECTION ( 'NONE',  ( 1.914177628664063128E-16, -1.000000000000000000, -1.226270043362915368E-16 ) ) ;
#7940 = DIRECTION ( 'NONE',  ( 1.000000000000000000, 1.850371707708594070E-16, -0.000000000000000000 ) ) ;
#7941 = VERTEX_POINT ( 'NONE', #2739 ) ;
#7942 = DIRECTION ( 'NONE',  ( 0.000000000000000000, -0.000000000000000000, 1.000000000000000000 ) ) ;
#7943 = ORIENTED_EDGE ( 'NONE', *, *, #3774, .T. ) ;
#7944 = CARTESIAN_POINT ( 'NONE',  ( 3.500000000000003109, -57.99999999999997868, 5.000000000000000888 ) ) ;
#7945 = ADVANCED_FACE ( 'NONE', ( #730 ), #4523, .F. ) ;
#7946 = EDGE_LOOP ( 'NONE', ( #4069, #8215, #3675, #890 ) ) ;
#7947 = DIRECTION ( 'NONE',  ( -0.000000000000000000, -0.000000000000000000, -1.000000000000000000 ) ) ;
#7948 = ORIENTED_EDGE ( 'NONE', *, *, #7602, .F. ) ;
#7949 = ORIENTED_EDGE ( 'NONE', *, *, #8172, .T. ) ;
#7950 = CARTESIAN_POINT ( 'NONE',  ( 74.99999999999998579, 9.999999999999980460, 1.999999999999992673 ) ) ;
#7951 = EDGE_CURVE ( 'NONE', #127, #7904, #2655, .T. ) ;
#7952 = ORIENTED_EDGE ( 'NONE', *, *, #3241, .T. ) ;
#7953 = DIRECTION ( 'NONE',  ( -1.000000000000000000, -1.850371707708594070E-16, 0.000000000000000000 ) ) ;
#7954 = DIRECTION ( 'NONE',  ( -0.000000000000000000, -0.000000000000000000, -1.000000000000000000 ) ) ;
#7955 = CARTESIAN_POINT ( 'NONE',  ( -75.00000000000002842, -13.00000000000001066, 2.000000000000000000 ) ) ;
#7956 = EDGE_CURVE ( 'NONE', #272, #6397, #229, .T. ) ;
#7957 = ORIENTED_EDGE ( 'NONE', *, *, #2887, .T. ) ;
#7958 = CARTESIAN_POINT ( 'NONE',  ( 4.999999999999955591, 74.99999999999998579, 5.000000000000000000 ) ) ;
#7959 = ORIENTED_EDGE ( 'NONE', *, *, #6690, .F. ) ;
#7960 = DIRECTION ( 'NONE',  ( -0.000000000000000000, -1.000000000000000000, -0.000000000000000000 ) ) ;
#7961 = EDGE_CURVE ( 'NONE', #5191, #307, #62, .T. ) ;
#7962 = CARTESIAN_POINT ( 'NONE',  ( -58.00000000000000000, -75.00000000000001421, 5.000000000000000000 ) ) ;
#7963 = FACE_OUTER_BOUND ( 'NONE', #5699, .T. ) ;
#7964 = VECTOR ( 'NONE', #2391, 1000.000000000000000 ) ;
#7965 = CARTESIAN_POINT ( 'NONE',  ( 34.99999999999995737, 74.99999999999998579, 5.000000000000000000 ) ) ;
#7966 = LINE ( 'NONE', #7335, #3372 ) ;
#7967 = EDGE_CURVE ( 'NONE', #5965, #4480, #2152, .T. ) ;
#7968 = VERTEX_POINT ( 'NONE', #2026 ) ;
#7969 = PLANE ( 'NONE',  #864 ) ;
#7970 = LINE ( 'NONE', #7261, #991 ) ;
#7971 = CARTESIAN_POINT ( 'NONE',  ( -75.00000000000002842, -53.00000000000002132, 5.000000000000000000 ) ) ;
#7972 = CIRCLE ( 'NONE', #771, 1.600000000000005196 ) ;
#7973 = EDGE_LOOP ( 'NONE', ( #7543, #5623, #1799, #6479 ) ) ;
#7974 = VECTOR ( 'NONE', #1954, 1000.000000000000000 ) ;
#7975 = ORIENTED_EDGE ( 'NONE', *, *, #798, .F. ) ;
#7976 = DIRECTION ( 'NONE',  ( -0.000000000000000000, -0.000000000000000000, -1.000000000000000000 ) ) ;
#7977 = CARTESIAN_POINT ( 'NONE',  ( 29.99999999999995737, 71.99999999999998579, 5.000000000000000000 ) ) ;
#7978 = DIRECTION ( 'NONE',  ( 0.000000000000000000, -0.000000000000000000, -1.000000000000000000 ) ) ;
#7979 = DIRECTION ( 'NONE',  ( -1.850371707708594316E-16, 1.000000000000000000, -0.000000000000000000 ) ) ;
#7980 = ORIENTED_EDGE ( 'NONE', *, *, #7060, .F. ) ;
#7981 = CARTESIAN_POINT ( 'NONE',  ( -56.39999999999999147, -3.500000000000003109, 5.000000000000000888 ) ) ;
#7982 = ORIENTED_EDGE ( 'NONE', *, *, #909, .T. ) ;
#7983 = CARTESIAN_POINT ( 'NONE',  ( -75.00000000000002842, 74.99999999999998579, 5.000000000000000000 ) ) ;
#7984 = ORIENTED_EDGE ( 'NONE', *, *, #7225, .F. ) ;
#7985 = CARTESIAN_POINT ( 'NONE',  ( -35.00000000000004263, 74.99999999999998579, 5.000000000000000000 ) ) ;
#7986 = LINE ( 'NONE', #4856, #458 ) ;
#7987 = ORIENTED_EDGE ( 'NONE', *, *, #6805, .F. ) ;
#7988 = LINE ( 'NONE', #4191, #4141 ) ;
#7989 = ORIENTED_EDGE ( 'NONE', *, *, #6731, .F. ) ;
#7990 = EDGE_CURVE ( 'NONE', #672, #4655, #2778, .T. ) ;
#7991 = EDGE_CURVE ( 'NONE', #1965, #4857, #810, .T. ) ;
#7992 = CARTESIAN_POINT ( 'NONE',  ( 67.00000000000000000, -75.00000000000001421, 1.999999999999982236 ) ) ;
#7993 = EDGE_CURVE ( 'NONE', #2641, #1275, #185, .T. ) ;
#7994 = FACE_OUTER_BOUND ( 'NONE', #724, .T. ) ;
#7995 = EDGE_LOOP ( 'NONE', ( #4058, #526, #1524, #2827 ) ) ;
#7996 = FACE_OUTER_BOUND ( 'NONE', #7723, .T. ) ;
#7997 = EDGE_LOOP ( 'NONE', ( #4931, #3744, #3571, #6182 ) ) ;
#7998 = CARTESIAN_POINT ( 'NONE',  ( 72.00000000000000000, -55.00000000000002132, 5.000000000000000000 ) ) ;
#7999 = CARTESIAN_POINT ( 'NONE',  ( -72.00000000000002842, -58.00000000000001421, 5.000000000000000000 ) ) ;
#8000 = EDGE_CURVE ( 'NONE', #4655, #5799, #7066, .T. ) ;
#8001 = VECTOR ( 'NONE', #6151, 1000.000000000000000 ) ;
#8002 = PLANE ( 'NONE',  #5129 ) ;
#8003 = EDGE_CURVE ( 'NONE', #6314, #6487, #7111, .T. ) ;
#8004 = CARTESIAN_POINT ( 'NONE',  ( 72.00000000000000000, -60.00000000000002842, 1.999999999999984013 ) ) ;
#8005 = CARTESIAN_POINT ( 'NONE',  ( -75.00000000000002842, 74.99999999999998579, 5.000000000000000000 ) ) ;
#8006 = EDGE_LOOP ( 'NONE', ( #1351, #6443, #4549, #99 ) ) ;
#8007 = AXIS2_PLACEMENT_3D ( 'NONE', #4257, #3595, #5504 ) ;
#8008 = ORIENTED_EDGE ( 'NONE', *, *, #6817, .T. ) ;
#8009 = DIRECTION ( 'NONE',  ( 1.000000000000000000, 0.000000000000000000, 0.000000000000000000 ) ) ;
#8010 = PLANE ( 'NONE',  #5254 ) ;
#8011 = PLANE ( 'NONE',  #7609 ) ;
#8012 = EDGE_CURVE ( 'NONE', #809, #4495, #7236, .T. ) ;
#8013 = ORIENTED_EDGE ( 'NONE', *, *, #7679, .T. ) ;
#8014 = DIRECTION ( 'NONE',  ( 0.000000000000000000, 0.000000000000000000, -1.000000000000000000 ) ) ;
#8015 = CARTESIAN_POINT ( 'NONE',  ( -23.00000000000000711, -72.00000000000001421, 5.000000000000000000 ) ) ;
#8016 = VECTOR ( 'NONE', #701, 1000.000000000000000 ) ;
#8017 = FACE_OUTER_BOUND ( 'NONE', #8209, .T. ) ;
#8018 = LINE ( 'NONE', #1678, #3338 ) ;
#8019 = EDGE_CURVE ( 'NONE', #4379, #7638, #7197, .T. ) ;
#8020 = ORIENTED_EDGE ( 'NONE', *, *, #548, .F. ) ;
#8021 = DIRECTION ( 'NONE',  ( -1.000000000000000000, 0.000000000000000000, 0.000000000000000000 ) ) ;
#8022 = ORIENTED_EDGE ( 'NONE', *, *, #3750, .T. ) ;
#8023 = DIRECTION ( 'NONE',  ( 0.000000000000000000, -0.000000000000000000, -1.000000000000000000 ) ) ;
#8024 = VERTEX_POINT ( 'NONE', #769 ) ;
#8025 = CARTESIAN_POINT ( 'NONE',  ( -72.00000000000002842, 46.99999999999997868, 5.000000000000000000 ) ) ;
#8026 = LINE ( 'NONE', #1603, #3531 ) ;
#8027 = ORIENTED_EDGE ( 'NONE', *, *, #5295, .F. ) ;
#8028 = DIRECTION ( 'NONE',  ( 0.000000000000000000, 0.000000000000000000, -1.000000000000000000 ) ) ;
#8029 = ORIENTED_EDGE ( 'NONE', *, *, #702, .T. ) ;
#8030 = VECTOR ( 'NONE', #6067, 1000.000000000000000 ) ;
#8031 = LINE ( 'NONE', #1179, #1902 ) ;
#8032 = DIRECTION ( 'NONE',  ( 1.000000000000000000, 0.000000000000000000, 0.000000000000000000 ) ) ;
#8033 = ORIENTED_EDGE ( 'NONE', *, *, #5514, .T. ) ;
#8034 = CARTESIAN_POINT ( 'NONE',  ( 51.99999999999999289, -72.00000000000001421, 5.000000000000000000 ) ) ;
#8035 = AXIS2_PLACEMENT_3D ( 'NONE', #2308, #3639, #6221 ) ;
#8036 = VERTEX_POINT ( 'NONE', #3315 ) ;
#8037 = ADVANCED_FACE ( 'NONE', ( #855 ), #3902, .F. ) ;
#8038 = CARTESIAN_POINT ( 'NONE',  ( 74.99999999999998579, -15.00000000000001421, 5.000000000000000000 ) ) ;
#8039 = LINE ( 'NONE', #2247, #4949 ) ;
#8040 = VECTOR ( 'NONE', #6441, 1000.000000000000000 ) ;
#8041 = VECTOR ( 'NONE', #1290, 1000.000000000000000 ) ;
#8042 = VECTOR ( 'NONE', #7247, 1000.000000000000000 ) ;
#8043 = CARTESIAN_POINT ( 'NONE',  ( 29.99999999999995737, 74.99999999999998579, 5.000000000000000000 ) ) ;
#8044 = FACE_OUTER_BOUND ( 'NONE', #1559, .T. ) ;
#8045 = LINE ( 'NONE', #1544, #5103 ) ;
#8046 = ORIENTED_EDGE ( 'NONE', *, *, #2590, .T. ) ;
#8047 = VERTEX_POINT ( 'NONE', #6568 ) ;
#8048 = ADVANCED_FACE ( 'NONE', ( #3947 ), #2695, .F. ) ;
#8049 = DIRECTION ( 'NONE',  ( -0.000000000000000000, 0.000000000000000000, 1.000000000000000000 ) ) ;
#8050 = PLANE ( 'NONE',  #6597 ) ;
#8051 =( GEOMETRIC_REPRESENTATION_CONTEXT ( 3 ) GLOBAL_UNCERTAINTY_ASSIGNED_CONTEXT ( ( #5702 ) ) GLOBAL_UNIT_ASSIGNED_CONTEXT ( ( #7649, #4349, #4431 ) ) REPRESENTATION_CONTEXT ( 'NONE', 'WORKASPACE' ) );
#8052 = LINE ( 'NONE', #3500, #6586 ) ;
#8053 = VECTOR ( 'NONE', #2092, 1000.000000000000000 ) ;
#8054 = DIRECTION ( 'NONE',  ( 0.000000000000000000, 0.000000000000000000, -1.000000000000000000 ) ) ;
#8055 = EDGE_CURVE ( 'NONE', #2975, #5973, #4610, .T. ) ;
#8056 = VECTOR ( 'NONE', #4211, 1000.000000000000000 ) ;
#8057 = ORIENTED_EDGE ( 'NONE', *, *, #4486, .F. ) ;
#8058 = LINE ( 'NONE', #2344, #502 ) ;
#8059 = ADVANCED_FACE ( 'NONE', ( #4073 ), #6526, .F. ) ;
#8060 = CARTESIAN_POINT ( 'NONE',  ( -57.99999999999997868, 3.500000000000000000, 0.000000000000000000 ) ) ;
#8061 = DIRECTION ( 'NONE',  ( -1.000000000000000000, -0.000000000000000000, -0.000000000000000000 ) ) ;
#8062 = CARTESIAN_POINT ( 'NONE',  ( -48.00000000000000711, -75.00000000000001421, 5.000000000000000000 ) ) ;
#8063 = ORIENTED_EDGE ( 'NONE', *, *, #6471, .F. ) ;
#8064 = CARTESIAN_POINT ( 'NONE',  ( -72.00000000000002842, 26.99999999999998224, 5.000000000000000000 ) ) ;
#8065 = EDGE_LOOP ( 'NONE', ( #6401, #1932, #7474, #6857 ) ) ;
#8066 = AXIS2_PLACEMENT_3D ( 'NONE', #6604, #4645, #173 ) ;
#8067 = DIRECTION ( 'NONE',  ( 1.000000000000000000, 1.850371707708594070E-16, 0.000000000000000000 ) ) ;
#8068 = EDGE_CURVE ( 'NONE', #8024, #5644, #308, .T. ) ;
#8069 = ORIENTED_EDGE ( 'NONE', *, *, #1691, .F. ) ;
#8070 = CARTESIAN_POINT ( 'NONE',  ( 9.999999999999968026, 71.99999999999998579, 5.000000000000000000 ) ) ;
#8071 = FACE_OUTER_BOUND ( 'NONE', #1064, .T. ) ;
#8072 = CARTESIAN_POINT ( 'NONE',  ( 51.99999999999998579, -72.00000000000001421, 1.999999999999982236 ) ) ;
#8073 = ORIENTED_EDGE ( 'NONE', *, *, #6355, .T. ) ;
#8074 = DIRECTION ( 'NONE',  ( -0.000000000000000000, 1.000000000000000000, -0.000000000000000000 ) ) ;
#8075 = CARTESIAN_POINT ( 'NONE',  ( -72.00000000000002842, -13.00000000000001066, 2.000000000000000000 ) ) ;
#8076 = ORIENTED_EDGE ( 'NONE', *, *, #916, .T. ) ;
#8077 = PLANE ( 'NONE',  #2176 ) ;
#8078 = ORIENTED_EDGE ( 'NONE', *, *, #7765, .T. ) ;
#8079 = LINE ( 'NONE', #2367, #4671 ) ;
#8080 = LINE ( 'NONE', #1617, #1755 ) ;
#8081 = DIRECTION ( 'NONE',  ( -0.000000000000000000, 1.000000000000000000, -0.000000000000000000 ) ) ;
#8082 = LINE ( 'NONE', #1114, #3308 ) ;
#8083 = LINE ( 'NONE', #7580, #5370 ) ;
#8084 = VECTOR ( 'NONE', #2083, 1000.000000000000000 ) ;
#8085 = ORIENTED_EDGE ( 'NONE', *, *, #3888, .F. ) ;
#8086 = VERTEX_POINT ( 'NONE', #6652 ) ;
#8087 = DIRECTION ( 'NONE',  ( 1.000000000000000000, 0.000000000000000000, 0.000000000000000000 ) ) ;
#8088 = CARTESIAN_POINT ( 'NONE',  ( -3.499999999999992895, -57.99999999999997868, 0.000000000000000000 ) ) ;
#8089 = CARTESIAN_POINT ( 'NONE',  ( -72.00000000000002842, -68.00000000000000000, 2.000000000000000000 ) ) ;
#8090 = VECTOR ( 'NONE', #7402, 1000.000000000000000 ) ;
#8091 = EDGE_CURVE ( 'NONE', #2476, #4117, #443, .T. ) ;
#8092 = EDGE_CURVE ( 'NONE', #4039, #2013, #2356, .T. ) ;
#8093 = CARTESIAN_POINT ( 'NONE',  ( 74.99999999999997158, 74.99999999999998579, 5.000000000000000000 ) ) ;
#8094 = EDGE_CURVE ( 'NONE', #1613, #2756, #5466, .T. ) ;
#8095 = VERTEX_POINT ( 'NONE', #1096 ) ;
#8096 = PLANE ( 'NONE',  #375 ) ;
#8097 = CARTESIAN_POINT ( 'NONE',  ( 44.99999999999996447, 74.99999999999998579, 5.000000000000000000 ) ) ;
#8098 = VECTOR ( 'NONE', #4098, 1000.000000000000000 ) ;
#8099 = VERTEX_POINT ( 'NONE', #5429 ) ;
#8100 = CARTESIAN_POINT ( 'NONE',  ( -5.099999999999997868, -57.99999999999997868, 0.000000000000000000 ) ) ;
#8101 = DIRECTION ( 'NONE',  ( -0.000000000000000000, 1.000000000000000000, -0.000000000000000000 ) ) ;
#8102 = ORIENTED_EDGE ( 'NONE', *, *, #96, .F. ) ;
#8103 = EDGE_CURVE ( 'NONE', #510, #1903, #3523, .T. ) ;
#8104 = VECTOR ( 'NONE', #2372, 1000.000000000000000 ) ;
#8105 = LINE ( 'NONE', #5548, #2177 ) ;
#8106 = EDGE_CURVE ( 'NONE', #1971, #2724, #350, .T. ) ;
#8107 = EDGE_LOOP ( 'NONE', ( #6063, #7477, #239, #1353 ) ) ;
#8108 = LINE ( 'NONE', #3684, #4764 ) ;
#8109 = ORIENTED_EDGE ( 'NONE', *, *, #4007, .T. ) ;
#8110 = VERTEX_POINT ( 'NONE', #3602 ) ;
#8111 = CARTESIAN_POINT ( 'NONE',  ( -28.00000000000001066, -72.00000000000001421, 1.999999999999982236 ) ) ;
#8112 = CARTESIAN_POINT ( 'NONE',  ( 71.99999999999998579, -25.00000000000002132, 5.000000000000000000 ) ) ;
#8113 = FACE_BOUND ( 'NONE', #865, .T. ) ;
#8114 = EDGE_LOOP ( 'NONE', ( #7885, #4791, #4607, #1346 ) ) ;
#8115 = ADVANCED_FACE ( 'NONE', ( #6140 ), #2818, .F. ) ;
#8116 = CARTESIAN_POINT ( 'NONE',  ( 72.00000000000000000, -75.00000000000001421, 1.999999999999982236 ) ) ;
#8117 = VERTEX_POINT ( 'NONE', #4148 ) ;
#8118 = CARTESIAN_POINT ( 'NONE',  ( 1.899999999999997913, 57.99999999999997868, 0.000000000000000000 ) ) ;
#8119 = ORIENTED_EDGE ( 'NONE', *, *, #3178, .F. ) ;
#8120 = CARTESIAN_POINT ( 'NONE',  ( 71.99999999999997158, 59.99999999999997868, 1.999999999999998668 ) ) ;
#8121 = VERTEX_POINT ( 'NONE', #6099 ) ;
#8122 = DIRECTION ( 'NONE',  ( -0.000000000000000000, 1.000000000000000000, 0.000000000000000000 ) ) ;
#8123 = EDGE_CURVE ( 'NONE', #5648, #3522, #6018, .T. ) ;
#8124 = LINE ( 'NONE', #1229, #6058 ) ;
#8125 = CYLINDRICAL_SURFACE ( 'NONE', #7705, 1.600000000000004086 ) ;
#8126 = CARTESIAN_POINT ( 'NONE',  ( 21.99999999999999289, -72.00000000000001421, 5.000000000000000000 ) ) ;
#8127 = ORIENTED_EDGE ( 'NONE', *, *, #7241, .T. ) ;
#8128 = ORIENTED_EDGE ( 'NONE', *, *, #1247, .T. ) ;
#8129 = CARTESIAN_POINT ( 'NONE',  ( -3.000000000000016431, -75.00000000000001421, 5.000000000000000000 ) ) ;
#8130 = LINE ( 'NONE', #6833, #4587 ) ;
#8131 = LINE ( 'NONE', #3840, #2685 ) ;
#8132 = CIRCLE ( 'NONE', #1871, 1.600000000000004086 ) ;
#8133 = CARTESIAN_POINT ( 'NONE',  ( 74.99999999999998579, 29.99999999999997868, -6.123233995736766282E-16 ) ) ;
#8134 = VECTOR ( 'NONE', #6230, 1000.000000000000000 ) ;
#8135 = ORIENTED_EDGE ( 'NONE', *, *, #4359, .T. ) ;
#8136 = DIRECTION ( 'NONE',  ( -1.000000000000000000, 0.000000000000000000, -4.625929269271485322E-15 ) ) ;
#8137 = VERTEX_POINT ( 'NONE', #2232 ) ;
#8138 = EDGE_CURVE ( 'NONE', #5074, #4260, #388, .T. ) ;
#8139 = CARTESIAN_POINT ( 'NONE',  ( 59.60000000000000142, 3.500000000000003109, 0.000000000000000000 ) ) ;
#8140 = VERTEX_POINT ( 'NONE', #2193 ) ;
#8141 = DIRECTION ( 'NONE',  ( -0.000000000000000000, -0.000000000000000000, 1.000000000000000000 ) ) ;
#8142 = VECTOR ( 'NONE', #8054, 1000.000000000000000 ) ;
#8143 = ORIENTED_EDGE ( 'NONE', *, *, #4785, .F. ) ;
#8144 = CARTESIAN_POINT ( 'NONE',  ( -72.00000000000002842, -72.00000000000001421, 1.999999999999982236 ) ) ;
#8145 = VECTOR ( 'NONE', #2301, 1000.000000000000000 ) ;
#8146 = ORIENTED_EDGE ( 'NONE', *, *, #7844, .T. ) ;
#8147 = DIRECTION ( 'NONE',  ( 0.000000000000000000, 0.000000000000000000, -1.000000000000000000 ) ) ;
#8148 = ORIENTED_EDGE ( 'NONE', *, *, #6309, .F. ) ;
#8149 = ORIENTED_EDGE ( 'NONE', *, *, #2802, .F. ) ;
#8150 = DIRECTION ( 'NONE',  ( 0.000000000000000000, -1.000000000000000000, 0.000000000000000000 ) ) ;
#8151 = SHAPE_DEFINITION_REPRESENTATION ( #7767, #5185 ) ;
#8152 = CARTESIAN_POINT ( 'NONE',  ( -72.00000000000002842, 51.99999999999997868, 5.000000000000000000 ) ) ;
#8153 = EDGE_CURVE ( 'NONE', #5590, #3576, #427, .T. ) ;
#8154 = CARTESIAN_POINT ( 'NONE',  ( 75.00000000000000000, -65.00000000000002842, 0.000000000000000000 ) ) ;
#8155 = EDGE_CURVE ( 'NONE', #644, #3046, #1016, .T. ) ;
#8156 = VECTOR ( 'NONE', #1246, 1000.000000000000000 ) ;
#8157 = VERTEX_POINT ( 'NONE', #6812 ) ;
#8158 = DIRECTION ( 'NONE',  ( -0.000000000000000000, 1.000000000000000000, 0.000000000000000000 ) ) ;
#8159 = VERTEX_POINT ( 'NONE', #8025 ) ;
#8160 = DIRECTION ( 'NONE',  ( 2.312964634635729250E-15, 0.000000000000000000, 1.000000000000000000 ) ) ;
#8161 = ORIENTED_EDGE ( 'NONE', *, *, #4448, .T. ) ;
#8162 = DIRECTION ( 'NONE',  ( -0.000000000000000000, 1.000000000000000000, -0.000000000000000000 ) ) ;
#8163 = ORIENTED_EDGE ( 'NONE', *, *, #3972, .F. ) ;
#8164 = EDGE_CURVE ( 'NONE', #3484, #6094, #2312, .T. ) ;
#8165 = PLANE ( 'NONE',  #1333 ) ;
#8166 = LINE ( 'NONE', #2453, #4601 ) ;
#8167 = VECTOR ( 'NONE', #5425, 1000.000000000000000 ) ;
#8168 = CARTESIAN_POINT ( 'NONE',  ( 44.99999999999997158, 71.99999999999998579, 2.000000000000000000 ) ) ;
#8169 = CARTESIAN_POINT ( 'NONE',  ( 74.99999999999998579, -20.00000000000001776, 5.000000000000000000 ) ) ;
#8170 = ORIENTED_EDGE ( 'NONE', *, *, #5027, .T. ) ;
#8171 = EDGE_LOOP ( 'NONE', ( #6452, #8240, #46, #503 ) ) ;
#8172 = EDGE_CURVE ( 'NONE', #5660, #5895, #1562, .T. ) ;
#8173 = CARTESIAN_POINT ( 'NONE',  ( 57.99999999999997868, -3.500000000000000000, 5.000000000000000888 ) ) ;
#8174 = LINE ( 'NONE', #7546, #7924 ) ;
#8175 = LINE ( 'NONE', #7588, #4283 ) ;
#8176 = VECTOR ( 'NONE', #2571, 1000.000000000000000 ) ;
#8177 = AXIS2_PLACEMENT_3D ( 'NONE', #5591, #1765, #6929 ) ;
#8178 = VECTOR ( 'NONE', #5010, 1000.000000000000000 ) ;
#8179 = CARTESIAN_POINT ( 'NONE',  ( 71.99999999999997158, 44.99999999999998579, 1.999999999999997113 ) ) ;
#8180 = VECTOR ( 'NONE', #4934, 1000.000000000000000 ) ;
#8181 = ORIENTED_EDGE ( 'NONE', *, *, #3364, .F. ) ;
#8182 = CARTESIAN_POINT ( 'NONE',  ( 74.99999999999997158, 74.99999999999998579, 5.000000000000000000 ) ) ;
#8183 = ORIENTED_EDGE ( 'NONE', *, *, #7699, .T. ) ;
#8184 = CARTESIAN_POINT ( 'NONE',  ( -72.00000000000002842, 1.999999999999980904, 5.000000000000000000 ) ) ;
#8185 = CARTESIAN_POINT ( 'NONE',  ( 4.999999999999955591, 71.99999999999998579, 5.000000000000000000 ) ) ;
#8186 = ORIENTED_EDGE ( 'NONE', *, *, #4734, .T. ) ;
#8187 = VECTOR ( 'NONE', #3422, 1000.000000000000000 ) ;
#8188 = EDGE_CURVE ( 'NONE', #1814, #5854, #4187, .T. ) ;
#8189 = CARTESIAN_POINT ( 'NONE',  ( -72.00000000000002842, 1.999999999999980904, 2.000000000000000000 ) ) ;
#8190 = AXIS2_PLACEMENT_3D ( 'NONE', #3499, #2881, #7847 ) ;
#8191 = ORIENTED_EDGE ( 'NONE', *, *, #6589, .T. ) ;
#8192 = DIRECTION ( 'NONE',  ( -0.000000000000000000, 1.000000000000000000, -0.000000000000000000 ) ) ;
#8193 = VERTEX_POINT ( 'NONE', #1602 ) ;
#8194 = ORIENTED_EDGE ( 'NONE', *, *, #7665, .T. ) ;
#8195 = DIRECTION ( 'NONE',  ( 1.000000000000000000, -0.000000000000000000, 4.625929269271458501E-15 ) ) ;
#8196 = AXIS2_PLACEMENT_3D ( 'NONE', #7606, #1344, #7565 ) ;
#8197 = FACE_OUTER_BOUND ( 'NONE', #7695, .T. ) ;
#8198 = DIRECTION ( 'NONE',  ( 0.000000000000000000, 0.000000000000000000, -1.000000000000000000 ) ) ;
#8199 = ORIENTED_EDGE ( 'NONE', *, *, #8106, .F. ) ;
#8200 = AXIS2_PLACEMENT_3D ( 'NONE', #4362, #8212, #2331 ) ;
#8201 = EDGE_CURVE ( 'NONE', #4492, #4097, #2933, .T. ) ;
#8202 = EDGE_CURVE ( 'NONE', #8086, #510, #4854, .T. ) ;
#8203 = CARTESIAN_POINT ( 'NONE',  ( 26.99999999999998934, -72.00000000000001421, 5.000000000000000000 ) ) ;
#8204 = ORIENTED_EDGE ( 'NONE', *, *, #4067, .T. ) ;
#8205 = DIRECTION ( 'NONE',  ( -0.000000000000000000, -1.000000000000000000, -0.000000000000000000 ) ) ;
#8206 = ORIENTED_EDGE ( 'NONE', *, *, #2938, .T. ) ;
#8207 = EDGE_CURVE ( 'NONE', #307, #5148, #7404, .T. ) ;
#8208 = CARTESIAN_POINT ( 'NONE',  ( -72.00000000000002842, 71.99999999999998579, 2.000000000000000000 ) ) ;
#8209 = EDGE_LOOP ( 'NONE', ( #7867, #3849, #1829, #3923 ) ) ;
#8210 = CARTESIAN_POINT ( 'NONE',  ( 71.99999999999997158, 69.99999999999998579, 2.000000000000000000 ) ) ;
#8211 = EDGE_CURVE ( 'NONE', #7900, #6855, #1849, .T. ) ;
#8212 = DIRECTION ( 'NONE',  ( 1.850371707708594070E-16, -1.000000000000000000, 0.000000000000000000 ) ) ;
#8213 = CARTESIAN_POINT ( 'NONE',  ( 74.99999999999997158, 74.99999999999998579, 5.000000000000000000 ) ) ;
#8214 = CARTESIAN_POINT ( 'NONE',  ( 49.99999999999997158, 71.99999999999998579, 2.000000000000000000 ) ) ;
#8215 = ORIENTED_EDGE ( 'NONE', *, *, #1154, .F. ) ;
#8216 = EDGE_CURVE ( 'NONE', #8095, #1857, #4390, .T. ) ;
#8217 = ORIENTED_EDGE ( 'NONE', *, *, #3310, .F. ) ;
#8218 = DIRECTION ( 'NONE',  ( -1.000000000000000000, 0.000000000000000000, 0.000000000000000000 ) ) ;
#8219 = DIRECTION ( 'NONE',  ( -1.000000000000000000, 0.000000000000000000, 0.000000000000000000 ) ) ;
#8220 = DIRECTION ( 'NONE',  ( 2.312964634635729250E-15, 0.000000000000000000, 1.000000000000000000 ) ) ;
#8221 = ADVANCED_FACE ( 'NONE', ( #3815 ), #4308, .F. ) ;
#8222 = VECTOR ( 'NONE', #3285, 1000.000000000000000 ) ;
#8223 = CARTESIAN_POINT ( 'NONE',  ( 36.99999999999999289, -75.00000000000001421, 5.000000000000000000 ) ) ;
#8224 = ORIENTED_EDGE ( 'NONE', *, *, #1614, .T. ) ;
#8225 = FACE_OUTER_BOUND ( 'NONE', #7997, .T. ) ;
#8226 = ORIENTED_EDGE ( 'NONE', *, *, #5250, .T. ) ;
#8227 = LINE ( 'NONE', #3010, #578 ) ;
#8228 = ORIENTED_EDGE ( 'NONE', *, *, #6963, .T. ) ;
#8229 = LINE ( 'NONE', #7595, #1081 ) ;
#8230 = EDGE_LOOP ( 'NONE', ( #7070, #5468, #8063, #5996 ) ) ;
#8231 = CARTESIAN_POINT ( 'NONE',  ( -52.99999999999999289, -75.00000000000001421, 1.999999999999982236 ) ) ;
#8232 = AXIS2_PLACEMENT_3D ( 'NONE', #1438, #767, #6439 ) ;
#8233 = ORIENTED_EDGE ( 'NONE', *, *, #6619, .F. ) ;
#8234 = CARTESIAN_POINT ( 'NONE',  ( 11.99999999999998934, -72.00000000000001421, 5.000000000000000000 ) ) ;
#8235 = ORIENTED_EDGE ( 'NONE', *, *, #3147, .F. ) ;
#8236 = CARTESIAN_POINT ( 'NONE',  ( 74.99999999999997158, 54.99999999999997868, 1.999999999999998224 ) ) ;
#8237 = LINE ( 'NONE', #8152, #859 ) ;
#8238 = CARTESIAN_POINT ( 'NONE',  ( 3.500000000000003109, -57.99999999999997868, 0.000000000000000000 ) ) ;
#8239 = AXIS2_PLACEMENT_3D ( 'NONE', #2625, #5162, #1493 ) ;
#8240 = ORIENTED_EDGE ( 'NONE', *, *, #3157, .F. ) ;
#8241 = PLANE ( 'NONE',  #7231 ) ;
#8242 = ORIENTED_EDGE ( 'NONE', *, *, #6675, .F. ) ;
#8243 = CARTESIAN_POINT ( 'NONE',  ( -15.00000000000004086, 74.99999999999998579, 5.000000000000000000 ) ) ;
#8244 = ORIENTED_EDGE ( 'NONE', *, *, #4293, .T. ) ;
#8245 = VECTOR ( 'NONE', #5817, 1000.000000000000000 ) ;
#8246 = CARTESIAN_POINT ( 'NONE',  ( 21.99999999999998579, -75.00000000000001421, 1.999999999999982236 ) ) ;
#8247 = ORIENTED_EDGE ( 'NONE', *, *, #8055, .F. ) ;
#8248 = LINE ( 'NONE', #2529, #6923 ) ;
#8249 = EDGE_CURVE ( 'NONE', #103, #3228, #5637, .T. ) ;
#8250 = EDGE_CURVE ( 'NONE', #4946, #5191, #3727, .T. ) ;
#8251 = ORIENTED_EDGE ( 'NONE', *, *, #1894, .T. ) ;
#8252 = EDGE_CURVE ( 'NONE', #4154, #2153, #597, .T. ) ;
#8253 = LINE ( 'NONE', #7072, #6863 ) ;
#8254 = FACE_OUTER_BOUND ( 'NONE', #7403, .T. ) ;
#8255 = CARTESIAN_POINT ( 'NONE',  ( 21.99999999999999289, -75.00000000000001421, 5.000000000000000000 ) ) ;
#8256 = VERTEX_POINT ( 'NONE', #1811 ) ;
#8257 = DIRECTION ( 'NONE',  ( 1.000000000000000000, 0.000000000000000000, 0.000000000000000000 ) ) ;
#8258 = ORIENTED_EDGE ( 'NONE', *, *, #2794, .T. ) ;
#8259 = LINE ( 'NONE', #2039, #2227 ) ;
#8260 = CARTESIAN_POINT ( 'NONE',  ( 71.99999999999998579, 29.99999999999997868, 1.999999999999995337 ) ) ;
#8261 = EDGE_CURVE ( 'NONE', #2567, #2189, #6269, .T. ) ;
#8262 = DIRECTION ( 'NONE',  ( 0.000000000000000000, 0.000000000000000000, -1.000000000000000000 ) ) ;
#8263 = EDGE_CURVE ( 'NONE', #7658, #6853, #3020, .T. ) ;
#8264 = DIRECTION ( 'NONE',  ( 0.000000000000000000, -1.000000000000000000, -1.226270043362915368E-16 ) ) ;
#8265 = ORIENTED_EDGE ( 'NONE', *, *, #880, .F. ) ;
#8266 = CARTESIAN_POINT ( 'NONE',  ( -72.00000000000002842, 41.99999999999997868, 5.000000000000000000 ) ) ;
#8267 = EDGE_CURVE ( 'NONE', #5186, #8193, #1890, .T. ) ;
#8268 = DIRECTION ( 'NONE',  ( -0.000000000000000000, -0.000000000000000000, -1.000000000000000000 ) ) ;
#8269 = DIRECTION ( 'NONE',  ( -1.000000000000000000, 0.000000000000000000, 0.000000000000000000 ) ) ;
#8270 = ORIENTED_EDGE ( 'NONE', *, *, #1417, .T. ) ;
ENDSEC;
END-ISO-10303-21;
