ISO-10303-21;
HEADER;
FILE_DESCRIPTION (( 'STEP AP214' ),
    '1' );
FILE_NAME ('top part.STEP',
    '2026-07-20T12:14:34',
    ( '' ),
    ( '' ),
    'SwSTEP 2.0',
    'SolidWorks 2023',
    '' );
FILE_SCHEMA (( 'AUTOMOTIVE_DESIGN' ));
ENDSEC;

DATA;
#2 = DIRECTION ( 'NONE',  ( 0.000000000000000000, 0.000000000000000000, -1.000000000000000000 ) ) ;
#1 = VECTOR ( 'NONE', #5847, 1000.000000000000000 ) ;
#3 = DIRECTION ( 'NONE',  ( -1.000000000000000000, 0.000000000000000000, 8.673617379884028076E-17 ) ) ;
#4 = EDGE_CURVE ( 'NONE', #8377, #8838, #1149, .T. ) ;
#5 = LINE ( 'NONE', #2012, #4237 ) ;
#6 = CARTESIAN_POINT ( 'NONE',  ( -20.00000000000000355, -74.99999999999997158, 5.000000000000000000 ) ) ;
#7 = EDGE_LOOP ( 'NONE', ( #2729, #1801, #8365, #3635 ) ) ;
#8 = FACE_OUTER_BOUND ( 'NONE', #8693, .T. ) ;
#9 = CARTESIAN_POINT ( 'NONE',  ( -72.00000000000001421, 3.000000000000016875, 5.000000000000000000 ) ) ;
#10 = CARTESIAN_POINT ( 'NONE',  ( 61.99999999999997868, 72.00000000000002842, 2.000000000000000000 ) ) ;
#11 = ADVANCED_FACE ( 'NONE', ( #8318 ), #1891, .F. ) ;
#12 = DIRECTION ( 'NONE',  ( -0.000000000000000000, 0.000000000000000000, 1.000000000000000000 ) ) ;
#13 = CARTESIAN_POINT ( 'NONE',  ( -13.00000000000002487, 75.00000000000002842, 5.000000000000000000 ) ) ;
#14 = EDGE_LOOP ( 'NONE', ( #4981, #369, #3694, #8558 ) ) ;
#15 = ORIENTED_EDGE ( 'NONE', *, *, #851, .T. ) ;
#16 = DIRECTION ( 'NONE',  ( -1.000000000000000000, 0.000000000000000000, 0.000000000000000000 ) ) ;
#17 = SURFACE_STYLE_USAGE ( .BOTH. , #758 ) ;
#18 = DIRECTION ( 'NONE',  ( 1.000000000000000000, -0.000000000000000000, 1.734723475976808080E-16 ) ) ;
#19 = EDGE_LOOP ( 'NONE', ( #1434, #4718, #6607, #6917 ) ) ;
#20 = FACE_OUTER_BOUND ( 'NONE', #2990, .T. ) ;
#21 = DIRECTION ( 'NONE',  ( 1.000000000000000000, -0.000000000000000000, 1.734723475976808080E-16 ) ) ;
#22 = ADVANCED_FACE ( 'NONE', ( #3913 ), #6191, .F. ) ;
#23 = EDGE_CURVE ( 'NONE', #4551, #5607, #4795, .T. ) ;
#24 = ORIENTED_EDGE ( 'NONE', *, *, #6870, .F. ) ;
#25 = VERTEX_POINT ( 'NONE', #3389 ) ;
#26 = CARTESIAN_POINT ( 'NONE',  ( -3.000000000000030198, 75.00000000000002842, 2.000000000000000444 ) ) ;
#27 = CARTESIAN_POINT ( 'NONE',  ( 74.99999999999998579, 40.00000000000002132, 5.000000000000000000 ) ) ;
#28 = EDGE_LOOP ( 'NONE', ( #5871, #8490, #191, #8131, #7698, #7444 ) ) ;
#29 = DIRECTION ( 'NONE',  ( -0.000000000000000000, 1.000000000000000000, -0.000000000000000000 ) ) ;
#30 = CARTESIAN_POINT ( 'NONE',  ( -59.99999999999999289, -71.99999999999997158, 2.000000000000000000 ) ) ;
#31 = ORIENTED_EDGE ( 'NONE', *, *, #8304, .T. ) ;
#32 = ORIENTED_EDGE ( 'NONE', *, *, #9179, .F. ) ;
#33 = EDGE_CURVE ( 'NONE', #2867, #4789, #1755, .T. ) ;
#34 = LINE ( 'NONE', #4297, #8007 ) ;
#35 = VERTEX_POINT ( 'NONE', #7469 ) ;
#36 = ORIENTED_EDGE ( 'NONE', *, *, #1841, .T. ) ;
#37 = LINE ( 'NONE', #2892, #7669 ) ;
#38 = ORIENTED_EDGE ( 'NONE', *, *, #7594, .T. ) ;
#39 = VECTOR ( 'NONE', #3370, 1000.000000000000000 ) ;
#40 = CARTESIAN_POINT ( 'NONE',  ( -48.00000000000001421, 72.00000000000002842, 5.000000000000000000 ) ) ;
#41 = ORIENTED_EDGE ( 'NONE', *, *, #2139, .F. ) ;
#42 = CARTESIAN_POINT ( 'NONE',  ( 58.00000000000000711, 3.500000000000003109, 15.00000000000000000 ) ) ;
#43 = ORIENTED_EDGE ( 'NONE', *, *, #4513, .F. ) ;
#44 = EDGE_CURVE ( 'NONE', #2227, #7902, #3213, .T. ) ;
#45 = VECTOR ( 'NONE', #4600, 1000.000000000000000 ) ;
#46 = LINE ( 'NONE', #1343, #2318 ) ;
#47 = AXIS2_PLACEMENT_3D ( 'NONE', #7450, #9039, #5346 ) ;
#48 = FACE_OUTER_BOUND ( 'NONE', #5456, .T. ) ;
#49 = LINE ( 'NONE', #1446, #8257 ) ;
#50 = AXIS2_PLACEMENT_3D ( 'NONE', #6098, #1364, #810 ) ;
#51 = VECTOR ( 'NONE', #5446, 1000.000000000000000 ) ;
#52 = VERTEX_POINT ( 'NONE', #718 ) ;
#53 = CARTESIAN_POINT ( 'NONE',  ( -72.00000000000001421, 58.00000000000001421, 2.000000000000000000 ) ) ;
#54 = DIRECTION ( 'NONE',  ( 0.000000000000000000, -0.000000000000000000, 1.000000000000000000 ) ) ;
#55 = ORIENTED_EDGE ( 'NONE', *, *, #468, .F. ) ;
#56 = EDGE_CURVE ( 'NONE', #1911, #2569, #6984, .T. ) ;
#57 = LINE ( 'NONE', #1544, #2077 ) ;
#58 = ADVANCED_FACE ( 'NONE', ( #5540 ), #670, .F. ) ;
#59 = DIRECTION ( 'NONE',  ( 1.850371707708594070E-16, -1.000000000000000000, 0.000000000000000000 ) ) ;
#60 = CARTESIAN_POINT ( 'NONE',  ( -7.500000000000000000, 0.000000000000000000, 27.99999999999999645 ) ) ;
#61 = VECTOR ( 'NONE', #7295, 1000.000000000000000 ) ;
#62 = CARTESIAN_POINT ( 'NONE',  ( 39.99999999999999289, -71.99999999999997158, 5.000000000000000000 ) ) ;
#63 = ORIENTED_EDGE ( 'NONE', *, *, #4382, .F. ) ;
#64 = DIRECTION ( 'NONE',  ( 0.000000000000000000, 0.000000000000000000, -1.000000000000000000 ) ) ;
#65 = AXIS2_PLACEMENT_3D ( 'NONE', #8185, #3349, #2422 ) ;
#66 = DIRECTION ( 'NONE',  ( -0.000000000000000000, 1.000000000000000000, 8.673617379884028076E-17 ) ) ;
#67 = DIRECTION ( 'NONE',  ( 0.000000000000000000, 0.000000000000000000, -1.000000000000000000 ) ) ;
#68 = LINE ( 'NONE', #4462, #7609 ) ;
#69 = ADVANCED_FACE ( 'NONE', ( #1368 ), #7127, .F. ) ;
#70 = CARTESIAN_POINT ( 'NONE',  ( -64.99999999999998579, -74.99999999999997158, 5.000000000000000000 ) ) ;
#71 = ORIENTED_EDGE ( 'NONE', *, *, #7337, .F. ) ;
#72 = VERTEX_POINT ( 'NONE', #70 ) ;
#73 = VECTOR ( 'NONE', #163, 1000.000000000000000 ) ;
#74 = EDGE_CURVE ( 'NONE', #4534, #52, #3430, .T. ) ;
#75 = ADVANCED_FACE ( 'NONE', ( #2875 ), #7077, .F. ) ;
#76 = CARTESIAN_POINT ( 'NONE',  ( -72.00000000000000000, -31.99999999999997868, 5.000000000000000000 ) ) ;
#77 = CARTESIAN_POINT ( 'NONE',  ( 75.00000000000001421, -64.99999999999998579, 5.000000000000000000 ) ) ;
#78 = ORIENTED_EDGE ( 'NONE', *, *, #2788, .T. ) ;
#79 = VECTOR ( 'NONE', #5811, 1000.000000000000000 ) ;
#80 = AXIS2_PLACEMENT_3D ( 'NONE', #1477, #2795, #8510 ) ;
#81 = CARTESIAN_POINT ( 'NONE',  ( -75.00000000000000000, -6.999999999999992006, 5.000000000000000000 ) ) ;
#82 = DIRECTION ( 'NONE',  ( -1.604941620322695085E-32, 8.673617379884028076E-17, -1.000000000000000000 ) ) ;
#83 = ORIENTED_EDGE ( 'NONE', *, *, #780, .F. ) ;
#84 = FACE_OUTER_BOUND ( 'NONE', #7687, .T. ) ;
#85 = EDGE_LOOP ( 'NONE', ( #1756, #2138 ) ) ;
#86 = ORIENTED_EDGE ( 'NONE', *, *, #8956, .F. ) ;
#87 = CARTESIAN_POINT ( 'NONE',  ( 7.500000000000000000, -19.99999999999999645, 10.00000000000000355 ) ) ;
#88 = VECTOR ( 'NONE', #5283, 1000.000000000000000 ) ;
#89 = STYLED_ITEM ( 'NONE', ( #7260 ), #9067 ) ;
#90 = EDGE_CURVE ( 'NONE', #629, #9261, #1981, .T. ) ;
#91 = CARTESIAN_POINT ( 'NONE',  ( 50.00000000000000000, -74.99999999999997158, 2.000000000000000000 ) ) ;
#92 = CARTESIAN_POINT ( 'NONE',  ( -75.00000000000001421, 48.00000000000001421, 5.000000000000000000 ) ) ;
#93 = EDGE_LOOP ( 'NONE', ( #3890, #4732, #1383, #5248 ) ) ;
#94 = DIRECTION ( 'NONE',  ( -1.850371707708594070E-16, 1.000000000000000000, 0.000000000000000000 ) ) ;
#95 = LINE ( 'NONE', #4444, #7810 ) ;
#96 = LINE ( 'NONE', #838, #4223 ) ;
#97 = ADVANCED_FACE ( 'NONE', ( #9252, #1322 ), #6423, .F. ) ;
#98 = CIRCLE ( 'NONE', #7716, 19.99999999999999645 ) ;
#99 = ORIENTED_EDGE ( 'NONE', *, *, #2619, .T. ) ;
#100 = DIRECTION ( 'NONE',  ( -1.000000000000000000, 0.000000000000000000, 0.000000000000000000 ) ) ;
#101 = LINE ( 'NONE', #7158, #2519 ) ;
#102 = ORIENTED_EDGE ( 'NONE', *, *, #1143, .T. ) ;
#103 = DIRECTION ( 'NONE',  ( -0.000000000000000000, -0.000000000000000000, 1.000000000000000000 ) ) ;
#104 =( NAMED_UNIT ( * ) SI_UNIT ( $, .STERADIAN. ) SOLID_ANGLE_UNIT ( ) );
#105 = LINE ( 'NONE', #5254, #5561 ) ;
#106 = CARTESIAN_POINT ( 'NONE',  ( 21.99999999999997868, 75.00000000000002842, 5.000000000000000000 ) ) ;
#107 = ORIENTED_EDGE ( 'NONE', *, *, #6793, .T. ) ;
#108 = ADVANCED_FACE ( 'NONE', ( #9154 ), #8451, .F. ) ;
#109 = EDGE_CURVE ( 'NONE', #1681, #2104, #2069, .T. ) ;
#110 = CARTESIAN_POINT ( 'NONE',  ( 30.00000000000000000, -74.99999999999997158, 5.000000000000000000 ) ) ;
#111 = PLANE ( 'NONE',  #1063 ) ;
#112 = LINE ( 'NONE', #4328, #1984 ) ;
#113 = PLANE ( 'NONE',  #2383 ) ;
#114 = PLANE ( 'NONE',  #7348 ) ;
#115 = ORIENTED_EDGE ( 'NONE', *, *, #33, .F. ) ;
#116 = VERTEX_POINT ( 'NONE', #5729 ) ;
#117 = EDGE_CURVE ( 'NONE', #1342, #8759, #2828, .T. ) ;
#118 = DIRECTION ( 'NONE',  ( 0.000000000000000000, -1.000000000000000000, 0.000000000000000000 ) ) ;
#119 = DIRECTION ( 'NONE',  ( -0.000000000000000000, 1.000000000000000000, 8.673617379884028076E-17 ) ) ;
#120 = VERTEX_POINT ( 'NONE', #5678 ) ;
#121 = DIRECTION ( 'NONE',  ( 4.270088556250601699E-16, 1.000000000000000000, -0.000000000000000000 ) ) ;
#122 = DIRECTION ( 'NONE',  ( 1.000000000000000000, -0.000000000000000000, -0.000000000000000000 ) ) ;
#123 = VERTEX_POINT ( 'NONE', #2168 ) ;
#124 = LINE ( 'NONE', #8745, #5761 ) ;
#125 = ORIENTED_EDGE ( 'NONE', *, *, #257, .T. ) ;
#126 = ORIENTED_EDGE ( 'NONE', *, *, #3369, .T. ) ;
#127 = LINE ( 'NONE', #3636, #7530 ) ;
#128 = EDGE_CURVE ( 'NONE', #1951, #2437, #4985, .T. ) ;
#129 = CARTESIAN_POINT ( 'NONE',  ( 72.00000000000001421, -54.99999999999997868, 2.000000000000000000 ) ) ;
#130 = ORIENTED_EDGE ( 'NONE', *, *, #3705, .T. ) ;
#131 = VECTOR ( 'NONE', #432, 1000.000000000000000 ) ;
#132 = CARTESIAN_POINT ( 'NONE',  ( -24.99999999999999289, -74.99999999999997158, 1.999999999999999112 ) ) ;
#133 = ORIENTED_EDGE ( 'NONE', *, *, #3018, .T. ) ;
#134 = CARTESIAN_POINT ( 'NONE',  ( -72.00000000000001421, 18.00000000000001421, 5.000000000000000000 ) ) ;
#135 = CARTESIAN_POINT ( 'NONE',  ( -72.00000000000000000, -21.99999999999998579, 5.000000000000000000 ) ) ;
#136 = EDGE_CURVE ( 'NONE', #5946, #3969, #4183, .T. ) ;
#137 = LINE ( 'NONE', #236, #1524 ) ;
#138 = CIRCLE ( 'NONE', #5372, 1.600000000000005196 ) ;
#139 = ORIENTED_EDGE ( 'NONE', *, *, #2441, .F. ) ;
#140 = FACE_OUTER_BOUND ( 'NONE', #3393, .T. ) ;
#141 = CARTESIAN_POINT ( 'NONE',  ( -72.00000000000001421, 38.00000000000002132, 2.000000000000000000 ) ) ;
#142 = VERTEX_POINT ( 'NONE', #7740 ) ;
#143 = VECTOR ( 'NONE', #153, 1000.000000000000000 ) ;
#144 = DIRECTION ( 'NONE',  ( 1.850371707708594316E-16, -1.000000000000000000, 0.000000000000000000 ) ) ;
#145 = FACE_BOUND ( 'NONE', #1286, .T. ) ;
#146 = DIRECTION ( 'NONE',  ( 0.000000000000000000, 0.000000000000000000, -1.000000000000000000 ) ) ;
#147 = EDGE_CURVE ( 'NONE', #2952, #8132, #7026, .T. ) ;
#148 = DIRECTION ( 'NONE',  ( -1.850371707708594070E-16, 1.000000000000000000, 0.000000000000000000 ) ) ;
#149 = ORIENTED_EDGE ( 'NONE', *, *, #1024, .F. ) ;
#150 = CARTESIAN_POINT ( 'NONE',  ( -72.00000000000000000, -51.99999999999998579, 5.000000000000000000 ) ) ;
#151 = DIRECTION ( 'NONE',  ( 0.000000000000000000, 0.000000000000000000, -1.000000000000000000 ) ) ;
#152 = PLANE ( 'NONE',  #7215 ) ;
#153 = DIRECTION ( 'NONE',  ( -1.000000000000000000, -1.850371707708594070E-16, -0.000000000000000000 ) ) ;
#154 = FACE_OUTER_BOUND ( 'NONE', #3031, .T. ) ;
#155 = EDGE_CURVE ( 'NONE', #6027, #6738, #1420, .T. ) ;
#156 = ORIENTED_EDGE ( 'NONE', *, *, #2529, .T. ) ;
#157 = ORIENTED_EDGE ( 'NONE', *, *, #5560, .F. ) ;
#158 = CARTESIAN_POINT ( 'NONE',  ( 72.00000000000000000, 15.00000000000002665, 2.000000000000000000 ) ) ;
#159 = PLANE ( 'NONE',  #5567 ) ;
#160 = LINE ( 'NONE', #8739, #3768 ) ;
#161 = VERTEX_POINT ( 'NONE', #3571 ) ;
#162 = CARTESIAN_POINT ( 'NONE',  ( 56.99999999999997158, 72.00000000000002842, 2.000000000000000444 ) ) ;
#163 = DIRECTION ( 'NONE',  ( 1.850371707708594316E-16, -1.000000000000000000, 0.000000000000000000 ) ) ;
#164 = ORIENTED_EDGE ( 'NONE', *, *, #7269, .F. ) ;
#165 = EDGE_CURVE ( 'NONE', #4106, #1054, #5406, .T. ) ;
#166 = DIRECTION ( 'NONE',  ( -0.000000000000000000, 1.000000000000000000, 8.673617379884028076E-17 ) ) ;
#167 = ORIENTED_EDGE ( 'NONE', *, *, #7605, .T. ) ;
#168 = EDGE_CURVE ( 'NONE', #9131, #7208, #2785, .T. ) ;
#169 = VECTOR ( 'NONE', #5629, 1000.000000000000000 ) ;
#170 = EDGE_LOOP ( 'NONE', ( #5960, #7344, #8402, #661 ) ) ;
#171 = DIRECTION ( 'NONE',  ( 0.000000000000000000, 0.000000000000000000, -1.000000000000000000 ) ) ;
#172 = CARTESIAN_POINT ( 'NONE',  ( 71.99999999999998579, 72.00000000000002842, 5.000000000000000000 ) ) ;
#173 = CARTESIAN_POINT ( 'NONE',  ( -7.500000000000000000, 0.000000000000000000, 10.00000000000000000 ) ) ;
#174 = VERTEX_POINT ( 'NONE', #4377 ) ;
#175 = DIRECTION ( 'NONE',  ( 1.000000000000000000, -0.000000000000000000, -0.000000000000000000 ) ) ;
#176 = FACE_OUTER_BOUND ( 'NONE', #7019, .T. ) ;
#177 = VECTOR ( 'NONE', #5999, 1000.000000000000000 ) ;
#178 = VECTOR ( 'NONE', #7373, 1000.000000000000000 ) ;
#179 = ORIENTED_EDGE ( 'NONE', *, *, #8781, .T. ) ;
#180 = DIRECTION ( 'NONE',  ( 1.000000000000000000, 0.000000000000000000, 0.000000000000000000 ) ) ;
#181 = EDGE_CURVE ( 'NONE', #120, #5063, #203, .T. ) ;
#182 = EDGE_LOOP ( 'NONE', ( #7447, #5506, #5220, #2826 ) ) ;
#183 = ADVANCED_FACE ( 'NONE', ( #5079 ), #7222, .F. ) ;
#184 = VECTOR ( 'NONE', #525, 1000.000000000000000 ) ;
#185 = PLANE ( 'NONE',  #4091 ) ;
#186 = AXIS2_PLACEMENT_3D ( 'NONE', #6169, #6920, #8913 ) ;
#187 = ORIENTED_EDGE ( 'NONE', *, *, #7751, .T. ) ;
#188 = PLANE ( 'NONE',  #5962 ) ;
#189 = DIRECTION ( 'NONE',  ( 0.000000000000000000, 0.000000000000000000, -1.000000000000000000 ) ) ;
#190 = ORIENTED_EDGE ( 'NONE', *, *, #1671, .F. ) ;
#191 = ORIENTED_EDGE ( 'NONE', *, *, #1131, .F. ) ;
#192 = PLANE ( 'NONE',  #1882 ) ;
#193 = PLANE ( 'NONE',  #4076 ) ;
#194 = LINE ( 'NONE', #8820, #4665 ) ;
#195 = VECTOR ( 'NONE', #9106, 1000.000000000000000 ) ;
#196 = AXIS2_PLACEMENT_3D ( 'NONE', #1015, #6722, #4788 ) ;
#197 = CARTESIAN_POINT ( 'NONE',  ( -10.00000000000000178, -71.99999999999997158, 2.000000000000000000 ) ) ;
#198 = EDGE_CURVE ( 'NONE', #6738, #5681, #1001, .T. ) ;
#199 = CARTESIAN_POINT ( 'NONE',  ( 36.99999999999997868, 72.00000000000002842, 5.000000000000000000 ) ) ;
#200 = LINE ( 'NONE', #6656, #9028 ) ;
#201 = AXIS2_PLACEMENT_3D ( 'NONE', #8384, #5439, #7679 ) ;
#202 = DIRECTION ( 'NONE',  ( -0.000000000000000000, -0.000000000000000000, 1.000000000000000000 ) ) ;
#203 = LINE ( 'NONE', #2925, #1517 ) ;
#204 = ORIENTED_EDGE ( 'NONE', *, *, #7914, .F. ) ;
#205 = ORIENTED_EDGE ( 'NONE', *, *, #4326, .F. ) ;
#206 = EDGE_LOOP ( 'NONE', ( #7565, #5447, #7984, #2144 ) ) ;
#207 = VECTOR ( 'NONE', #7667, 1000.000000000000000 ) ;
#208 = FACE_OUTER_BOUND ( 'NONE', #2410, .T. ) ;
#209 = EDGE_CURVE ( 'NONE', #8828, #364, #3006, .T. ) ;
#210 = FACE_OUTER_BOUND ( 'NONE', #8939, .T. ) ;
#211 = DIRECTION ( 'NONE',  ( -0.000000000000000000, -0.000000000000000000, -1.000000000000000000 ) ) ;
#212 = LINE ( 'NONE', #1512, #342 ) ;
#213 = ORIENTED_EDGE ( 'NONE', *, *, #1426, .T. ) ;
#214 = PLANE ( 'NONE',  #6709 ) ;
#215 = DIRECTION ( 'NONE',  ( 1.000000000000000000, 0.000000000000000000, 0.000000000000000000 ) ) ;
#216 = ORIENTED_EDGE ( 'NONE', *, *, #5378, .T. ) ;
#217 = CIRCLE ( 'NONE', #3495, 1.600000000000004086 ) ;
#218 = PLANE ( 'NONE',  #6501 ) ;
#219 = ORIENTED_EDGE ( 'NONE', *, *, #4924, .F. ) ;
#220 = VERTEX_POINT ( 'NONE', #5816 ) ;
#221 = CARTESIAN_POINT ( 'NONE',  ( -75.00000000000001421, 75.00000000000002842, 0.000000000000000000 ) ) ;
#222 = VERTEX_POINT ( 'NONE', #3667 ) ;
#223 = EDGE_CURVE ( 'NONE', #4108, #7944, #3710, .T. ) ;
#224 = VECTOR ( 'NONE', #8182, 1000.000000000000000 ) ;
#225 = DIRECTION ( 'NONE',  ( 0.000000000000000000, 0.000000000000000000, -1.000000000000000000 ) ) ;
#226 = EDGE_CURVE ( 'NONE', #3094, #1442, #254, .T. ) ;
#227 = ORIENTED_EDGE ( 'NONE', *, *, #3387, .T. ) ;
#228 = LINE ( 'NONE', #3082, #8140 ) ;
#229 = ORIENTED_EDGE ( 'NONE', *, *, #612, .T. ) ;
#230 = DIRECTION ( 'NONE',  ( 0.000000000000000000, 0.000000000000000000, -1.000000000000000000 ) ) ;
#231 = DIRECTION ( 'NONE',  ( 0.000000000000000000, 0.000000000000000000, -1.000000000000000000 ) ) ;
#232 = VECTOR ( 'NONE', #7607, 1000.000000000000000 ) ;
#233 = ORIENTED_EDGE ( 'NONE', *, *, #693, .F. ) ;
#234 = VECTOR ( 'NONE', #1444, 1000.000000000000000 ) ;
#235 = EDGE_LOOP ( 'NONE', ( #9019, #1492, #8336, #6811 ) ) ;
#236 = CARTESIAN_POINT ( 'NONE',  ( -74.99999999999998579, -74.99999999999997158, 5.000000000000000000 ) ) ;
#237 = ADVANCED_FACE ( 'NONE', ( #7311 ), #114, .T. ) ;
#238 = ORIENTED_EDGE ( 'NONE', *, *, #7080, .T. ) ;
#239 = AXIS2_PLACEMENT_3D ( 'NONE', #6180, #1265, #4172 ) ;
#240 = DIRECTION ( 'NONE',  ( 1.734723475976807834E-16, 0.000000000000000000, -1.000000000000000000 ) ) ;
#241 = VERTEX_POINT ( 'NONE', #5912 ) ;
#242 = DIRECTION ( 'NONE',  ( 0.000000000000000000, 1.000000000000000000, -8.673617379884039170E-17 ) ) ;
#243 = CARTESIAN_POINT ( 'NONE',  ( 71.99999999999998579, 65.00000000000002842, 5.000000000000000000 ) ) ;
#244 = ORIENTED_EDGE ( 'NONE', *, *, #2818, .T. ) ;
#245 = ORIENTED_EDGE ( 'NONE', *, *, #5481, .T. ) ;
#246 = LINE ( 'NONE', #991, #3673 ) ;
#247 = CARTESIAN_POINT ( 'NONE',  ( -58.00000000000000711, 3.500000000000003109, 15.00000000000000000 ) ) ;
#248 = LINE ( 'NONE', #4601, #9155 ) ;
#249 = EDGE_CURVE ( 'NONE', #3796, #3975, #1697, .T. ) ;
#250 = LINE ( 'NONE', #4604, #7401 ) ;
#251 = DIRECTION ( 'NONE',  ( 1.000000000000000000, 0.000000000000000000, 0.000000000000000000 ) ) ;
#252 = LINE ( 'NONE', #7455, #6163 ) ;
#253 = CARTESIAN_POINT ( 'NONE',  ( -75.00000000000001421, -1.999999999999980904, 5.000000000000000000 ) ) ;
#254 = LINE ( 'NONE', #6517, #773 ) ;
#255 = VERTEX_POINT ( 'NONE', #5123 ) ;
#256 = ORIENTED_EDGE ( 'NONE', *, *, #7594, .F. ) ;
#257 = EDGE_CURVE ( 'NONE', #8802, #2344, #4425, .T. ) ;
#258 = ORIENTED_EDGE ( 'NONE', *, *, #2186, .F. ) ;
#259 = DIRECTION ( 'NONE',  ( -1.000000000000000000, 0.000000000000000000, 0.000000000000000000 ) ) ;
#260 = CARTESIAN_POINT ( 'NONE',  ( 41.99999999999997868, 72.00000000000002842, 5.000000000000000000 ) ) ;
#261 = DIRECTION ( 'NONE',  ( -0.000000000000000000, 0.000000000000000000, -1.000000000000000000 ) ) ;
#262 = DIRECTION ( 'NONE',  ( -0.000000000000000000, -0.000000000000000000, 1.000000000000000000 ) ) ;
#263 = ORIENTED_EDGE ( 'NONE', *, *, #8381, .F. ) ;
#264 = DIRECTION ( 'NONE',  ( -0.000000000000000000, -1.000000000000000000, -0.000000000000000000 ) ) ;
#265 = DIRECTION ( 'NONE',  ( 1.000000000000000000, 1.850371707708594070E-16, -0.000000000000000000 ) ) ;
#266 = EDGE_LOOP ( 'NONE', ( #2644, #3583, #3973, #8609 ) ) ;
#267 = ORIENTED_EDGE ( 'NONE', *, *, #7623, .T. ) ;
#268 = VERTEX_POINT ( 'NONE', #1555 ) ;
#269 = LINE ( 'NONE', #1715, #8425 ) ;
#270 = EDGE_CURVE ( 'NONE', #4898, #5613, #7360, .T. ) ;
#271 = ORIENTED_EDGE ( 'NONE', *, *, #4405, .T. ) ;
#272 = CARTESIAN_POINT ( 'NONE',  ( -18.00000000000001421, 72.00000000000002842, 5.000000000000000000 ) ) ;
#273 = VERTEX_POINT ( 'NONE', #2963 ) ;
#274 = CARTESIAN_POINT ( 'NONE',  ( 1.899999999999997913, -57.99999999999997158, 2.000000000000000000 ) ) ;
#275 = VERTEX_POINT ( 'NONE', #7270 ) ;
#276 = DIRECTION ( 'NONE',  ( -0.000000000000000000, 1.000000000000000000, -0.000000000000000000 ) ) ;
#277 = CARTESIAN_POINT ( 'NONE',  ( 1.899999999999997913, -57.99999999999997158, 5.000000000000000888 ) ) ;
#278 = ADVANCED_FACE ( 'NONE', ( #856 ), #6658, .F. ) ;
#279 = ORIENTED_EDGE ( 'NONE', *, *, #7787, .F. ) ;
#280 = ADVANCED_FACE ( 'NONE', ( #154 ), #1599, .F. ) ;
#281 = AXIS2_PLACEMENT_3D ( 'NONE', #5427, #3580, #5517 ) ;
#282 = EDGE_LOOP ( 'NONE', ( #2888, #7753, #4945, #8175 ) ) ;
#283 = DIRECTION ( 'NONE',  ( -1.000000000000000000, -1.850371707708594070E-16, -0.000000000000000000 ) ) ;
#284 = ORIENTED_EDGE ( 'NONE', *, *, #3618, .T. ) ;
#285 = CARTESIAN_POINT ( 'NONE',  ( -8.000000000000021316, 72.00000000000002842, 5.000000000000000000 ) ) ;
#286 = VECTOR ( 'NONE', #4872, 1000.000000000000000 ) ;
#287 = LINE ( 'NONE', #7446, #6724 ) ;
#288 = ORIENTED_EDGE ( 'NONE', *, *, #1914, .F. ) ;
#289 = ORIENTED_EDGE ( 'NONE', *, *, #6560, .F. ) ;
#290 = DIRECTION ( 'NONE',  ( 1.000000000000000000, 1.850371707708594070E-16, -0.000000000000000000 ) ) ;
#292 = CARTESIAN_POINT ( 'NONE',  ( -33.00000000000002842, 72.00000000000002842, 5.000000000000000000 ) ) ;
#291 = AXIS2_PLACEMENT_3D ( 'NONE', #9251, #2731, #5586 ) ;
#293 = ADVANCED_FACE ( 'NONE', ( #2354 ), #3856, .F. ) ;
#294 = EDGE_CURVE ( 'NONE', #1758, #4633, #951, .T. ) ;
#295 = CARTESIAN_POINT ( 'NONE',  ( -3.500000000000003109, -57.99999999999997158, 15.00000000000000000 ) ) ;
#296 = LINE ( 'NONE', #3099, #6193 ) ;
#297 = VECTOR ( 'NONE', #5122, 1000.000000000000000 ) ;
#298 = DIRECTION ( 'NONE',  ( -0.000000000000000000, 0.000000000000000000, 1.000000000000000000 ) ) ;
#299 = LINE ( 'NONE', #8020, #3932 ) ;
#300 = ADVANCED_FACE ( 'NONE', ( #2402 ), #5777, .F. ) ;
#301 = DIRECTION ( 'NONE',  ( -2.312964634635742661E-15, -0.000000000000000000, 1.000000000000000000 ) ) ;
#302 = LINE ( 'NONE', #7458, #6754 ) ;
#303 = EDGE_LOOP ( 'NONE', ( #3825, #6535, #2938, #4253 ) ) ;
#304 = ORIENTED_EDGE ( 'NONE', *, *, #6192, .F. ) ;
#305 = VECTOR ( 'NONE', #3093, 1000.000000000000000 ) ;
#306 = CARTESIAN_POINT ( 'NONE',  ( 41.99999999999997868, 75.00000000000002842, 5.000000000000000000 ) ) ;
#307 = CARTESIAN_POINT ( 'NONE',  ( -38.00000000000002132, 72.00000000000002842, 5.000000000000000000 ) ) ;
#308 = CARTESIAN_POINT ( 'NONE',  ( 7.500000000000000000, 0.000000000000000000, 10.00000000000000000 ) ) ;
#309 = EDGE_CURVE ( 'NONE', #2952, #407, #5555, .T. ) ;
#310 = DIRECTION ( 'NONE',  ( 1.850371707708594070E-16, -1.000000000000000000, 0.000000000000000000 ) ) ;
#311 = ORIENTED_EDGE ( 'NONE', *, *, #5153, .T. ) ;
#312 = EDGE_CURVE ( 'NONE', #3493, #5938, #302, .T. ) ;
#313 = CARTESIAN_POINT ( 'NONE',  ( -72.00000000000001421, 23.00000000000001421, 1.999999999999999556 ) ) ;
#314 = CARTESIAN_POINT ( 'NONE',  ( -28.00000000000002487, 72.00000000000002842, 2.000000000000000000 ) ) ;
#315 = ORIENTED_EDGE ( 'NONE', *, *, #5311, .T. ) ;
#316 = ORIENTED_EDGE ( 'NONE', *, *, #5014, .T. ) ;
#317 = ORIENTED_EDGE ( 'NONE', *, *, #2619, .F. ) ;
#318 = CARTESIAN_POINT ( 'NONE',  ( -4.999999999999990230, -71.99999999999997158, 5.000000000000000000 ) ) ;
#319 = ORIENTED_EDGE ( 'NONE', *, *, #8400, .T. ) ;
#320 = LINE ( 'NONE', #272, #7408 ) ;
#321 = ORIENTED_EDGE ( 'NONE', *, *, #4884, .F. ) ;
#322 = EDGE_CURVE ( 'NONE', #455, #6109, #8873, .T. ) ;
#323 = CARTESIAN_POINT ( 'NONE',  ( -1.899999999999996358, -57.99999999999997158, 15.00000000000000000 ) ) ;
#324 = VERTEX_POINT ( 'NONE', #27 ) ;
#325 = CARTESIAN_POINT ( 'NONE',  ( 75.00000000000000000, 15.00000000000002665, 2.000000000000000000 ) ) ;
#326 = CARTESIAN_POINT ( 'NONE',  ( -30.00000000000000000, -71.99999999999997158, 5.000000000000000000 ) ) ;
#327 = VECTOR ( 'NONE', #7122, 1000.000000000000000 ) ;
#328 = ORIENTED_EDGE ( 'NONE', *, *, #7803, .F. ) ;
#329 = EDGE_CURVE ( 'NONE', #7978, #8466, #4240, .T. ) ;
#330 = CARTESIAN_POINT ( 'NONE',  ( -72.00000000000001421, 5.551115123125782702E-16, 0.000000000000000000 ) ) ;
#331 = ORIENTED_EDGE ( 'NONE', *, *, #6781, .T. ) ;
#332 = CARTESIAN_POINT ( 'NONE',  ( 35.00000000000000000, -71.99999999999997158, 5.000000000000000000 ) ) ;
#333 = VECTOR ( 'NONE', #1870, 1000.000000000000000 ) ;
#334 = DIRECTION ( 'NONE',  ( 0.000000000000000000, 0.000000000000000000, -1.000000000000000000 ) ) ;
#335 = EDGE_LOOP ( 'NONE', ( #7487, #6866, #1395, #7459 ) ) ;
#336 = AXIS2_PLACEMENT_3D ( 'NONE', #762, #1463, #3617 ) ;
#337 = ORIENTED_EDGE ( 'NONE', *, *, #5050, .F. ) ;
#338 = DIRECTION ( 'NONE',  ( -0.000000000000000000, 1.000000000000000000, -0.000000000000000000 ) ) ;
#339 = DIRECTION ( 'NONE',  ( 0.000000000000000000, -0.000000000000000000, 1.000000000000000000 ) ) ;
#340 = CARTESIAN_POINT ( 'NONE',  ( 72.00000000000000000, 30.00000000000002132, 5.000000000000000000 ) ) ;
#341 = VECTOR ( 'NONE', #211, 1000.000000000000000 ) ;
#342 = VECTOR ( 'NONE', #5968, 1000.000000000000000 ) ;
#343 = DIRECTION ( 'NONE',  ( -1.850371707708594316E-16, 1.000000000000000000, -0.000000000000000000 ) ) ;
#344 = EDGE_CURVE ( 'NONE', #478, #6869, #3532, .T. ) ;
#345 = LINE ( 'NONE', #8919, #7963 ) ;
#346 = CARTESIAN_POINT ( 'NONE',  ( 0.000000000000000000, -74.99999999999997158, 5.000000000000000000 ) ) ;
#347 = EDGE_CURVE ( 'NONE', #7718, #6019, #7704, .T. ) ;
#348 = AXIS2_PLACEMENT_3D ( 'NONE', #7169, #8541, #2112 ) ;
#349 = CARTESIAN_POINT ( 'NONE',  ( 72.00000000000001421, -74.99999999999997158, 2.000000000000000000 ) ) ;
#350 = AXIS2_PLACEMENT_3D ( 'NONE', #2399, #6700, #3806 ) ;
#351 = ORIENTED_EDGE ( 'NONE', *, *, #6825, .F. ) ;
#352 = VECTOR ( 'NONE', #3367, 1000.000000000000000 ) ;
#353 = EDGE_LOOP ( 'NONE', ( #5381, #9237, #5634, #408 ) ) ;
#354 = CARTESIAN_POINT ( 'NONE',  ( 65.00000000000000000, -65.00000000000001421, 2.000000000000000000 ) ) ;
#355 = VECTOR ( 'NONE', #7343, 1000.000000000000000 ) ;
#356 = CYLINDRICAL_SURFACE ( 'NONE', #3904, 1.600000000000004086 ) ;
#357 = DIRECTION ( 'NONE',  ( 0.000000000000000000, 0.000000000000000000, -1.000000000000000000 ) ) ;
#358 = EDGE_CURVE ( 'NONE', #8477, #268, #8550, .T. ) ;
#359 = AXIS2_PLACEMENT_3D ( 'NONE', #3023, #5790, #2325 ) ;
#360 = PLANE ( 'NONE',  #7355 ) ;
#361 = ORIENTED_EDGE ( 'NONE', *, *, #974, .F. ) ;
#362 = PLANE ( 'NONE',  #439 ) ;
#363 = CARTESIAN_POINT ( 'NONE',  ( -48.00000000000001421, 75.00000000000002842, 2.000000000000000000 ) ) ;
#364 = VERTEX_POINT ( 'NONE', #7032 ) ;
#365 = ORIENTED_EDGE ( 'NONE', *, *, #2906, .F. ) ;
#366 = VECTOR ( 'NONE', #7034, 1000.000000000000000 ) ;
#367 = EDGE_CURVE ( 'NONE', #5989, #9145, #1468, .T. ) ;
#368 = CARTESIAN_POINT ( 'NONE',  ( -58.00000000000002132, 72.00000000000002842, 5.000000000000000000 ) ) ;
#369 = ORIENTED_EDGE ( 'NONE', *, *, #4057, .F. ) ;
#370 = VECTOR ( 'NONE', #7121, 1000.000000000000000 ) ;
#371 = CARTESIAN_POINT ( 'NONE',  ( 9.999999999999994671, -74.99999999999997158, 5.000000000000000000 ) ) ;
#372 = ORIENTED_EDGE ( 'NONE', *, *, #6045, .T. ) ;
#373 = LINE ( 'NONE', #2331, #4859 ) ;
#374 = CARTESIAN_POINT ( 'NONE',  ( -58.00000000000002132, 72.00000000000002842, 2.000000000000000000 ) ) ;
#375 = EDGE_CURVE ( 'NONE', #8684, #6783, #7084, .T. ) ;
#376 = AXIS2_PLACEMENT_3D ( 'NONE', #4575, #1173, #4037 ) ;
#377 = ORIENTED_EDGE ( 'NONE', *, *, #1425, .T. ) ;
#378 = DIRECTION ( 'NONE',  ( -0.000000000000000000, 0.000000000000000000, 1.000000000000000000 ) ) ;
#379 = ORIENTED_EDGE ( 'NONE', *, *, #5680, .F. ) ;
#380 = FACE_OUTER_BOUND ( 'NONE', #7393, .T. ) ;
#381 = VECTOR ( 'NONE', #5953, 1000.000000000000000 ) ;
#382 = AXIS2_PLACEMENT_3D ( 'NONE', #4107, #9029, #417 ) ;
#383 = CARTESIAN_POINT ( 'NONE',  ( -75.00000000000001421, 3.000000000000016431, 1.999999999999999556 ) ) ;
#384 = VERTEX_POINT ( 'NONE', #2882 ) ;
#385 = DIRECTION ( 'NONE',  ( -0.000000000000000000, 1.000000000000000000, 8.673617379884028076E-17 ) ) ;
#386 = CARTESIAN_POINT ( 'NONE',  ( -110.0000000000000000, 72.00000000000002842, 0.000000000000000000 ) ) ;
#387 = DIRECTION ( 'NONE',  ( 0.000000000000000000, 0.000000000000000000, -1.000000000000000000 ) ) ;
#388 = EDGE_CURVE ( 'NONE', #2177, #6109, #5592, .T. ) ;
#389 = PLANE ( 'NONE',  #516 ) ;
#390 = CARTESIAN_POINT ( 'NONE',  ( -74.99999999999998579, -74.99999999999997158, 5.000000000000000000 ) ) ;
#391 = PLANE ( 'NONE',  #8279 ) ;
#392 = DIRECTION ( 'NONE',  ( -1.000000000000000000, -1.850371707708594070E-16, -0.000000000000000000 ) ) ;
#393 = LINE ( 'NONE', #1176, #7105 ) ;
#394 = DIRECTION ( 'NONE',  ( -1.000000000000000000, 0.000000000000000000, 0.000000000000000000 ) ) ;
#395 = VECTOR ( 'NONE', #5430, 1000.000000000000000 ) ;
#396 = ORIENTED_EDGE ( 'NONE', *, *, #3206, .F. ) ;
#397 = ORIENTED_EDGE ( 'NONE', *, *, #198, .F. ) ;
#398 = EDGE_CURVE ( 'NONE', #8420, #9221, #5735, .T. ) ;
#399 = EDGE_CURVE ( 'NONE', #2993, #7195, #1327, .T. ) ;
#400 = DIRECTION ( 'NONE',  ( -0.000000000000000000, 0.000000000000000000, 1.000000000000000000 ) ) ;
#401 = CARTESIAN_POINT ( 'NONE',  ( -75.00000000000001421, 68.00000000000001421, 5.000000000000000000 ) ) ;
#402 = FACE_OUTER_BOUND ( 'NONE', #5354, .T. ) ;
#403 = CARTESIAN_POINT ( 'NONE',  ( 72.00000000000001421, -64.99999999999998579, 5.000000000000000000 ) ) ;
#404 = ORIENTED_EDGE ( 'NONE', *, *, #1340, .F. ) ;
#405 = DIRECTION ( 'NONE',  ( -1.000000000000000000, -1.850371707708594070E-16, 0.000000000000000000 ) ) ;
#406 = ORIENTED_EDGE ( 'NONE', *, *, #3922, .F. ) ;
#407 = VERTEX_POINT ( 'NONE', #2176 ) ;
#408 = ORIENTED_EDGE ( 'NONE', *, *, #388, .T. ) ;
#409 = EDGE_CURVE ( 'NONE', #2835, #3833, #3626, .T. ) ;
#410 = ORIENTED_EDGE ( 'NONE', *, *, #9204, .F. ) ;
#411 = CARTESIAN_POINT ( 'NONE',  ( -58.00000000000000711, 3.500000000000003109, 2.000000000000000000 ) ) ;
#412 = VERTEX_POINT ( 'NONE', #5040 ) ;
#413 = CARTESIAN_POINT ( 'NONE',  ( -70.00000000000000000, -71.99999999999997158, 5.000000000000000000 ) ) ;
#414 = ORIENTED_EDGE ( 'NONE', *, *, #7741, .F. ) ;
#415 = ORIENTED_EDGE ( 'NONE', *, *, #1191, .F. ) ;
#416 = ADVANCED_FACE ( 'NONE', ( #679 ), #5546, .F. ) ;
#417 = DIRECTION ( 'NONE',  ( 0.000000000000000000, 0.000000000000000000, -1.000000000000000000 ) ) ;
#418 = DIRECTION ( 'NONE',  ( -1.000000000000000000, 0.000000000000000000, 8.673617379884028076E-17 ) ) ;
#419 = VERTEX_POINT ( 'NONE', #1376 ) ;
#420 = ORIENTED_EDGE ( 'NONE', *, *, #2237, .F. ) ;
#421 = DIRECTION ( 'NONE',  ( 1.850371707708594070E-16, -1.000000000000000000, 0.000000000000000000 ) ) ;
#422 = VERTEX_POINT ( 'NONE', #1987 ) ;
#423 = CARTESIAN_POINT ( 'NONE',  ( 72.00000000000000000, 25.00000000000002132, 2.000000000000000000 ) ) ;
#424 = EDGE_CURVE ( 'NONE', #3019, #8466, #4849, .T. ) ;
#425 = CARTESIAN_POINT ( 'NONE',  ( 7.500000000000000000, 0.000000000000000000, 10.00000000000000000 ) ) ;
#426 = CARTESIAN_POINT ( 'NONE',  ( 72.00000000000000000, 35.00000000000002132, 5.000000000000000000 ) ) ;
#427 = DIRECTION ( 'NONE',  ( 0.000000000000000000, 0.000000000000000000, -1.000000000000000000 ) ) ;
#428 = CARTESIAN_POINT ( 'NONE',  ( -75.00000000000001421, 75.00000000000002842, 5.000000000000000000 ) ) ;
#429 = LINE ( 'NONE', #2044, #663 ) ;
#430 = CARTESIAN_POINT ( 'NONE',  ( -74.99999999999998579, -74.99999999999997158, 5.000000000000000000 ) ) ;
#431 = DIRECTION ( 'NONE',  ( -1.000000000000000000, 0.000000000000000000, 0.000000000000000000 ) ) ;
#432 = DIRECTION ( 'NONE',  ( -0.000000000000000000, -0.000000000000000000, 1.000000000000000000 ) ) ;
#433 = CIRCLE ( 'NONE', #9263, 7.500000000000000000 ) ;
#434 = EDGE_CURVE ( 'NONE', #1847, #1572, #5684, .T. ) ;
#435 = LINE ( 'NONE', #3900, #8220 ) ;
#436 = CARTESIAN_POINT ( 'NONE',  ( 75.00000000000001421, -44.99999999999997158, 5.000000000000000000 ) ) ;
#437 = CARTESIAN_POINT ( 'NONE',  ( -75.00000000000001421, 53.00000000000001421, 5.000000000000000000 ) ) ;
#438 = ORIENTED_EDGE ( 'NONE', *, *, #1688, .F. ) ;
#439 = AXIS2_PLACEMENT_3D ( 'NONE', #3253, #2411, #405 ) ;
#440 = CARTESIAN_POINT ( 'NONE',  ( 61.99999999999997868, 72.00000000000002842, 2.000000000000000000 ) ) ;
#441 = CARTESIAN_POINT ( 'NONE',  ( 74.99999999999998579, 75.00000000000002842, 5.000000000000000000 ) ) ;
#442 = DIRECTION ( 'NONE',  ( 2.312964634635742661E-15, 0.000000000000000000, -1.000000000000000000 ) ) ;
#443 = DIRECTION ( 'NONE',  ( -1.000000000000000000, -1.850371707708594070E-16, -0.000000000000000000 ) ) ;
#444 = EDGE_CURVE ( 'NONE', #1290, #5692, #4290, .T. ) ;
#445 = DIRECTION ( 'NONE',  ( 0.000000000000000000, 0.000000000000000000, -1.000000000000000000 ) ) ;
#446 = EDGE_LOOP ( 'NONE', ( #7657, #5626, #3268, #5913 ) ) ;
#447 = CIRCLE ( 'NONE', #5672, 3.500000000000000888 ) ;
#448 = ORIENTED_EDGE ( 'NONE', *, *, #8004, .F. ) ;
#449 = VERTEX_POINT ( 'NONE', #3485 ) ;
#450 = LINE ( 'NONE', #7522, #4715 ) ;
#451 = ORIENTED_EDGE ( 'NONE', *, *, #4561, .T. ) ;
#452 = ADVANCED_FACE ( 'NONE', ( #3435 ), #7131, .T. ) ;
#453 = PLANE ( 'NONE',  #2454 ) ;
#454 = EDGE_CURVE ( 'NONE', #3681, #2330, #6334, .T. ) ;
#455 = VERTEX_POINT ( 'NONE', #8503 ) ;
#456 = DIRECTION ( 'NONE',  ( 1.000000000000000000, -2.135044278125300850E-16, 0.000000000000000000 ) ) ;
#457 = LINE ( 'NONE', #7616, #6317 ) ;
#458 = VERTEX_POINT ( 'NONE', #2075 ) ;
#459 = VERTEX_POINT ( 'NONE', #4939 ) ;
#460 = DIRECTION ( 'NONE',  ( 0.000000000000000000, 0.000000000000000000, 1.000000000000000000 ) ) ;
#461 = ORIENTED_EDGE ( 'NONE', *, *, #3895, .T. ) ;
#462 = FACE_OUTER_BOUND ( 'NONE', #5355, .T. ) ;
#463 = DIRECTION ( 'NONE',  ( -1.000000000000000000, 0.000000000000000000, 8.673617379884028076E-17 ) ) ;
#464 = DIRECTION ( 'NONE',  ( -0.000000000000000000, -0.000000000000000000, 1.000000000000000000 ) ) ;
#465 = ORIENTED_EDGE ( 'NONE', *, *, #7814, .T. ) ;
#466 = LINE ( 'NONE', #7543, #4069 ) ;
#467 = EDGE_CURVE ( 'NONE', #1976, #2971, #7790, .T. ) ;
#468 = EDGE_CURVE ( 'NONE', #5177, #8722, #8127, .T. ) ;
#469 = LINE ( 'NONE', #1303, #2670 ) ;
#470 = DIRECTION ( 'NONE',  ( 0.000000000000000000, 0.000000000000000000, 1.000000000000000000 ) ) ;
#471 = AXIS2_PLACEMENT_3D ( 'NONE', #6470, #576, #3528 ) ;
#472 = FACE_OUTER_BOUND ( 'NONE', #14, .T. ) ;
#473 = DIRECTION ( 'NONE',  ( 1.850371707708594316E-16, -1.000000000000000000, 0.000000000000000000 ) ) ;
#474 = DIRECTION ( 'NONE',  ( -0.000000000000000000, -1.000000000000000000, -0.000000000000000000 ) ) ;
#475 = DIRECTION ( 'NONE',  ( -0.000000000000000000, -0.000000000000000000, 1.000000000000000000 ) ) ;
#476 = DIRECTION ( 'NONE',  ( -0.000000000000000000, 1.000000000000000000, -0.000000000000000000 ) ) ;
#477 = LINE ( 'NONE', #5531, #6778 ) ;
#478 = VERTEX_POINT ( 'NONE', #2260 ) ;
#479 = VECTOR ( 'NONE', #2007, 1000.000000000000000 ) ;
#480 = AXIS2_PLACEMENT_3D ( 'NONE', #4005, #9013, #1889 ) ;
#481 = EDGE_CURVE ( 'NONE', #6814, #2330, #7229, .T. ) ;
#482 = FACE_OUTER_BOUND ( 'NONE', #2336, .T. ) ;
#483 = LINE ( 'NONE', #1183, #5840 ) ;
#484 = CARTESIAN_POINT ( 'NONE',  ( 75.00000000000000000, 35.00000000000002132, 5.000000000000000000 ) ) ;
#485 = LINE ( 'NONE', #3339, #5708 ) ;
#486 = AXIS2_PLACEMENT_3D ( 'NONE', #8208, #1219, #6884 ) ;
#487 = DIRECTION ( 'NONE',  ( 1.000000000000000000, 1.850371707708594070E-16, -0.000000000000000000 ) ) ;
#489 = ORIENTED_EDGE ( 'NONE', *, *, #5892, .F. ) ;
#488 = VECTOR ( 'NONE', #6682, 1000.000000000000000 ) ;
#490 = ORIENTED_EDGE ( 'NONE', *, *, #1640, .F. ) ;
#491 = ORIENTED_EDGE ( 'NONE', *, *, #5037, .F. ) ;
#492 = EDGE_CURVE ( 'NONE', #2572, #6027, #6475, .T. ) ;
#493 = VECTOR ( 'NONE', #6956, 1000.000000000000000 ) ;
#494 = LINE ( 'NONE', #9212, #232 ) ;
#495 = ORIENTED_EDGE ( 'NONE', *, *, #4587, .T. ) ;
#496 = CARTESIAN_POINT ( 'NONE',  ( 72.00000000000000000, -40.00000000000000000, 0.000000000000000000 ) ) ;
#497 = ORIENTED_EDGE ( 'NONE', *, *, #5357, .F. ) ;
#498 = ORIENTED_EDGE ( 'NONE', *, *, #1189, .F. ) ;
#499 = AXIS2_PLACEMENT_3D ( 'NONE', #4645, #1962, #8205 ) ;
#500 = CARTESIAN_POINT ( 'NONE',  ( 1.999999999999974021, 75.00000000000002842, 5.000000000000000000 ) ) ;
#501 = EDGE_LOOP ( 'NONE', ( #2887, #4436, #5602, #6692 ) ) ;
#502 = DIRECTION ( 'NONE',  ( 0.000000000000000000, 0.000000000000000000, -1.000000000000000000 ) ) ;
#503 = EDGE_CURVE ( 'NONE', #2803, #324, #5822, .T. ) ;
#504 = EDGE_CURVE ( 'NONE', #1911, #5165, #160, .T. ) ;
#505 = AXIS2_PLACEMENT_3D ( 'NONE', #4441, #6679, #875 ) ;
#506 = ORIENTED_EDGE ( 'NONE', *, *, #922, .T. ) ;
#507 = LINE ( 'NONE', #3359, #8283 ) ;
#508 = ORIENTED_EDGE ( 'NONE', *, *, #3482, .T. ) ;
#509 = CARTESIAN_POINT ( 'NONE',  ( -5.100000000000010303, 57.99999999999997158, 2.000000000000000000 ) ) ;
#510 = DIRECTION ( 'NONE',  ( -0.000000000000000000, -0.000000000000000000, 1.000000000000000000 ) ) ;
#511 = ORIENTED_EDGE ( 'NONE', *, *, #2042, .T. ) ;
#512 = CARTESIAN_POINT ( 'NONE',  ( -72.00000000000000000, -16.99999999999998579, 1.999999999999999556 ) ) ;
#513 = VECTOR ( 'NONE', #7112, 1000.000000000000000 ) ;
#514 = LINE ( 'NONE', #1081, #39 ) ;
#515 = EDGE_CURVE ( 'NONE', #8038, #899, #3112, .T. ) ;
#516 = AXIS2_PLACEMENT_3D ( 'NONE', #7099, #8564, #7544 ) ;
#517 = AXIS2_PLACEMENT_3D ( 'NONE', #7438, #3880, #6730 ) ;
#518 = CARTESIAN_POINT ( 'NONE',  ( -4.999999999999990230, -71.99999999999997158, 1.999999999999999112 ) ) ;
#519 = LINE ( 'NONE', #1829, #3039 ) ;
#520 = CARTESIAN_POINT ( 'NONE',  ( -70.00000000000000000, -71.99999999999997158, 2.000000000000000000 ) ) ;
#521 = FACE_OUTER_BOUND ( 'NONE', #3572, .T. ) ;
#522 = LINE ( 'NONE', #1307, #8671 ) ;
#523 = LINE ( 'NONE', #7015, #5322 ) ;
#524 = EDGE_CURVE ( 'NONE', #2601, #6236, #212, .T. ) ;
#525 = DIRECTION ( 'NONE',  ( -0.000000000000000000, -0.000000000000000000, -1.000000000000000000 ) ) ;
#526 = DIRECTION ( 'NONE',  ( -0.000000000000000000, -1.000000000000000000, -0.000000000000000000 ) ) ;
#527 = ORIENTED_EDGE ( 'NONE', *, *, #7865, .T. ) ;
#528 = VECTOR ( 'NONE', #7703, 1000.000000000000000 ) ;
#529 = AXIS2_PLACEMENT_3D ( 'NONE', #425, #3273, #6123 ) ;
#530 = PLANE ( 'NONE',  #7604 ) ;
#531 = DIRECTION ( 'NONE',  ( 0.000000000000000000, 0.000000000000000000, -1.000000000000000000 ) ) ;
#532 = CARTESIAN_POINT ( 'NONE',  ( -5.000000000000000888, 20.00000000000000000, 2.000000000000000000 ) ) ;
#533 = ORIENTED_EDGE ( 'NONE', *, *, #8120, .T. ) ;
#534 = VECTOR ( 'NONE', #1334, 1000.000000000000000 ) ;
#535 = PLANE ( 'NONE',  #2526 ) ;
#536 = DIRECTION ( 'NONE',  ( -1.000000000000000000, -1.850371707708594070E-16, -0.000000000000000000 ) ) ;
#537 = EDGE_CURVE ( 'NONE', #2829, #2266, #2931, .T. ) ;
#538 = ORIENTED_EDGE ( 'NONE', *, *, #3410, .F. ) ;
#539 = ORIENTED_EDGE ( 'NONE', *, *, #7688, .F. ) ;
#540 = PRODUCT_DEFINITION_FORMATION_WITH_SPECIFIED_SOURCE ( 'ANY', '', #7649, .NOT_KNOWN. ) ;
#541 = DIRECTION ( 'NONE',  ( 0.000000000000000000, -0.000000000000000000, 1.000000000000000000 ) ) ;
#542 = EDGE_LOOP ( 'NONE', ( #5899, #6940, #6066, #38 ) ) ;
#543 = CARTESIAN_POINT ( 'NONE',  ( -65.00000000000002842, -65.00000000000001421, 0.000000000000000000 ) ) ;
#544 = ORIENTED_EDGE ( 'NONE', *, *, #8616, .F. ) ;
#545 = EDGE_CURVE ( 'NONE', #6320, #7618, #4471, .T. ) ;
#546 = DIRECTION ( 'NONE',  ( -0.000000000000000000, -0.000000000000000000, 1.000000000000000000 ) ) ;
#547 = ORIENTED_EDGE ( 'NONE', *, *, #56, .T. ) ;
#548 = DIRECTION ( 'NONE',  ( -1.000000000000000000, 0.000000000000000000, 0.000000000000000000 ) ) ;
#549 = ORIENTED_EDGE ( 'NONE', *, *, #6238, .T. ) ;
#550 = DIRECTION ( 'NONE',  ( 0.000000000000000000, 0.000000000000000000, -1.000000000000000000 ) ) ;
#551 = EDGE_LOOP ( 'NONE', ( #9172, #1588 ) ) ;
#552 = ADVANCED_FACE ( 'NONE', ( #5227 ), #4386, .T. ) ;
#553 = CARTESIAN_POINT ( 'NONE',  ( -72.00000000000001421, 63.00000000000001421, 5.000000000000000000 ) ) ;
#554 = EDGE_CURVE ( 'NONE', #2971, #5598, #906, .T. ) ;
#555 =( NAMED_UNIT ( * ) PLANE_ANGLE_UNIT ( ) SI_UNIT ( $, .RADIAN. ) );
#556 = LINE ( 'NONE', #135, #6769 ) ;
#557 = DIRECTION ( 'NONE',  ( -1.000000000000000000, -0.000000000000000000, -0.000000000000000000 ) ) ;
#558 = DIRECTION ( 'NONE',  ( 1.000000000000000000, 0.000000000000000000, 0.000000000000000000 ) ) ;
#559 = CARTESIAN_POINT ( 'NONE',  ( -64.99999999999998579, -71.99999999999997158, 5.000000000000000000 ) ) ;
#560 = DIRECTION ( 'NONE',  ( 0.000000000000000000, -0.000000000000000000, 1.000000000000000000 ) ) ;
#561 = DIRECTION ( 'NONE',  ( -0.000000000000000000, -0.000000000000000000, 1.000000000000000000 ) ) ;
#562 = EDGE_CURVE ( 'NONE', #116, #8049, #818, .T. ) ;
#563 = CYLINDRICAL_SURFACE ( 'NONE', #5979, 17.99999999999999645 ) ;
#564 = EDGE_CURVE ( 'NONE', #7342, #1976, #7320, .T. ) ;
#565 = CARTESIAN_POINT ( 'NONE',  ( 72.00000000000000000, -110.0000000000000000, 0.000000000000000000 ) ) ;
#566 = DIRECTION ( 'NONE',  ( 0.000000000000000000, 0.000000000000000000, -1.000000000000000000 ) ) ;
#567 = DIRECTION ( 'NONE',  ( -1.604941620322695085E-32, 8.673617379884028076E-17, -1.000000000000000000 ) ) ;
#568 = ORIENTED_EDGE ( 'NONE', *, *, #1485, .T. ) ;
#569 = ORIENTED_EDGE ( 'NONE', *, *, #5534, .F. ) ;
#570 = LINE ( 'NONE', #1885, #5806 ) ;
#571 = VECTOR ( 'NONE', #7596, 1000.000000000000000 ) ;
#572 = FACE_OUTER_BOUND ( 'NONE', #2039, .T. ) ;
#573 = DIRECTION ( 'NONE',  ( 0.000000000000000000, -0.000000000000000000, -1.000000000000000000 ) ) ;
#574 = EDGE_LOOP ( 'NONE', ( #2695, #544, #1199, #989 ) ) ;
#575 = LINE ( 'NONE', #7076, #5232 ) ;
#576 = DIRECTION ( 'NONE',  ( 1.000000000000000000, 0.000000000000000000, 0.000000000000000000 ) ) ;
#577 = EDGE_LOOP ( 'NONE', ( #6021, #3492, #4338, #748 ) ) ;
#578 = ORIENTED_EDGE ( 'NONE', *, *, #3980, .T. ) ;
#579 = VECTOR ( 'NONE', #8080, 1000.000000000000000 ) ;
#580 = ADVANCED_FACE ( 'NONE', ( #7423 ), #1008, .F. ) ;
#581 = ADVANCED_FACE ( 'NONE', ( #1562 ), #2217, .F. ) ;
#582 = DIRECTION ( 'NONE',  ( -0.000000000000000000, 0.000000000000000000, 1.000000000000000000 ) ) ;
#583 = DIRECTION ( 'NONE',  ( -0.000000000000000000, -0.000000000000000000, 1.000000000000000000 ) ) ;
#584 = ORIENTED_EDGE ( 'NONE', *, *, #2239, .T. ) ;
#585 = VECTOR ( 'NONE', #474, 1000.000000000000000 ) ;
#586 = DIRECTION ( 'NONE',  ( 0.000000000000000000, 0.000000000000000000, -1.000000000000000000 ) ) ;
#587 = VERTEX_POINT ( 'NONE', #2362 ) ;
#588 = VERTEX_POINT ( 'NONE', #861 ) ;
#589 = CARTESIAN_POINT ( 'NONE',  ( 25.00000000000000711, -71.99999999999997158, 5.000000000000000000 ) ) ;
#590 = ORIENTED_EDGE ( 'NONE', *, *, #5104, .T. ) ;
#591 = PLANE ( 'NONE',  #2282 ) ;
#592 = ADVANCED_FACE ( 'NONE', ( #3717 ), #6564, .F. ) ;
#593 = FACE_OUTER_BOUND ( 'NONE', #1647, .T. ) ;
#594 = EDGE_LOOP ( 'NONE', ( #7399, #7961, #8360, #1465 ) ) ;
#595 = CARTESIAN_POINT ( 'NONE',  ( -72.00000000000000000, -26.99999999999998224, 5.000000000000000000 ) ) ;
#596 = ORIENTED_EDGE ( 'NONE', *, *, #648, .F. ) ;
#597 = DIRECTION ( 'NONE',  ( -1.850371707708594070E-16, 1.000000000000000000, 0.000000000000000000 ) ) ;
#598 = ORIENTED_EDGE ( 'NONE', *, *, #270, .T. ) ;
#599 = DIRECTION ( 'NONE',  ( -0.000000000000000000, 0.000000000000000000, -1.000000000000000000 ) ) ;
#600 = CARTESIAN_POINT ( 'NONE',  ( -3.500000000000003109, -57.99999999999997158, 2.000000000000000000 ) ) ;
#601 = EDGE_CURVE ( 'NONE', #3008, #5093, #5183, .T. ) ;
#602 = CARTESIAN_POINT ( 'NONE',  ( -72.00000000000001421, -1.999999999999980460, 2.000000000000000000 ) ) ;
#603 = CARTESIAN_POINT ( 'NONE',  ( 7.500000000000000000, 0.000000000000000000, 10.00000000000000000 ) ) ;
#604 = DIRECTION ( 'NONE',  ( 0.000000000000000000, 0.000000000000000000, -1.000000000000000000 ) ) ;
#605 = CARTESIAN_POINT ( 'NONE',  ( 51.99999999999997868, 72.00000000000002842, 5.000000000000000000 ) ) ;
#606 = LINE ( 'NONE', #5621, #2532 ) ;
#607 = LINE ( 'NONE', #1923, #5028 ) ;
#608 = CARTESIAN_POINT ( 'NONE',  ( 75.00000000000000000, -9.999999999999980460, 5.000000000000000000 ) ) ;
#609 = LINE ( 'NONE', #3464, #6010 ) ;
#610 = ORIENTED_EDGE ( 'NONE', *, *, #7914, .T. ) ;
#611 = ORIENTED_EDGE ( 'NONE', *, *, #3454, .F. ) ;
#612 = EDGE_CURVE ( 'NONE', #1313, #898, #3210, .T. ) ;
#613 = EDGE_CURVE ( 'NONE', #5509, #2238, #7642, .T. ) ;
#614 = VECTOR ( 'NONE', #7178, 1000.000000000000000 ) ;
#615 = DIRECTION ( 'NONE',  ( 1.000000000000000000, 0.000000000000000000, 0.000000000000000000 ) ) ;
#616 = DIRECTION ( 'NONE',  ( 0.000000000000000000, 0.000000000000000000, -1.000000000000000000 ) ) ;
#617 = LINE ( 'NONE', #7834, #3182 ) ;
#618 = ORIENTED_EDGE ( 'NONE', *, *, #8793, .F. ) ;
#619 = CARTESIAN_POINT ( 'NONE',  ( 72.00000000000001421, -69.99999999999998579, 1.999999999999999556 ) ) ;
#620 = DIRECTION ( 'NONE',  ( -0.000000000000000000, -0.000000000000000000, -1.000000000000000000 ) ) ;
#621 = AXIS2_PLACEMENT_3D ( 'NONE', #2667, #5521, #8382 ) ;
#622 = ORIENTED_EDGE ( 'NONE', *, *, #9006, .T. ) ;
#623 = ORIENTED_EDGE ( 'NONE', *, *, #3791, .T. ) ;
#624 = EDGE_CURVE ( 'NONE', #7418, #8072, #8930, .T. ) ;
#625 = VECTOR ( 'NONE', #476, 1000.000000000000000 ) ;
#626 = CARTESIAN_POINT ( 'NONE',  ( -3.500000000000003109, 57.99999999999997158, 2.000000000000000000 ) ) ;
#627 = CIRCLE ( 'NONE', #4976, 1.600000000000004086 ) ;
#628 = DIRECTION ( 'NONE',  ( 1.000000000000000000, 1.850371707708594070E-16, -0.000000000000000000 ) ) ;
#629 = VERTEX_POINT ( 'NONE', #3863 ) ;
#630 = CARTESIAN_POINT ( 'NONE',  ( 72.00000000000000000, 25.00000000000002132, 5.000000000000000000 ) ) ;
#631 = EDGE_LOOP ( 'NONE', ( #1845, #8092, #5862, #8976 ) ) ;
#632 = ORIENTED_EDGE ( 'NONE', *, *, #2239, .F. ) ;
#633 = VECTOR ( 'NONE', #3523, 1000.000000000000000 ) ;
#634 = DIRECTION ( 'NONE',  ( -1.000000000000000000, -1.850371707708594070E-16, -0.000000000000000000 ) ) ;
#635 = ORIENTED_EDGE ( 'NONE', *, *, #8702, .F. ) ;
#636 = EDGE_CURVE ( 'NONE', #8604, #3432, #9062, .T. ) ;
#637 = ORIENTED_EDGE ( 'NONE', *, *, #7136, .T. ) ;
#638 = CARTESIAN_POINT ( 'NONE',  ( -72.00000000000000000, -26.99999999999998224, 1.999999999999999556 ) ) ;
#639 = ADVANCED_FACE ( 'NONE', ( #4615 ), #360, .F. ) ;
#640 = VECTOR ( 'NONE', #7422, 1000.000000000000000 ) ;
#641 = DIRECTION ( 'NONE',  ( -0.000000000000000000, 1.000000000000000000, 8.673617379884028076E-17 ) ) ;
#642 = ORIENTED_EDGE ( 'NONE', *, *, #1024, .T. ) ;
#643 = VECTOR ( 'NONE', #3554, 1000.000000000000000 ) ;
#644 = DIRECTION ( 'NONE',  ( -0.000000000000000000, -0.000000000000000000, -1.000000000000000000 ) ) ;
#645 = ORIENTED_EDGE ( 'NONE', *, *, #165, .F. ) ;
#646 = CARTESIAN_POINT ( 'NONE',  ( -72.00000000000001421, 43.00000000000000711, 1.999999999999999556 ) ) ;
#647 = CARTESIAN_POINT ( 'NONE',  ( 3.500000000000003109, 57.99999999999997158, 15.00000000000000000 ) ) ;
#648 = EDGE_CURVE ( 'NONE', #7138, #1380, #2503, .T. ) ;
#649 = LINE ( 'NONE', #1346, #3015 ) ;
#650 = AXIS2_PLACEMENT_3D ( 'NONE', #2611, #1905, #5339 ) ;
#651 = DIRECTION ( 'NONE',  ( -0.000000000000000000, 0.000000000000000000, 1.000000000000000000 ) ) ;
#652 = LINE ( 'NONE', #797, #4396 ) ;
#653 = LINE ( 'NONE', #3555, #6993 ) ;
#654 = CARTESIAN_POINT ( 'NONE',  ( -18.00000000000001421, 72.00000000000002842, 5.000000000000000000 ) ) ;
#655 = CARTESIAN_POINT ( 'NONE',  ( -72.00000000000000000, -66.99999999999998579, 1.999999999999999556 ) ) ;
#656 = EDGE_LOOP ( 'NONE', ( #5930, #4616, #2034, #5081 ) ) ;
#657 = LINE ( 'NONE', #7634, #1727 ) ;
#658 = DIRECTION ( 'NONE',  ( 0.000000000000000000, 0.000000000000000000, -1.000000000000000000 ) ) ;
#659 = EDGE_CURVE ( 'NONE', #3143, #7718, #5360, .T. ) ;
#660 = LINE ( 'NONE', #5024, #6753 ) ;
#661 = ORIENTED_EDGE ( 'NONE', *, *, #3052, .T. ) ;
#662 = ORIENTED_EDGE ( 'NONE', *, *, #3803, .F. ) ;
#663 = VECTOR ( 'NONE', #7757, 1000.000000000000000 ) ;
#664 = CARTESIAN_POINT ( 'NONE',  ( -54.99999999999999289, -74.99999999999997158, 5.000000000000000000 ) ) ;
#665 = VECTOR ( 'NONE', #3456, 1000.000000000000000 ) ;
#666 = CARTESIAN_POINT ( 'NONE',  ( 72.00000000000000000, -39.99999999999997868, 5.000000000000000000 ) ) ;
#667 = DIRECTION ( 'NONE',  ( -1.000000000000000000, 0.000000000000000000, 0.000000000000000000 ) ) ;
#668 = ORIENTED_EDGE ( 'NONE', *, *, #2755, .F. ) ;
#669 = DIRECTION ( 'NONE',  ( 0.000000000000000000, 1.000000000000000000, 0.000000000000000000 ) ) ;
#670 = PLANE ( 'NONE',  #336 ) ;
#671 = EDGE_CURVE ( 'NONE', #734, #2180, #1842, .T. ) ;
#672 = VECTOR ( 'NONE', #2740, 1000.000000000000000 ) ;
#673 = VECTOR ( 'NONE', #3550, 1000.000000000000000 ) ;
#674 = VERTEX_POINT ( 'NONE', #3293 ) ;
#675 = EDGE_CURVE ( 'NONE', #5299, #3689, #4656, .T. ) ;
#676 = ORIENTED_EDGE ( 'NONE', *, *, #1800, .T. ) ;
#677 = VECTOR ( 'NONE', #4647, 1000.000000000000000 ) ;
#678 = DIRECTION ( 'NONE',  ( -0.000000000000000000, -0.000000000000000000, -1.000000000000000000 ) ) ;
#679 = FACE_OUTER_BOUND ( 'NONE', #2040, .T. ) ;
#680 = ORIENTED_EDGE ( 'NONE', *, *, #5238, .F. ) ;
#681 = LINE ( 'NONE', #4772, #5812 ) ;
#682 = PLANE ( 'NONE',  #3214 ) ;
#683 = ORIENTED_EDGE ( 'NONE', *, *, #9107, .T. ) ;
#684 = ORIENTED_EDGE ( 'NONE', *, *, #7380, .T. ) ;
#685 = PLANE ( 'NONE',  #3669 ) ;
#686 = ORIENTED_EDGE ( 'NONE', *, *, #3030, .F. ) ;
#687 = EDGE_CURVE ( 'NONE', #9250, #2867, #6849, .T. ) ;
#688 = EDGE_LOOP ( 'NONE', ( #3884, #2479, #7956, #6414 ) ) ;
#689 = CARTESIAN_POINT ( 'NONE',  ( 6.999999999999978684, 75.00000000000002842, 5.000000000000000000 ) ) ;
#690 = ORIENTED_EDGE ( 'NONE', *, *, #3088, .F. ) ;
#691 = DIRECTION ( 'NONE',  ( -1.850371707708594316E-16, 1.000000000000000000, -0.000000000000000000 ) ) ;
#692 = ORIENTED_EDGE ( 'NONE', *, *, #5929, .F. ) ;
#693 = EDGE_CURVE ( 'NONE', #9131, #1009, #3960, .T. ) ;
#694 = FACE_OUTER_BOUND ( 'NONE', #656, .T. ) ;
#695 = EDGE_LOOP ( 'NONE', ( #8732, #6986, #8853, #1151 ) ) ;
#696 = CARTESIAN_POINT ( 'NONE',  ( 1.999999999999974021, 72.00000000000002842, 2.000000000000000000 ) ) ;
#697 = ORIENTED_EDGE ( 'NONE', *, *, #2647, .T. ) ;
#698 = CARTESIAN_POINT ( 'NONE',  ( -7.500000000000000000, 0.000000000000000000, 10.00000000000000000 ) ) ;
#699 = LINE ( 'NONE', #7250, #2123 ) ;
#700 = EDGE_CURVE ( 'NONE', #5826, #2928, #8262, .T. ) ;
#701 = ADVANCED_FACE ( 'NONE', ( #6143 ), #7561, .F. ) ;
#702 = DIRECTION ( 'NONE',  ( -1.301042606982605321E-16, -1.000000000000000000, 0.000000000000000000 ) ) ;
#703 = CARTESIAN_POINT ( 'NONE',  ( 15.00000000000000711, -74.99999999999997158, 1.999999999999999112 ) ) ;
#704 = ORIENTED_EDGE ( 'NONE', *, *, #4000, .F. ) ;
#705 = CARTESIAN_POINT ( 'NONE',  ( 61.99999999999997868, 75.00000000000002842, 5.000000000000000000 ) ) ;
#706 = LINE ( 'NONE', #2953, #2389 ) ;
#707 = DIRECTION ( 'NONE',  ( 0.000000000000000000, -1.000000000000000000, 0.000000000000000000 ) ) ;
#708 = FACE_OUTER_BOUND ( 'NONE', #1635, .T. ) ;
#709 = CARTESIAN_POINT ( 'NONE',  ( 75.00000000000001421, -54.99999999999997868, 2.000000000000000000 ) ) ;
#710 = VERTEX_POINT ( 'NONE', #1185 ) ;
#711 = VERTEX_POINT ( 'NONE', #8315 ) ;
#712 = CARTESIAN_POINT ( 'NONE',  ( 72.00000000000000000, 10.00000000000002309, 5.000000000000000000 ) ) ;
#713 = EDGE_CURVE ( 'NONE', #1521, #3857, #7599, .T. ) ;
#714 = CARTESIAN_POINT ( 'NONE',  ( 20.00000000000000355, -71.99999999999997158, 2.000000000000000000 ) ) ;
#715 = CARTESIAN_POINT ( 'NONE',  ( 72.00000000000000000, -19.99999999999997513, 1.999999999999999556 ) ) ;
#716 = ORIENTED_EDGE ( 'NONE', *, *, #9147, .T. ) ;
#717 = CARTESIAN_POINT ( 'NONE',  ( -72.00000000000000000, -6.999999999999991118, 5.000000000000000000 ) ) ;
#718 = CARTESIAN_POINT ( 'NONE',  ( -59.99999999999999289, -71.99999999999997158, 2.000000000000000000 ) ) ;
#719 = ORIENTED_EDGE ( 'NONE', *, *, #4016, .T. ) ;
#720 = ORIENTED_EDGE ( 'NONE', *, *, #7148, .T. ) ;
#721 = VECTOR ( 'NONE', #3186, 1000.000000000000000 ) ;
#722 = ADVANCED_FACE ( 'NONE', ( #3909 ), #6892, .F. ) ;
#723 = PLANE ( 'NONE',  #1124 ) ;
#724 = VECTOR ( 'NONE', #5524, 1000.000000000000000 ) ;
#725 = CARTESIAN_POINT ( 'NONE',  ( 72.00000000000000000, 35.00000000000002132, 2.000000000000000000 ) ) ;
#726 = ORIENTED_EDGE ( 'NONE', *, *, #3204, .T. ) ;
#727 = PLANE ( 'NONE',  #2222 ) ;
#728 = CARTESIAN_POINT ( 'NONE',  ( 65.00000000000000000, -65.00000000000001421, 2.000000000000000000 ) ) ;
#729 = ORIENTED_EDGE ( 'NONE', *, *, #2920, .F. ) ;
#730 = ORIENTED_EDGE ( 'NONE', *, *, #8934, .T. ) ;
#731 = AXIS2_PLACEMENT_3D ( 'NONE', #2290, #5157, #5993 ) ;
#732 = CARTESIAN_POINT ( 'NONE',  ( -68.00000000000002842, 72.00000000000002842, 5.000000000000000000 ) ) ;
#733 = ORIENTED_EDGE ( 'NONE', *, *, #3269, .F. ) ;
#734 = VERTEX_POINT ( 'NONE', #4047 ) ;
#735 = DIRECTION ( 'NONE',  ( 1.850371707708594316E-16, -1.000000000000000000, 0.000000000000000000 ) ) ;
#736 = ORIENTED_EDGE ( 'NONE', *, *, #5004, .T. ) ;
#737 = VECTOR ( 'NONE', #5824, 1000.000000000000000 ) ;
#738 = EDGE_CURVE ( 'NONE', #4332, #142, #485, .T. ) ;
#739 = DIRECTION ( 'NONE',  ( 0.000000000000000000, -0.000000000000000000, 1.000000000000000000 ) ) ;
#740 = EDGE_CURVE ( 'NONE', #3839, #5926, #3159, .T. ) ;
#741 = LINE ( 'NONE', #1295, #3345 ) ;
#742 = ORIENTED_EDGE ( 'NONE', *, *, #6023, .F. ) ;
#743 = DIRECTION ( 'NONE',  ( 1.000000000000000000, 0.000000000000000000, 0.000000000000000000 ) ) ;
#745 = DIRECTION ( 'NONE',  ( 0.000000000000000000, -1.000000000000000000, 8.673617379884040402E-17 ) ) ;
#744 = CIRCLE ( 'NONE', #5519, 1.600000000000004086 ) ;
#746 = LINE ( 'NONE', #3552, #926 ) ;
#747 = EDGE_CURVE ( 'NONE', #7878, #7214, #8174, .T. ) ;
#748 = ORIENTED_EDGE ( 'NONE', *, *, #5572, .T. ) ;
#749 = DIRECTION ( 'NONE',  ( -0.000000000000000000, -0.000000000000000000, -1.000000000000000000 ) ) ;
#750 = LINE ( 'NONE', #8055, #7146 ) ;
#751 = LINE ( 'NONE', #1496, #1188 ) ;
#752 = LINE ( 'NONE', #6593, #9224 ) ;
#753 = CARTESIAN_POINT ( 'NONE',  ( -72.00000000000000000, -66.99999999999998579, 5.000000000000000000 ) ) ;
#754 = CARTESIAN_POINT ( 'NONE',  ( 25.00000000000000711, -74.99999999999997158, 1.999999999999999112 ) ) ;
#755 = ORIENTED_EDGE ( 'NONE', *, *, #7899, .F. ) ;
#756 = EDGE_CURVE ( 'NONE', #7179, #8074, #4733, .T. ) ;
#757 = CYLINDRICAL_SURFACE ( 'NONE', #1256, 5.000000000000000000 ) ;
#758 = SURFACE_SIDE_STYLE ('',( #3567 ) ) ;
#759 = CARTESIAN_POINT ( 'NONE',  ( -75.00000000000001421, 63.00000000000001421, 5.000000000000000000 ) ) ;
#760 = ORIENTED_EDGE ( 'NONE', *, *, #1389, .F. ) ;
#761 = PLANE ( 'NONE',  #1936 ) ;
#762 = CARTESIAN_POINT ( 'NONE',  ( 72.00000000000001421, -64.99999999999998579, 5.000000000000000000 ) ) ;
#763 = ORIENTED_EDGE ( 'NONE', *, *, #5257, .F. ) ;
#764 = VERTEX_POINT ( 'NONE', #8953 ) ;
#765 = ADVANCED_FACE ( 'NONE', ( #3236 ), #1209, .T. ) ;
#766 = VECTOR ( 'NONE', #7691, 1000.000000000000000 ) ;
#767 = DIRECTION ( 'NONE',  ( -0.000000000000000000, -1.000000000000000000, -0.000000000000000000 ) ) ;
#768 = CARTESIAN_POINT ( 'NONE',  ( 72.00000000000001421, -71.99999999999997158, 5.000000000000000000 ) ) ;
#769 = ORIENTED_EDGE ( 'NONE', *, *, #6982, .T. ) ;
#770 = AXIS2_PLACEMENT_3D ( 'NONE', #2107, #2774, #7213 ) ;
#771 = DIRECTION ( 'NONE',  ( 0.000000000000000000, 0.000000000000000000, -1.000000000000000000 ) ) ;
#772 = CARTESIAN_POINT ( 'NONE',  ( -75.00000000000001421, 75.00000000000002842, 5.000000000000000000 ) ) ;
#774 = EDGE_LOOP ( 'NONE', ( #4769, #2026, #7733, #316 ) ) ;
#773 = VECTOR ( 'NONE', #8731, 1000.000000000000000 ) ;
#775 = EDGE_LOOP ( 'NONE', ( #3586, #3910, #965, #7571 ) ) ;
#776 = FACE_OUTER_BOUND ( 'NONE', #2199, .T. ) ;
#777 = ORIENTED_EDGE ( 'NONE', *, *, #964, .F. ) ;
#778 = ORIENTED_EDGE ( 'NONE', *, *, #6045, .F. ) ;
#779 = DIRECTION ( 'NONE',  ( 0.000000000000000000, 0.000000000000000000, -1.000000000000000000 ) ) ;
#780 = EDGE_CURVE ( 'NONE', #3164, #7822, #6300, .T. ) ;
#781 = VERTEX_POINT ( 'NONE', #5385 ) ;
#782 = VECTOR ( 'NONE', #8535, 1000.000000000000000 ) ;
#783 = VECTOR ( 'NONE', #4570, 1000.000000000000000 ) ;
#784 = FACE_OUTER_BOUND ( 'NONE', #3544, .T. ) ;
#785 = LINE ( 'NONE', #7997, #5581 ) ;
#786 = ORIENTED_EDGE ( 'NONE', *, *, #5627, .F. ) ;
#787 = AXIS2_PLACEMENT_3D ( 'NONE', #3037, #8708, #5152 ) ;
#788 = CARTESIAN_POINT ( 'NONE',  ( 56.99999999999997158, 72.00000000000002842, 5.000000000000000000 ) ) ;
#789 = VECTOR ( 'NONE', #2666, 1000.000000000000000 ) ;
#790 = DIRECTION ( 'NONE',  ( 0.000000000000000000, 0.000000000000000000, -1.000000000000000000 ) ) ;
#791 = EDGE_CURVE ( 'NONE', #4495, #5631, #3625, .T. ) ;
#792 = EDGE_CURVE ( 'NONE', #5631, #4495, #627, .T. ) ;
#793 = CARTESIAN_POINT ( 'NONE',  ( -30.00000000000000000, -71.99999999999997158, 5.000000000000000000 ) ) ;
#794 = AXIS2_PLACEMENT_3D ( 'NONE', #308, #1793, #5226 ) ;
#795 = VECTOR ( 'NONE', #7592, 1000.000000000000000 ) ;
#796 = VERTEX_POINT ( 'NONE', #3317 ) ;
#797 = CARTESIAN_POINT ( 'NONE',  ( 72.00000000000001421, -64.99999999999998579, 2.000000000000000000 ) ) ;
#798 = CARTESIAN_POINT ( 'NONE',  ( -72.00000000000000000, -71.99999999999998579, 5.000000000000000000 ) ) ;
#799 = VERTEX_POINT ( 'NONE', #4640 ) ;
#800 = CARTESIAN_POINT ( 'NONE',  ( -75.00000000000001421, 75.00000000000002842, 0.000000000000000000 ) ) ;
#801 = DIRECTION ( 'NONE',  ( 1.000000000000000000, 1.850371707708594070E-16, -0.000000000000000000 ) ) ;
#802 = LINE ( 'NONE', #6648, #2576 ) ;
#803 = CIRCLE ( 'NONE', #4691, 7.500000000000000000 ) ;
#804 = EDGE_CURVE ( 'NONE', #3479, #2387, #5420, .T. ) ;
#805 = DIRECTION ( 'NONE',  ( 0.000000000000000000, 0.000000000000000000, -1.000000000000000000 ) ) ;
#806 = ORIENTED_EDGE ( 'NONE', *, *, #3632, .T. ) ;
#807 = LINE ( 'NONE', #6463, #2468 ) ;
#808 = AXIS2_PLACEMENT_3D ( 'NONE', #4863, #1250, #2143 ) ;
#809 =( NAMED_UNIT ( * ) SI_UNIT ( $, .STERADIAN. ) SOLID_ANGLE_UNIT ( ) );
#810 = DIRECTION ( 'NONE',  ( 0.000000000000000000, 0.000000000000000000, 1.000000000000000000 ) ) ;
#811 = EDGE_CURVE ( 'NONE', #6119, #1563, #1037, .T. ) ;
#812 = CARTESIAN_POINT ( 'NONE',  ( 36.99999999999997868, 72.00000000000002842, 2.000000000000000444 ) ) ;
#813 = DIRECTION ( 'NONE',  ( -0.000000000000000000, -0.000000000000000000, -1.000000000000000000 ) ) ;
#814 = VERTEX_POINT ( 'NONE', #3893 ) ;
#815 = ORIENTED_EDGE ( 'NONE', *, *, #1004, .F. ) ;
#816 = AXIS2_PLACEMENT_3D ( 'NONE', #1708, #3823, #7681 ) ;
#817 = CARTESIAN_POINT ( 'NONE',  ( 72.00000000000000000, 35.00000000000002132, 2.000000000000000000 ) ) ;
#818 = LINE ( 'NONE', #8687, #7652 ) ;
#819 = ORIENTED_EDGE ( 'NONE', *, *, #2326, .F. ) ;
#820 = ADVANCED_FACE ( 'NONE', ( #7581 ), #8380, .T. ) ;
#821 = VECTOR ( 'NONE', #1362, 1000.000000000000000 ) ;
#822 = VECTOR ( 'NONE', #1670, 1000.000000000000000 ) ;
#823 = FACE_OUTER_BOUND ( 'NONE', #4244, .T. ) ;
#824 = DIRECTION ( 'NONE',  ( -0.000000000000000000, 0.000000000000000000, -1.000000000000000000 ) ) ;
#825 = ORIENTED_EDGE ( 'NONE', *, *, #5771, .T. ) ;
#826 = FACE_OUTER_BOUND ( 'NONE', #4804, .T. ) ;
#827 = ORIENTED_EDGE ( 'NONE', *, *, #329, .T. ) ;
#828 = VERTEX_POINT ( 'NONE', #5478 ) ;
#829 = CARTESIAN_POINT ( 'NONE',  ( -3.000000000000030198, 72.00000000000002842, 5.000000000000000000 ) ) ;
#830 = AXIS2_PLACEMENT_3D ( 'NONE', #1570, #5233, #5189 ) ;
#831 = DIRECTION ( 'NONE',  ( -0.000000000000000000, -0.000000000000000000, 1.000000000000000000 ) ) ;
#832 = VERTEX_POINT ( 'NONE', #3988 ) ;
#833 = EDGE_CURVE ( 'NONE', #7672, #3779, #8199, .T. ) ;
#834 = CARTESIAN_POINT ( 'NONE',  ( 20.00000000000000355, -71.99999999999997158, 5.000000000000000000 ) ) ;
#835 = ORIENTED_EDGE ( 'NONE', *, *, #1617, .T. ) ;
#836 = LINE ( 'NONE', #788, #2010 ) ;
#837 = CARTESIAN_POINT ( 'NONE',  ( 72.00000000000000000, -14.99999999999997158, 2.000000000000000000 ) ) ;
#838 = CARTESIAN_POINT ( 'NONE',  ( -72.00000000000000000, -46.99999999999998579, 5.000000000000000000 ) ) ;
#839 = AXIS2_PLACEMENT_3D ( 'NONE', #2004, #597, #3314 ) ;
#840 = ORIENTED_EDGE ( 'NONE', *, *, #7875, .F. ) ;
#841 = EDGE_CURVE ( 'NONE', #3067, #2181, #6790, .T. ) ;
#842 = LINE ( 'NONE', #5156, #6034 ) ;
#843 = CARTESIAN_POINT ( 'NONE',  ( 0.000000000000000000, -71.99999999999997158, 0.000000000000000000 ) ) ;
#844 = ORIENTED_EDGE ( 'NONE', *, *, #4141, .T. ) ;
#845 = DIRECTION ( 'NONE',  ( 1.000000000000000000, 0.000000000000000000, 0.000000000000000000 ) ) ;
#846 = ORIENTED_EDGE ( 'NONE', *, *, #4837, .T. ) ;
#847 = PLANE ( 'NONE',  #9014 ) ;
#848 = FACE_OUTER_BOUND ( 'NONE', #5788, .T. ) ;
#849 = ORIENTED_EDGE ( 'NONE', *, *, #3225, .F. ) ;
#850 = DIRECTION ( 'NONE',  ( 0.000000000000000000, 1.000000000000000000, 0.000000000000000000 ) ) ;
#851 = EDGE_CURVE ( 'NONE', #1403, #8377, #1778, .T. ) ;
#852 = CARTESIAN_POINT ( 'NONE',  ( 72.00000000000000000, -29.99999999999998579, 5.000000000000000000 ) ) ;
#853 = DIRECTION ( 'NONE',  ( 0.000000000000000000, -1.000000000000000000, 8.673617379884040402E-17 ) ) ;
#854 = EDGE_CURVE ( 'NONE', #3676, #814, #2571, .T. ) ;
#855 = CARTESIAN_POINT ( 'NONE',  ( 72.00000000000000000, -90.00000000000000000, 0.000000000000000000 ) ) ;
#856 = FACE_OUTER_BOUND ( 'NONE', #9069, .T. ) ;
#857 = ORIENTED_EDGE ( 'NONE', *, *, #6001, .T. ) ;
#858 = ORIENTED_EDGE ( 'NONE', *, *, #8330, .F. ) ;
#859 = LINE ( 'NONE', #76, #7097 ) ;
#860 = CARTESIAN_POINT ( 'NONE',  ( -23.00000000000002132, 72.00000000000002842, 5.000000000000000000 ) ) ;
#861 = CARTESIAN_POINT ( 'NONE',  ( -75.00000000000000000, -41.99999999999998579, 5.000000000000000000 ) ) ;
#862 = ORIENTED_EDGE ( 'NONE', *, *, #4933, .T. ) ;
#863 = LINE ( 'NONE', #5922, #5974 ) ;
#864 = LINE ( 'NONE', #772, #3054 ) ;
#865 = ORIENTED_EDGE ( 'NONE', *, *, #8151, .T. ) ;
#866 = CARTESIAN_POINT ( 'NONE',  ( 74.99999999999998579, 75.00000000000002842, 5.000000000000000000 ) ) ;
#867 = ORIENTED_EDGE ( 'NONE', *, *, #8403, .T. ) ;
#868 = ORIENTED_EDGE ( 'NONE', *, *, #6446, .F. ) ;
#869 = CYLINDRICAL_SURFACE ( 'NONE', #7520, 1.600000000000004086 ) ;
#870 = EDGE_CURVE ( 'NONE', #1863, #3431, #1080, .T. ) ;
#871 = ADVANCED_FACE ( 'NONE', ( #4030 ), #1957, .F. ) ;
#872 = CARTESIAN_POINT ( 'NONE',  ( 51.99999999999997868, 75.00000000000002842, 5.000000000000000000 ) ) ;
#873 = ORIENTED_EDGE ( 'NONE', *, *, #5434, .F. ) ;
#874 = AXIS2_PLACEMENT_3D ( 'NONE', #7345, #2483, #3092 ) ;
#875 = DIRECTION ( 'NONE',  ( 1.000000000000000000, 1.850371707708594070E-16, 0.000000000000000000 ) ) ;
#876 = ORIENTED_EDGE ( 'NONE', *, *, #9134, .T. ) ;
#877 = LINE ( 'NONE', #8188, #2616 ) ;
#878 = LINE ( 'NONE', #3734, #8571 ) ;
#879 = ORIENTED_EDGE ( 'NONE', *, *, #2102, .T. ) ;
#880 = LINE ( 'NONE', #4491, #8874 ) ;
#881 = VECTOR ( 'NONE', #3388, 1000.000000000000000 ) ;
#882 = EDGE_CURVE ( 'NONE', #899, #1328, #1869, .T. ) ;
#883 = VERTEX_POINT ( 'NONE', #8994 ) ;
#884 = LINE ( 'NONE', #5380, #6316 ) ;
#885 = LINE ( 'NONE', #332, #721 ) ;
#886 = AXIS2_PLACEMENT_3D ( 'NONE', #6929, #9192, #6224 ) ;
#887 = CARTESIAN_POINT ( 'NONE',  ( -19.99999999999999645, -71.99999999999997158, 5.000000000000000000 ) ) ;
#888 = ORIENTED_EDGE ( 'NONE', *, *, #2923, .F. ) ;
#889 = EDGE_LOOP ( 'NONE', ( #4511, #1507, #1854, #6413 ) ) ;
#890 = CARTESIAN_POINT ( 'NONE',  ( 72.00000000000000000, -14.99999999999997158, 5.000000000000000000 ) ) ;
#891 = LINE ( 'NONE', #8062, #2426 ) ;
#892 = EDGE_CURVE ( 'NONE', #4333, #4298, #3276, .T. ) ;
#893 = LINE ( 'NONE', #1133, #2609 ) ;
#894 = DIRECTION ( 'NONE',  ( -1.000000000000000000, 0.000000000000000000, 8.673617379884028076E-17 ) ) ;
#895 = LINE ( 'NONE', #346, #2136 ) ;
#896 = DIRECTION ( 'NONE',  ( 1.000000000000000000, 1.850371707708594070E-16, -0.000000000000000000 ) ) ;
#897 = DIRECTION ( 'NONE',  ( 0.000000000000000000, -0.000000000000000000, 1.000000000000000000 ) ) ;
#898 = VERTEX_POINT ( 'NONE', #8292 ) ;
#899 = VERTEX_POINT ( 'NONE', #6401 ) ;
#900 = ADVANCED_FACE ( 'NONE', ( #7864 ), #9183, .F. ) ;
#901 = EDGE_CURVE ( 'NONE', #764, #1625, #5704, .T. ) ;
#902 = ORIENTED_EDGE ( 'NONE', *, *, #4736, .T. ) ;
#903 = PLANE ( 'NONE',  #6398 ) ;
#904 = DIRECTION ( 'NONE',  ( -1.000000000000000000, -1.850371707708594070E-16, -0.000000000000000000 ) ) ;
#905 = CARTESIAN_POINT ( 'NONE',  ( -68.00000000000002842, 75.00000000000002842, 5.000000000000000000 ) ) ;
#906 = LINE ( 'NONE', #77, #783 ) ;
#907 = ORIENTED_EDGE ( 'NONE', *, *, #1640, .T. ) ;
#908 = CARTESIAN_POINT ( 'NONE',  ( -72.00000000000001421, 72.00000000000002842, 5.000000000000000000 ) ) ;
#909 = DIRECTION ( 'NONE',  ( 1.000000000000000000, 0.000000000000000000, 0.000000000000000000 ) ) ;
#910 = ORIENTED_EDGE ( 'NONE', *, *, #2441, .T. ) ;
#911 = DIRECTION ( 'NONE',  ( 0.000000000000000000, 0.000000000000000000, 1.000000000000000000 ) ) ;
#912 = ORIENTED_EDGE ( 'NONE', *, *, #3755, .F. ) ;
#913 = VECTOR ( 'NONE', #8882, 1000.000000000000000 ) ;
#914 = VERTEX_POINT ( 'NONE', #1299 ) ;
#915 = LINE ( 'NONE', #6572, #8884 ) ;
#916 = ADVANCED_FACE ( 'NONE', ( #8524 ), #4869, .F. ) ;
#917 = PLANE ( 'NONE',  #8750 ) ;
#918 = AXIS2_PLACEMENT_3D ( 'NONE', #2028, #8498, #2733 ) ;
#919 = EDGE_LOOP ( 'NONE', ( #5091, #8269, #6646, #1909 ) ) ;
#920 = DIRECTION ( 'NONE',  ( -0.000000000000000000, -0.000000000000000000, -1.000000000000000000 ) ) ;
#921 = ORIENTED_EDGE ( 'NONE', *, *, #6259, .F. ) ;
#922 = EDGE_CURVE ( 'NONE', #2547, #2261, #6159, .T. ) ;
#923 = CARTESIAN_POINT ( 'NONE',  ( 5.000000000000004441, -20.00000000000000000, 5.000000000000000000 ) ) ;
#924 = LINE ( 'NONE', #3785, #5132 ) ;
#925 = ORIENTED_EDGE ( 'NONE', *, *, #948, .T. ) ;
#926 = VECTOR ( 'NONE', #7722, 1000.000000000000000 ) ;
#927 = VECTOR ( 'NONE', #6016, 1000.000000000000000 ) ;
#928 = VERTEX_POINT ( 'NONE', #6445 ) ;
#929 = PLANE ( 'NONE',  #787 ) ;
#930 = ORIENTED_EDGE ( 'NONE', *, *, #8400, .F. ) ;
#931 = VECTOR ( 'NONE', #6582, 1000.000000000000000 ) ;
#932 = LINE ( 'NONE', #5247, #1695 ) ;
#933 = VECTOR ( 'NONE', #1397, 1000.000000000000000 ) ;
#934 = VERTEX_POINT ( 'NONE', #4206 ) ;
#935 = DIRECTION ( 'NONE',  ( 1.000000000000000000, 0.000000000000000000, 0.000000000000000000 ) ) ;
#936 = EDGE_CURVE ( 'NONE', #4217, #1474, #6257, .T. ) ;
#937 = DIRECTION ( 'NONE',  ( -1.000000000000000000, -0.000000000000000000, -0.000000000000000000 ) ) ;
#938 = ORIENTED_EDGE ( 'NONE', *, *, #3269, .T. ) ;
#939 = VERTEX_POINT ( 'NONE', #7765 ) ;
#940 = LINE ( 'NONE', #8862, #6510 ) ;
#941 = LINE ( 'NONE', #3746, #2879 ) ;
#942 = FACE_OUTER_BOUND ( 'NONE', #2131, .T. ) ;
#943 = VECTOR ( 'NONE', #7218, 1000.000000000000000 ) ;
#944 = VECTOR ( 'NONE', #548, 1000.000000000000000 ) ;
#945 = CARTESIAN_POINT ( 'NONE',  ( -49.99999999999999289, -71.99999999999997158, 2.000000000000000000 ) ) ;
#946 = LINE ( 'NONE', #2398, #4678 ) ;
#947 = LINE ( 'NONE', #3101, #6306 ) ;
#948 = EDGE_CURVE ( 'NONE', #1631, #3607, #8572, .T. ) ;
#949 = VECTOR ( 'NONE', #2810, 1000.000000000000000 ) ;
#950 = DIRECTION ( 'NONE',  ( 0.000000000000000000, 1.000000000000000000, 8.673617379884028076E-17 ) ) ;
#951 = LINE ( 'NONE', #3103, #8404 ) ;
#952 = ORIENTED_EDGE ( 'NONE', *, *, #2022, .F. ) ;
#953 = ORIENTED_EDGE ( 'NONE', *, *, #6729, .F. ) ;
#954 = ORIENTED_EDGE ( 'NONE', *, *, #7133, .T. ) ;
#955 = VECTOR ( 'NONE', #1576, 1000.000000000000000 ) ;
#956 = FACE_BOUND ( 'NONE', #3216, .T. ) ;
#957 = PLANE ( 'NONE',  #8696 ) ;
#958 = LINE ( 'NONE', #860, #8123 ) ;
#959 = CARTESIAN_POINT ( 'NONE',  ( 72.00000000000001421, -69.99999999999998579, 1.999999999999999556 ) ) ;
#960 = VERTEX_POINT ( 'NONE', #2708 ) ;
#961 = EDGE_CURVE ( 'NONE', #1572, #8290, #9132, .T. ) ;
#962 = CARTESIAN_POINT ( 'NONE',  ( 75.00000000000000000, 25.00000000000002132, 5.000000000000000000 ) ) ;
#963 = PLANE ( 'NONE',  #2463 ) ;
#964 = EDGE_CURVE ( 'NONE', #8263, #7124, #1375, .T. ) ;
#965 = ORIENTED_EDGE ( 'NONE', *, *, #7545, .F. ) ;
#966 = VECTOR ( 'NONE', #5043, 1000.000000000000000 ) ;
#967 = ORIENTED_EDGE ( 'NONE', *, *, #7622, .F. ) ;
#968 = ORIENTED_EDGE ( 'NONE', *, *, #4912, .T. ) ;
#969 = CARTESIAN_POINT ( 'NONE',  ( 5.000000000000004441, -74.99999999999997158, 1.999999999999999112 ) ) ;
#970 = ORIENTED_EDGE ( 'NONE', *, *, #5129, .F. ) ;
#971 = AXIS2_PLACEMENT_3D ( 'NONE', #7265, #850, #9199 ) ;
#972 = CARTESIAN_POINT ( 'NONE',  ( 72.00000000000000000, 5.000000000000017764, 5.000000000000000000 ) ) ;
#973 = ORIENTED_EDGE ( 'NONE', *, *, #4714, .T. ) ;
#974 = EDGE_CURVE ( 'NONE', #222, #2520, #2902, .T. ) ;
#975 = LINE ( 'NONE', #2943, #7532 ) ;
#976 = ADVANCED_FACE ( 'NONE', ( #5614 ), #2005, .F. ) ;
#977 = ORIENTED_EDGE ( 'NONE', *, *, #4025, .F. ) ;
#978 = DIRECTION ( 'NONE',  ( 0.000000000000000000, -1.000000000000000000, 8.673617379884040402E-17 ) ) ;
#979 = FACE_OUTER_BOUND ( 'NONE', #6041, .T. ) ;
#980 = VECTOR ( 'NONE', #8978, 1000.000000000000000 ) ;
#981 = EDGE_LOOP ( 'NONE', ( #4245, #7327, #4582, #755 ) ) ;
#982 = EDGE_CURVE ( 'NONE', #4185, #3079, #4308, .T. ) ;
#983 = EDGE_LOOP ( 'NONE', ( #8674, #8877 ) ) ;
#984 = VECTOR ( 'NONE', #4194, 1000.000000000000000 ) ;
#985 = DIRECTION ( 'NONE',  ( -1.000000000000000000, 0.000000000000000000, -1.734723475976807834E-16 ) ) ;
#986 = ORIENTED_EDGE ( 'NONE', *, *, #6588, .T. ) ;
#987 = LINE ( 'NONE', #6587, #8060 ) ;
#988 = DIRECTION ( 'NONE',  ( 1.850371707708594070E-16, -1.000000000000000000, 0.000000000000000000 ) ) ;
#989 = ORIENTED_EDGE ( 'NONE', *, *, #1073, .T. ) ;
#990 = ORIENTED_EDGE ( 'NONE', *, *, #8033, .F. ) ;
#991 = CARTESIAN_POINT ( 'NONE',  ( 1.999999999999974021, 72.00000000000002842, 5.000000000000000000 ) ) ;
#992 = CYLINDRICAL_SURFACE ( 'NONE', #7957, 1.600000000000004086 ) ;
#993 = CARTESIAN_POINT ( 'NONE',  ( -23.00000000000002132, 72.00000000000002842, 2.000000000000000444 ) ) ;
#994 = VECTOR ( 'NONE', #385, 1000.000000000000000 ) ;
#995 = ADVANCED_FACE ( 'NONE', ( #48 ), #5564, .F. ) ;
#996 = ADVANCED_FACE ( 'NONE', ( #8479 ), #7052, .F. ) ;
#997 = LINE ( 'NONE', #8018, #7696 ) ;
#998 = PLANE ( 'NONE',  #8413 ) ;
#999 = CARTESIAN_POINT ( 'NONE',  ( -37.50000000000002842, -45.00000000000001421, 5.000000000000000000 ) ) ;
#1000 = LINE ( 'NONE', #3950, #6118 ) ;
#1001 = LINE ( 'NONE', #7931, #6147 ) ;
#1002 = ORIENTED_EDGE ( 'NONE', *, *, #6138, .F. ) ;
#1003 = ORIENTED_EDGE ( 'NONE', *, *, #7104, .F. ) ;
#1004 = EDGE_CURVE ( 'NONE', #1323, #1803, #2808, .T. ) ;
#1005 = FACE_OUTER_BOUND ( 'NONE', #235, .T. ) ;
#1006 = PLANE ( 'NONE',  #7638 ) ;
#1007 = DIRECTION ( 'NONE',  ( -0.000000000000000000, 1.000000000000000000, -0.000000000000000000 ) ) ;
#1008 = PLANE ( 'NONE',  #3458 ) ;
#1009 = VERTEX_POINT ( 'NONE', #4958 ) ;
#1010 = LINE ( 'NONE', #6102, #7462 ) ;
#1011 = DIRECTION ( 'NONE',  ( -0.000000000000000000, -0.000000000000000000, -1.000000000000000000 ) ) ;
#1012 = ORIENTED_EDGE ( 'NONE', *, *, #3413, .T. ) ;
#1013 = EDGE_LOOP ( 'NONE', ( #6395, #3406 ) ) ;
#1014 = ORIENTED_EDGE ( 'NONE', *, *, #7865, .F. ) ;
#1015 = CARTESIAN_POINT ( 'NONE',  ( 1.999999999999974021, 72.00000000000002842, 5.000000000000000000 ) ) ;
#1016 = EDGE_CURVE ( 'NONE', #1797, #7179, #7674, .T. ) ;
#1017 = VERTEX_POINT ( 'NONE', #6963 ) ;
#1018 = FACE_OUTER_BOUND ( 'NONE', #2751, .T. ) ;
#1019 = ORIENTED_EDGE ( 'NONE', *, *, #4110, .T. ) ;
#1020 = FACE_OUTER_BOUND ( 'NONE', #2355, .T. ) ;
#1021 = EDGE_LOOP ( 'NONE', ( #4856, #5793, #786, #876 ) ) ;
#1022 = FACE_OUTER_BOUND ( 'NONE', #1495, .T. ) ;
#1023 = CARTESIAN_POINT ( 'NONE',  ( 75.00000000000000000, -19.99999999999997513, 5.000000000000000000 ) ) ;
#1024 = EDGE_CURVE ( 'NONE', #7171, #5127, #556, .T. ) ;
#1025 = EDGE_CURVE ( 'NONE', #939, #6119, #3085, .T. ) ;
#1026 = VECTOR ( 'NONE', #8669, 1000.000000000000000 ) ;
#1027 = ORIENTED_EDGE ( 'NONE', *, *, #7316, .T. ) ;
#1028 = LINE ( 'NONE', #1162, #2738 ) ;
#1029 = VERTEX_POINT ( 'NONE', #1489 ) ;
#1030 = DIRECTION ( 'NONE',  ( -1.000000000000000000, 0.000000000000000000, 0.000000000000000000 ) ) ;
#1031 = VECTOR ( 'NONE', #2671, 1000.000000000000000 ) ;
#1032 = DIRECTION ( 'NONE',  ( -0.000000000000000000, 1.000000000000000000, -0.000000000000000000 ) ) ;
#1033 = ORIENTED_EDGE ( 'NONE', *, *, #4963, .F. ) ;
#1034 = VERTEX_POINT ( 'NONE', #3838 ) ;
#1035 = LINE ( 'NONE', #7540, #5032 ) ;
#1037 = LINE ( 'NONE', #2620, #1826 ) ;
#1036 = VECTOR ( 'NONE', #2613, 1000.000000000000000 ) ;
#1038 = CARTESIAN_POINT ( 'NONE',  ( -72.00000000000001421, 43.00000000000000711, 5.000000000000000000 ) ) ;
#1039 = ADVANCED_FACE ( 'NONE', ( #176 ), #8000, .F. ) ;
#1040 = LINE ( 'NONE', #5213, #6643 ) ;
#1041 = VECTOR ( 'NONE', #6050, 1000.000000000000000 ) ;
#1042 = CARTESIAN_POINT ( 'NONE',  ( 72.00000000000001421, -74.99999999999997158, 5.000000000000000000 ) ) ;
#1043 = CARTESIAN_POINT ( 'NONE',  ( -7.500000000000000000, 18.00000000000000355, 5.000000000000000000 ) ) ;
#1044 = DIRECTION ( 'NONE',  ( 1.000000000000000000, 0.000000000000000000, 0.000000000000000000 ) ) ;
#1045 = DIRECTION ( 'NONE',  ( 1.000000000000000000, 0.000000000000000000, 0.000000000000000000 ) ) ;
#1046 = EDGE_CURVE ( 'NONE', #5105, #8443, #7247, .T. ) ;
#1047 = EDGE_LOOP ( 'NONE', ( #1433, #2413, #404, #4445 ) ) ;
#1048 = ORIENTED_EDGE ( 'NONE', *, *, #5484, .F. ) ;
#1049 = VECTOR ( 'NONE', #1126, 1000.000000000000000 ) ;
#1050 = DIRECTION ( 'NONE',  ( -1.000000000000000000, -1.850371707708594070E-16, -0.000000000000000000 ) ) ;
#1051 = LINE ( 'NONE', #3249, #1509 ) ;
#1052 = DIRECTION ( 'NONE',  ( -1.000000000000000000, 0.000000000000000000, 0.000000000000000000 ) ) ;
#1053 = DIRECTION ( 'NONE',  ( 0.000000000000000000, 0.000000000000000000, -1.000000000000000000 ) ) ;
#1054 = VERTEX_POINT ( 'NONE', #277 ) ;
#1055 = PLANE ( 'NONE',  #2831 ) ;
#1056 = DIRECTION ( 'NONE',  ( -1.850371707708594316E-16, 1.000000000000000000, -0.000000000000000000 ) ) ;
#1057 = EDGE_CURVE ( 'NONE', #1797, #2029, #3691, .T. ) ;
#1058 = ORIENTED_EDGE ( 'NONE', *, *, #8644, .T. ) ;
#1059 = EDGE_LOOP ( 'NONE', ( #8925, #6802, #3813, #3118 ) ) ;
#1060 = CARTESIAN_POINT ( 'NONE',  ( -19.99999999999999645, -74.99999999999997158, 2.000000000000000000 ) ) ;
#1061 = ORIENTED_EDGE ( 'NONE', *, *, #7741, .T. ) ;
#1062 = LINE ( 'NONE', #3974, #6928 ) ;
#1064 = ORIENTED_EDGE ( 'NONE', *, *, #1688, .T. ) ;
#1063 = AXIS2_PLACEMENT_3D ( 'NONE', #714, #5813, #8679 ) ;
#1065 = EDGE_CURVE ( 'NONE', #3045, #6114, #95, .T. ) ;
#1066 = LINE ( 'NONE', #5985, #4420 ) ;
#1067 = CARTESIAN_POINT ( 'NONE',  ( -45.00000000000002842, -45.00000000000001421, 12.00000000000000000 ) ) ;
#1068 = VECTOR ( 'NONE', #2449, 1000.000000000000000 ) ;
#1069 = ORIENTED_EDGE ( 'NONE', *, *, #6539, .T. ) ;
#1070 = CYLINDRICAL_SURFACE ( 'NONE', #3648, 1.600000000000004086 ) ;
#1071 = ORIENTED_EDGE ( 'NONE', *, *, #8416, .F. ) ;
#1072 = DIRECTION ( 'NONE',  ( 0.000000000000000000, 0.000000000000000000, -1.000000000000000000 ) ) ;
#1073 = EDGE_CURVE ( 'NONE', #2835, #1530, #8705, .T. ) ;
#1074 = VECTOR ( 'NONE', #7627, 1000.000000000000000 ) ;
#1075 = LINE ( 'NONE', #6691, #4339 ) ;
#1076 = VERTEX_POINT ( 'NONE', #5151 ) ;
#1077 = ADVANCED_FACE ( 'NONE', ( #5887 ), #5986, .F. ) ;
#1078 = VECTOR ( 'NONE', #262, 1000.000000000000000 ) ;
#1079 = LINE ( 'NONE', #5948, #3836 ) ;
#1080 = LINE ( 'NONE', #4775, #352 ) ;
#1081 = CARTESIAN_POINT ( 'NONE',  ( -72.00000000000001421, 13.00000000000001066, 1.999999999999999556 ) ) ;
#1082 = VECTOR ( 'NONE', #2864, 1000.000000000000000 ) ;
#1083 = VECTOR ( 'NONE', #4072, 1000.000000000000000 ) ;
#1084 = LINE ( 'NONE', #3944, #3061 ) ;
#1085 = CARTESIAN_POINT ( 'NONE',  ( -3.500000000000003109, -57.99999999999997158, 2.000000000000000000 ) ) ;
#1086 = FACE_OUTER_BOUND ( 'NONE', #7576, .T. ) ;
#1087 = VECTOR ( 'NONE', #2302, 1000.000000000000000 ) ;
#1088 = DIRECTION ( 'NONE',  ( 1.000000000000000000, 1.850371707708594070E-16, -0.000000000000000000 ) ) ;
#1089 = EDGE_CURVE ( 'NONE', #6397, #2334, #5198, .T. ) ;
#1090 = LINE ( 'NONE', #1880, #1427 ) ;
#1091 = CARTESIAN_POINT ( 'NONE',  ( -72.00000000000001421, 13.00000000000001066, 1.999999999999999556 ) ) ;
#1092 = VECTOR ( 'NONE', #8164, 1000.000000000000000 ) ;
#1093 = ORIENTED_EDGE ( 'NONE', *, *, #2505, .T. ) ;
#1094 = VECTOR ( 'NONE', #502, 1000.000000000000000 ) ;
#1095 = VERTEX_POINT ( 'NONE', #5797 ) ;
#1096 = FACE_BOUND ( 'NONE', #6115, .T. ) ;
#1097 = EDGE_CURVE ( 'NONE', #384, #7484, #2283, .T. ) ;
#1098 = VECTOR ( 'NONE', #3792, 1000.000000000000000 ) ;
#1099 = CARTESIAN_POINT ( 'NONE',  ( -13.00000000000002487, 72.00000000000002842, 2.000000000000000444 ) ) ;
#1100 = DIRECTION ( 'NONE',  ( 1.000000000000000000, -0.000000000000000000, -0.000000000000000000 ) ) ;
#1101 = VECTOR ( 'NONE', #735, 1000.000000000000000 ) ;
#1102 = CARTESIAN_POINT ( 'NONE',  ( -48.00000000000001421, 75.00000000000002842, 5.000000000000000000 ) ) ;
#1103 = ORIENTED_EDGE ( 'NONE', *, *, #7508, .F. ) ;
#1104 = PLANE ( 'NONE',  #7154 ) ;
#1105 = ORIENTED_EDGE ( 'NONE', *, *, #3591, .F. ) ;
#1106 = ORIENTED_EDGE ( 'NONE', *, *, #8594, .T. ) ;
#1107 = ORIENTED_EDGE ( 'NONE', *, *, #3077, .F. ) ;
#1108 = VECTOR ( 'NONE', #2603, 1000.000000000000000 ) ;
#1109 = EDGE_CURVE ( 'NONE', #799, #6592, #7290, .T. ) ;
#1110 = CARTESIAN_POINT ( 'NONE',  ( 72.00000000000000000, 10.00000000000002309, 1.999999999999999556 ) ) ;
#1111 = ORIENTED_EDGE ( 'NONE', *, *, #2940, .F. ) ;
#1112 = CIRCLE ( 'NONE', #5595, 1.600000000000004086 ) ;
#1113 = DIRECTION ( 'NONE',  ( 1.000000000000000000, 0.000000000000000000, 0.000000000000000000 ) ) ;
#1114 = ORIENTED_EDGE ( 'NONE', *, *, #90, .F. ) ;
#1115 = FACE_OUTER_BOUND ( 'NONE', #2545, .T. ) ;
#1116 = DIRECTION ( 'NONE',  ( -0.000000000000000000, -0.000000000000000000, -1.000000000000000000 ) ) ;
#1117 = AXIS2_PLACEMENT_3D ( 'NONE', #1740, #1594, #3706 ) ;
#1118 = CIRCLE ( 'NONE', #1859, 1.600000000000004086 ) ;
#1119 = ADVANCED_FACE ( 'NONE', ( #2332 ), #7392, .F. ) ;
#1120 = ORIENTED_EDGE ( 'NONE', *, *, #1016, .F. ) ;
#1121 = PLANE ( 'NONE',  #9175 ) ;
#1122 = ORIENTED_EDGE ( 'NONE', *, *, #4963, .T. ) ;
#1123 = PLANE ( 'NONE',  #281 ) ;
#1124 = AXIS2_PLACEMENT_3D ( 'NONE', #9256, #3715, #8028 ) ;
#1125 = VECTOR ( 'NONE', #7719, 1000.000000000000000 ) ;
#1126 = DIRECTION ( 'NONE',  ( 0.000000000000000000, 0.000000000000000000, -1.000000000000000000 ) ) ;
#1127 = ORIENTED_EDGE ( 'NONE', *, *, #7104, .T. ) ;
#1128 = CARTESIAN_POINT ( 'NONE',  ( -8.000000000000021316, 72.00000000000002842, 2.000000000000000000 ) ) ;
#1129 = CARTESIAN_POINT ( 'NONE',  ( 75.00000000000000000, 5.000000000000018652, 5.000000000000000000 ) ) ;
#1130 = CARTESIAN_POINT ( 'NONE',  ( -23.00000000000002132, 72.00000000000002842, 5.000000000000000000 ) ) ;
#1131 = EDGE_CURVE ( 'NONE', #960, #8095, #878, .T. ) ;
#1132 = VECTOR ( 'NONE', #8059, 1000.000000000000000 ) ;
#1133 = CARTESIAN_POINT ( 'NONE',  ( 0.000000000000000000, -71.99999999999997158, 5.000000000000000000 ) ) ;
#1134 = CARTESIAN_POINT ( 'NONE',  ( 51.99999999999997868, 72.00000000000002842, 5.000000000000000000 ) ) ;
#1135 = PLANE ( 'NONE',  #499 ) ;
#1136 = DIRECTION ( 'NONE',  ( 1.000000000000000000, 1.850371707708594070E-16, 0.000000000000000000 ) ) ;
#1137 = DIRECTION ( 'NONE',  ( -1.000000000000000000, -0.000000000000000000, -0.000000000000000000 ) ) ;
#1138 = CARTESIAN_POINT ( 'NONE',  ( 51.99999999999997868, 75.00000000000002842, 5.000000000000000000 ) ) ;
#1139 = LINE ( 'NONE', #6973, #5419 ) ;
#1140 = VECTOR ( 'NONE', #2525, 1000.000000000000000 ) ;
#1141 = VERTEX_POINT ( 'NONE', #2381 ) ;
#1142 = EDGE_CURVE ( 'NONE', #1288, #1324, #7336, .T. ) ;
#1143 = EDGE_CURVE ( 'NONE', #1328, #6683, #924, .T. ) ;
#1144 = PLANE ( 'NONE',  #2122 ) ;
#1145 = CARTESIAN_POINT ( 'NONE',  ( 7.500000000000000000, 18.00000000000000000, 10.00000000000000178 ) ) ;
#1146 = CARTESIAN_POINT ( 'NONE',  ( -72.00000000000001421, 43.00000000000000711, 1.999999999999999556 ) ) ;
#1147 = CARTESIAN_POINT ( 'NONE',  ( 7.500000000000000000, -19.99999999999999645, 10.00000000000000355 ) ) ;
#1148 = PLANE ( 'NONE',  #8666 ) ;
#1149 = LINE ( 'NONE', #2595, #1361 ) ;
#1150 = ORIENTED_EDGE ( 'NONE', *, *, #7481, .F. ) ;
#1151 = ORIENTED_EDGE ( 'NONE', *, *, #4726, .T. ) ;
#1152 = DIRECTION ( 'NONE',  ( 0.000000000000000000, -1.000000000000000000, 0.000000000000000000 ) ) ;
#1153 = EDGE_LOOP ( 'NONE', ( #6818, #3288, #263, #4052 ) ) ;
#1154 = DIRECTION ( 'NONE',  ( -1.000000000000000000, -1.850371707708594070E-16, -0.000000000000000000 ) ) ;
#1155 = ORIENTED_EDGE ( 'NONE', *, *, #4660, .F. ) ;
#1156 = VERTEX_POINT ( 'NONE', #2193 ) ;
#1157 = CARTESIAN_POINT ( 'NONE',  ( -33.00000000000002842, 75.00000000000002842, 5.000000000000000000 ) ) ;
#1158 = EDGE_CURVE ( 'NONE', #6425, #3676, #5244, .T. ) ;
#1159 = FACE_OUTER_BOUND ( 'NONE', #3091, .T. ) ;
#1160 = EDGE_CURVE ( 'NONE', #7403, #8987, #6910, .T. ) ;
#1161 = ORIENTED_EDGE ( 'NONE', *, *, #1340, .T. ) ;
#1162 = CARTESIAN_POINT ( 'NONE',  ( -38.00000000000002132, 72.00000000000002842, 5.000000000000000000 ) ) ;
#1163 = ORIENTED_EDGE ( 'NONE', *, *, #8986, .F. ) ;
#1164 = DIRECTION ( 'NONE',  ( 0.000000000000000000, 1.000000000000000000, 0.000000000000000000 ) ) ;
#1165 = PLANE ( 'NONE',  #5333 ) ;
#1166 = DIRECTION ( 'NONE',  ( 1.000000000000000000, 1.850371707708594070E-16, -0.000000000000000000 ) ) ;
#1167 = ADVANCED_FACE ( 'NONE', ( #979 ), #8944, .F. ) ;
#1168 = EDGE_LOOP ( 'NONE', ( #2687, #4801, #4969, #4392 ) ) ;
#1169 = PLANE ( 'NONE',  #2567 ) ;
#1170 = CARTESIAN_POINT ( 'NONE',  ( 58.00000000000000711, -3.500000000000003109, 2.000000000000000000 ) ) ;
#1171 = DIRECTION ( 'NONE',  ( 0.000000000000000000, 1.000000000000000000, -0.000000000000000000 ) ) ;
#1172 = CARTESIAN_POINT ( 'NONE',  ( -74.99999999999998579, -74.99999999999997158, 5.000000000000000000 ) ) ;
#1173 = DIRECTION ( 'NONE',  ( -0.000000000000000000, -0.000000000000000000, -1.000000000000000000 ) ) ;
#1174 = AXIS2_PLACEMENT_3D ( 'NONE', #3512, #7254, #6453 ) ;
#1175 = PLANE ( 'NONE',  #4630 ) ;
#1176 = CARTESIAN_POINT ( 'NONE',  ( -8.000000000000021316, 72.00000000000002842, 5.000000000000000000 ) ) ;
#1177 = LINE ( 'NONE', #8922, #4816 ) ;
#1178 = ADVANCED_FACE ( 'NONE', ( #1159 ), #2608, .F. ) ;
#1179 = CARTESIAN_POINT ( 'NONE',  ( 25.00000000000000711, -71.99999999999997158, 5.000000000000000000 ) ) ;
#1180 = ORIENTED_EDGE ( 'NONE', *, *, #8749, .F. ) ;
#1181 = VECTOR ( 'NONE', #1471, 1000.000000000000000 ) ;
#1182 = CARTESIAN_POINT ( 'NONE',  ( 0.000000000000000000, 0.000000000000000000, 2.000000000000000000 ) ) ;
#1183 = CARTESIAN_POINT ( 'NONE',  ( -48.00000000000001421, 72.00000000000002842, 5.000000000000000000 ) ) ;
#1184 = PLANE ( 'NONE',  #1834 ) ;
#1185 = CARTESIAN_POINT ( 'NONE',  ( 71.99999999999998579, 60.00000000000002132, 5.000000000000000000 ) ) ;
#1186 = LINE ( 'NONE', #4049, #3877 ) ;
#1187 = ORIENTED_EDGE ( 'NONE', *, *, #5714, .T. ) ;
#1188 = VECTOR ( 'NONE', #2291, 1000.000000000000000 ) ;
#1189 = EDGE_CURVE ( 'NONE', #7324, #2993, #3977, .T. ) ;
#1190 = VERTEX_POINT ( 'NONE', #1023 ) ;
#1191 = EDGE_CURVE ( 'NONE', #7078, #1674, #5336, .T. ) ;
#1192 = VERTEX_POINT ( 'NONE', #6779 ) ;
#1193 = LINE ( 'NONE', #5462, #672 ) ;
#1194 = EDGE_LOOP ( 'NONE', ( #8700, #3465, #2288, #8454 ) ) ;
#1195 = CARTESIAN_POINT ( 'NONE',  ( 74.99999999999998579, 75.00000000000002842, 5.000000000000000000 ) ) ;
#1196 = ORIENTED_EDGE ( 'NONE', *, *, #8212, .F. ) ;
#1197 = ORIENTED_EDGE ( 'NONE', *, *, #136, .F. ) ;
#1198 = LINE ( 'NONE', #6954, #3069 ) ;
#1199 = ORIENTED_EDGE ( 'NONE', *, *, #409, .F. ) ;
#1200 = EDGE_CURVE ( 'NONE', #3432, #1674, #1902, .T. ) ;
#1201 = DIRECTION ( 'NONE',  ( -1.000000000000000000, -1.850371707708594070E-16, -0.000000000000000000 ) ) ;
#1202 = ORIENTED_EDGE ( 'NONE', *, *, #1894, .F. ) ;
#1203 = EDGE_CURVE ( 'NONE', #587, #1475, #4591, .T. ) ;
#1204 = DIRECTION ( 'NONE',  ( -0.000000000000000000, -0.000000000000000000, -1.000000000000000000 ) ) ;
#1205 = ORIENTED_EDGE ( 'NONE', *, *, #5357, .T. ) ;
#1206 = LINE ( 'NONE', #1378, #6110 ) ;
#1207 = LINE ( 'NONE', #6168, #6197 ) ;
#1208 = ORIENTED_EDGE ( 'NONE', *, *, #270, .F. ) ;
#1209 = PLANE ( 'NONE',  #7216 ) ;
#1210 = CARTESIAN_POINT ( 'NONE',  ( -13.00000000000002487, 72.00000000000002842, 5.000000000000000000 ) ) ;
#1211 = EDGE_CURVE ( 'NONE', #1076, #4899, #3226, .T. ) ;
#1212 = LINE ( 'NONE', #6173, #286 ) ;
#1213 = DIRECTION ( 'NONE',  ( 0.000000000000000000, 0.000000000000000000, -1.000000000000000000 ) ) ;
#1214 = VECTOR ( 'NONE', #5633, 1000.000000000000000 ) ;
#1215 = CARTESIAN_POINT ( 'NONE',  ( -45.00000000000000000, -71.99999999999997158, 5.000000000000000000 ) ) ;
#1216 = CARTESIAN_POINT ( 'NONE',  ( -72.00000000000001421, 3.000000000000016875, 1.999999999999999556 ) ) ;
#1217 = FACE_OUTER_BOUND ( 'NONE', #9157, .T. ) ;
#1218 = CARTESIAN_POINT ( 'NONE',  ( -10.00000000000000888, -71.99999999999997158, 5.000000000000000000 ) ) ;
#1219 = DIRECTION ( 'NONE',  ( 0.000000000000000000, 1.000000000000000000, 0.000000000000000000 ) ) ;
#1220 = PLANE ( 'NONE',  #196 ) ;
#1221 = ORIENTED_EDGE ( 'NONE', *, *, #3803, .T. ) ;
#1222 = AXIS2_PLACEMENT_3D ( 'NONE', #4417, #5164, #6595 ) ;
#1223 = VECTOR ( 'NONE', #6988, 1000.000000000000000 ) ;
#1224 = FACE_OUTER_BOUND ( 'NONE', #7835, .T. ) ;
#1225 = EDGE_CURVE ( 'NONE', #4947, #4205, #3354, .T. ) ;
#1226 = DIRECTION ( 'NONE',  ( 0.000000000000000000, 0.000000000000000000, -1.000000000000000000 ) ) ;
#1227 = LINE ( 'NONE', #4093, #7519 ) ;
#1228 = ORIENTED_EDGE ( 'NONE', *, *, #5464, .T. ) ;
#1229 = CARTESIAN_POINT ( 'NONE',  ( -1.899999999999996358, 57.99999999999997158, 15.00000000000000000 ) ) ;
#1231 = ORIENTED_EDGE ( 'NONE', *, *, #1710, .T. ) ;
#1230 = VECTOR ( 'NONE', #5376, 1000.000000000000000 ) ;
#1232 = ORIENTED_EDGE ( 'NONE', *, *, #7224, .F. ) ;
#1233 = ORIENTED_EDGE ( 'NONE', *, *, #4602, .T. ) ;
#1234 = VECTOR ( 'NONE', #4655, 1000.000000000000000 ) ;
#1235 = VECTOR ( 'NONE', #8844, 1000.000000000000000 ) ;
#1236 = EDGE_CURVE ( 'NONE', #9261, #5187, #6117, .T. ) ;
#1237 = FACE_OUTER_BOUND ( 'NONE', #2307, .T. ) ;
#1238 = ADVANCED_FACE ( 'NONE', ( #4629 ), #7480, .F. ) ;
#1239 = ORIENTED_EDGE ( 'NONE', *, *, #3004, .T. ) ;
#1240 = LINE ( 'NONE', #3437, #8293 ) ;
#1241 = ORIENTED_EDGE ( 'NONE', *, *, #399, .F. ) ;
#1242 = VECTOR ( 'NONE', #8236, 1000.000000000000000 ) ;
#1243 = DIRECTION ( 'NONE',  ( 0.000000000000000000, 0.000000000000000000, -1.000000000000000000 ) ) ;
#1244 = ORIENTED_EDGE ( 'NONE', *, *, #6781, .F. ) ;
#1245 = DIRECTION ( 'NONE',  ( -0.000000000000000000, 0.000000000000000000, 1.000000000000000000 ) ) ;
#1246 = ADVANCED_FACE ( 'NONE', ( #8230 ), #3926, .F. ) ;
#1247 = VECTOR ( 'NONE', #2514, 1000.000000000000000 ) ;
#1248 = EDGE_CURVE ( 'NONE', #8090, #7603, #457, .T. ) ;
#1249 = VERTEX_POINT ( 'NONE', #4062 ) ;
#1250 = DIRECTION ( 'NONE',  ( -1.850371707708594070E-16, 1.000000000000000000, 0.000000000000000000 ) ) ;
#1251 = VERTEX_POINT ( 'NONE', #4674 ) ;
#1252 = LINE ( 'NONE', #4817, #6347 ) ;
#1253 = EDGE_LOOP ( 'NONE', ( #3869, #139, #5296, #3819 ) ) ;
#1254 = DIRECTION ( 'NONE',  ( 1.000000000000000000, 0.000000000000000000, 0.000000000000000000 ) ) ;
#1255 = CARTESIAN_POINT ( 'NONE',  ( -34.99999999999999289, -71.99999999999997158, 1.999999999999999112 ) ) ;
#1256 = AXIS2_PLACEMENT_3D ( 'NONE', #5722, #8590, #16 ) ;
#1257 = DIRECTION ( 'NONE',  ( -0.000000000000000000, 1.000000000000000000, -0.000000000000000000 ) ) ;
#1258 = VECTOR ( 'NONE', #343, 1000.000000000000000 ) ;
#1259 = VECTOR ( 'NONE', #276, 1000.000000000000000 ) ;
#1260 = CARTESIAN_POINT ( 'NONE',  ( 71.99999999999998579, 50.00000000000001421, 5.000000000000000000 ) ) ;
#1261 = DIRECTION ( 'NONE',  ( -1.000000000000000000, -0.000000000000000000, -0.000000000000000000 ) ) ;
#1262 = CARTESIAN_POINT ( 'NONE',  ( 46.99999999999997158, 72.00000000000002842, 2.000000000000000444 ) ) ;
#1263 = CARTESIAN_POINT ( 'NONE',  ( -75.00000000000001421, 75.00000000000002842, 5.000000000000000000 ) ) ;
#1264 = DIRECTION ( 'NONE',  ( 1.000000000000000000, 1.850371707708594070E-16, 0.000000000000000000 ) ) ;
#1265 = DIRECTION ( 'NONE',  ( 0.000000000000000000, -0.000000000000000000, -1.000000000000000000 ) ) ;
#1266 = CYLINDRICAL_SURFACE ( 'NONE', #3468, 1.600000000000005196 ) ;
#1267 = FACE_OUTER_BOUND ( 'NONE', #1384, .T. ) ;
#1268 = EDGE_CURVE ( 'NONE', #3173, #2343, #7531, .T. ) ;
#1269 = ORIENTED_EDGE ( 'NONE', *, *, #503, .F. ) ;
#1270 = EDGE_CURVE ( 'NONE', #5578, #9118, #4018, .T. ) ;
#1271 = VECTOR ( 'NONE', #6987, 1000.000000000000000 ) ;
#1272 = VECTOR ( 'NONE', #8252, 1000.000000000000000 ) ;
#1273 = FACE_OUTER_BOUND ( 'NONE', #5371, .T. ) ;
#1274 = DIRECTION ( 'NONE',  ( -0.000000000000000000, 1.000000000000000000, -0.000000000000000000 ) ) ;
#1275 = CARTESIAN_POINT ( 'NONE',  ( 49.99999999999999289, -71.99999999999997158, 5.000000000000000000 ) ) ;
#1276 = ORIENTED_EDGE ( 'NONE', *, *, #6990, .F. ) ;
#1277 =( GEOMETRIC_REPRESENTATION_CONTEXT ( 3 ) GLOBAL_UNCERTAINTY_ASSIGNED_CONTEXT ( ( #8231 ) ) GLOBAL_UNIT_ASSIGNED_CONTEXT ( ( #9089, #555, #4160 ) ) REPRESENTATION_CONTEXT ( 'NONE', 'WORKASPACE' ) );
#1278 = DIRECTION ( 'NONE',  ( -0.000000000000000000, -0.000000000000000000, 1.000000000000000000 ) ) ;
#1279 = DIRECTION ( 'NONE',  ( -0.000000000000000000, 0.000000000000000000, 1.000000000000000000 ) ) ;
#1280 = ORIENTED_EDGE ( 'NONE', *, *, #8232, .T. ) ;
#1281 = ORIENTED_EDGE ( 'NONE', *, *, #2249, .F. ) ;
#1282 = ADVANCED_FACE ( 'NONE', ( #3306 ), #8985, .F. ) ;
#1283 = CIRCLE ( 'NONE', #3684, 1.600000000000004086 ) ;
#1284 = CARTESIAN_POINT ( 'NONE',  ( 26.99999999999997513, 72.00000000000002842, 5.000000000000000000 ) ) ;
#1285 = DIRECTION ( 'NONE',  ( -0.000000000000000000, -1.000000000000000000, -0.000000000000000000 ) ) ;
#1286 = EDGE_LOOP ( 'NONE', ( #8992, #6855, #2812, #8946 ) ) ;
#1287 = PLANE ( 'NONE',  #9191 ) ;
#1288 = VERTEX_POINT ( 'NONE', #5417 ) ;
#1289 = LINE ( 'NONE', #8414, #4266 ) ;
#1290 = VERTEX_POINT ( 'NONE', #4723 ) ;
#1291 = CARTESIAN_POINT ( 'NONE',  ( 11.99999999999998224, 72.00000000000002842, 2.000000000000000000 ) ) ;
#1292 = ADVANCED_FACE ( 'NONE', ( #8281 ), #1857, .F. ) ;
#1293 = CARTESIAN_POINT ( 'NONE',  ( 75.00000000000000000, -24.99999999999998224, 2.000000000000000000 ) ) ;
#1294 = ORIENTED_EDGE ( 'NONE', *, *, #6650, .T. ) ;
#1295 = CARTESIAN_POINT ( 'NONE',  ( -19.99999999999999645, -71.99999999999997158, 2.000000000000000000 ) ) ;
#1296 = ORIENTED_EDGE ( 'NONE', *, *, #147, .F. ) ;
#1297 = DIRECTION ( 'NONE',  ( 1.000000000000000000, 0.000000000000000000, 0.000000000000000000 ) ) ;
#1298 = APPLICATION_PROTOCOL_DEFINITION ( 'draft international standard', 'automotive_design', 1998, #3284 ) ;
#1299 = CARTESIAN_POINT ( 'NONE',  ( 75.00000000000000000, -29.99999999999998579, 1.999999999999999556 ) ) ;
#1300 = EDGE_CURVE ( 'NONE', #2330, #1636, #1438, .T. ) ;
#1301 = EDGE_CURVE ( 'NONE', #3391, #6814, #7095, .T. ) ;
#1302 = DIRECTION ( 'NONE',  ( -1.000000000000000000, 0.000000000000000000, 0.000000000000000000 ) ) ;
#1303 = CARTESIAN_POINT ( 'NONE',  ( -75.00000000000001421, 75.00000000000002842, 5.000000000000000000 ) ) ;
#1304 = DIRECTION ( 'NONE',  ( -0.000000000000000000, 1.000000000000000000, -0.000000000000000000 ) ) ;
#1305 = DIRECTION ( 'NONE',  ( -0.000000000000000000, 1.000000000000000000, -0.000000000000000000 ) ) ;
#1306 = FACE_OUTER_BOUND ( 'NONE', #4028, .T. ) ;
#1307 = CARTESIAN_POINT ( 'NONE',  ( -75.00000000000000000, -71.99999999999997158, 1.999999999999999112 ) ) ;
#1308 = PLANE ( 'NONE',  #6207 ) ;
#1309 = CARTESIAN_POINT ( 'NONE',  ( -75.00000000000000000, -6.999999999999992006, 1.999999999999999556 ) ) ;
#1310 = EDGE_CURVE ( 'NONE', #4258, #2062, #7660, .T. ) ;
#1311 = LINE ( 'NONE', #5768, #2739 ) ;
#1312 = EDGE_LOOP ( 'NONE', ( #8405, #692, #4401, #7263 ) ) ;
#1313 = VERTEX_POINT ( 'NONE', #4857 ) ;
#1314 = DIRECTION ( 'NONE',  ( -1.850371707708594070E-16, 1.000000000000000000, 0.000000000000000000 ) ) ;
#1315 = AXIS2_PLACEMENT_3D ( 'NONE', #6786, #8194, #6038 ) ;
#1316 = DIRECTION ( 'NONE',  ( -1.000000000000000000, 0.000000000000000000, 0.000000000000000000 ) ) ;
#1317 = CARTESIAN_POINT ( 'NONE',  ( -75.00000000000000000, 75.00000000000002842, 1.999999999999999112 ) ) ;
#1318 = ADVANCED_FACE ( 'NONE', ( #3442 ), #6390, .F. ) ;
#1319 = EDGE_LOOP ( 'NONE', ( #4552, #1244, #611, #8807 ) ) ;
#1320 = ADVANCED_FACE ( 'NONE', ( #2701 ), #591, .F. ) ;
#1321 = DIRECTION ( 'NONE',  ( -1.000000000000000000, 0.000000000000000000, -1.734723475976807834E-16 ) ) ;
#1322 = FACE_OUTER_BOUND ( 'NONE', #5505, .T. ) ;
#1323 = VERTEX_POINT ( 'NONE', #638 ) ;
#1324 = VERTEX_POINT ( 'NONE', #7755 ) ;
#1325 = VECTOR ( 'NONE', #264, 1000.000000000000000 ) ;
#1326 = CARTESIAN_POINT ( 'NONE',  ( 0.000000000000000000, -71.99999999999997158, 5.000000000000000000 ) ) ;
#1327 = LINE ( 'NONE', #8603, #6597 ) ;
#1328 = VERTEX_POINT ( 'NONE', #6206 ) ;
#1329 = AXIS2_PLACEMENT_3D ( 'NONE', #7589, #7633, #6364 ) ;
#1330 = EDGE_CURVE ( 'NONE', #9145, #6676, #8417, .T. ) ;
#1331 = CARTESIAN_POINT ( 'NONE',  ( -75.00000000000000000, -11.99999999999998934, 5.000000000000000000 ) ) ;
#1332 = ORIENTED_EDGE ( 'NONE', *, *, #3402, .F. ) ;
#1333 = ORIENTED_EDGE ( 'NONE', *, *, #4169, .F. ) ;
#1334 = DIRECTION ( 'NONE',  ( 0.000000000000000000, -1.000000000000000000, 8.673617379884040402E-17 ) ) ;
#1335 = ORIENTED_EDGE ( 'NONE', *, *, #7305, .F. ) ;
#1336 = EDGE_LOOP ( 'NONE', ( #8168, #337 ) ) ;
#1337 = CARTESIAN_POINT ( 'NONE',  ( 16.99999999999997513, 72.00000000000002842, 5.000000000000000000 ) ) ;
#1338 = DIRECTION ( 'NONE',  ( 1.000000000000000000, 0.000000000000000000, 0.000000000000000000 ) ) ;
#1339 = ORIENTED_EDGE ( 'NONE', *, *, #901, .F. ) ;
#1340 = EDGE_CURVE ( 'NONE', #3676, #7705, #7854, .T. ) ;
#1341 = PLANE ( 'NONE',  #8592 ) ;
#1342 = VERTEX_POINT ( 'NONE', #1291 ) ;
#1343 = CARTESIAN_POINT ( 'NONE',  ( -75.00000000000000000, -16.99999999999998579, 5.000000000000000000 ) ) ;
#1344 = PRODUCT_CONTEXT ( 'NONE', #3584, 'mechanical' ) ;
#1345 = CARTESIAN_POINT ( 'NONE',  ( 30.00000000000000711, -71.99999999999997158, 2.000000000000000000 ) ) ;
#1346 = CARTESIAN_POINT ( 'NONE',  ( 31.99999999999997868, 75.00000000000002842, 2.000000000000000000 ) ) ;
#1347 = ADVANCED_FACE ( 'NONE', ( #9079 ), #4153, .F. ) ;
#1348 = DIRECTION ( 'NONE',  ( 1.000000000000000000, 0.000000000000000000, 0.000000000000000000 ) ) ;
#1349 = CARTESIAN_POINT ( 'NONE',  ( 25.00000000000000711, -71.99999999999997158, 1.999999999999999112 ) ) ;
#1350 = EDGE_CURVE ( 'NONE', #6104, #8500, #3477, .T. ) ;
#1351 = PLANE ( 'NONE',  #1768 ) ;
#1352 = CARTESIAN_POINT ( 'NONE',  ( -72.00000000000000000, -66.99999999999998579, 5.000000000000000000 ) ) ;
#1353 = DIRECTION ( 'NONE',  ( -1.000000000000000000, -0.000000000000000000, -0.000000000000000000 ) ) ;
#1354 = VECTOR ( 'NONE', #1792, 1000.000000000000000 ) ;
#1355 = VERTEX_POINT ( 'NONE', #689 ) ;
#1356 = DIRECTION ( 'NONE',  ( -0.000000000000000000, 1.000000000000000000, 8.673617379884028076E-17 ) ) ;
#1357 = LINE ( 'NONE', #4971, #1678 ) ;
#1358 = CARTESIAN_POINT ( 'NONE',  ( 74.99999999999998579, 60.00000000000002132, 5.000000000000000000 ) ) ;
#1359 = ORIENTED_EDGE ( 'NONE', *, *, #5533, .F. ) ;
#1360 = ORIENTED_EDGE ( 'NONE', *, *, #3385, .T. ) ;
#1361 = VECTOR ( 'NONE', #1056, 1000.000000000000000 ) ;
#1362 = DIRECTION ( 'NONE',  ( 1.000000000000000000, 1.850371707708594070E-16, -0.000000000000000000 ) ) ;
#1363 = CARTESIAN_POINT ( 'NONE',  ( -38.00000000000002132, 75.00000000000002842, 5.000000000000000000 ) ) ;
#1364 = DIRECTION ( 'NONE',  ( -1.000000000000000000, 0.000000000000000000, 0.000000000000000000 ) ) ;
#1365 = EDGE_CURVE ( 'NONE', #4664, #4094, #2135, .T. ) ;
#1366 = VERTEX_POINT ( 'NONE', #5510 ) ;
#1367 = LINE ( 'NONE', #6234, #3275 ) ;
#1368 = FACE_OUTER_BOUND ( 'NONE', #7891, .T. ) ;
#1369 = AXIS2_PLACEMENT_3D ( 'NONE', #1548, #3146, #8915 ) ;
#1370 = ORIENTED_EDGE ( 'NONE', *, *, #8812, .T. ) ;
#1371 = EDGE_LOOP ( 'NONE', ( #6166, #3422, #9167, #6557 ) ) ;
#1372 = EDGE_CURVE ( 'NONE', #7002, #3786, #2287, .T. ) ;
#1373 = VECTOR ( 'NONE', #5023, 1000.000000000000000 ) ;
#1374 = CARTESIAN_POINT ( 'NONE',  ( -75.00000000000001421, 23.00000000000001421, 5.000000000000000000 ) ) ;
#1375 = CIRCLE ( 'NONE', #3469, 1.600000000000004086 ) ;
#1376 = CARTESIAN_POINT ( 'NONE',  ( -72.00000000000000000, -36.99999999999999289, 5.000000000000000000 ) ) ;
#1377 = VERTEX_POINT ( 'NONE', #1949 ) ;
#1378 = CARTESIAN_POINT ( 'NONE',  ( 71.99999999999998579, 40.00000000000002132, 5.000000000000000000 ) ) ;
#1379 = LINE ( 'NONE', #2838, #5448 ) ;
#1380 = VERTEX_POINT ( 'NONE', #3543 ) ;
#1381 = ORIENTED_EDGE ( 'NONE', *, *, #1873, .T. ) ;
#1382 = LINE ( 'NONE', #4900, #3828 ) ;
#1383 = ORIENTED_EDGE ( 'NONE', *, *, #3151, .F. ) ;
#1384 = EDGE_LOOP ( 'NONE', ( #683, #4300, #2357, #7102 ) ) ;
#1385 = DIRECTION ( 'NONE',  ( -1.000000000000000000, 4.270088556250601699E-16, 0.000000000000000000 ) ) ;
#1386 = AXIS2_PLACEMENT_3D ( 'NONE', #5537, #6980, #442 ) ;
#1387 = AXIS2_PLACEMENT_3D ( 'NONE', #7686, #1925, #3870 ) ;
#1388 = EDGE_LOOP ( 'NONE', ( #6714, #1241, #498, #3604 ) ) ;
#1389 = EDGE_CURVE ( 'NONE', #2680, #4294, #4808, .T. ) ;
#1390 = ADVANCED_FACE ( 'NONE', ( #8560 ), #6345, .F. ) ;
#1391 = CARTESIAN_POINT ( 'NONE',  ( 74.99999999999998579, 75.00000000000002842, 5.000000000000000000 ) ) ;
#1392 = ORIENTED_EDGE ( 'NONE', *, *, #2428, .T. ) ;
#1393 = CIRCLE ( 'NONE', #2142, 18.00000000000000000 ) ;
#1394 = CARTESIAN_POINT ( 'NONE',  ( -75.00000000000000000, -74.99999999999997158, 1.999999999999999112 ) ) ;
#1395 = ORIENTED_EDGE ( 'NONE', *, *, #6161, .F. ) ;
#1396 = DIRECTION ( 'NONE',  ( -1.000000000000000000, -0.000000000000000000, -0.000000000000000000 ) ) ;
#1397 = DIRECTION ( 'NONE',  ( -0.000000000000000000, -1.000000000000000000, -0.000000000000000000 ) ) ;
#1398 = CARTESIAN_POINT ( 'NONE',  ( -75.00000000000000000, -41.99999999999998579, 5.000000000000000000 ) ) ;
#1399 = EDGE_CURVE ( 'NONE', #255, #5926, #9267, .T. ) ;
#1400 = CIRCLE ( 'NONE', #7072, 7.500000000000000000 ) ;
#1401 = DIRECTION ( 'NONE',  ( -1.000000000000000000, -0.000000000000000000, -0.000000000000000000 ) ) ;
#1402 = CARTESIAN_POINT ( 'NONE',  ( 72.00000000000000000, -14.99999999999997158, 5.000000000000000000 ) ) ;
#1403 = VERTEX_POINT ( 'NONE', #3494 ) ;
#1404 = DIRECTION ( 'NONE',  ( 0.000000000000000000, -0.000000000000000000, 1.000000000000000000 ) ) ;
#1405 = AXIS2_PLACEMENT_3D ( 'NONE', #2973, #82, #7181 ) ;
#1406 = CARTESIAN_POINT ( 'NONE',  ( 72.00000000000000000, -4.999999999999977796, 5.000000000000000000 ) ) ;
#1407 = DIRECTION ( 'NONE',  ( 1.000000000000000000, -0.000000000000000000, -0.000000000000000000 ) ) ;
#1408 = DIRECTION ( 'NONE',  ( 1.000000000000000000, -0.000000000000000000, 2.312964634635742661E-15 ) ) ;
#1409 = DIRECTION ( 'NONE',  ( 1.000000000000000000, -0.000000000000000000, 2.312964634635742661E-15 ) ) ;
#1410 = EDGE_LOOP ( 'NONE', ( #216, #1232, #2061, #6528 ) ) ;
#1411 = ORIENTED_EDGE ( 'NONE', *, *, #4765, .F. ) ;
#1412 = ADVANCED_FACE ( 'NONE', ( #2844 ), #5694, .T. ) ;
#1413 = VECTOR ( 'NONE', #6837, 1000.000000000000000 ) ;
#1414 = DIRECTION ( 'NONE',  ( -0.000000000000000000, 1.000000000000000000, 8.673617379884028076E-17 ) ) ;
#1415 = VECTOR ( 'NONE', #8075, 1000.000000000000000 ) ;
#1416 = CARTESIAN_POINT ( 'NONE',  ( 74.99999999999998579, 55.00000000000002132, 2.000000000000000000 ) ) ;
#1417 = DIRECTION ( 'NONE',  ( -0.000000000000000000, 1.000000000000000000, 8.673617379884028076E-17 ) ) ;
#1418 = ORIENTED_EDGE ( 'NONE', *, *, #5905, .T. ) ;
#1419 = PLANE ( 'NONE',  #4033 ) ;
#1420 = LINE ( 'NONE', #4284, #3915 ) ;
#1421 = AXIS2_PLACEMENT_3D ( 'NONE', #1284, #4144, #1941 ) ;
#1422 = VECTOR ( 'NONE', #7529, 1000.000000000000000 ) ;
#1423 = ORIENTED_EDGE ( 'NONE', *, *, #5544, .T. ) ;
#1424 = ORIENTED_EDGE ( 'NONE', *, *, #5027, .F. ) ;
#1425 = EDGE_CURVE ( 'NONE', #6902, #8628, #1573, .T. ) ;
#1426 = EDGE_CURVE ( 'NONE', #2680, #7159, #8086, .T. ) ;
#1427 = VECTOR ( 'NONE', #2583, 1000.000000000000000 ) ;
#1428 = LINE ( 'NONE', #3624, #1865 ) ;
#1429 = CARTESIAN_POINT ( 'NONE',  ( 5.000000000000004441, -71.99999999999997158, 1.999999999999999112 ) ) ;
#1430 = EDGE_LOOP ( 'NONE', ( #1568, #1479, #4235, #2635 ) ) ;
#1431 = DIRECTION ( 'NONE',  ( -1.604941620322695085E-32, 8.673617379884028076E-17, -1.000000000000000000 ) ) ;
#1432 = DIRECTION ( 'NONE',  ( 0.000000000000000000, -0.000000000000000000, 1.000000000000000000 ) ) ;
#1433 = ORIENTED_EDGE ( 'NONE', *, *, #1537, .T. ) ;
#1434 = ORIENTED_EDGE ( 'NONE', *, *, #7042, .T. ) ;
#1435 = DIRECTION ( 'NONE',  ( -1.000000000000000000, 0.000000000000000000, 0.000000000000000000 ) ) ;
#1436 = EDGE_LOOP ( 'NONE', ( #8082, #5477, #3640, #1513 ) ) ;
#1437 = ORIENTED_EDGE ( 'NONE', *, *, #8576, .F. ) ;
#1438 = LINE ( 'NONE', #5603, #493 ) ;
#1439 = ORIENTED_EDGE ( 'NONE', *, *, #5280, .T. ) ;
#1440 = DIRECTION ( 'NONE',  ( 1.301042606982605321E-16, 1.000000000000000000, 0.000000000000000000 ) ) ;
#1441 = CARTESIAN_POINT ( 'NONE',  ( 11.99999999999998224, 72.00000000000002842, 2.000000000000000000 ) ) ;
#1442 = VERTEX_POINT ( 'NONE', #221 ) ;
#1443 = EDGE_CURVE ( 'NONE', #710, #8508, #7284, .T. ) ;
#1444 = DIRECTION ( 'NONE',  ( 1.000000000000000000, 1.850371707708594070E-16, -0.000000000000000000 ) ) ;
#1445 = CARTESIAN_POINT ( 'NONE',  ( -7.500000000000000000, 0.000000000000000000, 10.00000000000000000 ) ) ;
#1446 = CARTESIAN_POINT ( 'NONE',  ( -54.99999999999999289, -71.99999999999997158, 1.999999999999999112 ) ) ;
#1447 = LINE ( 'NONE', #8577, #7974 ) ;
#1448 = FACE_OUTER_BOUND ( 'NONE', #8117, .T. ) ;
#1449 = ORIENTED_EDGE ( 'NONE', *, *, #467, .F. ) ;
#1450 = CARTESIAN_POINT ( 'NONE',  ( -72.00000000000001421, 63.00000000000001421, 1.999999999999999556 ) ) ;
#1451 = ADVANCED_FACE ( 'NONE', ( #8748 ), #869, .F. ) ;
#1452 = DIRECTION ( 'NONE',  ( 1.734723475976807834E-16, 0.000000000000000000, -1.000000000000000000 ) ) ;
#1453 = CARTESIAN_POINT ( 'NONE',  ( 10.00000000000000178, -71.99999999999997158, 2.000000000000000000 ) ) ;
#1454 = DIRECTION ( 'NONE',  ( 1.850371707708594316E-16, -1.000000000000000000, 0.000000000000000000 ) ) ;
#1455 = CARTESIAN_POINT ( 'NONE',  ( -75.00000000000000000, -51.99999999999998579, 5.000000000000000000 ) ) ;
#1456 = ORIENTED_EDGE ( 'NONE', *, *, #6933, .F. ) ;
#1457 = CARTESIAN_POINT ( 'NONE',  ( 72.00000000000000000, -34.99999999999997868, 2.000000000000000000 ) ) ;
#1458 = LINE ( 'NONE', #7928, #2554 ) ;
#1459 = LINE ( 'NONE', #759, #6024 ) ;
#1460 = ORIENTED_EDGE ( 'NONE', *, *, #2802, .T. ) ;
#1461 = ADVANCED_FACE ( 'NONE', ( #6529 ), #3726, .F. ) ;
#1462 = LINE ( 'NONE', #6555, #8073 ) ;
#1463 = DIRECTION ( 'NONE',  ( -1.850371707708594070E-16, 1.000000000000000000, 0.000000000000000000 ) ) ;
#1464 = ORIENTED_EDGE ( 'NONE', *, *, #524, .F. ) ;
#1465 = ORIENTED_EDGE ( 'NONE', *, *, #882, .T. ) ;
#1466 = VECTOR ( 'NONE', #6937, 1000.000000000000000 ) ;
#1467 = LINE ( 'NONE', #7177, #4507 ) ;
#1468 = LINE ( 'NONE', #9117, #614 ) ;
#1469 = ORIENTED_EDGE ( 'NONE', *, *, #5056, .F. ) ;
#1470 = EDGE_CURVE ( 'NONE', #1249, #2306, #1522, .T. ) ;
#1471 = DIRECTION ( 'NONE',  ( -2.312964634635742661E-15, -0.000000000000000000, 1.000000000000000000 ) ) ;
#1472 = DIRECTION ( 'NONE',  ( -0.000000000000000000, -0.000000000000000000, -1.000000000000000000 ) ) ;
#1473 = EDGE_CURVE ( 'NONE', #2965, #1076, #127, .T. ) ;
#1474 = VERTEX_POINT ( 'NONE', #7328 ) ;
#1475 = VERTEX_POINT ( 'NONE', #5049 ) ;
#1476 = VECTOR ( 'NONE', #8129, 1000.000000000000000 ) ;
#1477 = CARTESIAN_POINT ( 'NONE',  ( -72.00000000000000000, -66.99999999999998579, 5.000000000000000000 ) ) ;
#1478 = ORIENTED_EDGE ( 'NONE', *, *, #6685, .T. ) ;
#1479 = ORIENTED_EDGE ( 'NONE', *, *, #3832, .T. ) ;
#1480 = CARTESIAN_POINT ( 'NONE',  ( -33.00000000000002842, 75.00000000000002842, 5.000000000000000000 ) ) ;
#1481 = ORIENTED_EDGE ( 'NONE', *, *, #2428, .F. ) ;
#1482 = AXIS2_PLACEMENT_3D ( 'NONE', #4170, #7683, #1264 ) ;
#1483 = DIRECTION ( 'NONE',  ( 0.000000000000000000, -1.000000000000000000, 8.673617379884040402E-17 ) ) ;
#1484 = CARTESIAN_POINT ( 'NONE',  ( -53.00000000000002132, 72.00000000000002842, 5.000000000000000000 ) ) ;
#1485 = EDGE_CURVE ( 'NONE', #828, #2205, #1662, .T. ) ;
#1486 = ORIENTED_EDGE ( 'NONE', *, *, #1671, .T. ) ;
#1487 = PLANE ( 'NONE',  #7556 ) ;
#1489 = CARTESIAN_POINT ( 'NONE',  ( -75.00000000000000000, -36.99999999999999289, 1.999999999999999556 ) ) ;
#1488 = VECTOR ( 'NONE', #4271, 1000.000000000000000 ) ;
#1490 = LINE ( 'NONE', #793, #7354 ) ;
#1491 = ADVANCED_FACE ( 'NONE', ( #5878 ), #5832, .F. ) ;
#1492 = ORIENTED_EDGE ( 'NONE', *, *, #5311, .F. ) ;
#1493 = DIRECTION ( 'NONE',  ( -0.000000000000000000, 1.000000000000000000, -0.000000000000000000 ) ) ;
#1494 = CARTESIAN_POINT ( 'NONE',  ( 72.00000000000001421, -49.99999999999997158, 1.999999999999999556 ) ) ;
#1495 = EDGE_LOOP ( 'NONE', ( #549, #5207, #9088, #3902 ) ) ;
#1496 = CARTESIAN_POINT ( 'NONE',  ( 65.00000000000002842, 64.99999999999998579, 0.000000000000000000 ) ) ;
#1497 = LINE ( 'NONE', #5766, #7867 ) ;
#1498 = FACE_OUTER_BOUND ( 'NONE', #3119, .T. ) ;
#1499 = DIRECTION ( 'NONE',  ( -0.000000000000000000, -0.000000000000000000, 1.000000000000000000 ) ) ;
#1500 = ORIENTED_EDGE ( 'NONE', *, *, #5292, .T. ) ;
#1501 = EDGE_CURVE ( 'NONE', #5578, #799, #915, .T. ) ;
#1502 = FACE_OUTER_BOUND ( 'NONE', #3725, .T. ) ;
#1503 =( LENGTH_UNIT ( ) NAMED_UNIT ( * ) SI_UNIT ( .MILLI., .METRE. ) );
#1504 = FACE_OUTER_BOUND ( 'NONE', #1312, .T. ) ;
#1505 = LINE ( 'NONE', #812, #7005 ) ;
#1506 = CARTESIAN_POINT ( 'NONE',  ( -8.000000000000021316, 75.00000000000002842, 5.000000000000000000 ) ) ;
#1507 = ORIENTED_EDGE ( 'NONE', *, *, #4824, .F. ) ;
#1508 = ORIENTED_EDGE ( 'NONE', *, *, #6057, .T. ) ;
#1509 = VECTOR ( 'NONE', #8968, 1000.000000000000000 ) ;
#1510 = EDGE_CURVE ( 'NONE', #7119, #2794, #2270, .T. ) ;
#1511 = FACE_OUTER_BOUND ( 'NONE', #695, .T. ) ;
#1512 = CARTESIAN_POINT ( 'NONE',  ( 35.00000000000000000, -74.99999999999997158, 5.000000000000000000 ) ) ;
#1513 = ORIENTED_EDGE ( 'NONE', *, *, #1557, .T. ) ;
#1514 = AXIS2_PLACEMENT_3D ( 'NONE', #1038, #148, #7407 ) ;
#1515 = CARTESIAN_POINT ( 'NONE',  ( 75.00000000000001421, -69.99999999999998579, 5.000000000000000000 ) ) ;
#1516 = DIRECTION ( 'NONE',  ( -1.000000000000000000, -0.000000000000000000, -0.000000000000000000 ) ) ;
#1518 = VERTEX_POINT ( 'NONE', #3775 ) ;
#1517 = VECTOR ( 'NONE', #813, 1000.000000000000000 ) ;
#1519 = CARTESIAN_POINT ( 'NONE',  ( 31.99999999999997868, 72.00000000000002842, 2.000000000000000000 ) ) ;
#1520 = ORIENTED_EDGE ( 'NONE', *, *, #7420, .T. ) ;
#1521 = VERTEX_POINT ( 'NONE', #87 ) ;
#1522 = LINE ( 'NONE', #4480, #7816 ) ;
#1523 = EDGE_CURVE ( 'NONE', #7214, #5251, #6624, .T. ) ;
#1524 = VECTOR ( 'NONE', #180, 1000.000000000000000 ) ;
#1525 = EDGE_CURVE ( 'NONE', #2261, #3107, #4438, .T. ) ;
#1526 = VECTOR ( 'NONE', #5638, 1000.000000000000000 ) ;
#1527 = LINE ( 'NONE', #2328, #8297 ) ;
#1528 = AXIS2_PLACEMENT_3D ( 'NONE', #5259, #7308, #8112 ) ;
#1529 = DIRECTION ( 'NONE',  ( 0.000000000000000000, 1.000000000000000000, 0.000000000000000000 ) ) ;
#1530 = VERTEX_POINT ( 'NONE', #8797 ) ;
#1531 = VECTOR ( 'NONE', #5170, 1000.000000000000000 ) ;
#1532 = CARTESIAN_POINT ( 'NONE',  ( 7.500000000000000000, -18.00000000000000355, 5.000000000000000000 ) ) ;
#1533 = VECTOR ( 'NONE', #7006, 1000.000000000000000 ) ;
#1534 = DIRECTION ( 'NONE',  ( 0.000000000000000000, 1.000000000000000000, -8.673617379884039170E-17 ) ) ;
#1535 = CARTESIAN_POINT ( 'NONE',  ( 72.00000000000000000, -29.99999999999998579, 5.000000000000000000 ) ) ;
#1536 = ADVANCED_FACE ( 'NONE', ( #2371 ), #7382, .F. ) ;
#1537 = EDGE_CURVE ( 'NONE', #814, #6211, #5745, .T. ) ;
#1538 = AXIS2_PLACEMENT_3D ( 'NONE', #4449, #7958, #8767 ) ;
#1539 = AXIS2_PLACEMENT_3D ( 'NONE', #318, #2018, #7636 ) ;
#1540 = ORIENTED_EDGE ( 'NONE', *, *, #2275, .T. ) ;
#1541 = CARTESIAN_POINT ( 'NONE',  ( 7.500000000000000000, 0.000000000000000000, 30.00000000000000000 ) ) ;
#1542 = LINE ( 'NONE', #141, #1026 ) ;
#1543 = ORIENTED_EDGE ( 'NONE', *, *, #1046, .F. ) ;
#1544 = CARTESIAN_POINT ( 'NONE',  ( 37.50000000000002842, -45.00000000000001421, 12.00000000000000000 ) ) ;
#1545 =( LENGTH_UNIT ( ) NAMED_UNIT ( * ) SI_UNIT ( .MILLI., .METRE. ) );
#1546 = DIRECTION ( 'NONE',  ( -0.000000000000000000, -1.000000000000000000, -0.000000000000000000 ) ) ;
#1547 = AXIS2_PLACEMENT_3D ( 'NONE', #2129, #5596, #1990 ) ;
#1548 = CARTESIAN_POINT ( 'NONE',  ( 40.00000000000000711, -71.99999999999997158, 2.000000000000000000 ) ) ;
#1549 = ORIENTED_EDGE ( 'NONE', *, *, #8087, .T. ) ;
#1550 = LINE ( 'NONE', #7879, #3811 ) ;
#1551 = AXIS2_PLACEMENT_3D ( 'NONE', #4324, #5029, #7831 ) ;
#1552 = CARTESIAN_POINT ( 'NONE',  ( -72.00000000000001421, 3.000000000000016875, 1.999999999999999556 ) ) ;
#1553 = PLANE ( 'NONE',  #2730 ) ;
#1554 = PLANE ( 'NONE',  #8523 ) ;
#1555 = CARTESIAN_POINT ( 'NONE',  ( 75.00000000000000000, -24.99999999999998224, 5.000000000000000000 ) ) ;
#1556 = EDGE_CURVE ( 'NONE', #8515, #1403, #37, .T. ) ;
#1557 = EDGE_CURVE ( 'NONE', #8604, #7078, #6932, .T. ) ;
#1558 = EDGE_LOOP ( 'NONE', ( #5744, #4799 ) ) ;
#1559 = ORIENTED_EDGE ( 'NONE', *, *, #5454, .F. ) ;
#1560 = VECTOR ( 'NONE', #6654, 1000.000000000000000 ) ;
#1561 = FACE_OUTER_BOUND ( 'NONE', #2974, .T. ) ;
#1562 = FACE_OUTER_BOUND ( 'NONE', #6339, .T. ) ;
#1563 = VERTEX_POINT ( 'NONE', #4042 ) ;
#1564 = VECTOR ( 'NONE', #3852, 1000.000000000000000 ) ;
#1565 = VECTOR ( 'NONE', #6906, 1000.000000000000000 ) ;
#1566 = DIRECTION ( 'NONE',  ( 0.000000000000000000, 0.000000000000000000, -1.000000000000000000 ) ) ;
#1567 = DIRECTION ( 'NONE',  ( 0.000000000000000000, 0.000000000000000000, -1.000000000000000000 ) ) ;
#1568 = ORIENTED_EDGE ( 'NONE', *, *, #1598, .T. ) ;
#1569 = EDGE_CURVE ( 'NONE', #2089, #1141, #3120, .T. ) ;
#1570 = CARTESIAN_POINT ( 'NONE',  ( -7.500000000000000000, 0.000000000000000000, 10.00000000000000000 ) ) ;
#1571 = ORIENTED_EDGE ( 'NONE', *, *, #5798, .T. ) ;
#1572 = VERTEX_POINT ( 'NONE', #969 ) ;
#1573 = LINE ( 'NONE', #1480, #9022 ) ;
#1574 = AXIS2_PLACEMENT_3D ( 'NONE', #565, #3516, #9099 ) ;
#1575 = CARTESIAN_POINT ( 'NONE',  ( -43.00000000000002132, 75.00000000000002842, 5.000000000000000000 ) ) ;
#1576 = DIRECTION ( 'NONE',  ( -0.000000000000000000, 1.000000000000000000, 8.673617379884028076E-17 ) ) ;
#1577 = ORIENTED_EDGE ( 'NONE', *, *, #1641, .F. ) ;
#1578 = ADVANCED_FACE ( 'NONE', ( #3167 ), #5977, .F. ) ;
#1579 = CARTESIAN_POINT ( 'NONE',  ( 75.00000000000000000, -24.99999999999998224, 2.000000000000000000 ) ) ;
#1580 = CARTESIAN_POINT ( 'NONE',  ( 72.00000000000001421, -71.99999999999997158, 2.000000000000000000 ) ) ;
#1581 = ORIENTED_EDGE ( 'NONE', *, *, #1989, .T. ) ;
#1582 = DIRECTION ( 'NONE',  ( -0.000000000000000000, 1.000000000000000000, -0.000000000000000000 ) ) ;
#1583 = ORIENTED_EDGE ( 'NONE', *, *, #3196, .T. ) ;
#1584 = LINE ( 'NONE', #2386, #3483 ) ;
#1585 = CARTESIAN_POINT ( 'NONE',  ( 66.99999999999997158, 75.00000000000002842, 5.000000000000000000 ) ) ;
#1586 = ADVANCED_FACE ( 'NONE', ( #2634 ), #1220, .F. ) ;
#1587 = CARTESIAN_POINT ( 'NONE',  ( -8.000000000000021316, 75.00000000000002842, 2.000000000000000000 ) ) ;
#1588 = ORIENTED_EDGE ( 'NONE', *, *, #309, .F. ) ;
#1589 = ADVANCED_FACE ( 'NONE', ( #1970 ), #1883, .F. ) ;
#1590 = ORIENTED_EDGE ( 'NONE', *, *, #3534, .T. ) ;
#1591 = FACE_OUTER_BOUND ( 'NONE', #7533, .T. ) ;
#1592 = PLANE ( 'NONE',  #3178 ) ;
#1593 = LINE ( 'NONE', #2297, #3918 ) ;
#1594 = DIRECTION ( 'NONE',  ( 0.000000000000000000, 1.000000000000000000, 0.000000000000000000 ) ) ;
#1595 = DIRECTION ( 'NONE',  ( 1.000000000000000000, 0.000000000000000000, 0.000000000000000000 ) ) ;
#1596 = DIRECTION ( 'NONE',  ( -1.000000000000000000, -1.850371707708594070E-16, 0.000000000000000000 ) ) ;
#1597 = CARTESIAN_POINT ( 'NONE',  ( 26.99999999999997513, 72.00000000000002842, 2.000000000000000444 ) ) ;
#1598 = EDGE_CURVE ( 'NONE', #7394, #1342, #6022, .T. ) ;
#1599 = PLANE ( 'NONE',  #6896 ) ;
#1600 = VERTEX_POINT ( 'NONE', #4087 ) ;
#1601 = ORIENTED_EDGE ( 'NONE', *, *, #537, .F. ) ;
#1602 = ORIENTED_EDGE ( 'NONE', *, *, #5609, .T. ) ;
#1603 = DIRECTION ( 'NONE',  ( 1.000000000000000000, 0.000000000000000000, 0.000000000000000000 ) ) ;
#1604 = EDGE_CURVE ( 'NONE', #4633, #8411, #3380, .T. ) ;
#1605 = ADVANCED_FACE ( 'NONE', ( #2416 ), #6885, .F. ) ;
#1606 = PLANE ( 'NONE',  #7492 ) ;
#1607 = CARTESIAN_POINT ( 'NONE',  ( -72.00000000000001421, 63.00000000000001421, 5.000000000000000000 ) ) ;
#1608 = DIRECTION ( 'NONE',  ( 1.000000000000000000, -0.000000000000000000, 1.734723475976808080E-16 ) ) ;
#1609 = VERTEX_POINT ( 'NONE', #4834 ) ;
#1610 = CARTESIAN_POINT ( 'NONE',  ( 25.00000000000000711, -74.99999999999997158, 5.000000000000000000 ) ) ;
#1611 = CARTESIAN_POINT ( 'NONE',  ( -72.00000000000000000, -36.99999999999999289, 5.000000000000000000 ) ) ;
#1612 = ORIENTED_EDGE ( 'NONE', *, *, #5841, .T. ) ;
#1613 = CARTESIAN_POINT ( 'NONE',  ( -3.500000000000003109, 57.99999999999997158, 2.000000000000000000 ) ) ;
#1614 = VERTEX_POINT ( 'NONE', #5279 ) ;
#1615 = EDGE_LOOP ( 'NONE', ( #2722, #4902, #4651, #6053 ) ) ;
#1616 = CARTESIAN_POINT ( 'NONE',  ( -58.00000000000000711, 3.500000000000003109, 15.00000000000000000 ) ) ;
#1617 = EDGE_CURVE ( 'NONE', #1521, #478, #6674, .T. ) ;
#1618 = CARTESIAN_POINT ( 'NONE',  ( 5.000000000000004441, 20.00000000000000000, 5.000000000000000000 ) ) ;
#1619 = AXIS2_PLACEMENT_3D ( 'NONE', #7726, #7550, #1136 ) ;
#1620 = FACE_OUTER_BOUND ( 'NONE', #3246, .T. ) ;
#1621 = ORIENTED_EDGE ( 'NONE', *, *, #564, .F. ) ;
#1622 = DIRECTION ( 'NONE',  ( -1.850371707708594316E-16, 1.000000000000000000, -0.000000000000000000 ) ) ;
#1623 = DIRECTION ( 'NONE',  ( -1.000000000000000000, 0.000000000000000000, 8.673617379884028076E-17 ) ) ;
#1624 = ORIENTED_EDGE ( 'NONE', *, *, #8212, .T. ) ;
#1625 = VERTEX_POINT ( 'NONE', #8307 ) ;
#1626 = LINE ( 'NONE', #3737, #931 ) ;
#1627 = AXIS2_PLACEMENT_3D ( 'NONE', #4068, #2128, #5475 ) ;
#1628 = EDGE_CURVE ( 'NONE', #2321, #7521, #9101, .T. ) ;
#1629 = ORIENTED_EDGE ( 'NONE', *, *, #8601, .F. ) ;
#1630 = FACE_OUTER_BOUND ( 'NONE', #5125, .T. ) ;
#1631 = VERTEX_POINT ( 'NONE', #4580 ) ;
#1632 = FACE_OUTER_BOUND ( 'NONE', #7004, .T. ) ;
#1633 = VECTOR ( 'NONE', #8345, 1000.000000000000000 ) ;
#1634 = CARTESIAN_POINT ( 'NONE',  ( -72.00000000000001421, 63.00000000000001421, 5.000000000000000000 ) ) ;
#1635 = EDGE_LOOP ( 'NONE', ( #9168, #8561, #5563, #1904 ) ) ;
#1636 = VERTEX_POINT ( 'NONE', #2679 ) ;
#1637 = PLANE ( 'NONE',  #2633 ) ;
#1638 = DIRECTION ( 'NONE',  ( -2.312964634635742661E-15, -0.000000000000000000, 1.000000000000000000 ) ) ;
#1639 = LINE ( 'NONE', #6696, #2876 ) ;
#1640 = EDGE_CURVE ( 'NONE', #4138, #364, #477, .T. ) ;
#1641 = EDGE_CURVE ( 'NONE', #384, #2266, #8391, .T. ) ;
#1642 = CARTESIAN_POINT ( 'NONE',  ( -53.00000000000002132, 75.00000000000002842, 2.000000000000000444 ) ) ;
#1643 = LINE ( 'NONE', #3946, #6305 ) ;
#1644 = LINE ( 'NONE', #7358, #8723 ) ;
#1645 = DIRECTION ( 'NONE',  ( -1.604941620322695085E-32, 8.673617379884028076E-17, -1.000000000000000000 ) ) ;
#1646 = DIRECTION ( 'NONE',  ( -1.000000000000000000, 0.000000000000000000, 0.000000000000000000 ) ) ;
#1647 = EDGE_LOOP ( 'NONE', ( #6999, #7856, #6485, #3360 ) ) ;
#1648 = ORIENTED_EDGE ( 'NONE', *, *, #504, .T. ) ;
#1649 = VERTEX_POINT ( 'NONE', #6183 ) ;
#1650 = ADVANCED_FACE ( 'NONE', ( #1267 ), #8134, .T. ) ;
#1651 = CARTESIAN_POINT ( 'NONE',  ( 75.00000000000000000, -34.99999999999997868, 2.000000000000000000 ) ) ;
#1652 = PLANE ( 'NONE',  #3606 ) ;
#1653 = PLANE ( 'NONE',  #3623 ) ;
#1654 = CARTESIAN_POINT ( 'NONE',  ( 60.00000000000000711, -74.99999999999997158, 2.000000000000000000 ) ) ;
#1655 = ORIENTED_EDGE ( 'NONE', *, *, #1473, .T. ) ;
#1656 = LINE ( 'NONE', #81, #8516 ) ;
#1657 = PLANE ( 'NONE',  #3804 ) ;
#1658 = EDGE_LOOP ( 'NONE', ( #4306, #8710, #8255, #4061 ) ) ;
#1659 = ORIENTED_EDGE ( 'NONE', *, *, #4382, .T. ) ;
#1660 = VECTOR ( 'NONE', #6611, 1000.000000000000000 ) ;
#1661 = ORIENTED_EDGE ( 'NONE', *, *, #671, .T. ) ;
#1662 = LINE ( 'NONE', #3588, #8724 ) ;
#1663 = EDGE_CURVE ( 'NONE', #7900, #1951, #8441, .T. ) ;
#1664 = ORIENTED_EDGE ( 'NONE', *, *, #964, .T. ) ;
#1665 = LINE ( 'NONE', #6026, #5457 ) ;
#1666 = VECTOR ( 'NONE', #5959, 1000.000000000000000 ) ;
#1667 = ORIENTED_EDGE ( 'NONE', *, *, #2853, .F. ) ;
#1668 = CARTESIAN_POINT ( 'NONE',  ( -28.00000000000002487, 72.00000000000002842, 2.000000000000000000 ) ) ;
#1669 = ORIENTED_EDGE ( 'NONE', *, *, #4304, .F. ) ;
#1670 = DIRECTION ( 'NONE',  ( 0.000000000000000000, 0.000000000000000000, -1.000000000000000000 ) ) ;
#1671 = EDGE_CURVE ( 'NONE', #2227, #6783, #269, .T. ) ;
#1672 = DIRECTION ( 'NONE',  ( 0.000000000000000000, -1.000000000000000000, 0.000000000000000000 ) ) ;
#1673 = EDGE_CURVE ( 'NONE', #2698, #3081, #1311, .T. ) ;
#1674 = VERTEX_POINT ( 'NONE', #754 ) ;
#1675 = VECTOR ( 'NONE', #4220, 1000.000000000000000 ) ;
#1676 = VECTOR ( 'NONE', #2544, 1000.000000000000000 ) ;
#1677 = ORIENTED_EDGE ( 'NONE', *, *, #136, .T. ) ;
#1678 = VECTOR ( 'NONE', #6457, 1000.000000000000000 ) ;
#1679 = DIRECTION ( 'NONE',  ( 1.000000000000000000, 0.000000000000000000, 0.000000000000000000 ) ) ;
#1680 = VECTOR ( 'NONE', #1672, 1000.000000000000000 ) ;
#1681 = VERTEX_POINT ( 'NONE', #7923 ) ;
#1682 = DIRECTION ( 'NONE',  ( 1.000000000000000000, 1.850371707708594070E-16, -0.000000000000000000 ) ) ;
#1683 = DIRECTION ( 'NONE',  ( -0.000000000000000000, -0.000000000000000000, -1.000000000000000000 ) ) ;
#1684 = ORIENTED_EDGE ( 'NONE', *, *, #1966, .T. ) ;
#1685 = ORIENTED_EDGE ( 'NONE', *, *, #6090, .F. ) ;
#1686 = CARTESIAN_POINT ( 'NONE',  ( 72.00000000000000000, -14.99999999999997158, 5.000000000000000000 ) ) ;
#1687 = DIRECTION ( 'NONE',  ( -0.000000000000000000, 1.000000000000000000, -0.000000000000000000 ) ) ;
#1688 = EDGE_CURVE ( 'NONE', #6676, #3736, #4925, .T. ) ;
#1689 = LINE ( 'NONE', #1210, #8109 ) ;
#1690 = VECTOR ( 'NONE', #3899, 1000.000000000000000 ) ;
#1691 = AXIS2_PLACEMENT_3D ( 'NONE', #8467, #2041, #8371 ) ;
#1692 = LINE ( 'NONE', #6551, #1258 ) ;
#1693 = CARTESIAN_POINT ( 'NONE',  ( -72.00000000000000000, -46.99999999999998579, 1.999999999999999556 ) ) ;
#1694 = DIRECTION ( 'NONE',  ( 1.000000000000000000, 0.000000000000000000, 0.000000000000000000 ) ) ;
#1695 = VECTOR ( 'NONE', #8099, 1000.000000000000000 ) ;
#1696 = CARTESIAN_POINT ( 'NONE',  ( -75.00000000000000000, -56.99999999999997868, 1.999999999999999556 ) ) ;
#1697 = LINE ( 'NONE', #2254, #4514 ) ;
#1698 = EDGE_CURVE ( 'NONE', #3211, #3730, #5669, .T. ) ;
#1699 = ORIENTED_EDGE ( 'NONE', *, *, #8015, .T. ) ;
#1700 = VERTEX_POINT ( 'NONE', #9195 ) ;
#1701 = VECTOR ( 'NONE', #3222, 1000.000000000000000 ) ;
#1702 = CARTESIAN_POINT ( 'NONE',  ( 72.00000000000001421, -44.99999999999997158, 2.000000000000000000 ) ) ;
#1703 = DIRECTION ( 'NONE',  ( 0.000000000000000000, 0.000000000000000000, -1.000000000000000000 ) ) ;
#1704 = LINE ( 'NONE', #8077, #341 ) ;
#1705 = DIRECTION ( 'NONE',  ( 0.000000000000000000, 0.000000000000000000, -1.000000000000000000 ) ) ;
#1706 = EDGE_LOOP ( 'NONE', ( #9042, #4175, #2978, #2085 ) ) ;
#1707 = DIRECTION ( 'NONE',  ( 0.000000000000000000, -6.938893903907227392E-16, -1.000000000000000000 ) ) ;
#1708 = CARTESIAN_POINT ( 'NONE',  ( -72.00000000000000000, -120.0000000000000000, 0.000000000000000000 ) ) ;
#1709 = ORIENTED_EDGE ( 'NONE', *, *, #8826, .F. ) ;
#1710 = EDGE_CURVE ( 'NONE', #5895, #455, #2956, .T. ) ;
#1711 = AXIS2_PLACEMENT_3D ( 'NONE', #4279, #4929, #7071 ) ;
#1712 = ORIENTED_EDGE ( 'NONE', *, *, #6090, .T. ) ;
#1713 = EDGE_CURVE ( 'NONE', #6660, #7933, #5624, .T. ) ;
#1714 = ORIENTED_EDGE ( 'NONE', *, *, #1399, .T. ) ;
#1715 = CARTESIAN_POINT ( 'NONE',  ( 15.00000000000000711, -71.99999999999997158, 1.999999999999999112 ) ) ;
#1716 = ORIENTED_EDGE ( 'NONE', *, *, #8514, .T. ) ;
#1717 = AXIS2_PLACEMENT_3D ( 'NONE', #8517, #9173, #4737 ) ;
#1718 = AXIS2_PLACEMENT_3D ( 'NONE', #7907, #5796, #2901 ) ;
#1719 = DIRECTION ( 'NONE',  ( -2.135044278125300850E-16, -1.000000000000000000, 0.000000000000000000 ) ) ;
#1720 = ORIENTED_EDGE ( 'NONE', *, *, #8178, .T. ) ;
#1721 = DIRECTION ( 'NONE',  ( 0.000000000000000000, 0.000000000000000000, -1.000000000000000000 ) ) ;
#1722 = EDGE_LOOP ( 'NONE', ( #3086, #5900, #6020, #6571 ) ) ;
#1723 = CARTESIAN_POINT ( 'NONE',  ( -72.00000000000000000, -56.99999999999997868, 5.000000000000000000 ) ) ;
#1724 = ADVANCED_FACE ( 'NONE', ( #2817 ), #4972, .F. ) ;
#1725 = CARTESIAN_POINT ( 'NONE',  ( 72.00000000000000000, 5.000000000000017764, 2.000000000000000000 ) ) ;
#1726 = VECTOR ( 'NONE', #4717, 1000.000000000000000 ) ;
#1727 = VECTOR ( 'NONE', #1356, 1000.000000000000000 ) ;
#1728 = VERTEX_POINT ( 'NONE', #1358 ) ;
#1729 = EDGE_CURVE ( 'NONE', #449, #1572, #2158, .T. ) ;
#1730 = VECTOR ( 'NONE', #4922, 1000.000000000000000 ) ;
#1731 = CARTESIAN_POINT ( 'NONE',  ( 71.99999999999998579, 55.00000000000002132, 2.000000000000000000 ) ) ;
#1732 = EDGE_LOOP ( 'NONE', ( #8543, #902, #3781, #4746 ) ) ;
#1733 = PLANE ( 'NONE',  #1315 ) ;
#1734 = DIRECTION ( 'NONE',  ( -0.000000000000000000, -0.000000000000000000, 1.000000000000000000 ) ) ;
#1735 = VERTEX_POINT ( 'NONE', #5809 ) ;
#1736 = ORIENTED_EDGE ( 'NONE', *, *, #5327, .T. ) ;
#1737 = DIRECTION ( 'NONE',  ( -0.000000000000000000, -1.000000000000000000, -0.000000000000000000 ) ) ;
#1738 = LINE ( 'NONE', #2394, #4975 ) ;
#1739 = LINE ( 'NONE', #340, #8866 ) ;
#1740 = CARTESIAN_POINT ( 'NONE',  ( -130.0000000000000000, 72.00000000000002842, 0.000000000000000000 ) ) ;
#1741 = EDGE_CURVE ( 'NONE', #6829, #7394, #660, .T. ) ;
#1742 = CARTESIAN_POINT ( 'NONE',  ( 1.999999999999974021, 72.00000000000002842, 2.000000000000000000 ) ) ;
#1743 = FACE_OUTER_BOUND ( 'NONE', #2465, .T. ) ;
#1744 = DIRECTION ( 'NONE',  ( 0.000000000000000000, 0.000000000000000000, -1.000000000000000000 ) ) ;
#1745 = DIRECTION ( 'NONE',  ( 1.000000000000000000, 1.850371707708594070E-16, 0.000000000000000000 ) ) ;
#1746 = ORIENTED_EDGE ( 'NONE', *, *, #2364, .T. ) ;
#1747 = ORIENTED_EDGE ( 'NONE', *, *, #6705, .T. ) ;
#1748 = DIRECTION ( 'NONE',  ( -0.000000000000000000, 0.000000000000000000, 1.000000000000000000 ) ) ;
#1749 = ADVANCED_FACE ( 'NONE', ( #3518 ), #8537, .F. ) ;
#1750 = DIRECTION ( 'NONE',  ( -1.000000000000000000, 0.000000000000000000, 0.000000000000000000 ) ) ;
#1751 = CARTESIAN_POINT ( 'NONE',  ( -50.00000000000000000, -71.99999999999997158, 5.000000000000000000 ) ) ;
#1752 = DIRECTION ( 'NONE',  ( 2.312964634635742661E-15, 0.000000000000000000, -1.000000000000000000 ) ) ;
#1753 = ORIENTED_EDGE ( 'NONE', *, *, #922, .F. ) ;
#1754 = DIRECTION ( 'NONE',  ( 0.000000000000000000, -0.000000000000000000, 1.000000000000000000 ) ) ;
#1755 = LINE ( 'NONE', #363, #4662 ) ;
#1756 = ORIENTED_EDGE ( 'NONE', *, *, #791, .T. ) ;
#1757 = VERTEX_POINT ( 'NONE', #8676 ) ;
#1758 = VERTEX_POINT ( 'NONE', #106 ) ;
#1759 = EDGE_CURVE ( 'NONE', #9110, #7028, #3611, .T. ) ;
#1760 = DIRECTION ( 'NONE',  ( -1.000000000000000000, -1.850371707708594070E-16, -0.000000000000000000 ) ) ;
#1761 = EDGE_CURVE ( 'NONE', #5514, #5613, #8634, .T. ) ;
#1762 = ORIENTED_EDGE ( 'NONE', *, *, #4310, .T. ) ;
#1763 = CARTESIAN_POINT ( 'NONE',  ( 7.500000000000000000, 20.00000000000000355, 5.000000000000000000 ) ) ;
#1764 = ORIENTED_EDGE ( 'NONE', *, *, #675, .T. ) ;
#1765 = PLANE ( 'NONE',  #7697 ) ;
#1766 = DIRECTION ( 'NONE',  ( 1.000000000000000000, -0.000000000000000000, 1.734723475976808080E-16 ) ) ;
#1767 = ORIENTED_EDGE ( 'NONE', *, *, #7584, .T. ) ;
#1768 = AXIS2_PLACEMENT_3D ( 'NONE', #1402, #5845, #5062 ) ;
#1769 = EDGE_CURVE ( 'NONE', #898, #4346, #2866, .T. ) ;
#1770 = ORIENTED_EDGE ( 'NONE', *, *, #8472, .T. ) ;
#1771 = LINE ( 'NONE', #7535, #5883 ) ;
#1772 = ORIENTED_EDGE ( 'NONE', *, *, #398, .T. ) ;
#1773 = CARTESIAN_POINT ( 'NONE',  ( 72.00000000000001421, -64.99999999999998579, 5.000000000000000000 ) ) ;
#1774 = CARTESIAN_POINT ( 'NONE',  ( 72.00000000000000000, -14.99999999999997158, 5.000000000000000000 ) ) ;
#1775 = ORIENTED_EDGE ( 'NONE', *, *, #1628, .T. ) ;
#1776 = CARTESIAN_POINT ( 'NONE',  ( 1.999999999999974021, 72.00000000000002842, 5.000000000000000000 ) ) ;
#1778 = LINE ( 'NONE', #1129, #7662 ) ;
#1777 = AXIS2_PLACEMENT_3D ( 'NONE', #8839, #3161, #4753 ) ;
#1779 = LINE ( 'NONE', #6127, #8401 ) ;
#1780 = EDGE_CURVE ( 'NONE', #4282, #161, #4174, .T. ) ;
#1781 = DIRECTION ( 'NONE',  ( 0.000000000000000000, 0.000000000000000000, -1.000000000000000000 ) ) ;
#1782 = VECTOR ( 'NONE', #8010, 1000.000000000000000 ) ;
#1783 = DIRECTION ( 'NONE',  ( -1.000000000000000000, -0.000000000000000000, -0.000000000000000000 ) ) ;
#1784 = DIRECTION ( 'NONE',  ( -0.000000000000000000, -0.000000000000000000, 1.000000000000000000 ) ) ;
#1785 = CARTESIAN_POINT ( 'NONE',  ( 26.99999999999997513, 75.00000000000002842, 5.000000000000000000 ) ) ;
#1786 = CARTESIAN_POINT ( 'NONE',  ( -72.00000000000001421, 3.000000000000016875, 1.999999999999999556 ) ) ;
#1787 = FACE_OUTER_BOUND ( 'NONE', #4452, .T. ) ;
#1788 = ORIENTED_EDGE ( 'NONE', *, *, #4458, .F. ) ;
#1789 = VERTEX_POINT ( 'NONE', #7017 ) ;
#1790 = ADVANCED_FACE ( 'NONE', ( #6318 ), #8488, .F. ) ;
#1791 = DIRECTION ( 'NONE',  ( -0.000000000000000000, 1.000000000000000000, 8.673617379884028076E-17 ) ) ;
#1792 = DIRECTION ( 'NONE',  ( 1.000000000000000000, -0.000000000000000000, 1.734723475976808080E-16 ) ) ;
#1793 = DIRECTION ( 'NONE',  ( 1.000000000000000000, 0.000000000000000000, 0.000000000000000000 ) ) ;
#1794 = DIRECTION ( 'NONE',  ( -1.000000000000000000, 0.000000000000000000, 8.673617379884028076E-17 ) ) ;
#1795 = ORIENTED_EDGE ( 'NONE', *, *, #1729, .F. ) ;
#1796 = FACE_OUTER_BOUND ( 'NONE', #4193, .T. ) ;
#1797 = VERTEX_POINT ( 'NONE', #7776 ) ;
#1798 = VERTEX_POINT ( 'NONE', #5070 ) ;
#1799 = ORIENTED_EDGE ( 'NONE', *, *, #7155, .F. ) ;
#1800 = EDGE_CURVE ( 'NONE', #1951, #4332, #609, .T. ) ;
#1801 = ORIENTED_EDGE ( 'NONE', *, *, #8692, .F. ) ;
#1802 = DIRECTION ( 'NONE',  ( 1.734723475976807834E-16, 0.000000000000000000, -1.000000000000000000 ) ) ;
#1803 = VERTEX_POINT ( 'NONE', #9243 ) ;
#1804 = CARTESIAN_POINT ( 'NONE',  ( 75.00000000000000000, -19.99999999999997513, 5.000000000000000000 ) ) ;
#1806 = ORIENTED_EDGE ( 'NONE', *, *, #1939, .T. ) ;
#1805 = VECTOR ( 'NONE', #5683, 1000.000000000000000 ) ;
#1807 = DIRECTION ( 'NONE',  ( -0.000000000000000000, -0.000000000000000000, -1.000000000000000000 ) ) ;
#1808 = DIRECTION ( 'NONE',  ( -1.000000000000000000, 0.000000000000000000, 8.673617379884028076E-17 ) ) ;
#1809 = ADVANCED_FACE ( 'NONE', ( #3560 ), #6412, .F. ) ;
#1810 = ORIENTED_EDGE ( 'NONE', *, *, #756, .F. ) ;
#1811 = VECTOR ( 'NONE', #2126, 1000.000000000000000 ) ;
#1812 = ORIENTED_EDGE ( 'NONE', *, *, #5050, .T. ) ;
#1813 = LINE ( 'NONE', #6036, #3942 ) ;
#1814 = ORIENTED_EDGE ( 'NONE', *, *, #4726, .F. ) ;
#1815 = FACE_OUTER_BOUND ( 'NONE', #6639, .T. ) ;
#1816 = AXIS2_PLACEMENT_3D ( 'NONE', #600, #3598, #1302 ) ;
#1817 = CARTESIAN_POINT ( 'NONE',  ( 7.500000000000000000, 18.00000000000000355, 5.000000000000000000 ) ) ;
#1818 = ORIENTED_EDGE ( 'NONE', *, *, #5245, .T. ) ;
#1819 = VECTOR ( 'NONE', #5319, 1000.000000000000000 ) ;
#1820 = LINE ( 'NONE', #2393, #994 ) ;
#1821 = DIRECTION ( 'NONE',  ( 0.000000000000000000, 1.000000000000000000, 0.000000000000000000 ) ) ;
#1822 = EDGE_CURVE ( 'NONE', #6826, #5652, #1593, .T. ) ;
#1823 = EDGE_CURVE ( 'NONE', #5251, #7566, #891, .T. ) ;
#1824 = CARTESIAN_POINT ( 'NONE',  ( 72.00000000000001421, -59.99999999999998579, 1.999999999999999556 ) ) ;
#1825 = AXIS2_PLACEMENT_3D ( 'NONE', #6314, #4173, #5668 ) ;
#1826 = VECTOR ( 'NONE', #5431, 1000.000000000000000 ) ;
#1827 = DIRECTION ( 'NONE',  ( -1.000000000000000000, 0.000000000000000000, 8.673617379884028076E-17 ) ) ;
#1828 = FACE_OUTER_BOUND ( 'NONE', #4098, .T. ) ;
#1829 = CARTESIAN_POINT ( 'NONE',  ( -75.00000000000001421, 8.000000000000014211, 5.000000000000000000 ) ) ;
#1830 = VECTOR ( 'NONE', #2533, 1000.000000000000000 ) ;
#1831 = CYLINDRICAL_SURFACE ( 'NONE', #4334, 1.600000000000005196 ) ;
#1832 = DIRECTION ( 'NONE',  ( -1.000000000000000000, 0.000000000000000000, -1.734723475976807834E-16 ) ) ;
#1833 = DIRECTION ( 'NONE',  ( -2.312964634635742661E-15, -0.000000000000000000, 1.000000000000000000 ) ) ;
#1834 = AXIS2_PLACEMENT_3D ( 'NONE', #1932, #4004, #8396 ) ;
#1835 = AXIS2_PLACEMENT_3D ( 'NONE', #6996, #1385, #8513 ) ;
#1836 = EDGE_LOOP ( 'NONE', ( #8890, #5719, #2555, #8556, #763, #2858 ) ) ;
#1837 = DIRECTION ( 'NONE',  ( -2.312964634635742661E-15, -0.000000000000000000, 1.000000000000000000 ) ) ;
#1838 = VECTOR ( 'NONE', #8629, 1000.000000000000000 ) ;
#1839 = CARTESIAN_POINT ( 'NONE',  ( -68.00000000000002842, 72.00000000000002842, 5.000000000000000000 ) ) ;
#1840 = FACE_OUTER_BOUND ( 'NONE', #8048, .T. ) ;
#1841 = EDGE_CURVE ( 'NONE', #6236, #5299, #3702, .T. ) ;
#1842 = LINE ( 'NONE', #8216, #4667 ) ;
#1843 = EDGE_CURVE ( 'NONE', #1518, #2450, #1739, .T. ) ;
#1844 = CARTESIAN_POINT ( 'NONE',  ( 26.99999999999997513, 75.00000000000002842, 2.000000000000000444 ) ) ;
#1845 = ORIENTED_EDGE ( 'NONE', *, *, #5196, .T. ) ;
#1846 = ORIENTED_EDGE ( 'NONE', *, *, #2683, .F. ) ;
#1847 = VERTEX_POINT ( 'NONE', #5305 ) ;
#1848 = VECTOR ( 'NONE', #6960, 1000.000000000000000 ) ;
#1849 = CARTESIAN_POINT ( 'NONE',  ( -72.00000000000000000, -16.99999999999998579, 5.000000000000000000 ) ) ;
#1850 = ORIENTED_EDGE ( 'NONE', *, *, #6426, .T. ) ;
#1851 = EDGE_CURVE ( 'NONE', #1735, #6202, #6548, .T. ) ;
#1852 = AXIS2_PLACEMENT_3D ( 'NONE', #5662, #3513, #1404 ) ;
#1853 = CARTESIAN_POINT ( 'NONE',  ( 56.99999999999997158, 75.00000000000002842, 5.000000000000000000 ) ) ;
#1854 = ORIENTED_EDGE ( 'NONE', *, *, #2161, .F. ) ;
#1855 = ORIENTED_EDGE ( 'NONE', *, *, #8165, .F. ) ;
#1856 = CARTESIAN_POINT ( 'NONE',  ( -58.00000000000000711, -3.500000000000003109, 15.00000000000000000 ) ) ;
#1857 = PLANE ( 'NONE',  #1985 ) ;
#1858 = AXIS2_PLACEMENT_3D ( 'NONE', #1618, #7330, #1440 ) ;
#1859 = AXIS2_PLACEMENT_3D ( 'NONE', #9135, #6360, #1348 ) ;
#1860 = VERTEX_POINT ( 'NONE', #8774 ) ;
#1861 = ADVANCED_FACE ( 'NONE', ( #848 ), #2348, .F. ) ;
#1862 = DIRECTION ( 'NONE',  ( -0.000000000000000000, -1.000000000000000000, -0.000000000000000000 ) ) ;
#1863 = VERTEX_POINT ( 'NONE', #7303 ) ;
#1864 = CARTESIAN_POINT ( 'NONE',  ( -58.00000000000002132, 75.00000000000002842, 5.000000000000000000 ) ) ;
#1865 = VECTOR ( 'NONE', #7275, 1000.000000000000000 ) ;
#1866 = AXIS2_PLACEMENT_3D ( 'NONE', #6399, #94, #9277 ) ;
#1867 = FACE_OUTER_BOUND ( 'NONE', #3258, .T. ) ;
#1868 = ORIENTED_EDGE ( 'NONE', *, *, #5090, .F. ) ;
#1869 = LINE ( 'NONE', #6833, #789 ) ;
#1870 = DIRECTION ( 'NONE',  ( -0.000000000000000000, -0.000000000000000000, 1.000000000000000000 ) ) ;
#1871 = AXIS2_PLACEMENT_3D ( 'NONE', #3243, #6092, #1832 ) ;
#1872 = LINE ( 'NONE', #9225, #1413 ) ;
#1873 = EDGE_CURVE ( 'NONE', #1789, #883, #1639, .T. ) ;
#1874 = LINE ( 'NONE', #8298, #9111 ) ;
#1875 = PLANE ( 'NONE',  #8135 ) ;
#1876 = ADVANCED_FACE ( 'NONE', ( #3850 ), #5851, .F. ) ;
#1877 = CARTESIAN_POINT ( 'NONE',  ( -33.00000000000002842, 72.00000000000002842, 2.000000000000000444 ) ) ;
#1878 = DIRECTION ( 'NONE',  ( -0.000000000000000000, 0.000000000000000000, 1.000000000000000000 ) ) ;
#1879 = CARTESIAN_POINT ( 'NONE',  ( -5.000000000000000888, -20.00000000000000000, 2.000000000000000000 ) ) ;
#1880 = CARTESIAN_POINT ( 'NONE',  ( -72.00000000000000000, -36.99999999999999289, 5.000000000000000000 ) ) ;
#1881 = DIRECTION ( 'NONE',  ( -0.000000000000000000, -0.000000000000000000, -1.000000000000000000 ) ) ;
#1882 = AXIS2_PLACEMENT_3D ( 'NONE', #2996, #5849, #8719 ) ;
#1883 = PLANE ( 'NONE',  #1387 ) ;
#1884 = VERTEX_POINT ( 'NONE', #993 ) ;
#1885 = CARTESIAN_POINT ( 'NONE',  ( -40.00000000000000711, -74.99999999999997158, 5.000000000000000000 ) ) ;
#1886 = DIRECTION ( 'NONE',  ( 1.000000000000000000, 0.000000000000000000, 0.000000000000000000 ) ) ;
#1887 = DIRECTION ( 'NONE',  ( 1.000000000000000000, 0.000000000000000000, 0.000000000000000000 ) ) ;
#1888 = EDGE_CURVE ( 'NONE', #674, #8358, #3748, .T. ) ;
#1889 = DIRECTION ( 'NONE',  ( -1.000000000000000000, -1.850371707708594070E-16, 0.000000000000000000 ) ) ;
#1890 = DIRECTION ( 'NONE',  ( 0.000000000000000000, -1.000000000000000000, 6.938893903907227392E-16 ) ) ;
#1891 = PLANE ( 'NONE',  #7647 ) ;
#1892 = VERTEX_POINT ( 'NONE', #5114 ) ;
#1893 = ORIENTED_EDGE ( 'NONE', *, *, #3433, .F. ) ;
#1894 = EDGE_CURVE ( 'NONE', #8987, #2547, #3192, .T. ) ;
#1895 = ADVANCED_FACE ( 'NONE', ( #942 ), #8721, .F. ) ;
#1896 = DIRECTION ( 'NONE',  ( 0.000000000000000000, 1.000000000000000000, 8.673617379884028076E-17 ) ) ;
#1897 = EDGE_LOOP ( 'NONE', ( #8327, #9265, #1612, #328 ) ) ;
#1898 = DIRECTION ( 'NONE',  ( 1.000000000000000000, -0.000000000000000000, 1.239088197126289831E-16 ) ) ;
#1899 = ORIENTED_EDGE ( 'NONE', *, *, #1888, .F. ) ;
#1900 = CARTESIAN_POINT ( 'NONE',  ( 16.99999999999997513, 75.00000000000002842, 5.000000000000000000 ) ) ;
#1901 = ORIENTED_EDGE ( 'NONE', *, *, #3789, .T. ) ;
#1902 = LINE ( 'NONE', #6032, #1980 ) ;
#1903 = EDGE_CURVE ( 'NONE', #1926, #324, #8016, .T. ) ;
#1904 = ORIENTED_EDGE ( 'NONE', *, *, #4846, .T. ) ;
#1905 = DIRECTION ( 'NONE',  ( -1.000000000000000000, 0.000000000000000000, -0.000000000000000000 ) ) ;
#1906 = ORIENTED_EDGE ( 'NONE', *, *, #8826, .T. ) ;
#1907 = LINE ( 'NONE', #4292, #9114 ) ;
#1908 = LINE ( 'NONE', #6255, #8003 ) ;
#1909 = ORIENTED_EDGE ( 'NONE', *, *, #5116, .T. ) ;
#1910 = CARTESIAN_POINT ( 'NONE',  ( 71.99999999999998579, 70.00000000000001421, 5.000000000000000000 ) ) ;
#1911 = VERTEX_POINT ( 'NONE', #5952 ) ;
#1912 = PLANE ( 'NONE',  #5117 ) ;
#1913 = VECTOR ( 'NONE', #3043, 1000.000000000000000 ) ;
#1914 = EDGE_CURVE ( 'NONE', #8183, #1614, #248, .T. ) ;
#1915 = VECTOR ( 'NONE', #3155, 1000.000000000000000 ) ;
#1916 = VECTOR ( 'NONE', #7724, 1000.000000000000000 ) ;
#1917 = CARTESIAN_POINT ( 'NONE',  ( 45.00000000000000711, -71.99999999999997158, 5.000000000000000000 ) ) ;
#1918 = DIRECTION ( 'NONE',  ( 1.850371707708594316E-16, -1.000000000000000000, 0.000000000000000000 ) ) ;
#1919 = DIRECTION ( 'NONE',  ( -1.000000000000000000, 0.000000000000000000, 0.000000000000000000 ) ) ;
#1920 = CARTESIAN_POINT ( 'NONE',  ( -100.0000000000000000, 72.00000000000002842, 0.000000000000000000 ) ) ;
#1921 = VECTOR ( 'NONE', #6617, 1000.000000000000000 ) ;
#1922 = DIRECTION ( 'NONE',  ( 1.000000000000000000, 1.850371707708594070E-16, -0.000000000000000000 ) ) ;
#1923 = CARTESIAN_POINT ( 'NONE',  ( -70.00000000000000000, -71.99999999999997158, 5.000000000000000000 ) ) ;
#1924 = CARTESIAN_POINT ( 'NONE',  ( -40.00000000000000711, -71.99999999999997158, 5.000000000000000000 ) ) ;
#1925 = DIRECTION ( 'NONE',  ( -1.850371707708594070E-16, 1.000000000000000000, 0.000000000000000000 ) ) ;
#1926 = VERTEX_POINT ( 'NONE', #6649 ) ;
#1927 = ADVANCED_FACE ( 'NONE', ( #3098 ), #6044, .F. ) ;
#1928 = EDGE_CURVE ( 'NONE', #9165, #4495, #194, .T. ) ;
#1929 = VECTOR ( 'NONE', #8972, 1000.000000000000000 ) ;
#1930 = LINE ( 'NONE', #7735, #7362 ) ;
#1931 = DIRECTION ( 'NONE',  ( 1.000000000000000000, 0.000000000000000000, 0.000000000000000000 ) ) ;
#1932 = CARTESIAN_POINT ( 'NONE',  ( 39.99999999999999289, -71.99999999999997158, 5.000000000000000000 ) ) ;
#1933 = DIRECTION ( 'NONE',  ( -0.000000000000000000, -0.000000000000000000, 1.000000000000000000 ) ) ;
#1934 = CARTESIAN_POINT ( 'NONE',  ( -72.00000000000001421, 48.00000000000001421, 5.000000000000000000 ) ) ;
#1935 = CARTESIAN_POINT ( 'NONE',  ( -34.99999999999999289, -71.99999999999997158, 5.000000000000000000 ) ) ;
#1936 = AXIS2_PLACEMENT_3D ( 'NONE', #8682, #2924, #8022 ) ;
#1937 = ORIENTED_EDGE ( 'NONE', *, *, #1189, .T. ) ;
#1938 = EDGE_LOOP ( 'NONE', ( #1155, #645 ) ) ;
#1939 = EDGE_CURVE ( 'NONE', #4021, #3730, #1689, .T. ) ;
#1940 = ADVANCED_FACE ( 'NONE', ( #7675 ), #1912, .F. ) ;
#1941 = DIRECTION ( 'NONE',  ( -0.000000000000000000, 0.000000000000000000, 1.000000000000000000 ) ) ;
#1942 = ORIENTED_EDGE ( 'NONE', *, *, #3859, .T. ) ;
#1943 = LINE ( 'NONE', #4802, #6791 ) ;
#1944 = ORIENTED_EDGE ( 'NONE', *, *, #2755, .T. ) ;
#1945 = ORIENTED_EDGE ( 'NONE', *, *, #5303, .T. ) ;
#1946 = EDGE_CURVE ( 'NONE', #764, #4184, #3990, .T. ) ;
#1947 = LINE ( 'NONE', #8328, #7098 ) ;
#1948 = ORIENTED_EDGE ( 'NONE', *, *, #5327, .F. ) ;
#1949 = CARTESIAN_POINT ( 'NONE',  ( -1.899999999999996358, 57.99999999999997158, 2.000000000000000000 ) ) ;
#1950 = EDGE_LOOP ( 'NONE', ( #637, #7611, #6558, #8651 ) ) ;
#1951 = VERTEX_POINT ( 'NONE', #6921 ) ;
#1952 = DIRECTION ( 'NONE',  ( 0.000000000000000000, -1.000000000000000000, 8.673617379884040402E-17 ) ) ;
#1953 = EDGE_LOOP ( 'NONE', ( #5277, #7230 ) ) ;
#1954 = EDGE_CURVE ( 'NONE', #7404, #419, #8954, .T. ) ;
#1955 = EDGE_CURVE ( 'NONE', #8800, #6934, #466, .T. ) ;
#1956 = DIRECTION ( 'NONE',  ( -0.000000000000000000, 1.000000000000000000, -0.000000000000000000 ) ) ;
#1957 = PLANE ( 'NONE',  #4823 ) ;
#1958 = VECTOR ( 'NONE', #9059, 1000.000000000000000 ) ;
#1959 = DIRECTION ( 'NONE',  ( -0.000000000000000000, -0.000000000000000000, -1.000000000000000000 ) ) ;
#1960 = AXIS2_PLACEMENT_3D ( 'NONE', #1130, #3408, #8339 ) ;
#1961 = DIRECTION ( 'NONE',  ( -1.000000000000000000, 0.000000000000000000, 0.000000000000000000 ) ) ;
#1962 = DIRECTION ( 'NONE',  ( -1.604941620322695085E-32, 8.673617379884028076E-17, -1.000000000000000000 ) ) ;
#1963 = VECTOR ( 'NONE', #21, 1000.000000000000000 ) ;
#1964 = CARTESIAN_POINT ( 'NONE',  ( 39.99999999999999289, -71.99999999999997158, 5.000000000000000000 ) ) ;
#1965 = FACE_OUTER_BOUND ( 'NONE', #7437, .T. ) ;
#1966 = EDGE_CURVE ( 'NONE', #8982, #4932, #4122, .T. ) ;
#1967 = LINE ( 'NONE', #3376, #6718 ) ;
#1968 = LINE ( 'NONE', #6313, #2174 ) ;
#1969 = LINE ( 'NONE', #1924, #4675 ) ;
#1970 = FACE_OUTER_BOUND ( 'NONE', #5463, .T. ) ;
#1971 = ORIENTED_EDGE ( 'NONE', *, *, #7042, .F. ) ;
#1972 = AXIS2_PLACEMENT_3D ( 'NONE', #7117, #6411, #12 ) ;
#1973 = DIRECTION ( 'NONE',  ( -1.000000000000000000, -1.850371707708594070E-16, -0.000000000000000000 ) ) ;
#1974 = LINE ( 'NONE', #6847, #4803 ) ;
#1975 = CARTESIAN_POINT ( 'NONE',  ( -72.00000000000001421, 68.00000000000001421, 5.000000000000000000 ) ) ;
#1976 = VERTEX_POINT ( 'NONE', #6792 ) ;
#1977 = EDGE_CURVE ( 'NONE', #6631, #8057, #4641, .T. ) ;
#1978 = VECTOR ( 'NONE', #7737, 1000.000000000000000 ) ;
#1979 = DIRECTION ( 'NONE',  ( -1.604941620322695085E-32, 8.673617379884028076E-17, -1.000000000000000000 ) ) ;
#1981 = LINE ( 'NONE', #4843, #7949 ) ;
#1980 = VECTOR ( 'NONE', #6824, 1000.000000000000000 ) ;
#1982 = ORIENTED_EDGE ( 'NONE', *, *, #168, .F. ) ;
#1983 = ORIENTED_EDGE ( 'NONE', *, *, #5990, .T. ) ;
#1984 = VECTOR ( 'NONE', #8495, 1000.000000000000000 ) ;
#1985 = AXIS2_PLACEMENT_3D ( 'NONE', #5291, #8145, #2750 ) ;
#1986 = LINE ( 'NONE', #3484, #8916 ) ;
#1987 = CARTESIAN_POINT ( 'NONE',  ( -72.00000000000000000, -51.99999999999998579, 2.000000000000000000 ) ) ;
#1988 = ORIENTED_EDGE ( 'NONE', *, *, #1954, .F. ) ;
#1989 = EDGE_CURVE ( 'NONE', #5604, #6953, #514, .T. ) ;
#1990 = DIRECTION ( 'NONE',  ( 0.000000000000000000, 0.000000000000000000, 1.000000000000000000 ) ) ;
#1991 = EDGE_CURVE ( 'NONE', #7618, #3333, #3238, .T. ) ;
#1992 = VERTEX_POINT ( 'NONE', #1824 ) ;
#1993 = ORIENTED_EDGE ( 'NONE', *, *, #6179, .T. ) ;
#1994 = VECTOR ( 'NONE', #3241, 1000.000000000000000 ) ;
#1995 = CARTESIAN_POINT ( 'NONE',  ( 65.00000000000002842, 64.99999999999998579, 2.000000000000000000 ) ) ;
#1996 = ORIENTED_EDGE ( 'NONE', *, *, #8184, .T. ) ;
#1997 = CARTESIAN_POINT ( 'NONE',  ( -72.00000000000001421, 23.00000000000001421, 1.999999999999999556 ) ) ;
#1998 = ORIENTED_EDGE ( 'NONE', *, *, #4561, .F. ) ;
#1999 = VECTOR ( 'NONE', #2046, 1000.000000000000000 ) ;
#2000 = VERTEX_POINT ( 'NONE', #7583 ) ;
#2001 = DIRECTION ( 'NONE',  ( 1.000000000000000000, -0.000000000000000000, -0.000000000000000000 ) ) ;
#2002 = EDGE_CURVE ( 'NONE', #7183, #8759, #5480, .T. ) ;
#2003 = EDGE_LOOP ( 'NONE', ( #9024, #2843 ) ) ;
#2004 = CARTESIAN_POINT ( 'NONE',  ( -72.00000000000001421, 13.00000000000001066, 5.000000000000000000 ) ) ;
#2005 = PLANE ( 'NONE',  #2732 ) ;
#2006 = VECTOR ( 'NONE', #6927, 1000.000000000000000 ) ;
#2007 = DIRECTION ( 'NONE',  ( 0.000000000000000000, 0.000000000000000000, -1.000000000000000000 ) ) ;
#2008 = ADVANCED_FACE ( 'NONE', ( #4690 ), #7493, .F. ) ;
#2009 = VECTOR ( 'NONE', #691, 1000.000000000000000 ) ;
#2010 = VECTOR ( 'NONE', #2987, 1000.000000000000000 ) ;
#2011 = LINE ( 'NONE', #3993, #5072 ) ;
#2012 = CARTESIAN_POINT ( 'NONE',  ( -7.500000000000000000, 20.00000000000000355, 5.000000000000000000 ) ) ;
#2013 = LINE ( 'NONE', #1172, #8509 ) ;
#2014 = LINE ( 'NONE', #1263, #6047 ) ;
#2015 = CARTESIAN_POINT ( 'NONE',  ( 71.99999999999998579, 70.00000000000001421, 1.999999999999999556 ) ) ;
#2016 = LINE ( 'NONE', #3418, #2623 ) ;
#2017 = LINE ( 'NONE', #5623, #6909 ) ;
#2018 = DIRECTION ( 'NONE',  ( -1.000000000000000000, 0.000000000000000000, 0.000000000000000000 ) ) ;
#2019 = ORIENTED_EDGE ( 'NONE', *, *, #1200, .T. ) ;
#2020 = ORIENTED_EDGE ( 'NONE', *, *, #8702, .T. ) ;
#2021 = AXIS2_PLACEMENT_3D ( 'NONE', #9264, #2841, #6341 ) ;
#2022 = EDGE_CURVE ( 'NONE', #8963, #5503, #7198, .T. ) ;
#2023 = DIRECTION ( 'NONE',  ( -0.000000000000000000, 0.000000000000000000, 1.000000000000000000 ) ) ;
#2024 = CARTESIAN_POINT ( 'NONE',  ( 16.99999999999997513, 72.00000000000002842, 2.000000000000000444 ) ) ;
#2025 = DIRECTION ( 'NONE',  ( -0.000000000000000000, 1.000000000000000000, -0.000000000000000000 ) ) ;
#2026 = ORIENTED_EDGE ( 'NONE', *, *, #5338, .T. ) ;
#2027 = DIRECTION ( 'NONE',  ( 0.000000000000000000, 0.000000000000000000, -1.000000000000000000 ) ) ;
#2028 = CARTESIAN_POINT ( 'NONE',  ( -72.00000000000001421, 33.00000000000001421, 5.000000000000000000 ) ) ;
#2029 = VERTEX_POINT ( 'NONE', #3277 ) ;
#2030 = EDGE_LOOP ( 'NONE', ( #3519, #4638, #6436, #4948 ) ) ;
#2031 = EDGE_CURVE ( 'NONE', #8006, #7002, #1779, .T. ) ;
#2032 = CARTESIAN_POINT ( 'NONE',  ( 72.00000000000000000, -34.99999999999997868, 2.000000000000000000 ) ) ;
#2033 = DIRECTION ( 'NONE',  ( 0.000000000000000000, 0.000000000000000000, -1.000000000000000000 ) ) ;
#2034 = ORIENTED_EDGE ( 'NONE', *, *, #738, .F. ) ;
#2035 = CARTESIAN_POINT ( 'NONE',  ( -110.0000000000000000, -71.99999999999997158, 0.000000000000000000 ) ) ;
#2036 = ORIENTED_EDGE ( 'NONE', *, *, #7293, .F. ) ;
#2037 = ORIENTED_EDGE ( 'NONE', *, *, #2884, .F. ) ;
#2038 = CARTESIAN_POINT ( 'NONE',  ( 72.00000000000001421, -44.99999999999997158, 5.000000000000000000 ) ) ;
#2039 = EDGE_LOOP ( 'NONE', ( #5252, #8042, #6663, #4620 ) ) ;
#2040 = EDGE_LOOP ( 'NONE', ( #7315, #3569, #8349, #8608 ) ) ;
#2041 = DIRECTION ( 'NONE',  ( 0.000000000000000000, 0.000000000000000000, -1.000000000000000000 ) ) ;
#2042 = EDGE_CURVE ( 'NONE', #3730, #6525, #6966, .T. ) ;
#2043 = ADVANCED_FACE ( 'NONE', ( #6258 ), #1169, .F. ) ;
#2044 = CARTESIAN_POINT ( 'NONE',  ( -75.00000000000000000, -31.99999999999997868, 5.000000000000000000 ) ) ;
#2045 = ORIENTED_EDGE ( 'NONE', *, *, #3156, .T. ) ;
#2046 = DIRECTION ( 'NONE',  ( 1.850371707708594316E-16, -1.000000000000000000, 0.000000000000000000 ) ) ;
#2047 = ORIENTED_EDGE ( 'NONE', *, *, #4813, .F. ) ;
#2048 = LINE ( 'NONE', #8991, #6515 ) ;
#2049 = CARTESIAN_POINT ( 'NONE',  ( -75.00000000000001421, 75.00000000000002842, 5.000000000000000000 ) ) ;
#2050 = PLANE ( 'NONE',  #6150 ) ;
#2051 = EDGE_CURVE ( 'NONE', #1530, #6100, #5435, .T. ) ;
#2052 = CARTESIAN_POINT ( 'NONE',  ( 7.500000000000000000, 20.00000000000000355, 5.000000000000000000 ) ) ;
#2053 = DIRECTION ( 'NONE',  ( -2.312964634635742661E-15, -0.000000000000000000, 1.000000000000000000 ) ) ;
#2054 = CARTESIAN_POINT ( 'NONE',  ( -19.99999999999999645, -71.99999999999997158, 2.000000000000000000 ) ) ;
#2055 = DIRECTION ( 'NONE',  ( 1.000000000000000000, -0.000000000000000000, -0.000000000000000000 ) ) ;
#2056 = LINE ( 'NONE', #4921, #7764 ) ;
#2057 = DIRECTION ( 'NONE',  ( 0.000000000000000000, 0.000000000000000000, -1.000000000000000000 ) ) ;
#2058 = EDGE_CURVE ( 'NONE', #7428, #2965, #4735, .T. ) ;
#2059 = CARTESIAN_POINT ( 'NONE',  ( -49.99999999999999289, -71.99999999999997158, 5.000000000000000000 ) ) ;
#2060 = DIRECTION ( 'NONE',  ( 0.000000000000000000, 0.000000000000000000, -1.000000000000000000 ) ) ;
#2061 = ORIENTED_EDGE ( 'NONE', *, *, #367, .F. ) ;
#2062 = VERTEX_POINT ( 'NONE', #8200 ) ;
#2063 = DIRECTION ( 'NONE',  ( -1.000000000000000000, -1.850371707708594070E-16, -0.000000000000000000 ) ) ;
#2064 = VECTOR ( 'NONE', #5018, 1000.000000000000000 ) ;
#2065 = CARTESIAN_POINT ( 'NONE',  ( -1.899999999999996358, -57.99999999999997158, 5.000000000000000888 ) ) ;
#2066 = CARTESIAN_POINT ( 'NONE',  ( -63.00000000000002842, 72.00000000000002842, 5.000000000000000000 ) ) ;
#2067 = EDGE_LOOP ( 'NONE', ( #1294, #858, #3503, #5654 ) ) ;
#2068 = LINE ( 'NONE', #2115, #6408 ) ;
#2069 = LINE ( 'NONE', #8546, #1214 ) ;
#2070 = EDGE_CURVE ( 'NONE', #1380, #6953, #6086, .T. ) ;
#2071 = ORIENTED_EDGE ( 'NONE', *, *, #6898, .F. ) ;
#2072 = ORIENTED_EDGE ( 'NONE', *, *, #2966, .T. ) ;
#2073 = VECTOR ( 'NONE', #6167, 1000.000000000000000 ) ;
#2074 = LINE ( 'NONE', #3346, #8002 ) ;
#2075 = CARTESIAN_POINT ( 'NONE',  ( 75.00000000000000000, 1.387778780781445676E-14, 5.000000000000000000 ) ) ;
#2076 = ORIENTED_EDGE ( 'NONE', *, *, #5841, .F. ) ;
#2077 = VECTOR ( 'NONE', #7257, 1000.000000000000000 ) ;
#2078 = DIRECTION ( 'NONE',  ( 0.000000000000000000, 0.000000000000000000, -1.000000000000000000 ) ) ;
#2079 = LINE ( 'NONE', #4943, #7689 ) ;
#2080 = ORIENTED_EDGE ( 'NONE', *, *, #7968, .F. ) ;
#2081 = ORIENTED_EDGE ( 'NONE', *, *, #6912, .F. ) ;
#2082 = EDGE_CURVE ( 'NONE', #8533, #9221, #746, .T. ) ;
#2083 = CARTESIAN_POINT ( 'NONE',  ( 39.99999999999999289, -71.99999999999997158, 5.000000000000000000 ) ) ;
#2084 = ORIENTED_EDGE ( 'NONE', *, *, #624, .T. ) ;
#2085 = ORIENTED_EDGE ( 'NONE', *, *, #4672, .T. ) ;
#2086 = CARTESIAN_POINT ( 'NONE',  ( -75.00000000000001421, 75.00000000000002842, 5.000000000000000000 ) ) ;
#2087 = ORIENTED_EDGE ( 'NONE', *, *, #8004, .T. ) ;
#2088 = CARTESIAN_POINT ( 'NONE',  ( -72.00000000000000000, -66.99999999999998579, 5.000000000000000000 ) ) ;
#2089 = VERTEX_POINT ( 'NONE', #5705 ) ;
#2090 = FACE_OUTER_BOUND ( 'NONE', #6184, .T. ) ;
#2091 = VERTEX_POINT ( 'NONE', #7866 ) ;
#2092 = EDGE_CURVE ( 'NONE', #3561, #7797, #2262, .T. ) ;
#2093 = DIRECTION ( 'NONE',  ( 0.000000000000000000, 0.000000000000000000, -1.000000000000000000 ) ) ;
#2094 = DIRECTION ( 'NONE',  ( -1.604941620322695085E-32, 8.673617379884028076E-17, -1.000000000000000000 ) ) ;
#2095 = CARTESIAN_POINT ( 'NONE',  ( -75.00000000000001421, 43.00000000000000711, 5.000000000000000000 ) ) ;
#2096 = CARTESIAN_POINT ( 'NONE',  ( 7.500000000000000000, -18.00000000000000000, 10.00000000000000355 ) ) ;
#2097 = CARTESIAN_POINT ( 'NONE',  ( -33.00000000000002842, 72.00000000000002842, 5.000000000000000000 ) ) ;
#2098 = ORIENTED_EDGE ( 'NONE', *, *, #209, .F. ) ;
#2099 = CARTESIAN_POINT ( 'NONE',  ( -13.00000000000002487, 72.00000000000002842, 5.000000000000000000 ) ) ;
#2100 = ADVANCED_FACE ( 'NONE', ( #4162 ), #6402, .F. ) ;
#2101 = CARTESIAN_POINT ( 'NONE',  ( -63.00000000000002842, 75.00000000000002842, 2.000000000000000444 ) ) ;
#2102 = EDGE_CURVE ( 'NONE', #2266, #7193, #649, .T. ) ;
#2103 = STYLED_ITEM ( 'NONE', ( #8638 ), #5944 ) ;
#2104 = VERTEX_POINT ( 'NONE', #8573 ) ;
#2105 = CARTESIAN_POINT ( 'NONE',  ( 7.500000000000000000, 0.000000000000000000, 27.99999999999999645 ) ) ;
#2106 = CARTESIAN_POINT ( 'NONE',  ( -75.00000000000000000, -36.99999999999999289, 5.000000000000000000 ) ) ;
#2107 = CARTESIAN_POINT ( 'NONE',  ( -72.00000000000001421, -60.00000000000000000, 0.000000000000000000 ) ) ;
#2108 = ORIENTED_EDGE ( 'NONE', *, *, #7082, .T. ) ;
#2109 = ORIENTED_EDGE ( 'NONE', *, *, #7434, .F. ) ;
#2110 = VECTOR ( 'NONE', #3754, 1000.000000000000000 ) ;
#2111 = LINE ( 'NONE', #4227, #370 ) ;
#2112 = DIRECTION ( 'NONE',  ( 1.000000000000000000, 1.850371707708594070E-16, 0.000000000000000000 ) ) ;
#2113 = LINE ( 'NONE', #7022, #8881 ) ;
#2114 = ORIENTED_EDGE ( 'NONE', *, *, #3959, .T. ) ;
#2115 = CARTESIAN_POINT ( 'NONE',  ( 72.00000000000001421, -44.99999999999997158, 2.000000000000000000 ) ) ;
#2116 = CARTESIAN_POINT ( 'NONE',  ( -54.99999999999999289, -71.99999999999997158, 5.000000000000000000 ) ) ;
#2117 = VECTOR ( 'NONE', #2622, 1000.000000000000000 ) ;
#2118 = ORIENTED_EDGE ( 'NONE', *, *, #6023, .T. ) ;
#2119 = AXIS2_PLACEMENT_3D ( 'NONE', #9162, #7745, #4189 ) ;
#2120 = ORIENTED_EDGE ( 'NONE', *, *, #4312, .F. ) ;
#2121 = ADVANCED_FACE ( 'NONE', ( #6357 ), #2050, .F. ) ;
#2122 = AXIS2_PLACEMENT_3D ( 'NONE', #1182, #9010, #3424 ) ;
#2123 = VECTOR ( 'NONE', #3787, 1000.000000000000000 ) ;
#2124 = CARTESIAN_POINT ( 'NONE',  ( 71.99999999999998579, 45.00000000000002842, 5.000000000000000000 ) ) ;
#2125 = VECTOR ( 'NONE', #4356, 1000.000000000000000 ) ;
#2126 = DIRECTION ( 'NONE',  ( 0.000000000000000000, 0.000000000000000000, -1.000000000000000000 ) ) ;
#2127 = ORIENTED_EDGE ( 'NONE', *, *, #6868, .T. ) ;
#2128 = DIRECTION ( 'NONE',  ( -0.000000000000000000, 0.000000000000000000, 1.000000000000000000 ) ) ;
#2129 = CARTESIAN_POINT ( 'NONE',  ( -24.99999999999999289, -71.99999999999997158, 5.000000000000000000 ) ) ;
#2130 = ORIENTED_EDGE ( 'NONE', *, *, #6215, .F. ) ;
#2131 = EDGE_LOOP ( 'NONE', ( #1714, #4584, #8809, #4315 ) ) ;
#2132 = LINE ( 'NONE', #4344, #534 ) ;
#2133 = EDGE_LOOP ( 'NONE', ( #2404, #271, #716, #1106 ) ) ;
#2134 = ORIENTED_EDGE ( 'NONE', *, *, #8763, .T. ) ;
#2135 = LINE ( 'NONE', #2655, #944 ) ;
#2136 = VECTOR ( 'NONE', #3002, 1000.000000000000000 ) ;
#2137 = VECTOR ( 'NONE', #4903, 1000.000000000000000 ) ;
#2138 = ORIENTED_EDGE ( 'NONE', *, *, #792, .T. ) ;
#2139 = EDGE_CURVE ( 'NONE', #3687, #1251, #49, .T. ) ;
#2140 = DIRECTION ( 'NONE',  ( 0.000000000000000000, 0.000000000000000000, -1.000000000000000000 ) ) ;
#2141 = ORIENTED_EDGE ( 'NONE', *, *, #3379, .T. ) ;
#2142 = AXIS2_PLACEMENT_3D ( 'NONE', #603, #5762, #7205 ) ;
#2143 = DIRECTION ( 'NONE',  ( -1.000000000000000000, -1.850371707708594070E-16, 0.000000000000000000 ) ) ;
#2144 = ORIENTED_EDGE ( 'NONE', *, *, #1673, .T. ) ;
#2145 = CARTESIAN_POINT ( 'NONE',  ( -56.40000000000000568, -3.500000000000003109, 5.000000000000000888 ) ) ;
#2146 = DIRECTION ( 'NONE',  ( -0.000000000000000000, -1.000000000000000000, -0.000000000000000000 ) ) ;
#2147 = DIRECTION ( 'NONE',  ( 0.000000000000000000, 0.000000000000000000, -1.000000000000000000 ) ) ;
#2148 = VECTOR ( 'NONE', #2756, 1000.000000000000000 ) ;
#2149 = ADVANCED_FACE ( 'NONE', ( #4263 ), #5013, .F. ) ;
#2150 = DIRECTION ( 'NONE',  ( 0.000000000000000000, -1.000000000000000000, 8.673617379884040402E-17 ) ) ;
#2151 = DIRECTION ( 'NONE',  ( -1.000000000000000000, -0.000000000000000000, -0.000000000000000000 ) ) ;
#2152 = ORIENTED_EDGE ( 'NONE', *, *, #4209, .T. ) ;
#2153 = LINE ( 'NONE', #4967, #7988 ) ;
#2154 = VECTOR ( 'NONE', #1011, 1000.000000000000000 ) ;
#2155 = CARTESIAN_POINT ( 'NONE',  ( -75.00000000000001421, 75.00000000000002842, 5.000000000000000000 ) ) ;
#2156 = LINE ( 'NONE', #7921, #2927 ) ;
#2157 = CARTESIAN_POINT ( 'NONE',  ( 75.00000000000001421, -44.99999999999997158, 2.000000000000000000 ) ) ;
#2158 = LINE ( 'NONE', #4368, #3620 ) ;
#2159 = VERTEX_POINT ( 'NONE', #7813 ) ;
#2160 = EDGE_LOOP ( 'NONE', ( #6252, #1208, #6684, #4354 ) ) ;
#2161 = EDGE_CURVE ( 'NONE', #220, #4286, #2763, .T. ) ;
#2162 = VECTOR ( 'NONE', #2349, 1000.000000000000000 ) ;
#2163 = ADVANCED_FACE ( 'NONE', ( #6304 ), #2903, .F. ) ;
#2164 = LINE ( 'NONE', #712, #3955 ) ;
#2165 = PLANE ( 'NONE',  #7666 ) ;
#2166 = VERTEX_POINT ( 'NONE', #7200 ) ;
#2167 = CARTESIAN_POINT ( 'NONE',  ( 50.00000000000000000, -71.99999999999997158, 5.000000000000000000 ) ) ;
#2168 = CARTESIAN_POINT ( 'NONE',  ( 1.999999999999974021, 72.00000000000002842, 2.000000000000000000 ) ) ;
#2169 = CIRCLE ( 'NONE', #2765, 1.600000000000004086 ) ;
#2170 = AXIS2_PLACEMENT_3D ( 'NONE', #8850, #8804, #7999 ) ;
#2171 = ORIENTED_EDGE ( 'NONE', *, *, #2800, .T. ) ;
#2172 = ORIENTED_EDGE ( 'NONE', *, *, #367, .T. ) ;
#2173 = EDGE_CURVE ( 'NONE', #324, #796, #4357, .T. ) ;
#2174 = VECTOR ( 'NONE', #2057, 1000.000000000000000 ) ;
#2175 = LINE ( 'NONE', #3674, #8309 ) ;
#2176 = CARTESIAN_POINT ( 'NONE',  ( 56.40000000000000568, -3.500000000000003109, 5.000000000000000888 ) ) ;
#2177 = VERTEX_POINT ( 'NONE', #2195 ) ;
#2178 = CARTESIAN_POINT ( 'NONE',  ( -72.00000000000000000, -6.999999999999991118, 5.000000000000000000 ) ) ;
#2179 = LINE ( 'NONE', #8035, #6637 ) ;
#2180 = VERTEX_POINT ( 'NONE', #7910 ) ;
#2181 = VERTEX_POINT ( 'NONE', #5615 ) ;
#2182 = CARTESIAN_POINT ( 'NONE',  ( 49.99999999999999289, -74.99999999999997158, 5.000000000000000000 ) ) ;
#2183 = EDGE_LOOP ( 'NONE', ( #3757, #668, #3841, #8772 ) ) ;
#2184 = ORIENTED_EDGE ( 'NONE', *, *, #6394, .F. ) ;
#2185 = DIRECTION ( 'NONE',  ( 0.000000000000000000, -0.000000000000000000, 1.000000000000000000 ) ) ;
#2186 = EDGE_CURVE ( 'NONE', #4947, #3008, #1490, .T. ) ;
#2187 = VECTOR ( 'NONE', #2760, 1000.000000000000000 ) ;
#2188 = ORIENTED_EDGE ( 'NONE', *, *, #347, .F. ) ;
#2189 = CARTESIAN_POINT ( 'NONE',  ( -72.00000000000000000, -66.99999999999998579, 5.000000000000000000 ) ) ;
#2190 = CARTESIAN_POINT ( 'NONE',  ( -24.99999999999999289, -71.99999999999997158, 1.999999999999999112 ) ) ;
#2191 = ORIENTED_EDGE ( 'NONE', *, *, #1025, .T. ) ;
#2192 = CARTESIAN_POINT ( 'NONE',  ( 35.00000000000000000, -71.99999999999997158, 1.999999999999999112 ) ) ;
#2193 = CARTESIAN_POINT ( 'NONE',  ( 56.99999999999997158, 75.00000000000002842, 5.000000000000000000 ) ) ;
#2194 = ADVANCED_FACE ( 'NONE', ( #9233 ), #5565, .F. ) ;
#2195 = CARTESIAN_POINT ( 'NONE',  ( 72.00000000000000000, 35.00000000000002132, 2.000000000000000000 ) ) ;
#2196 = VERTEX_POINT ( 'NONE', #8527 ) ;
#2197 = CARTESIAN_POINT ( 'NONE',  ( 71.99999999999998579, 40.00000000000002132, 1.999999999999999556 ) ) ;
#2198 = DIRECTION ( 'NONE',  ( -1.000000000000000000, 0.000000000000000000, 0.000000000000000000 ) ) ;
#2199 = EDGE_LOOP ( 'NONE', ( #879, #7294, #7333, #4291 ) ) ;
#2200 = LINE ( 'NONE', #7919, #6417 ) ;
#2201 = DIRECTION ( 'NONE',  ( -0.000000000000000000, 1.000000000000000000, -0.000000000000000000 ) ) ;
#2202 = CARTESIAN_POINT ( 'NONE',  ( 59.60000000000001563, 3.500000000000003109, 15.00000000000000000 ) ) ;
#2203 = EDGE_CURVE ( 'NONE', #364, #9266, #9133, .T. ) ;
#2204 = CARTESIAN_POINT ( 'NONE',  ( -52.50000000000002842, -45.00000000000001421, 12.00000000000000000 ) ) ;
#2205 = VERTEX_POINT ( 'NONE', #2095 ) ;
#2206 = FACE_OUTER_BOUND ( 'NONE', #4758, .T. ) ;
#2207 = DIRECTION ( 'NONE',  ( -1.000000000000000000, -1.850371707708594070E-16, -0.000000000000000000 ) ) ;
#2208 = DIRECTION ( 'NONE',  ( 1.000000000000000000, 0.000000000000000000, 0.000000000000000000 ) ) ;
#2209 = DIRECTION ( 'NONE',  ( -1.000000000000000000, -1.850371707708594070E-16, -0.000000000000000000 ) ) ;
#2210 = EDGE_CURVE ( 'NONE', #7536, #588, #4959, .T. ) ;
#2211 = ORIENTED_EDGE ( 'NONE', *, *, #358, .T. ) ;
#2212 = EDGE_CURVE ( 'NONE', #8054, #4286, #699, .T. ) ;
#2213 = EDGE_LOOP ( 'NONE', ( #1893, #2799, #506, #256 ) ) ;
#2214 = AXIS2_PLACEMENT_3D ( 'NONE', #5440, #7587, #3283 ) ;
#2215 = FACE_OUTER_BOUND ( 'NONE', #2949, .T. ) ;
#2216 = AXIS2_PLACEMENT_3D ( 'NONE', #5438, #5389, #7009 ) ;
#2217 = PLANE ( 'NONE',  #8258 ) ;
#2218 = ORIENTED_EDGE ( 'NONE', *, *, #636, .T. ) ;
#2219 = DIRECTION ( 'NONE',  ( -1.000000000000000000, -0.000000000000000000, -0.000000000000000000 ) ) ;
#2220 = LINE ( 'NONE', #1611, #3348 ) ;
#2221 = ORIENTED_EDGE ( 'NONE', *, *, #7155, .T. ) ;
#2222 = AXIS2_PLACEMENT_3D ( 'NONE', #2837, #7621, #8553 ) ;
#2223 = EDGE_CURVE ( 'NONE', #4624, #8222, #5200, .T. ) ;
#2224 = LINE ( 'NONE', #5643, #7862 ) ;
#2225 = VERTEX_POINT ( 'NONE', #8665 ) ;
#2226 = EDGE_CURVE ( 'NONE', #4797, #1249, #96, .T. ) ;
#2227 = VERTEX_POINT ( 'NONE', #6538 ) ;
#2228 = DIRECTION ( 'NONE',  ( -1.000000000000000000, 0.000000000000000000, -0.000000000000000000 ) ) ;
#2229 = VECTOR ( 'NONE', #144, 1000.000000000000000 ) ;
#2230 = PLANE ( 'NONE',  #5158 ) ;
#2231 = ORIENTED_EDGE ( 'NONE', *, *, #4048, .F. ) ;
#2232 = LINE ( 'NONE', #1804, #1701 ) ;
#2233 = ORIENTED_EDGE ( 'NONE', *, *, #4274, .F. ) ;
#2234 = DIRECTION ( 'NONE',  ( -0.000000000000000000, 1.000000000000000000, 8.673617379884028076E-17 ) ) ;
#2235 = CARTESIAN_POINT ( 'NONE',  ( 71.99999999999998579, 75.00000000000002842, 5.000000000000000000 ) ) ;
#2236 = CARTESIAN_POINT ( 'NONE',  ( -7.500000000000000000, 18.00000000000000000, 10.00000000000000178 ) ) ;
#2237 = EDGE_CURVE ( 'NONE', #8222, #8971, #880, .T. ) ;
#2238 = VERTEX_POINT ( 'NONE', #8050 ) ;
#2239 = EDGE_CURVE ( 'NONE', #3107, #2935, #5103, .T. ) ;
#2240 = CARTESIAN_POINT ( 'NONE',  ( 19.99999999999999645, -71.99999999999997158, 5.000000000000000000 ) ) ;
#2241 = DIRECTION ( 'NONE',  ( 0.000000000000000000, 1.000000000000000000, 0.000000000000000000 ) ) ;
#2242 = ORIENTED_EDGE ( 'NONE', *, *, #545, .F. ) ;
#2243 = CARTESIAN_POINT ( 'NONE',  ( -72.00000000000000000, -6.999999999999991118, 1.999999999999999556 ) ) ;
#2244 = LINE ( 'NONE', #7873, #1132 ) ;
#2245 = LINE ( 'NONE', #4455, #7808 ) ;
#2246 = DIRECTION ( 'NONE',  ( -0.000000000000000000, -1.000000000000000000, -0.000000000000000000 ) ) ;
#2247 = EDGE_LOOP ( 'NONE', ( #7898, #6325 ) ) ;
#2248 = CARTESIAN_POINT ( 'NONE',  ( 7.500000000000000000, -18.00000000000000355, 5.000000000000000000 ) ) ;
#2249 = EDGE_CURVE ( 'NONE', #8747, #3081, #137, .T. ) ;
#2250 = DIRECTION ( 'NONE',  ( -0.000000000000000000, 1.000000000000000000, -0.000000000000000000 ) ) ;
#2251 = DIRECTION ( 'NONE',  ( -1.850371707708594070E-16, 1.000000000000000000, 0.000000000000000000 ) ) ;
#2252 = VECTOR ( 'NONE', #5358, 1000.000000000000000 ) ;
#2253 = CARTESIAN_POINT ( 'NONE',  ( -45.00000000000000000, -74.99999999999997158, 5.000000000000000000 ) ) ;
#2254 = CARTESIAN_POINT ( 'NONE',  ( -24.99999999999999289, -71.99999999999997158, 1.999999999999999112 ) ) ;
#2255 = ORIENTED_EDGE ( 'NONE', *, *, #8627, .F. ) ;
#2256 = ORIENTED_EDGE ( 'NONE', *, *, #4238, .T. ) ;
#2257 = VECTOR ( 'NONE', #2033, 1000.000000000000000 ) ;
#2258 = ADVANCED_FACE ( 'NONE', ( #2989 ), #929, .F. ) ;
#2259 = CARTESIAN_POINT ( 'NONE',  ( -29.99999999999999289, -71.99999999999997158, 2.000000000000000000 ) ) ;
#2260 = CARTESIAN_POINT ( 'NONE',  ( -7.500000000000000000, -19.99999999999999645, 10.00000000000000355 ) ) ;
#2261 = VERTEX_POINT ( 'NONE', #2236 ) ;
#2262 = CIRCLE ( 'NONE', #1816, 1.600000000000006750 ) ;
#2263 = LINE ( 'NONE', #5135, #5513 ) ;
#2264 = DIRECTION ( 'NONE',  ( 1.000000000000000000, 1.850371707708594070E-16, -0.000000000000000000 ) ) ;
#2266 = VERTEX_POINT ( 'NONE', #3692 ) ;
#2265 = VECTOR ( 'NONE', #6614, 1000.000000000000000 ) ;
#2267 = DIRECTION ( 'NONE',  ( 0.000000000000000000, 0.000000000000000000, -1.000000000000000000 ) ) ;
#2268 = VERTEX_POINT ( 'NONE', #6497 ) ;
#2269 = ORIENTED_EDGE ( 'NONE', *, *, #399, .T. ) ;
#2270 = LINE ( 'NONE', #6486, #7057 ) ;
#2271 = VECTOR ( 'NONE', #7553, 1000.000000000000000 ) ;
#2272 = AXIS2_PLACEMENT_3D ( 'NONE', #698, #7721, #2 ) ;
#2273 = ADVANCED_FACE ( 'NONE', ( #2284 ), #2337, .T. ) ;
#2274 = LINE ( 'NONE', #5193, #6803 ) ;
#2275 = EDGE_CURVE ( 'NONE', #3008, #1797, #4406, .T. ) ;
#2276 = VECTOR ( 'NONE', #5307, 1000.000000000000000 ) ;
#2277 = ORIENTED_EDGE ( 'NONE', *, *, #2958, .F. ) ;
#2278 = PLANE ( 'NONE',  #3800 ) ;
#2279 = ORIENTED_EDGE ( 'NONE', *, *, #2452, .F. ) ;
#2280 = AXIS2_PLACEMENT_3D ( 'NONE', #2314, #3011, #2502 ) ;
#2281 = DIRECTION ( 'NONE',  ( -0.000000000000000000, -0.000000000000000000, 1.000000000000000000 ) ) ;
#2282 = AXIS2_PLACEMENT_3D ( 'NONE', #5646, #5553, #4949 ) ;
#2283 = LINE ( 'NONE', #5936, #7970 ) ;
#2284 = FACE_OUTER_BOUND ( 'NONE', #7090, .T. ) ;
#2285 = VECTOR ( 'NONE', #702, 1000.000000000000000 ) ;
#2286 = EDGE_CURVE ( 'NONE', #8074, #4205, #1626, .T. ) ;
#2287 = CIRCLE ( 'NONE', #1691, 7.500000000000000000 ) ;
#2288 = ORIENTED_EDGE ( 'NONE', *, *, #3467, .F. ) ;
#2289 = DIRECTION ( 'NONE',  ( -1.000000000000000000, -0.000000000000000000, -0.000000000000000000 ) ) ;
#2290 = CARTESIAN_POINT ( 'NONE',  ( -90.00000000000000000, 72.00000000000002842, 0.000000000000000000 ) ) ;
#2291 = DIRECTION ( 'NONE',  ( 1.000000000000000000, -0.000000000000000000, -0.000000000000000000 ) ) ;
#2292 = VERTEX_POINT ( 'NONE', #1535 ) ;
#2293 = ORIENTED_EDGE ( 'NONE', *, *, #3666, .T. ) ;
#2294 = CARTESIAN_POINT ( 'NONE',  ( -68.00000000000002842, 75.00000000000002842, 2.000000000000000000 ) ) ;
#2295 = CARTESIAN_POINT ( 'NONE',  ( 72.00000000000000000, 25.00000000000002132, 5.000000000000000000 ) ) ;
#2296 = VECTOR ( 'NONE', #8621, 1000.000000000000000 ) ;
#2297 = CARTESIAN_POINT ( 'NONE',  ( -75.00000000000000000, -26.99999999999998224, 1.999999999999999556 ) ) ;
#2298 = EDGE_LOOP ( 'NONE', ( #1746, #8614, #4302, #8654 ) ) ;
#2299 = ADVANCED_FACE ( 'NONE', ( #5890 ), #1266, .F. ) ;
#2300 = CARTESIAN_POINT ( 'NONE',  ( -72.00000000000001421, 23.00000000000001421, 1.999999999999999556 ) ) ;
#2301 = CIRCLE ( 'NONE', #4851, 5.000000000000002665 ) ;
#2302 = DIRECTION ( 'NONE',  ( -0.000000000000000000, 1.000000000000000000, -0.000000000000000000 ) ) ;
#2303 = CARTESIAN_POINT ( 'NONE',  ( -72.00000000000001421, 3.000000000000016875, 5.000000000000000000 ) ) ;
#2304 = DIRECTION ( 'NONE',  ( -0.000000000000000000, -0.000000000000000000, -1.000000000000000000 ) ) ;
#2305 = DIRECTION ( 'NONE',  ( 0.000000000000000000, 0.000000000000000000, -1.000000000000000000 ) ) ;
#2306 = VERTEX_POINT ( 'NONE', #6843 ) ;
#2307 = EDGE_LOOP ( 'NONE', ( #5682, #3679, #4579, #4711 ) ) ;
#2308 = EDGE_CURVE ( 'NONE', #142, #7900, #6931, .T. ) ;
#2309 = VECTOR ( 'NONE', #2492, 1000.000000000000000 ) ;
#2310 = VECTOR ( 'NONE', #3281, 1000.000000000000000 ) ;
#2311 = ORIENTED_EDGE ( 'NONE', *, *, #44, .F. ) ;
#2312 = PLANE ( 'NONE',  #6704 ) ;
#2313 = DIRECTION ( 'NONE',  ( -1.604941620322695085E-32, 8.673617379884028076E-17, -1.000000000000000000 ) ) ;
#2314 = CARTESIAN_POINT ( 'NONE',  ( -3.500000000000003109, 57.99999999999997158, 5.000000000000000888 ) ) ;
#2315 = DIRECTION ( 'NONE',  ( 1.000000000000000000, -0.000000000000000000, 2.312964634635742661E-15 ) ) ;
#2316 = ORIENTED_EDGE ( 'NONE', *, *, #841, .T. ) ;
#2317 = VECTOR ( 'NONE', #118, 1000.000000000000000 ) ;
#2318 = VECTOR ( 'NONE', #4204, 1000.000000000000000 ) ;
#2319 = CARTESIAN_POINT ( 'NONE',  ( -40.00000000000000000, -71.99999999999997158, 2.000000000000000000 ) ) ;
#2320 = DIRECTION ( 'NONE',  ( -1.000000000000000000, 0.000000000000000000, 0.000000000000000000 ) ) ;
#2321 = VERTEX_POINT ( 'NONE', #3244 ) ;
#2322 = CARTESIAN_POINT ( 'NONE',  ( -53.00000000000002132, 72.00000000000002842, 5.000000000000000000 ) ) ;
#2323 = ORIENTED_EDGE ( 'NONE', *, *, #7968, .T. ) ;
#2324 = VERTEX_POINT ( 'NONE', #7500 ) ;
#2325 = DIRECTION ( 'NONE',  ( 1.000000000000000000, 1.850371707708594070E-16, 0.000000000000000000 ) ) ;
#2326 = EDGE_CURVE ( 'NONE', #5604, #4966, #9100, .T. ) ;
#2327 = VECTOR ( 'NONE', #4083, 1000.000000000000000 ) ;
#2328 = CARTESIAN_POINT ( 'NONE',  ( 26.99999999999997513, 72.00000000000002842, 5.000000000000000000 ) ) ;
#2329 = PLANE ( 'NONE',  #5442 ) ;
#2330 = VERTEX_POINT ( 'NONE', #3998 ) ;
#2331 = CARTESIAN_POINT ( 'NONE',  ( 72.00000000000001421, -54.99999999999997868, 2.000000000000000000 ) ) ;
#2332 = FACE_OUTER_BOUND ( 'NONE', #2160, .T. ) ;
#2333 = EDGE_CURVE ( 'NONE', #3067, #9178, #1969, .T. ) ;
#2334 = VERTEX_POINT ( 'NONE', #3952 ) ;
#2335 = EDGE_CURVE ( 'NONE', #5701, #9113, #1139, .T. ) ;
#2336 = EDGE_LOOP ( 'NONE', ( #6605, #8276, #7572, #4577 ) ) ;
#2337 = PLANE ( 'NONE',  #6604 ) ;
#2338 = ORIENTED_EDGE ( 'NONE', *, *, #5856, .F. ) ;
#2339 = LINE ( 'NONE', #4593, #6171 ) ;
#2340 = EDGE_LOOP ( 'NONE', ( #3924, #6162, #538, #1460 ) ) ;
#2341 = FACE_OUTER_BOUND ( 'NONE', #1153, .T. ) ;
#2342 = CARTESIAN_POINT ( 'NONE',  ( 66.99999999999997158, 72.00000000000002842, 2.000000000000000444 ) ) ;
#2343 = VERTEX_POINT ( 'NONE', #4831 ) ;
#2344 = VERTEX_POINT ( 'NONE', #437 ) ;
#2345 = FACE_BOUND ( 'NONE', #1558, .T. ) ;
#2346 = DIRECTION ( 'NONE',  ( -0.000000000000000000, -0.000000000000000000, 1.000000000000000000 ) ) ;
#2347 = EDGE_CURVE ( 'NONE', #6027, #828, #7591, .T. ) ;
#2348 = PLANE ( 'NONE',  #1514 ) ;
#2349 = DIRECTION ( 'NONE',  ( -1.000000000000000000, -1.850371707708594070E-16, -0.000000000000000000 ) ) ;
#2350 = FACE_OUTER_BOUND ( 'NONE', #5818, .T. ) ;
#2351 = FACE_OUTER_BOUND ( 'NONE', #6279, .T. ) ;
#2352 = EDGE_CURVE ( 'NONE', #1803, #8071, #8306, .T. ) ;
#2353 = DIRECTION ( 'NONE',  ( 1.239088197126289831E-16, 0.000000000000000000, -1.000000000000000000 ) ) ;
#2354 = FACE_OUTER_BOUND ( 'NONE', #206, .T. ) ;
#2355 = EDGE_LOOP ( 'NONE', ( #4809, #4565, #9072, #2604 ) ) ;
#2356 = VERTEX_POINT ( 'NONE', #5489 ) ;
#2357 = ORIENTED_EDGE ( 'NONE', *, *, #9255, .T. ) ;
#2358 = CARTESIAN_POINT ( 'NONE',  ( 65.00000000000000000, -74.99999999999997158, 1.999999999999999112 ) ) ;
#2359 = DIRECTION ( 'NONE',  ( -0.000000000000000000, -0.000000000000000000, -1.000000000000000000 ) ) ;
#2360 = CARTESIAN_POINT ( 'NONE',  ( -72.00000000000001421, 33.00000000000001421, 5.000000000000000000 ) ) ;
#2361 = EDGE_CURVE ( 'NONE', #8842, #222, #4041, .T. ) ;
#2362 = CARTESIAN_POINT ( 'NONE',  ( -28.00000000000002487, 75.00000000000002842, 5.000000000000000000 ) ) ;
#2363 = ORIENTED_EDGE ( 'NONE', *, *, #7730, .F. ) ;
#2364 = EDGE_CURVE ( 'NONE', #6869, #1034, #1177, .T. ) ;
#2365 = LINE ( 'NONE', #2178, #1921 ) ;
#2366 = CARTESIAN_POINT ( 'NONE',  ( 72.00000000000000000, -60.00000000000000000, 0.000000000000000000 ) ) ;
#2367 = ORIENTED_EDGE ( 'NONE', *, *, #7082, .F. ) ;
#2368 = LINE ( 'NONE', #4698, #4724 ) ;
#2369 = ORIENTED_EDGE ( 'NONE', *, *, #7434, .T. ) ;
#2370 = VERTEX_POINT ( 'NONE', #5353 ) ;
#2371 = FACE_OUTER_BOUND ( 'NONE', #5203, .T. ) ;
#2372 = VECTOR ( 'NONE', #5964, 1000.000000000000000 ) ;
#2373 = ORIENTED_EDGE ( 'NONE', *, *, #3369, .F. ) ;
#2374 = LINE ( 'NONE', #5749, #8452 ) ;
#2375 = EDGE_LOOP ( 'NONE', ( #7828, #2172, #5155, #1064 ) ) ;
#2376 = VECTOR ( 'NONE', #1305, 1000.000000000000000 ) ;
#2377 = ADVANCED_FACE ( 'NONE', ( #1787 ), #8347, .F. ) ;
#2378 = FACE_OUTER_BOUND ( 'NONE', #353, .T. ) ;
#2379 = ORIENTED_EDGE ( 'NONE', *, *, #3018, .F. ) ;
#2380 = FACE_OUTER_BOUND ( 'NONE', #3562, .T. ) ;
#2381 = CARTESIAN_POINT ( 'NONE',  ( -23.00000000000002132, 75.00000000000002842, 5.000000000000000000 ) ) ;
#2382 = ORIENTED_EDGE ( 'NONE', *, *, #2495, .T. ) ;
#2383 = AXIS2_PLACEMENT_3D ( 'NONE', #2962, #2208, #7883 ) ;
#2384 = VERTEX_POINT ( 'NONE', #2678 ) ;
#2385 = EDGE_CURVE ( 'NONE', #2181, #5093, #4649, .T. ) ;
#2386 = CARTESIAN_POINT ( 'NONE',  ( -72.00000000000001421, -1.999999999999980460, 5.000000000000000000 ) ) ;
#2387 = VERTEX_POINT ( 'NONE', #5393 ) ;
#2388 = CARTESIAN_POINT ( 'NONE',  ( -49.99999999999999289, -74.99999999999997158, 2.000000000000000000 ) ) ;
#2389 = VECTOR ( 'NONE', #7297, 1000.000000000000000 ) ;
#2390 = PLANE ( 'NONE',  #4132 ) ;
#2391 = EDGE_LOOP ( 'NONE', ( #6509, #6276, #1590, #3036 ) ) ;
#2392 = ORIENTED_EDGE ( 'NONE', *, *, #2923, .T. ) ;
#2393 = CARTESIAN_POINT ( 'NONE',  ( 71.99999999999998579, 65.00000000000002842, 2.000000000000000000 ) ) ;
#2394 = CARTESIAN_POINT ( 'NONE',  ( 21.99999999999997868, 72.00000000000002842, 2.000000000000000000 ) ) ;
#2395 = DIRECTION ( 'NONE',  ( 0.000000000000000000, -1.000000000000000000, 8.673617379884040402E-17 ) ) ;
#2396 = DIRECTION ( 'NONE',  ( 0.000000000000000000, 0.000000000000000000, -1.000000000000000000 ) ) ;
#2397 = ADVANCED_FACE ( 'NONE', ( #7635 ), #3328, .F. ) ;
#2398 = CARTESIAN_POINT ( 'NONE',  ( -75.00000000000001421, 75.00000000000002842, 0.000000000000000000 ) ) ;
#2399 = CARTESIAN_POINT ( 'NONE',  ( -58.00000000000002132, 72.00000000000002842, 5.000000000000000000 ) ) ;
#2400 = EDGE_CURVE ( 'NONE', #2757, #2000, #4084, .T. ) ;
#2401 = CARTESIAN_POINT ( 'NONE',  ( 30.00000000000000711, -74.99999999999997158, 2.000000000000000000 ) ) ;
#2402 = FACE_OUTER_BOUND ( 'NONE', #1388, .T. ) ;
#2403 = ORIENTED_EDGE ( 'NONE', *, *, #3105, .T. ) ;
#2404 = ORIENTED_EDGE ( 'NONE', *, *, #1954, .T. ) ;
#2405 = CARTESIAN_POINT ( 'NONE',  ( 71.99999999999998579, 45.00000000000002842, 2.000000000000000000 ) ) ;
#2406 = FACE_OUTER_BOUND ( 'NONE', #5961, .T. ) ;
#2407 = CARTESIAN_POINT ( 'NONE',  ( 56.40000000000000568, 3.500000000000003109, 5.000000000000000888 ) ) ;
#2408 = EDGE_CURVE ( 'NONE', #1631, #174, #9005, .T. ) ;
#2409 = CARTESIAN_POINT ( 'NONE',  ( -75.00000000000000000, -56.99999999999997868, 5.000000000000000000 ) ) ;
#2410 = EDGE_LOOP ( 'NONE', ( #844, #8889, #6689, #1850 ) ) ;
#2411 = DIRECTION ( 'NONE',  ( -1.850371707708594070E-16, 1.000000000000000000, 0.000000000000000000 ) ) ;
#2412 = DIRECTION ( 'NONE',  ( 1.000000000000000000, 1.850371707708594070E-16, -0.000000000000000000 ) ) ;
#2413 = ORIENTED_EDGE ( 'NONE', *, *, #3653, .F. ) ;
#2414 = ORIENTED_EDGE ( 'NONE', *, *, #8689, .T. ) ;
#2415 = VERTEX_POINT ( 'NONE', #4699 ) ;
#2416 = FACE_OUTER_BOUND ( 'NONE', #3744, .T. ) ;
#2417 = EDGE_CURVE ( 'NONE', #407, #4720, #2585, .T. ) ;
#2418 = ORIENTED_EDGE ( 'NONE', *, *, #1236, .F. ) ;
#2419 = LINE ( 'NONE', #6772, #980 ) ;
#2420 = CLOSED_SHELL ( 'NONE', ( #1238, #8470, #1318, #5727, #4010, #5003, #2299, #2669, #8615, #2980, #5690, #9092, #3599, #8914, #8536, #996, #1927, #97, #1347, #5290, #8544, #3290, #6392, #4351, #3619, #4648, #5188, #3344, #7258, #58, #3280, #7771, #3609, #722, #5087, #4001, #4748, #7223, #6315, #8030, #452, #6512, #5396, #701, #8936, #2043, #7700, #3672, #8288, #6736, #1605, #300, #7511, #1589, #3908, #6834, #4158, #9159, #7643, #2596, #7452, #5679, #5594, #6358, #4395, #8322, #6965, #5064, #7654, #3991, #2258, #8552, #4123, #1320, #4335, #4954, #7560, #1940, #916, #1282, #237, #8121, #7397, #416, #1650, #4448, #7549, #1491, #7391, #7761, #8867, #293, #6697, #592, #3514, #4603, #2657, #4349, #6550, #5144, #1167, #6458, #75, #4225, #4370, #3332, #3255, #871, #8501, #7335, #11, #6686, #5522, #7896, #4187, #3945, #639, #7070, #2194, #2377, #2515, #7202, #1578, #2467, #2897, #6823, #2967, #3245, #1790, #5915, #2513, #4130, #8656, #1292, #3685, #280, #2908, #1876, #7606, #5780, #2873, #5267, #6616, #4776, #5368, #552, #2941, #8489, #6911, #3117, #5512, #1246, #4848, #5077, #2397, #5501, #6630, #5702, #6466, #6889, #765, #2121, #4461, #7361, #4481, #4632, #2008, #4960, #6877, #69, #8734, #3257, #3911, #1586, #1536, #3038, #820, #8764, #2530, #3427, #7055, #2832, #1390, #2100, #4685, #3169, #5335, #8725, #5543, #5733, #3727, #8636, #7023, #4631, #7190, #1178, #2273, #8879, #6350, #22, #1412, #1461, #7201, #9082, #6514, #2709, #3693, #8645, #278, #2163, #580, #7524, #4482, #1119, #7008, #2149, #8446, #3714, #7773, #6739, #7234, #7788, #6181, #3883, #2646, #5647, #6573, #4261, #8350, #6638, #8456, #3180, #8566, #7713, #5904, #3139, #1749, #581, #4687, #8176, #8998, #8321, #4796, #8136, #1077, #1895, #1039, #108, #6844, #5970, #6806, #1861, #7575, #7441, #6081, #995, #4980, #3770, #3851, #2720, #1451, #7595, #1809, #900, #9158, #1724, #5387, #4492 ) ) ;
#2421 = VERTEX_POINT ( 'NONE', #3378 ) ;
#2422 = DIRECTION ( 'NONE',  ( 0.000000000000000000, -0.000000000000000000, 1.000000000000000000 ) ) ;
#2423 = EDGE_LOOP ( 'NONE', ( #7734, #6433, #8039, #3124 ) ) ;
#2424 = CARTESIAN_POINT ( 'NONE',  ( 45.00000000000002842, -45.00000000000001421, 12.00000000000000000 ) ) ;
#2425 = DIRECTION ( 'NONE',  ( 1.000000000000000000, 1.850371707708594070E-16, 0.000000000000000000 ) ) ;
#2426 = VECTOR ( 'NONE', #3050, 1000.000000000000000 ) ;
#2427 = VECTOR ( 'NONE', #2741, 1000.000000000000000 ) ;
#2428 = EDGE_CURVE ( 'NONE', #2062, #1029, #6227, .T. ) ;
#2429 = VERTEX_POINT ( 'NONE', #3517 ) ;
#2430 = VECTOR ( 'NONE', #1546, 1000.000000000000000 ) ;
#2431 = LINE ( 'NONE', #2991, #6625 ) ;
#2432 = VECTOR ( 'NONE', #6157, 1000.000000000000000 ) ;
#2433 = ORIENTED_EDGE ( 'NONE', *, *, #5370, .T. ) ;
#2434 = LINE ( 'NONE', #3137, #3121 ) ;
#2435 = DIRECTION ( 'NONE',  ( 0.000000000000000000, 0.000000000000000000, -1.000000000000000000 ) ) ;
#2436 = ORIENTED_EDGE ( 'NONE', *, *, #9246, .F. ) ;
#2437 = VERTEX_POINT ( 'NONE', #608 ) ;
#2438 = CARTESIAN_POINT ( 'NONE',  ( 75.00000000000000000, -34.99999999999997868, 5.000000000000000000 ) ) ;
#2439 = FACE_OUTER_BOUND ( 'NONE', #5326, .T. ) ;
#2440 = DIRECTION ( 'NONE',  ( 1.000000000000000000, 1.850371707708594070E-16, 0.000000000000000000 ) ) ;
#2441 = EDGE_CURVE ( 'NONE', #9196, #1636, #1357, .T. ) ;
#2442 = VECTOR ( 'NONE', #7692, 1000.000000000000000 ) ;
#2443 = VECTOR ( 'NONE', #5577, 1000.000000000000000 ) ;
#2444 = LINE ( 'NONE', #5168, #7546 ) ;
#2445 = LINE ( 'NONE', #1742, #6766 ) ;
#2446 = PLANE ( 'NONE',  #8729 ) ;
#2447 = VECTOR ( 'NONE', #1401, 1000.000000000000000 ) ;
#2448 = CARTESIAN_POINT ( 'NONE',  ( 72.00000000000000000, -50.00000000000000000, 0.000000000000000000 ) ) ;
#2449 = DIRECTION ( 'NONE',  ( -0.000000000000000000, 1.000000000000000000, 8.673617379884028076E-17 ) ) ;
#2450 = VERTEX_POINT ( 'NONE', #7824 ) ;
#2451 = EDGE_LOOP ( 'NONE', ( #8792, #3921, #7743, #3963 ) ) ;
#2452 = EDGE_CURVE ( 'NONE', #6270, #7251, #2816, .T. ) ;
#2453 = EDGE_CURVE ( 'NONE', #5048, #7124, #8633, .T. ) ;
#2454 = AXIS2_PLACEMENT_3D ( 'NONE', #3302, #6153, #1721 ) ;
#2455 = CARTESIAN_POINT ( 'NONE',  ( 72.00000000000000000, 10.00000000000002309, 5.000000000000000000 ) ) ;
#2456 = FACE_OUTER_BOUND ( 'NONE', #4610, .T. ) ;
#2457 = FACE_OUTER_BOUND ( 'NONE', #7742, .T. ) ;
#2458 = DIRECTION ( 'NONE',  ( -1.000000000000000000, -1.850371707708594070E-16, -0.000000000000000000 ) ) ;
#2459 = ORIENTED_EDGE ( 'NONE', *, *, #9115, .T. ) ;
#2460 = CARTESIAN_POINT ( 'NONE',  ( -72.00000000000000000, -100.0000000000000000, 0.000000000000000000 ) ) ;
#2461 = PLANE ( 'NONE',  #8146 ) ;
#2462 = ORIENTED_EDGE ( 'NONE', *, *, #2139, .T. ) ;
#2463 = AXIS2_PLACEMENT_3D ( 'NONE', #30, #7232, #2886 ) ;
#2464 = ORIENTED_EDGE ( 'NONE', *, *, #7189, .T. ) ;
#2465 = EDGE_LOOP ( 'NONE', ( #8240, #1577, #9068, #5201 ) ) ;
#2466 = CARTESIAN_POINT ( 'NONE',  ( -23.00000000000002132, 75.00000000000002842, 5.000000000000000000 ) ) ;
#2467 = ADVANCED_FACE ( 'NONE', ( #708 ), #5069, .F. ) ;
#2468 = VECTOR ( 'NONE', #64, 1000.000000000000000 ) ;
#2469 = VECTOR ( 'NONE', #9181, 1000.000000000000000 ) ;
#2470 = CARTESIAN_POINT ( 'NONE',  ( 65.00000000000000000, -65.00000000000001421, 2.000000000000000000 ) ) ;
#2471 = ORIENTED_EDGE ( 'NONE', *, *, #6225, .F. ) ;
#2472 = DIRECTION ( 'NONE',  ( -2.312964634635742661E-15, -0.000000000000000000, 1.000000000000000000 ) ) ;
#2473 = VERTEX_POINT ( 'NONE', #3463 ) ;
#2474 = EDGE_CURVE ( 'NONE', #2993, #5105, #2017, .T. ) ;
#2475 = LINE ( 'NONE', #6777, #1259 ) ;
#2476 = DIRECTION ( 'NONE',  ( 2.312964634635742661E-15, 0.000000000000000000, -1.000000000000000000 ) ) ;
#2477 = AXIS2_PLACEMENT_3D ( 'NONE', #9023, #1802, #6677 ) ;
#2478 = VECTOR ( 'NONE', #4877, 1000.000000000000000 ) ;
#2479 = ORIENTED_EDGE ( 'NONE', *, *, #5967, .T. ) ;
#2480 = VECTOR ( 'NONE', #6789, 1000.000000000000000 ) ;
#2481 = DIRECTION ( 'NONE',  ( -1.000000000000000000, 0.000000000000000000, 0.000000000000000000 ) ) ;
#2482 = EDGE_LOOP ( 'NONE', ( #5538, #6905, #8635, #5864 ) ) ;
#2483 = DIRECTION ( 'NONE',  ( 1.850371707708594070E-16, -1.000000000000000000, 0.000000000000000000 ) ) ;
#2484 = EDGE_CURVE ( 'NONE', #4019, #3021, #3024, .T. ) ;
#2485 = CARTESIAN_POINT ( 'NONE',  ( 1.999999999999974021, 72.00000000000002842, 5.000000000000000000 ) ) ;
#2486 = ORIENTED_EDGE ( 'NONE', *, *, #892, .F. ) ;
#2487 = ORIENTED_EDGE ( 'NONE', *, *, #4074, .T. ) ;
#2488 = DIRECTION ( 'NONE',  ( -1.850371707708594070E-16, 1.000000000000000000, 0.000000000000000000 ) ) ;
#2489 = DIRECTION ( 'NONE',  ( -1.000000000000000000, -1.850371707708594070E-16, -0.000000000000000000 ) ) ;
#2490 = CARTESIAN_POINT ( 'NONE',  ( 11.99999999999998224, 75.00000000000002842, 5.000000000000000000 ) ) ;
#2491 = VECTOR ( 'NONE', #5383, 1000.000000000000000 ) ;
#2492 = DIRECTION ( 'NONE',  ( 1.000000000000000000, -0.000000000000000000, 1.734723475976808080E-16 ) ) ;
#2493 = DIRECTION ( 'NONE',  ( 0.000000000000000000, 0.000000000000000000, -1.000000000000000000 ) ) ;
#2494 = CARTESIAN_POINT ( 'NONE',  ( -20.00000000000000355, -71.99999999999997158, 5.000000000000000000 ) ) ;
#2495 = EDGE_CURVE ( 'NONE', #3343, #7648, #3610, .T. ) ;
#2496 = CARTESIAN_POINT ( 'NONE',  ( 71.99999999999998579, 50.00000000000001421, 1.999999999999999556 ) ) ;
#2497 = DIRECTION ( 'NONE',  ( -0.000000000000000000, 1.000000000000000000, -4.336808689942029076E-16 ) ) ;
#2498 = ORIENTED_EDGE ( 'NONE', *, *, #3747, .T. ) ;
#2499 = ORIENTED_EDGE ( 'NONE', *, *, #524, .T. ) ;
#2500 = FACE_BOUND ( 'NONE', #1953, .T. ) ;
#2501 = CARTESIAN_POINT ( 'NONE',  ( 72.00000000000000000, 15.00000000000002665, 5.000000000000000000 ) ) ;
#2502 = DIRECTION ( 'NONE',  ( 1.000000000000000000, 0.000000000000000000, 0.000000000000000000 ) ) ;
#2503 = LINE ( 'NONE', #4752, #7504 ) ;
#2504 = EDGE_LOOP ( 'NONE', ( #954, #5140, #6801, #1127 ) ) ;
#2505 = EDGE_CURVE ( 'NONE', #2166, #4329, #4219, .T. ) ;
#2506 = CARTESIAN_POINT ( 'NONE',  ( 74.99999999999998579, 75.00000000000002842, 5.000000000000000000 ) ) ;
#2507 = CARTESIAN_POINT ( 'NONE',  ( 20.00000000000000355, -71.99999999999997158, 2.000000000000000000 ) ) ;
#2508 = ORIENTED_EDGE ( 'NONE', *, *, #4299, .T. ) ;
#2509 = ORIENTED_EDGE ( 'NONE', *, *, #6426, .F. ) ;
#2510 = ORIENTED_EDGE ( 'NONE', *, *, #2748, .T. ) ;
#2511 = LINE ( 'NONE', #6857, #9056 ) ;
#2512 = ORIENTED_EDGE ( 'NONE', *, *, #6213, .F. ) ;
#2513 = ADVANCED_FACE ( 'NONE', ( #1498 ), #9242, .F. ) ;
#2514 = DIRECTION ( 'NONE',  ( -0.000000000000000000, -1.000000000000000000, -0.000000000000000000 ) ) ;
#2515 = ADVANCED_FACE ( 'NONE', ( #2719 ), #7016, .F. ) ;
#2516 = EDGE_LOOP ( 'NONE', ( #4527, #4734, #133, #1664 ) ) ;
#2517 = CARTESIAN_POINT ( 'NONE',  ( 55.00000000000000711, -71.99999999999997158, 5.000000000000000000 ) ) ;
#2518 = DIRECTION ( 'NONE',  ( -0.000000000000000000, -0.000000000000000000, -1.000000000000000000 ) ) ;
#2519 = VECTOR ( 'NONE', #6542, 1000.000000000000000 ) ;
#2520 = VERTEX_POINT ( 'NONE', #7775 ) ;
#2521 = CARTESIAN_POINT ( 'NONE',  ( -72.00000000000000000, -41.99999999999998579, 5.000000000000000000 ) ) ;
#2522 = EDGE_LOOP ( 'NONE', ( #3234, #4661, #9203, #7364 ) ) ;
#2523 = CARTESIAN_POINT ( 'NONE',  ( -72.00000000000001421, 68.00000000000001421, 5.000000000000000000 ) ) ;
#2524 = PLANE ( 'NONE',  #6260 ) ;
#2525 = DIRECTION ( 'NONE',  ( 0.000000000000000000, 0.000000000000000000, -1.000000000000000000 ) ) ;
#2527 = DIRECTION ( 'NONE',  ( 0.000000000000000000, -0.000000000000000000, 1.000000000000000000 ) ) ;
#2526 = AXIS2_PLACEMENT_3D ( 'NONE', #9109, #669, #2688 ) ;
#2528 = DIRECTION ( 'NONE',  ( 1.000000000000000000, 1.850371707708594070E-16, -0.000000000000000000 ) ) ;
#2529 = EDGE_CURVE ( 'NONE', #2706, #5177, #9194, .T. ) ;
#2530 = ADVANCED_FACE ( 'NONE', ( #2773 ), #2914, .F. ) ;
#2531 = FACE_OUTER_BOUND ( 'NONE', #6770, .T. ) ;
#2532 = VECTOR ( 'NONE', #5443, 1000.000000000000000 ) ;
#2533 = DIRECTION ( 'NONE',  ( -0.000000000000000000, 1.000000000000000000, -0.000000000000000000 ) ) ;
#2534 = DIRECTION ( 'NONE',  ( -1.000000000000000000, 0.000000000000000000, -1.734723475976807834E-16 ) ) ;
#2535 = CARTESIAN_POINT ( 'NONE',  ( 75.00000000000001421, -44.99999999999997158, 2.000000000000000000 ) ) ;
#2536 = LINE ( 'NONE', #5828, #8457 ) ;
#2537 = CARTESIAN_POINT ( 'NONE',  ( -74.99999999999998579, -74.99999999999997158, 5.000000000000000000 ) ) ;
#2538 = VERTEX_POINT ( 'NONE', #2059 ) ;
#2539 = VERTEX_POINT ( 'NONE', #753 ) ;
#2540 = EDGE_CURVE ( 'NONE', #6623, #1700, #7163, .T. ) ;
#2541 = CARTESIAN_POINT ( 'NONE',  ( -72.00000000000001421, 63.00000000000001421, 1.999999999999999556 ) ) ;
#2542 = CARTESIAN_POINT ( 'NONE',  ( 45.00000000000000711, -71.99999999999997158, 1.999999999999999112 ) ) ;
#2543 = LINE ( 'NONE', #3426, #3782 ) ;
#2544 = DIRECTION ( 'NONE',  ( -2.312964634635742661E-15, -0.000000000000000000, 1.000000000000000000 ) ) ;
#2545 = EDGE_LOOP ( 'NONE', ( #8409, #7653, #6775, #8119, #3914, #2612, #5209, #3259, #7620, #115, #5795, #5047, #3122, #5421, #3223, #6235, #3350, #8412, #5516, #5071, #9240, #1437, #7033, #4348, #7758, #7298, #5264, #5471, #1150, #7886, #3007, #8473, #1998, #9214, #8190, #4679, #8428, #5080, #8911, #7708, #539, #6152, #1601, #8462, #7811, #7379, #2977, #63, #8475, #7920, #3202, #497, #3428, #420, #5115, #3168, #6815, #187, #7502, #2118 ) ) ;
#2546 = CARTESIAN_POINT ( 'NONE',  ( -75.00000000000000000, -11.99999999999998934, 2.000000000000000000 ) ) ;
#2547 = VERTEX_POINT ( 'NONE', #60 ) ;
#2548 = ORIENTED_EDGE ( 'NONE', *, *, #982, .T. ) ;
#2549 = ORIENTED_EDGE ( 'NONE', *, *, #4285, .F. ) ;
#2550 = EDGE_CURVE ( 'NONE', #5607, #2344, #8585, .T. ) ;
#2551 = LINE ( 'NONE', #5329, #5460 ) ;
#2552 = ORIENTED_EDGE ( 'NONE', *, *, #6912, .T. ) ;
#2553 = CARTESIAN_POINT ( 'NONE',  ( 5.100000000000009415, -57.99999999999997158, 5.000000000000000888 ) ) ;
#2555 = ORIENTED_EDGE ( 'NONE', *, *, #6330, .F. ) ;
#2554 = VECTOR ( 'NONE', #2250, 1000.000000000000000 ) ;
#2556 = ORIENTED_EDGE ( 'NONE', *, *, #7461, .T. ) ;
#2557 = DIRECTION ( 'NONE',  ( -1.000000000000000000, 0.000000000000000000, 8.673617379884028076E-17 ) ) ;
#2558 = DIRECTION ( 'NONE',  ( 1.850371707708594070E-16, -1.000000000000000000, 0.000000000000000000 ) ) ;
#2559 = ORIENTED_EDGE ( 'NONE', *, *, #8815, .T. ) ;
#2560 = EDGE_CURVE ( 'NONE', #5127, #7521, #7874, .T. ) ;
#2561 = EDGE_CURVE ( 'NONE', #174, #8604, #5767, .T. ) ;
#2562 = VECTOR ( 'NONE', #620, 1000.000000000000000 ) ;
#2563 = EDGE_LOOP ( 'NONE', ( #3390, #8599, #3263, #8530 ) ) ;
#2564 = CARTESIAN_POINT ( 'NONE',  ( -75.00000000000001421, 3.000000000000016431, 5.000000000000000000 ) ) ;
#2565 = ORIENTED_EDGE ( 'NONE', *, *, #9180, .T. ) ;
#2566 = CARTESIAN_POINT ( 'NONE',  ( -60.00000000000000000, -71.99999999999997158, 5.000000000000000000 ) ) ;
#2567 = AXIS2_PLACEMENT_3D ( 'NONE', #8997, #5347, #2573 ) ;
#2568 = CARTESIAN_POINT ( 'NONE',  ( -72.00000000000001421, 33.00000000000001421, 1.999999999999999556 ) ) ;
#2569 = VERTEX_POINT ( 'NONE', #5902 ) ;
#2570 = LINE ( 'NONE', #3144, #1140 ) ;
#2571 = LINE ( 'NONE', #1910, #3184 ) ;
#2572 = VERTEX_POINT ( 'NONE', #8819 ) ;
#2573 = DIRECTION ( 'NONE',  ( -1.000000000000000000, -1.850371707708594070E-16, 0.000000000000000000 ) ) ;
#2574 = EDGE_CURVE ( 'NONE', #1649, #273, #3657, .T. ) ;
#2575 = VECTOR ( 'NONE', #4002, 1000.000000000000000 ) ;
#2576 = VECTOR ( 'NONE', #8863, 1000.000000000000000 ) ;
#2577 = VECTOR ( 'NONE', #427, 1000.000000000000000 ) ;
#2578 = CARTESIAN_POINT ( 'NONE',  ( -29.99999999999999289, -71.99999999999997158, 5.000000000000000000 ) ) ;
#2579 = DIRECTION ( 'NONE',  ( 0.000000000000000000, -1.000000000000000000, 0.000000000000000000 ) ) ;
#2580 = CARTESIAN_POINT ( 'NONE',  ( -50.00000000000000000, -71.99999999999997158, 0.000000000000000000 ) ) ;
#2581 = LINE ( 'NONE', #798, #4621 ) ;
#2582 = DIRECTION ( 'NONE',  ( -0.000000000000000000, 1.000000000000000000, 8.673617379884028076E-17 ) ) ;
#2583 = DIRECTION ( 'NONE',  ( -1.000000000000000000, -1.850371707708594070E-16, -0.000000000000000000 ) ) ;
#2584 = EDGE_CURVE ( 'NONE', #1017, #2964, #802, .T. ) ;
#2585 = LINE ( 'NONE', #6182, #3927 ) ;
#2586 = AXIS2_PLACEMENT_3D ( 'NONE', #5451, #573, #1887 ) ;
#2587 = AXIS2_PLACEMENT_3D ( 'NONE', #5001, #5236, #2185 ) ;
#2588 = VERTEX_POINT ( 'NONE', #2955 ) ;
#2589 = CARTESIAN_POINT ( 'NONE',  ( 26.99999999999997513, 72.00000000000002842, 5.000000000000000000 ) ) ;
#2590 = AXIS2_PLACEMENT_3D ( 'NONE', #5941, #5295, #5202 ) ;
#2591 = CARTESIAN_POINT ( 'NONE',  ( -74.99999999999998579, -74.99999999999997158, 5.000000000000000000 ) ) ;
#2592 = FACE_OUTER_BOUND ( 'NONE', #7785, .T. ) ;
#2593 = DIRECTION ( 'NONE',  ( -0.000000000000000000, 1.000000000000000000, -0.000000000000000000 ) ) ;
#2594 = CARTESIAN_POINT ( 'NONE',  ( -75.00000000000000000, -66.99999999999998579, 1.999999999999999556 ) ) ;
#2595 = CARTESIAN_POINT ( 'NONE',  ( 74.99999999999998579, 75.00000000000002842, 5.000000000000000000 ) ) ;
#2596 = ADVANCED_FACE ( 'NONE', ( #2439 ), #847, .F. ) ;
#2597 = VERTEX_POINT ( 'NONE', #890 ) ;
#2598 = ORIENTED_EDGE ( 'NONE', *, *, #3142, .F. ) ;
#2599 = VECTOR ( 'NONE', #7194, 1000.000000000000000 ) ;
#2600 = PLANE ( 'NONE',  #1421 ) ;
#2601 = VERTEX_POINT ( 'NONE', #7302 ) ;
#2602 = VECTOR ( 'NONE', #8554, 1000.000000000000000 ) ;
#2603 = DIRECTION ( 'NONE',  ( -0.000000000000000000, -0.000000000000000000, 1.000000000000000000 ) ) ;
#2604 = ORIENTED_EDGE ( 'NONE', *, *, #8956, .T. ) ;
#2605 = EDGE_LOOP ( 'NONE', ( #1111, #5532, #164, #4663 ) ) ;
#2606 = EDGE_CURVE ( 'NONE', #4797, #5996, #3701, .T. ) ;
#2607 = LINE ( 'NONE', #5375, #7409 ) ;
#2608 = PLANE ( 'NONE',  #4077 ) ;
#2609 = VECTOR ( 'NONE', #6130, 1000.000000000000000 ) ;
#2610 = EDGE_LOOP ( 'NONE', ( #1944, #167 ) ) ;
#2611 = CARTESIAN_POINT ( 'NONE',  ( 36.99999999999997868, 72.00000000000002842, 5.000000000000000000 ) ) ;
#2612 = ORIENTED_EDGE ( 'NONE', *, *, #5843, .F. ) ;
#2613 = DIRECTION ( 'NONE',  ( 1.000000000000000000, -0.000000000000000000, 1.734723475976808080E-16 ) ) ;
#2614 = EDGE_CURVE ( 'NONE', #6148, #8375, #2245, .T. ) ;
#2615 = AXIS2_PLACEMENT_3D ( 'NONE', #6198, #678, #2693 ) ;
#2616 = VECTOR ( 'NONE', #175, 1000.000000000000000 ) ;
#2617 = CARTESIAN_POINT ( 'NONE',  ( -43.00000000000002132, 72.00000000000002842, 2.000000000000000444 ) ) ;
#2618 = ORIENTED_EDGE ( 'NONE', *, *, #5495, .T. ) ;
#2619 = EDGE_CURVE ( 'NONE', #4841, #2538, #105, .T. ) ;
#2620 = CARTESIAN_POINT ( 'NONE',  ( -15.00000000000000000, -71.99999999999997158, 5.000000000000000000 ) ) ;
#2621 = ORIENTED_EDGE ( 'NONE', *, *, #2854, .T. ) ;
#2622 = DIRECTION ( 'NONE',  ( -2.312964634635742661E-15, -0.000000000000000000, 1.000000000000000000 ) ) ;
#2623 = VECTOR ( 'NONE', #9141, 1000.000000000000000 ) ;
#2624 = LINE ( 'NONE', #5482, #1916 ) ;
#2625 = CARTESIAN_POINT ( 'NONE',  ( -75.00000000000001421, 75.00000000000002842, 5.000000000000000000 ) ) ;
#2626 = DIRECTION ( 'NONE',  ( 1.000000000000000000, 1.850371707708594070E-16, -0.000000000000000000 ) ) ;
#2627 = DIRECTION ( 'NONE',  ( -1.000000000000000000, 0.000000000000000000, 0.000000000000000000 ) ) ;
#2628 = EDGE_CURVE ( 'NONE', #8838, #4627, #941, .T. ) ;
#2629 = PLANE ( 'NONE',  #7166 ) ;
#2630 = EDGE_CURVE ( 'NONE', #273, #4551, #4501, .T. ) ;
#2631 = CARTESIAN_POINT ( 'NONE',  ( 56.99999999999997158, 75.00000000000002842, 2.000000000000000444 ) ) ;
#2632 = DIRECTION ( 'NONE',  ( -0.000000000000000000, -0.000000000000000000, 1.000000000000000000 ) ) ;
#2633 = AXIS2_PLACEMENT_3D ( 'NONE', #3274, #2488, #8952 ) ;
#2634 = FACE_OUTER_BOUND ( 'NONE', #5842, .T. ) ;
#2635 = ORIENTED_EDGE ( 'NONE', *, *, #1741, .T. ) ;
#2636 = DIRECTION ( 'NONE',  ( -0.000000000000000000, 0.000000000000000000, 1.000000000000000000 ) ) ;
#2637 = EDGE_CURVE ( 'NONE', #459, #4633, #1738, .T. ) ;
#2638 = DIRECTION ( 'NONE',  ( 0.000000000000000000, -0.000000000000000000, -1.000000000000000000 ) ) ;
#2639 = PLANE ( 'NONE',  #8574 ) ;
#2640 = CARTESIAN_POINT ( 'NONE',  ( 72.00000000000000000, -39.99999999999997868, 5.000000000000000000 ) ) ;
#2641 = FACE_OUTER_BOUND ( 'NONE', #3530, .T. ) ;
#2642 = DIRECTION ( 'NONE',  ( -8.673617379884028076E-17, 0.000000000000000000, -1.000000000000000000 ) ) ;
#2643 = EDGE_LOOP ( 'NONE', ( #2839, #1846, #8843, #925 ) ) ;
#2644 = ORIENTED_EDGE ( 'NONE', *, *, #7030, .T. ) ;
#2645 = PRODUCT_DEFINITION_SHAPE ( 'NONE', 'NONE',  #9061 ) ;
#2646 = ADVANCED_FACE ( 'NONE', ( #4554 ), #1592, .F. ) ;
#2647 = EDGE_CURVE ( 'NONE', #6565, #4896, #6594, .T. ) ;
#2648 = LINE ( 'NONE', #6380, #6652 ) ;
#2649 = ORIENTED_EDGE ( 'NONE', *, *, #9234, .T. ) ;
#2650 = CARTESIAN_POINT ( 'NONE',  ( -5.000000000000000888, -20.00000000000000000, 5.000000000000000000 ) ) ;
#2651 = EDGE_LOOP ( 'NONE', ( #4276, #4322, #3843, #4986 ) ) ;
#2652 = ORIENTED_EDGE ( 'NONE', *, *, #2210, .T. ) ;
#2653 = DIRECTION ( 'NONE',  ( -1.000000000000000000, 0.000000000000000000, 8.673617379884028076E-17 ) ) ;
#2654 = ORIENTED_EDGE ( 'NONE', *, *, #2821, .T. ) ;
#2655 = CARTESIAN_POINT ( 'NONE',  ( 9.999999999999994671, -71.99999999999997158, 5.000000000000000000 ) ) ;
#2656 = ORIENTED_EDGE ( 'NONE', *, *, #780, .T. ) ;
#2657 = ADVANCED_FACE ( 'NONE', ( #7261 ), #193, .F. ) ;
#2658 = ORIENTED_EDGE ( 'NONE', *, *, #1097, .T. ) ;
#2659 = DIRECTION ( 'NONE',  ( 0.000000000000000000, 0.000000000000000000, -1.000000000000000000 ) ) ;
#2660 = ORIENTED_EDGE ( 'NONE', *, *, #5929, .T. ) ;
#2661 = FACE_OUTER_BOUND ( 'NONE', #4381, .T. ) ;
#2662 = LINE ( 'NONE', #7762, #2469 ) ;
#2663 = VERTEX_POINT ( 'NONE', #3048 ) ;
#2664 = VERTEX_POINT ( 'NONE', #8773 ) ;
#2665 = CARTESIAN_POINT ( 'NONE',  ( 0.000000000000000000, 0.000000000000000000, 0.000000000000000000 ) ) ;
#2666 = DIRECTION ( 'NONE',  ( -0.000000000000000000, -0.000000000000000000, 1.000000000000000000 ) ) ;
#2667 = CARTESIAN_POINT ( 'NONE',  ( 0.000000000000000000, -45.00000000000001421, 2.000000000000000000 ) ) ;
#2668 = AXIS2_PLACEMENT_3D ( 'NONE', #4044, #8311, #9149 ) ;
#2669 = ADVANCED_FACE ( 'NONE', ( #5211 ), #992, .F. ) ;
#2670 = VECTOR ( 'NONE', #7547, 1000.000000000000000 ) ;
#2671 = DIRECTION ( 'NONE',  ( 1.000000000000000000, -0.000000000000000000, -0.000000000000000000 ) ) ;
#2672 = DIRECTION ( 'NONE',  ( 0.000000000000000000, 0.000000000000000000, -1.000000000000000000 ) ) ;
#2673 = DIRECTION ( 'NONE',  ( 0.000000000000000000, -1.000000000000000000, 0.000000000000000000 ) ) ;
#2674 = LINE ( 'NONE', #6176, #9041 ) ;
#2675 = AXIS2_PLACEMENT_3D ( 'NONE', #8317, #1890, #1707 ) ;
#2676 = CARTESIAN_POINT ( 'NONE',  ( 72.00000000000000000, -4.999999999999977796, 5.000000000000000000 ) ) ;
#2677 = DIRECTION ( 'NONE',  ( -0.000000000000000000, -0.000000000000000000, 1.000000000000000000 ) ) ;
#2678 = CARTESIAN_POINT ( 'NONE',  ( -75.00000000000000000, -6.999999999999992006, 5.000000000000000000 ) ) ;
#2679 = CARTESIAN_POINT ( 'NONE',  ( 60.00000000000000000, -74.99999999999997158, 5.000000000000000000 ) ) ;
#2680 = VERTEX_POINT ( 'NONE', #2295 ) ;
#2681 = VECTOR ( 'NONE', #1088, 1000.000000000000000 ) ;
#2682 = EDGE_CURVE ( 'NONE', #6019, #6320, #3097, .T. ) ;
#2683 = EDGE_CURVE ( 'NONE', #174, #4467, #5113, .T. ) ;
#2684 = DIRECTION ( 'NONE',  ( -1.000000000000000000, -1.850371707708594070E-16, 0.000000000000000000 ) ) ;
#2685 = CARTESIAN_POINT ( 'NONE',  ( 72.00000000000000000, 25.00000000000002132, 2.000000000000000000 ) ) ;
#2686 = PLANE ( 'NONE',  #1386 ) ;
#2687 = ORIENTED_EDGE ( 'NONE', *, *, #1569, .T. ) ;
#2688 = DIRECTION ( 'NONE',  ( 0.000000000000000000, -0.000000000000000000, 1.000000000000000000 ) ) ;
#2689 = ORIENTED_EDGE ( 'NONE', *, *, #5956, .T. ) ;
#2690 = VECTOR ( 'NONE', #334, 1000.000000000000000 ) ;
#2691 = ORIENTED_EDGE ( 'NONE', *, *, #747, .F. ) ;
#2692 = ORIENTED_EDGE ( 'NONE', *, *, #4249, .F. ) ;
#2693 = DIRECTION ( 'NONE',  ( -1.000000000000000000, 0.000000000000000000, 0.000000000000000000 ) ) ;
#2694 = CARTESIAN_POINT ( 'NONE',  ( 15.00000000000000711, -74.99999999999997158, 5.000000000000000000 ) ) ;
#2695 = ORIENTED_EDGE ( 'NONE', *, *, #2051, .T. ) ;
#2696 = CARTESIAN_POINT ( 'NONE',  ( 49.99999999999999289, -71.99999999999997158, 5.000000000000000000 ) ) ;
#2697 = ORIENTED_EDGE ( 'NONE', *, *, #2574, .T. ) ;
#2698 = VERTEX_POINT ( 'NONE', #4415 ) ;
#2699 = DIRECTION ( 'NONE',  ( 2.135044278125300850E-16, 1.000000000000000000, 0.000000000000000000 ) ) ;
#2700 = VERTEX_POINT ( 'NONE', #2407 ) ;
#2701 = FACE_OUTER_BOUND ( 'NONE', #3095, .T. ) ;
#2702 = EDGE_CURVE ( 'NONE', #3687, #4841, #8836, .T. ) ;
#2703 = ORIENTED_EDGE ( 'NONE', *, *, #8291, .F. ) ;
#2704 = EDGE_LOOP ( 'NONE', ( #2464, #1621, #3759, #7827 ) ) ;
#2705 = CARTESIAN_POINT ( 'NONE',  ( 5.000000000000004441, 20.00000000000000000, 5.000000000000000000 ) ) ;
#2706 = VERTEX_POINT ( 'NONE', #5318 ) ;
#2707 = DIRECTION ( 'NONE',  ( -1.850371707708594070E-16, 1.000000000000000000, 0.000000000000000000 ) ) ;
#2708 = CARTESIAN_POINT ( 'NONE',  ( -72.00000000000000000, -71.99999999999997158, 1.999999999999999556 ) ) ;
#2709 = ADVANCED_FACE ( 'NONE', ( #2457 ), #1653, .F. ) ;
#2710 = DIRECTION ( 'NONE',  ( -1.000000000000000000, 0.000000000000000000, 8.673617379884028076E-17 ) ) ;
#2711 = VECTOR ( 'NONE', #7067, 1000.000000000000000 ) ;
#2712 = LINE ( 'NONE', #4034, #3874 ) ;
#2713 = PLANE ( 'NONE',  #5436 ) ;
#2714 = VECTOR ( 'NONE', #2834, 1000.000000000000000 ) ;
#2715 = FACE_OUTER_BOUND ( 'NONE', #6577, .T. ) ;
#2716 = LINE ( 'NONE', #6716, #7542 ) ;
#2717 = LINE ( 'NONE', #2676, #1633 ) ;
#2718 = DIRECTION ( 'NONE',  ( 1.850371707708594316E-16, -1.000000000000000000, 0.000000000000000000 ) ) ;
#2719 = FACE_OUTER_BOUND ( 'NONE', #3353, .T. ) ;
#2720 = ADVANCED_FACE ( 'NONE', ( #6612 ), #4614, .F. ) ;
#2721 = DIRECTION ( 'NONE',  ( 1.000000000000000000, 0.000000000000000000, 0.000000000000000000 ) ) ;
#2722 = ORIENTED_EDGE ( 'NONE', *, *, #1823, .T. ) ;
#2723 = ORIENTED_EDGE ( 'NONE', *, *, #675, .F. ) ;
#2724 = VECTOR ( 'NONE', #7685, 1000.000000000000000 ) ;
#2725 = FACE_OUTER_BOUND ( 'NONE', #1950, .T. ) ;
#2726 = VECTOR ( 'NONE', #6048, 1000.000000000000000 ) ;
#2727 = DIRECTION ( 'NONE',  ( 0.000000000000000000, 0.000000000000000000, -1.000000000000000000 ) ) ;
#2728 = FACE_OUTER_BOUND ( 'NONE', #5695, .T. ) ;
#2729 = ORIENTED_EDGE ( 'NONE', *, *, #1470, .T. ) ;
#2730 = AXIS2_PLACEMENT_3D ( 'NONE', #4606, #2251, #8728 ) ;
#2731 = DIRECTION ( 'NONE',  ( -8.673617379884028076E-17, 0.000000000000000000, -1.000000000000000000 ) ) ;
#2733 = DIRECTION ( 'NONE',  ( -1.000000000000000000, -1.850371707708594070E-16, 0.000000000000000000 ) ) ;
#2732 = AXIS2_PLACEMENT_3D ( 'NONE', #1445, #2852, #3451 ) ;
#2734 = EDGE_CURVE ( 'NONE', #6533, #5503, #1704, .T. ) ;
#2735 = ORIENTED_EDGE ( 'NONE', *, *, #2082, .F. ) ;
#2736 = EDGE_CURVE ( 'NONE', #7782, #5332, #3065, .T. ) ;
#2737 = VERTEX_POINT ( 'NONE', #8029 ) ;
#2738 = VECTOR ( 'NONE', #6733, 1000.000000000000000 ) ;
#2739 = VECTOR ( 'NONE', #2246, 1000.000000000000000 ) ;
#2740 = DIRECTION ( 'NONE',  ( 1.000000000000000000, -0.000000000000000000, -0.000000000000000000 ) ) ;
#2741 = DIRECTION ( 'NONE',  ( -0.000000000000000000, -0.000000000000000000, 1.000000000000000000 ) ) ;
#2742 = ORIENTED_EDGE ( 'NONE', *, *, #6933, .T. ) ;
#2743 = CARTESIAN_POINT ( 'NONE',  ( -30.00000000000000000, -74.99999999999997158, 5.000000000000000000 ) ) ;
#2744 = VERTEX_POINT ( 'NONE', #4518 ) ;
#2745 = AXIS2_PLACEMENT_3D ( 'NONE', #1763, #6028, #4626 ) ;
#2746 = CARTESIAN_POINT ( 'NONE',  ( -13.00000000000002487, 72.00000000000002842, 5.000000000000000000 ) ) ;
#2747 = ORIENTED_EDGE ( 'NONE', *, *, #1663, .F. ) ;
#2748 = EDGE_CURVE ( 'NONE', #7124, #8263, #6914, .T. ) ;
#2749 = ORIENTED_EDGE ( 'NONE', *, *, #4767, .T. ) ;
#2750 = DIRECTION ( 'NONE',  ( -1.000000000000000000, 0.000000000000000000, -1.734723475976807834E-16 ) ) ;
#2751 = EDGE_LOOP ( 'NONE', ( #6199, #5752, #8209, #4812 ) ) ;
#2752 = VECTOR ( 'NONE', #2264, 1000.000000000000000 ) ;
#2753 = LINE ( 'NONE', #2088, #4566 ) ;
#2754 = ORIENTED_EDGE ( 'NONE', *, *, #8833, .T. ) ;
#2755 = EDGE_CURVE ( 'NONE', #9165, #8324, #5423, .T. ) ;
#2756 = DIRECTION ( 'NONE',  ( -1.000000000000000000, -0.000000000000000000, -0.000000000000000000 ) ) ;
#2757 = VERTEX_POINT ( 'NONE', #8929 ) ;
#2758 = CARTESIAN_POINT ( 'NONE',  ( 61.99999999999997868, 75.00000000000002842, 2.000000000000000000 ) ) ;
#2759 = ORIENTED_EDGE ( 'NONE', *, *, #9020, .T. ) ;
#2760 = DIRECTION ( 'NONE',  ( -0.000000000000000000, 1.000000000000000000, -0.000000000000000000 ) ) ;
#2761 = DIRECTION ( 'NONE',  ( -1.000000000000000000, 0.000000000000000000, 0.000000000000000000 ) ) ;
#2762 = VECTOR ( 'NONE', #7995, 1000.000000000000000 ) ;
#2763 = LINE ( 'NONE', #5059, #3765 ) ;
#2764 = EDGE_CURVE ( 'NONE', #3399, #9231, #2893, .T. ) ;
#2765 = AXIS2_PLACEMENT_3D ( 'NONE', #411, #3123, #8089 ) ;
#2766 = VECTOR ( 'NONE', #6874, 1000.000000000000000 ) ;
#2767 = DIRECTION ( 'NONE',  ( 1.000000000000000000, 1.850371707708594070E-16, -0.000000000000000000 ) ) ;
#2768 = DIRECTION ( 'NONE',  ( -1.000000000000000000, 0.000000000000000000, 8.673617379884028076E-17 ) ) ;
#2769 = LINE ( 'NONE', #5485, #2376 ) ;
#2770 = LINE ( 'NONE', #654, #5748 ) ;
#2771 = CARTESIAN_POINT ( 'NONE',  ( 7.500000000000000000, -18.00000000000000355, 5.000000000000000000 ) ) ;
#2772 = DIRECTION ( 'NONE',  ( -1.000000000000000000, -0.000000000000000000, -0.000000000000000000 ) ) ;
#2773 = FACE_OUTER_BOUND ( 'NONE', #5699, .T. ) ;
#2774 = DIRECTION ( 'NONE',  ( 1.000000000000000000, 0.000000000000000000, 0.000000000000000000 ) ) ;
#2775 = ORIENTED_EDGE ( 'NONE', *, *, #117, .T. ) ;
#2776 = ORIENTED_EDGE ( 'NONE', *, *, #309, .T. ) ;
#2777 =( GEOMETRIC_REPRESENTATION_CONTEXT ( 3 ) GLOBAL_UNCERTAINTY_ASSIGNED_CONTEXT ( ( #5696 ) ) GLOBAL_UNIT_ASSIGNED_CONTEXT ( ( #1545, #6545, #104 ) ) REPRESENTATION_CONTEXT ( 'NONE', 'WORKASPACE' ) );
#2778 = LINE ( 'NONE', #8493, #5605 ) ;
#2779 = EDGE_CURVE ( 'NONE', #1324, #6518, #4680, .T. ) ;
#2780 = LINE ( 'NONE', #7780, #8097 ) ;
#2781 = DIRECTION ( 'NONE',  ( -0.000000000000000000, -1.000000000000000000, -0.000000000000000000 ) ) ;
#2782 = ORIENTED_EDGE ( 'NONE', *, *, #6292, .T. ) ;
#2783 = VECTOR ( 'NONE', #4500, 1000.000000000000000 ) ;
#2784 = DIRECTION ( 'NONE',  ( 1.734723475976807834E-16, 0.000000000000000000, -1.000000000000000000 ) ) ;
#2785 = LINE ( 'NONE', #6603, #7035 ) ;
#2786 = ORIENTED_EDGE ( 'NONE', *, *, #7378, .F. ) ;
#2787 = ORIENTED_EDGE ( 'NONE', *, *, #3840, .F. ) ;
#2788 = EDGE_CURVE ( 'NONE', #6342, #6620, #4569, .T. ) ;
#2789 = LINE ( 'NONE', #6900, #3820 ) ;
#2790 = CARTESIAN_POINT ( 'NONE',  ( 60.00000000000000711, -71.99999999999997158, 2.000000000000000000 ) ) ;
#2791 = ORIENTED_EDGE ( 'NONE', *, *, #3030, .T. ) ;
#2792 = LINE ( 'NONE', #2696, #6332 ) ;
#2793 = ORIENTED_EDGE ( 'NONE', *, *, #4074, .F. ) ;
#2794 = VERTEX_POINT ( 'NONE', #3762 ) ;
#2795 = DIRECTION ( 'NONE',  ( -1.850371707708594070E-16, 1.000000000000000000, 0.000000000000000000 ) ) ;
#2796 = ORIENTED_EDGE ( 'NONE', *, *, #5153, .F. ) ;
#2797 = ORIENTED_EDGE ( 'NONE', *, *, #4186, .T. ) ;
#2798 = DIRECTION ( 'NONE',  ( -0.000000000000000000, -1.000000000000000000, -0.000000000000000000 ) ) ;
#2799 = ORIENTED_EDGE ( 'NONE', *, *, #1894, .T. ) ;
#2800 = EDGE_CURVE ( 'NONE', #3106, #1141, #958, .T. ) ;
#2801 = CARTESIAN_POINT ( 'NONE',  ( -38.00000000000002132, 72.00000000000002842, 5.000000000000000000 ) ) ;
#2802 = EDGE_CURVE ( 'NONE', #5242, #5681, #3209, .T. ) ;
#2803 = VERTEX_POINT ( 'NONE', #3817 ) ;
#2804 = LINE ( 'NONE', #5608, #1999 ) ;
#2805 = ORIENTED_EDGE ( 'NONE', *, *, #3500, .F. ) ;
#2806 = LINE ( 'NONE', #4957, #9057 ) ;
#2807 = ORIENTED_EDGE ( 'NONE', *, *, #9215, .T. ) ;
#2808 = LINE ( 'NONE', #5655, #7365 ) ;
#2809 = DIRECTION ( 'NONE',  ( -1.000000000000000000, 0.000000000000000000, 0.000000000000000000 ) ) ;
#2810 = DIRECTION ( 'NONE',  ( 0.000000000000000000, 0.000000000000000000, -1.000000000000000000 ) ) ;
#2811 = FACE_OUTER_BOUND ( 'NONE', #8715, .T. ) ;
#2812 = ORIENTED_EDGE ( 'NONE', *, *, #1350, .T. ) ;
#2813 = DIRECTION ( 'NONE',  ( -0.000000000000000000, 1.000000000000000000, -0.000000000000000000 ) ) ;
#2814 = CARTESIAN_POINT ( 'NONE',  ( 71.99999999999998579, 65.00000000000002842, 5.000000000000000000 ) ) ;
#2815 = LINE ( 'NONE', #8534, #8623 ) ;
#2816 = LINE ( 'NONE', #1309, #1082 ) ;
#2817 = FACE_OUTER_BOUND ( 'NONE', #7225, .T. ) ;
#2818 = EDGE_CURVE ( 'NONE', #3797, #5134, #7465, .T. ) ;
#2819 = ORIENTED_EDGE ( 'NONE', *, *, #5245, .F. ) ;
#2820 = ORIENTED_EDGE ( 'NONE', *, *, #8815, .F. ) ;
#2821 = EDGE_CURVE ( 'NONE', #2538, #7853, #3716, .T. ) ;
#2822 = LINE ( 'NONE', #1457, #9045 ) ;
#2823 = AXIS2_PLACEMENT_3D ( 'NONE', #5204, #7445, #242 ) ;
#2824 = LINE ( 'NONE', #6553, #5549 ) ;
#2825 = CARTESIAN_POINT ( 'NONE',  ( 58.00000000000000711, 3.500000000000003109, 15.00000000000000000 ) ) ;
#2826 = ORIENTED_EDGE ( 'NONE', *, *, #6490, .T. ) ;
#2827 = CARTESIAN_POINT ( 'NONE',  ( 71.99999999999998579, 65.00000000000002842, 2.000000000000000000 ) ) ;
#2828 = LINE ( 'NONE', #8597, #8249 ) ;
#2829 = VERTEX_POINT ( 'NONE', #3907 ) ;
#2830 = ORIENTED_EDGE ( 'NONE', *, *, #870, .F. ) ;
#2831 = AXIS2_PLACEMENT_3D ( 'NONE', #3962, #5403, #6812 ) ;
#2832 = ADVANCED_FACE ( 'NONE', ( #6758 ), #159, .F. ) ;
#2833 = CARTESIAN_POINT ( 'NONE',  ( 75.00000000000001421, -44.99999999999997158, 5.000000000000000000 ) ) ;
#2834 = DIRECTION ( 'NONE',  ( -0.000000000000000000, -0.000000000000000000, 1.000000000000000000 ) ) ;
#2835 = VERTEX_POINT ( 'NONE', #3158 ) ;
#2836 = AXIS2_PLACEMENT_3D ( 'NONE', #8069, #1645, #950 ) ;
#2837 = CARTESIAN_POINT ( 'NONE',  ( -72.00000000000000000, -46.99999999999998579, 1.999999999999999556 ) ) ;
#2838 = CARTESIAN_POINT ( 'NONE',  ( -72.00000000000001421, 33.00000000000001421, 5.000000000000000000 ) ) ;
#2839 = ORIENTED_EDGE ( 'NONE', *, *, #4765, .T. ) ;
#2840 = ORIENTED_EDGE ( 'NONE', *, *, #7274, .T. ) ;
#2841 = DIRECTION ( 'NONE',  ( 1.000000000000000000, 0.000000000000000000, 0.000000000000000000 ) ) ;
#2842 = ORIENTED_EDGE ( 'NONE', *, *, #6282, .T. ) ;
#2843 = ORIENTED_EDGE ( 'NONE', *, *, #2764, .T. ) ;
#2844 = FACE_OUTER_BOUND ( 'NONE', #1371, .T. ) ;
#2845 = EDGE_CURVE ( 'NONE', #6355, #4932, #6014, .T. ) ;
#2846 = ORIENTED_EDGE ( 'NONE', *, *, #1330, .F. ) ;
#2847 = CARTESIAN_POINT ( 'NONE',  ( 45.00000000000002842, -45.00000000000001421, 5.000000000000000000 ) ) ;
#2848 = ORIENTED_EDGE ( 'NONE', *, *, #8372, .F. ) ;
#2849 = FACE_OUTER_BOUND ( 'NONE', #2516, .T. ) ;
#2850 = ORIENTED_EDGE ( 'NONE', *, *, #257, .F. ) ;
#2851 = CARTESIAN_POINT ( 'NONE',  ( 71.99999999999998579, 60.00000000000002132, 1.999999999999999556 ) ) ;
#2852 = DIRECTION ( 'NONE',  ( 1.000000000000000000, 0.000000000000000000, 0.000000000000000000 ) ) ;
#2853 = EDGE_CURVE ( 'NONE', #6109, #2803, #8738, .T. ) ;
#2854 = EDGE_CURVE ( 'NONE', #3079, #1757, #6848, .T. ) ;
#2855 = DIRECTION ( 'NONE',  ( 1.000000000000000000, 0.000000000000000000, 0.000000000000000000 ) ) ;
#2856 = DIRECTION ( 'NONE',  ( -0.000000000000000000, -0.000000000000000000, 1.000000000000000000 ) ) ;
#2857 = LINE ( 'NONE', #8579, #5366 ) ;
#2858 = ORIENTED_EDGE ( 'NONE', *, *, #5099, .T. ) ;
#2859 = DIRECTION ( 'NONE',  ( 1.000000000000000000, 0.000000000000000000, 0.000000000000000000 ) ) ;
#2860 = LINE ( 'NONE', #8716, #5820 ) ;
#2861 = VECTOR ( 'NONE', #1931, 1000.000000000000000 ) ;
#2862 = ORIENTED_EDGE ( 'NONE', *, *, #1741, .F. ) ;
#2863 = CARTESIAN_POINT ( 'NONE',  ( -43.00000000000002132, 72.00000000000002842, 2.000000000000000444 ) ) ;
#2864 = DIRECTION ( 'NONE',  ( 0.000000000000000000, -1.000000000000000000, 8.673617379884040402E-17 ) ) ;
#2865 = EDGE_CURVE ( 'NONE', #2964, #7100, #8969, .T. ) ;
#2866 = LINE ( 'NONE', #2915, #5273 ) ;
#2867 = VERTEX_POINT ( 'NONE', #6142 ) ;
#2868 = ORIENTED_EDGE ( 'NONE', *, *, #9217, .F. ) ;
#2869 = CARTESIAN_POINT ( 'NONE',  ( -72.00000000000001421, 72.00000000000002842, 2.000000000000000444 ) ) ;
#2870 =( NAMED_UNIT ( * ) PLANE_ANGLE_UNIT ( ) SI_UNIT ( $, .RADIAN. ) );
#2871 = DIRECTION ( 'NONE',  ( -0.000000000000000000, 1.000000000000000000, -0.000000000000000000 ) ) ;
#2872 = ORIENTED_EDGE ( 'NONE', *, *, #3773, .T. ) ;
#2873 = ADVANCED_FACE ( 'NONE', ( #9060 ), #4840, .F. ) ;
#2874 = DIRECTION ( 'NONE',  ( 0.000000000000000000, -1.000000000000000000, 8.673617379884040402E-17 ) ) ;
#2875 = FACE_OUTER_BOUND ( 'NONE', #3131, .T. ) ;
#2876 = VECTOR ( 'NONE', #7451, 1000.000000000000000 ) ;
#2877 = ORIENTED_EDGE ( 'NONE', *, *, #6330, .T. ) ;
#2878 = ORIENTED_EDGE ( 'NONE', *, *, #8143, .F. ) ;
#2879 = VECTOR ( 'NONE', #6547, 1000.000000000000000 ) ;
#2880 = CARTESIAN_POINT ( 'NONE',  ( 7.500000000000000000, -18.00000000000000000, 10.00000000000000178 ) ) ;
#2881 = AXIS2_PLACEMENT_3D ( 'NONE', #4541, #7909, #790 ) ;
#2882 = CARTESIAN_POINT ( 'NONE',  ( 31.99999999999997868, 72.00000000000002842, 2.000000000000000000 ) ) ;
#2883 = EDGE_LOOP ( 'NONE', ( #5263, #6492, #3059, #5685 ) ) ;
#2884 = EDGE_CURVE ( 'NONE', #5044, #7208, #2543, .T. ) ;
#2885 = CARTESIAN_POINT ( 'NONE',  ( -72.00000000000000000, -21.99999999999998579, 5.000000000000000000 ) ) ;
#2886 = DIRECTION ( 'NONE',  ( -1.000000000000000000, 0.000000000000000000, -1.734723475976807834E-16 ) ) ;
#2887 = ORIENTED_EDGE ( 'NONE', *, *, #7304, .T. ) ;
#2888 = ORIENTED_EDGE ( 'NONE', *, *, #4226, .T. ) ;
#2889 = CARTESIAN_POINT ( 'NONE',  ( -40.00000000000000000, -74.99999999999997158, 2.000000000000000000 ) ) ;
#2890 = ORIENTED_EDGE ( 'NONE', *, *, #1928, .F. ) ;
#2891 = ORIENTED_EDGE ( 'NONE', *, *, #181, .T. ) ;
#2892 = CARTESIAN_POINT ( 'NONE',  ( 75.00000000000000000, 5.000000000000018652, 2.000000000000000000 ) ) ;
#2893 = CIRCLE ( 'NONE', #2280, 1.600000000000006750 ) ;
#2894 = AXIS2_PLACEMENT_3D ( 'NONE', #829, #2228, #3683 ) ;
#2895 = ORIENTED_EDGE ( 'NONE', *, *, #23, .T. ) ;
#2896 = DIRECTION ( 'NONE',  ( -0.000000000000000000, -0.000000000000000000, 1.000000000000000000 ) ) ;
#2897 = ADVANCED_FACE ( 'NONE', ( #2728 ), #2686, .F. ) ;
#2898 = VECTOR ( 'NONE', #7915, 1000.000000000000000 ) ;
#2899 = LINE ( 'NONE', #7047, #6628 ) ;
#2900 = VERTEX_POINT ( 'NONE', #7559 ) ;
#2901 = DIRECTION ( 'NONE',  ( 0.000000000000000000, 0.000000000000000000, -1.000000000000000000 ) ) ;
#2902 = LINE ( 'NONE', #8429, #7514 ) ;
#2903 = PLANE ( 'NONE',  #9009 ) ;
#2904 = VECTOR ( 'NONE', #1154, 1000.000000000000000 ) ;
#2905 = EDGE_LOOP ( 'NONE', ( #377, #7255, #3864, #1993 ) ) ;
#2906 = EDGE_CURVE ( 'NONE', #8761, #1288, #8314, .T. ) ;
#2907 = CARTESIAN_POINT ( 'NONE',  ( 16.99999999999997513, 72.00000000000002842, 2.000000000000000444 ) ) ;
#2908 = ADVANCED_FACE ( 'NONE', ( #2592 ), #1184, .F. ) ;
#2909 = FACE_OUTER_BOUND ( 'NONE', #631, .T. ) ;
#2910 = EDGE_LOOP ( 'NONE', ( #736, #157, #3595, #372 ) ) ;
#2911 = VECTOR ( 'NONE', #5640, 1000.000000000000000 ) ;
#2912 = CARTESIAN_POINT ( 'NONE',  ( 72.00000000000001421, -59.99999999999998579, 1.999999999999999556 ) ) ;
#2913 = VERTEX_POINT ( 'NONE', #8355 ) ;
#2914 = PLANE ( 'NONE',  #1972 ) ;
#2915 = CARTESIAN_POINT ( 'NONE',  ( 72.00000000000001421, -64.99999999999998579, 5.000000000000000000 ) ) ;
#2916 = EDGE_LOOP ( 'NONE', ( #4499, #8859 ) ) ;
#2917 = VECTOR ( 'NONE', #6598, 1000.000000000000000 ) ;
#2918 = VECTOR ( 'NONE', #6434, 1000.000000000000000 ) ;
#2919 = FACE_OUTER_BOUND ( 'NONE', #2522, .T. ) ;
#2920 = EDGE_CURVE ( 'NONE', #1323, #6826, #3338, .T. ) ;
#2921 = CARTESIAN_POINT ( 'NONE',  ( -7.500000000000000000, -18.00000000000000000, 10.00000000000000355 ) ) ;
#2922 = CARTESIAN_POINT ( 'NONE',  ( 75.00000000000001421, -64.99999999999998579, 2.000000000000000000 ) ) ;
#2923 = EDGE_CURVE ( 'NONE', #7822, #2000, #7507, .T. ) ;
#2924 = DIRECTION ( 'NONE',  ( 1.000000000000000000, 0.000000000000000000, 0.000000000000000000 ) ) ;
#2925 = CARTESIAN_POINT ( 'NONE',  ( -59.60000000000001563, 3.500000000000003109, 15.00000000000000000 ) ) ;
#2926 = VECTOR ( 'NONE', #4800, 1000.000000000000000 ) ;
#2927 = VECTOR ( 'NONE', #8013, 1000.000000000000000 ) ;
#2928 = VERTEX_POINT ( 'NONE', #6188 ) ;
#2929 = ORIENTED_EDGE ( 'NONE', *, *, #1248, .T. ) ;
#2930 = PLANE ( 'NONE',  #9207 ) ;
#2931 = LINE ( 'NONE', #5133, #8563 ) ;
#2932 = EDGE_LOOP ( 'NONE', ( #7137, #2787, #4901, #2462 ) ) ;
#2933 = CARTESIAN_POINT ( 'NONE',  ( -75.00000000000000000, 72.00000000000002842, 1.999999999999999112 ) ) ;
#2934 = DIRECTION ( 'NONE',  ( -0.000000000000000000, -0.000000000000000000, -1.000000000000000000 ) ) ;
#2935 = VERTEX_POINT ( 'NONE', #6809 ) ;
#2936 = DIRECTION ( 'NONE',  ( -0.000000000000000000, 1.000000000000000000, -0.000000000000000000 ) ) ;
#2937 = ORIENTED_EDGE ( 'NONE', *, *, #2385, .F. ) ;
#2938 = ORIENTED_EDGE ( 'NONE', *, *, #5256, .F. ) ;
#2939 = CARTESIAN_POINT ( 'NONE',  ( -72.00000000000000000, -11.99999999999998934, 5.000000000000000000 ) ) ;
#2940 = EDGE_CURVE ( 'NONE', #8294, #8783, #5287, .T. ) ;
#2941 = ADVANCED_FACE ( 'NONE', ( #1840 ), #2639, .F. ) ;
#2942 = CARTESIAN_POINT ( 'NONE',  ( 72.00000000000000000, 20.00000000000001776, 5.000000000000000000 ) ) ;
#2943 = CARTESIAN_POINT ( 'NONE',  ( 51.99999999999997868, 72.00000000000002842, 2.000000000000000000 ) ) ;
#2944 = VERTEX_POINT ( 'NONE', #1146 ) ;
#2945 = DIRECTION ( 'NONE',  ( -1.000000000000000000, -1.850371707708594070E-16, -0.000000000000000000 ) ) ;
#2946 = CARTESIAN_POINT ( 'NONE',  ( -72.00000000000001421, -40.00000000000000000, 0.000000000000000000 ) ) ;
#2947 = CARTESIAN_POINT ( 'NONE',  ( -20.00000000000000000, 72.00000000000002842, 0.000000000000000000 ) ) ;
#2948 = EDGE_CURVE ( 'NONE', #934, #8838, #4046, .T. ) ;
#2949 = EDGE_LOOP ( 'NONE', ( #3181, #7175, #3929, #7474 ) ) ;
#2950 = LINE ( 'NONE', #1541, #4838 ) ;
#2951 = DIRECTION ( 'NONE',  ( 1.000000000000000000, 1.850371707708594070E-16, -0.000000000000000000 ) ) ;
#2952 = VERTEX_POINT ( 'NONE', #7641 ) ;
#2953 = CARTESIAN_POINT ( 'NONE',  ( -72.00000000000001421, 63.00000000000001421, 5.000000000000000000 ) ) ;
#2954 = SURFACE_STYLE_FILL_AREA ( #5162 ) ;
#2955 = CARTESIAN_POINT ( 'NONE',  ( -75.00000000000000000, 23.00000000000001421, 5.000000000000000000 ) ) ;
#2956 = LINE ( 'NONE', #7164, #7650 ) ;
#2957 = ORIENTED_EDGE ( 'NONE', *, *, #4611, .T. ) ;
#2958 = EDGE_CURVE ( 'NONE', #5681, #412, #1227, .T. ) ;
#2959 = LINE ( 'NONE', #4421, #7845 ) ;
#2960 = FACE_OUTER_BOUND ( 'NONE', #2030, .T. ) ;
#2961 = LINE ( 'NONE', #3568, #4982 ) ;
#2962 = CARTESIAN_POINT ( 'NONE',  ( 72.00000000000000000, -70.00000000000000000, 0.000000000000000000 ) ) ;
#2963 = CARTESIAN_POINT ( 'NONE',  ( -72.00000000000001421, 58.00000000000001421, 2.000000000000000000 ) ) ;
#2964 = VERTEX_POINT ( 'NONE', #1975 ) ;
#2965 = VERTEX_POINT ( 'NONE', #6275 ) ;
#2966 = EDGE_CURVE ( 'NONE', #3019, #5313, #9151, .T. ) ;
#2967 = ADVANCED_FACE ( 'NONE', ( #402 ), #3250, .F. ) ;
#2968 = CIRCLE ( 'NONE', #4915, 1.600000000000006750 ) ;
#2969 = DIRECTION ( 'NONE',  ( -0.000000000000000000, 1.000000000000000000, 8.673617379884028076E-17 ) ) ;
#2970 = DIRECTION ( 'NONE',  ( 1.604941620322697548E-32, -8.673617379884039170E-17, -1.000000000000000000 ) ) ;
#2971 = VERTEX_POINT ( 'NONE', #2922 ) ;
#2972 = DIRECTION ( 'NONE',  ( 1.000000000000000000, -0.000000000000000000, 1.734723475976808080E-16 ) ) ;
#2973 = CARTESIAN_POINT ( 'NONE',  ( 71.99999999999998579, 45.00000000000002842, 2.000000000000000000 ) ) ;
#2974 = EDGE_LOOP ( 'NONE', ( #3835, #2658, #590, #4490 ) ) ;
#2975 = VECTOR ( 'NONE', #5323, 1000.000000000000000 ) ;
#2976 = DIRECTION ( 'NONE',  ( 0.000000000000000000, 0.000000000000000000, -1.000000000000000000 ) ) ;
#2977 = ORIENTED_EDGE ( 'NONE', *, *, #2845, .F. ) ;
#2978 = ORIENTED_EDGE ( 'NONE', *, *, #5104, .F. ) ;
#2979 = CARTESIAN_POINT ( 'NONE',  ( 72.00000000000000000, 25.00000000000002132, 5.000000000000000000 ) ) ;
#2980 = ADVANCED_FACE ( 'NONE', ( #7123 ), #3524, .F. ) ;
#2981 = VECTOR ( 'NONE', #6468, 1000.000000000000000 ) ;
#2982 = DIRECTION ( 'NONE',  ( -1.604941620322695085E-32, 8.673617379884028076E-17, -1.000000000000000000 ) ) ;
#2983 = EDGE_LOOP ( 'NONE', ( #8139, #4547, #5328, #547 ) ) ;
#2984 = CARTESIAN_POINT ( 'NONE',  ( 0.000000000000000000, -74.99999999999997158, 5.000000000000000000 ) ) ;
#2985 = ORIENTED_EDGE ( 'NONE', *, *, #181, .F. ) ;
#2986 = EDGE_CURVE ( 'NONE', #4677, #1017, #5723, .T. ) ;
#2987 = DIRECTION ( 'NONE',  ( -0.000000000000000000, 1.000000000000000000, -0.000000000000000000 ) ) ;
#2988 = DIRECTION ( 'NONE',  ( -0.000000000000000000, -0.000000000000000000, 1.000000000000000000 ) ) ;
#2989 = FACE_OUTER_BOUND ( 'NONE', #3954, .T. ) ;
#2990 = EDGE_LOOP ( 'NONE', ( #8084, #6706, #8373, #4008 ) ) ;
#2991 = CARTESIAN_POINT ( 'NONE',  ( -72.00000000000001421, 23.00000000000001421, 5.000000000000000000 ) ) ;
#2992 = PLANE ( 'NONE',  #4163 ) ;
#2993 = VERTEX_POINT ( 'NONE', #715 ) ;
#2994 = EDGE_CURVE ( 'NONE', #2928, #8547, #9202, .T. ) ;
#2995 = CARTESIAN_POINT ( 'NONE',  ( -50.00000000000000000, -74.99999999999997158, 5.000000000000000000 ) ) ;
#2996 = CARTESIAN_POINT ( 'NONE',  ( 0.000000000000000000, 0.000000000000000000, 5.000000000000000000 ) ) ;
#2997 = DIRECTION ( 'NONE',  ( -0.000000000000000000, -0.000000000000000000, -1.000000000000000000 ) ) ;
#2998 = DIRECTION ( 'NONE',  ( -0.000000000000000000, -0.000000000000000000, -1.000000000000000000 ) ) ;
#2999 = ORIENTED_EDGE ( 'NONE', *, *, #347, .T. ) ;
#3000 = CARTESIAN_POINT ( 'NONE',  ( -72.00000000000000000, -46.99999999999998579, 5.000000000000000000 ) ) ;
#3001 = CARTESIAN_POINT ( 'NONE',  ( -72.00000000000001421, -1.999999999999980460, 5.000000000000000000 ) ) ;
#3002 = DIRECTION ( 'NONE',  ( -2.312964634635742661E-15, -0.000000000000000000, 1.000000000000000000 ) ) ;
#3003 = VECTOR ( 'NONE', #6711, 1000.000000000000000 ) ;
#3004 = EDGE_CURVE ( 'NONE', #7404, #588, #617, .T. ) ;
#3005 = CARTESIAN_POINT ( 'NONE',  ( -75.00000000000000000, -41.99999999999998579, 2.000000000000000000 ) ) ;
#3006 = LINE ( 'NONE', #4509, #7199 ) ;
#3007 = ORIENTED_EDGE ( 'NONE', *, *, #3789, .F. ) ;
#3008 = VERTEX_POINT ( 'NONE', #4281 ) ;
#3009 = VECTOR ( 'NONE', #536, 1000.000000000000000 ) ;
#3010 = PLANE ( 'NONE',  #3068 ) ;
#3011 = DIRECTION ( 'NONE',  ( 0.000000000000000000, -0.000000000000000000, -1.000000000000000000 ) ) ;
#3012 = DIRECTION ( 'NONE',  ( 0.000000000000000000, -0.000000000000000000, 1.000000000000000000 ) ) ;
#3013 = ORIENTED_EDGE ( 'NONE', *, *, #982, .F. ) ;
#3014 = EDGE_CURVE ( 'NONE', #1009, #6241, #4931, .T. ) ;
#3015 = VECTOR ( 'NONE', #3, 1000.000000000000000 ) ;
#3016 = CARTESIAN_POINT ( 'NONE',  ( -10.00000000000000888, -74.99999999999997158, 5.000000000000000000 ) ) ;
#3017 = LINE ( 'NONE', #5230, #8744 ) ;
#3018 = EDGE_CURVE ( 'NONE', #2700, #8263, #6465, .T. ) ;
#3019 = VERTEX_POINT ( 'NONE', #2066 ) ;
#3020 = DIRECTION ( 'NONE',  ( -0.000000000000000000, 1.000000000000000000, -0.000000000000000000 ) ) ;
#3021 = VERTEX_POINT ( 'NONE', #7781 ) ;
#3022 = VERTEX_POINT ( 'NONE', #6373 ) ;
#3023 = CARTESIAN_POINT ( 'NONE',  ( -72.00000000000001421, 68.00000000000001421, 5.000000000000000000 ) ) ;
#3024 = CIRCLE ( 'NONE', #5861, 1.600000000000005196 ) ;
#3025 = VECTOR ( 'NONE', #745, 1000.000000000000000 ) ;
#3026 = DIRECTION ( 'NONE',  ( 1.000000000000000000, -0.000000000000000000, -0.000000000000000000 ) ) ;
#3027 = VECTOR ( 'NONE', #7357, 1000.000000000000000 ) ;
#3028 = VERTEX_POINT ( 'NONE', #7881 ) ;
#3029 = DIRECTION ( 'NONE',  ( -1.000000000000000000, -1.850371707708594070E-16, 0.000000000000000000 ) ) ;
#3030 = EDGE_CURVE ( 'NONE', #5467, #814, #112, .T. ) ;
#3031 = EDGE_LOOP ( 'NONE', ( #7987, #5834, #2218, #4192 ) ) ;
#3032 = AXIS2_PLACEMENT_3D ( 'NONE', #5270, #7319, #8125 ) ;
#3033 = CARTESIAN_POINT ( 'NONE',  ( 75.00000000000000000, -14.99999999999997158, 2.000000000000000000 ) ) ;
#3034 = VECTOR ( 'NONE', #418, 1000.000000000000000 ) ;
#3035 = DIRECTION ( 'NONE',  ( 1.604941620322697548E-32, -8.673617379884039170E-17, -1.000000000000000000 ) ) ;
#3036 = ORIENTED_EDGE ( 'NONE', *, *, #44, .T. ) ;
#3037 = CARTESIAN_POINT ( 'NONE',  ( 72.00000000000000000, 35.00000000000002132, 2.000000000000000000 ) ) ;
#3038 = ADVANCED_FACE ( 'NONE', ( #1504 ), #2165, .F. ) ;
#3039 = VECTOR ( 'NONE', #1784, 1000.000000000000000 ) ;
#3040 = ORIENTED_EDGE ( 'NONE', *, *, #8578, .T. ) ;
#3041 = DIRECTION ( 'NONE',  ( -1.000000000000000000, 0.000000000000000000, -1.239088197126289831E-16 ) ) ;
#3042 = ORIENTED_EDGE ( 'NONE', *, *, #5856, .T. ) ;
#3043 = DIRECTION ( 'NONE',  ( -0.000000000000000000, -0.000000000000000000, 1.000000000000000000 ) ) ;
#3044 = FACE_OUTER_BOUND ( 'NONE', #335, .T. ) ;
#3045 = VERTEX_POINT ( 'NONE', #3664 ) ;
#3046 = EDGE_LOOP ( 'NONE', ( #2108, #2084, #8045, #3790 ) ) ;
#3047 = LINE ( 'NONE', #2294, #8468 ) ;
#3048 = CARTESIAN_POINT ( 'NONE',  ( -48.00000000000001421, 72.00000000000002842, 2.000000000000000000 ) ) ;
#3049 = VECTOR ( 'NONE', #4353, 1000.000000000000000 ) ;
#3050 = DIRECTION ( 'NONE',  ( -0.000000000000000000, 1.000000000000000000, -0.000000000000000000 ) ) ;
#3051 = EDGE_CURVE ( 'NONE', #4277, #3582, #2113, .T. ) ;
#3052 = EDGE_CURVE ( 'NONE', #1798, #6338, #2961, .T. ) ;
#3053 = LINE ( 'NONE', #8775, #7086 ) ;
#3054 = VECTOR ( 'NONE', #1516, 1000.000000000000000 ) ;
#3055 = CARTESIAN_POINT ( 'NONE',  ( 4.999999999999999112, -20.00000000000000000, 5.000000000000000000 ) ) ;
#3056 = CARTESIAN_POINT ( 'NONE',  ( -58.00000000000002132, 75.00000000000002842, 5.000000000000000000 ) ) ;
#3057 = FACE_OUTER_BOUND ( 'NONE', #5367, .T. ) ;
#3058 = DIRECTION ( 'NONE',  ( 1.850371707708594316E-16, -1.000000000000000000, 0.000000000000000000 ) ) ;
#3059 = ORIENTED_EDGE ( 'NONE', *, *, #5534, .T. ) ;
#3060 = ORIENTED_EDGE ( 'NONE', *, *, #4310, .F. ) ;
#3061 = VECTOR ( 'NONE', #3239, 1000.000000000000000 ) ;
#3062 = EDGE_CURVE ( 'NONE', #7603, #5324, #1459, .T. ) ;
#3063 = DIRECTION ( 'NONE',  ( -1.000000000000000000, 0.000000000000000000, -0.000000000000000000 ) ) ;
#3064 = CARTESIAN_POINT ( 'NONE',  ( -72.00000000000000000, -21.99999999999998579, 5.000000000000000000 ) ) ;
#3065 = LINE ( 'NONE', #4470, #8271 ) ;
#3066 = DIRECTION ( 'NONE',  ( 1.000000000000000000, 1.850371707708594070E-16, -0.000000000000000000 ) ) ;
#3067 = VERTEX_POINT ( 'NONE', #3473 ) ;
#3068 = AXIS2_PLACEMENT_3D ( 'NONE', #7982, #4384, #5781 ) ;
#3069 = VECTOR ( 'NONE', #546, 1000.000000000000000 ) ;
#3070 = CARTESIAN_POINT ( 'NONE',  ( -10.00000000000000178, -74.99999999999997158, 2.000000000000000000 ) ) ;
#3071 = FACE_OUTER_BOUND ( 'NONE', #7331, .T. ) ;
#3072 = EDGE_LOOP ( 'NONE', ( #6037, #1332, #8520, #8753 ) ) ;
#3073 = CARTESIAN_POINT ( 'NONE',  ( 72.00000000000001421, -59.99999999999998579, 5.000000000000000000 ) ) ;
#3074 = ORIENTED_EDGE ( 'NONE', *, *, #4110, .F. ) ;
#3075 = ORIENTED_EDGE ( 'NONE', *, *, #6901, .T. ) ;
#3076 = DIRECTION ( 'NONE',  ( -1.000000000000000000, 0.000000000000000000, 0.000000000000000000 ) ) ;
#3077 = EDGE_CURVE ( 'NONE', #4442, #9222, #5775, .T. ) ;
#3078 = CIRCLE ( 'NONE', #5175, 1.600000000000004086 ) ;
#3079 = VERTEX_POINT ( 'NONE', #5076 ) ;
#3080 = LINE ( 'NONE', #2189, #6795 ) ;
#3081 = VERTEX_POINT ( 'NONE', #5814 ) ;
#3082 = CARTESIAN_POINT ( 'NONE',  ( -75.00000000000001421, 75.00000000000002842, 5.000000000000000000 ) ) ;
#3083 = ORIENTED_EDGE ( 'NONE', *, *, #4622, .F. ) ;
#3084 = CARTESIAN_POINT ( 'NONE',  ( -72.00000000000000000, -110.0000000000000000, 0.000000000000000000 ) ) ;
#3085 = LINE ( 'NONE', #4403, #2125 ) ;
#3086 = ORIENTED_EDGE ( 'NONE', *, *, #8372, .T. ) ;
#3087 = EDGE_CURVE ( 'NONE', #5093, #7179, #7929, .T. ) ;
#3088 = EDGE_CURVE ( 'NONE', #6872, #4472, #8680, .T. ) ;
#3089 = EDGE_LOOP ( 'NONE', ( #2872, #7693, #8512, #7720 ) ) ;
#3090 = CARTESIAN_POINT ( 'NONE',  ( -70.00000000000000000, -71.99999999999997158, 2.000000000000000000 ) ) ;
#3091 = EDGE_LOOP ( 'NONE', ( #6077, #3930, #8980, #6369 ) ) ;
#3092 = DIRECTION ( 'NONE',  ( 1.000000000000000000, 1.850371707708594070E-16, 0.000000000000000000 ) ) ;
#3093 = DIRECTION ( 'NONE',  ( -0.000000000000000000, -1.000000000000000000, -0.000000000000000000 ) ) ;
#3094 = VERTEX_POINT ( 'NONE', #1317 ) ;
#3095 = EDGE_LOOP ( 'NONE', ( #4755, #7471, #3587, #9268 ) ) ;
#3096 = CARTESIAN_POINT ( 'NONE',  ( -75.00000000000001421, 75.00000000000002842, 5.000000000000000000 ) ) ;
#3097 = LINE ( 'NONE', #3849, #6461 ) ;
#3098 = FACE_OUTER_BOUND ( 'NONE', #5139, .T. ) ;
#3099 = CARTESIAN_POINT ( 'NONE',  ( 65.00000000000000000, -71.99999999999997158, 4.999999999999999112 ) ) ;
#3100 = CARTESIAN_POINT ( 'NONE',  ( -72.00000000000000000, -46.99999999999998579, 1.999999999999999556 ) ) ;
#3101 = CARTESIAN_POINT ( 'NONE',  ( 72.00000000000001421, -44.99999999999997158, 5.000000000000000000 ) ) ;
#3102 = CARTESIAN_POINT ( 'NONE',  ( 7.500000000000000000, 18.00000000000000000, 10.00000000000000178 ) ) ;
#3103 = CARTESIAN_POINT ( 'NONE',  ( 21.99999999999997868, 75.00000000000002842, 5.000000000000000000 ) ) ;
#3104 = EDGE_CURVE ( 'NONE', #832, #8358, #4180, .T. ) ;
#3105 = EDGE_CURVE ( 'NONE', #588, #1249, #5630, .T. ) ;
#3106 = VERTEX_POINT ( 'NONE', #5910 ) ;
#3107 = VERTEX_POINT ( 'NONE', #1043 ) ;
#3108 = EDGE_LOOP ( 'NONE', ( #8688, #1747, #7998, #6627 ) ) ;
#3109 = LINE ( 'NONE', #4567, #2372 ) ;
#3110 = DIRECTION ( 'NONE',  ( 1.850371707708594070E-16, -1.000000000000000000, 0.000000000000000000 ) ) ;
#3111 = CARTESIAN_POINT ( 'NONE',  ( 58.00000000000000711, 3.500000000000003109, 2.000000000000000000 ) ) ;
#3112 = LINE ( 'NONE', #5084, #6763 ) ;
#3113 = ORIENTED_EDGE ( 'NONE', *, *, #6438, .T. ) ;
#3114 = LINE ( 'NONE', #5971, #1476 ) ;
#3115 = CARTESIAN_POINT ( 'NONE',  ( -72.00000000000001421, 53.00000000000001421, 1.999999999999999556 ) ) ;
#3116 = ORIENTED_EDGE ( 'NONE', *, *, #1025, .F. ) ;
#3117 = ADVANCED_FACE ( 'NONE', ( #3854 ), #5260, .F. ) ;
#3118 = ORIENTED_EDGE ( 'NONE', *, *, #7490, .T. ) ;
#3119 = EDGE_LOOP ( 'NONE', ( #6008, #190, #7990, #9080 ) ) ;
#3120 = LINE ( 'NONE', #2466, #4086 ) ;
#3121 = VECTOR ( 'NONE', #3844, 1000.000000000000000 ) ;
#3122 = ORIENTED_EDGE ( 'NONE', *, *, #9146, .F. ) ;
#3123 = DIRECTION ( 'NONE',  ( 0.000000000000000000, -0.000000000000000000, 1.000000000000000000 ) ) ;
#3124 = ORIENTED_EDGE ( 'NONE', *, *, #7491, .T. ) ;
#3125 = VECTOR ( 'NONE', #121, 1000.000000000000000 ) ;
#3126 = CARTESIAN_POINT ( 'NONE',  ( 72.00000000000001421, -54.99999999999997868, 2.000000000000000000 ) ) ;
#3127 = ORIENTED_EDGE ( 'NONE', *, *, #5303, .F. ) ;
#3128 = EDGE_CURVE ( 'NONE', #6391, #4043, #252, .T. ) ;
#3129 = CARTESIAN_POINT ( 'NONE',  ( -5.000000000000000888, -20.00000000000000000, 5.000000000000000000 ) ) ;
#3130 = DIRECTION ( 'NONE',  ( -0.000000000000000000, -1.000000000000000000, -0.000000000000000000 ) ) ;
#3131 = EDGE_LOOP ( 'NONE', ( #1624, #41, #2786, #8755 ) ) ;
#3132 = ORIENTED_EDGE ( 'NONE', *, *, #5982, .T. ) ;
#3133 = AXIS2_PLACEMENT_3D ( 'NONE', #3570, #5776, #5726 ) ;
#3134 = ORIENTED_EDGE ( 'NONE', *, *, #2584, .T. ) ;
#3135 = CARTESIAN_POINT ( 'NONE',  ( 71.99999999999998579, -5.551115123125782702E-16, 0.000000000000000000 ) ) ;
#3136 = ORIENTED_EDGE ( 'NONE', *, *, #8977, .T. ) ;
#3137 = CARTESIAN_POINT ( 'NONE',  ( -20.00000000000000355, -71.99999999999997158, 5.000000000000000000 ) ) ;
#3138 = VECTOR ( 'NONE', #8303, 1000.000000000000000 ) ;
#3139 = ADVANCED_FACE ( 'NONE', ( #2351 ), #152, .F. ) ;
#3140 = LINE ( 'NONE', #8195, #9125 ) ;
#3141 = VERTEX_POINT ( 'NONE', #3056 ) ;
#3142 = EDGE_CURVE ( 'NONE', #1625, #3986, #895, .T. ) ;
#3143 = VERTEX_POINT ( 'NONE', #5215 ) ;
#3144 = CARTESIAN_POINT ( 'NONE',  ( -28.00000000000002487, 72.00000000000002842, 5.000000000000000000 ) ) ;
#3145 = DIRECTION ( 'NONE',  ( -1.000000000000000000, -1.850371707708594070E-16, -0.000000000000000000 ) ) ;
#3146 = DIRECTION ( 'NONE',  ( 1.734723475976807834E-16, 0.000000000000000000, -1.000000000000000000 ) ) ;
#3147 = DIRECTION ( 'NONE',  ( 0.000000000000000000, 0.000000000000000000, -1.000000000000000000 ) ) ;
#3148 = CARTESIAN_POINT ( 'NONE',  ( -75.00000000000001421, -1.999999999999980904, 2.000000000000000000 ) ) ;
#3149 = CARTESIAN_POINT ( 'NONE',  ( 75.00000000000000000, 25.00000000000002132, 5.000000000000000000 ) ) ;
#3150 = PLANE ( 'NONE',  #6559 ) ;
#3151 = EDGE_CURVE ( 'NONE', #3391, #3681, #5308, .T. ) ;
#3152 = DIRECTION ( 'NONE',  ( -0.000000000000000000, -1.000000000000000000, -0.000000000000000000 ) ) ;
#3153 = ORIENTED_EDGE ( 'NONE', *, *, #5791, .T. ) ;
#3154 = ORIENTED_EDGE ( 'NONE', *, *, #5658, .T. ) ;
#3155 = DIRECTION ( 'NONE',  ( -0.000000000000000000, -0.000000000000000000, -1.000000000000000000 ) ) ;
#3156 = EDGE_CURVE ( 'NONE', #4342, #6378, #8113, .T. ) ;
#3157 = LINE ( 'NONE', #6013, #913 ) ;
#3158 = CARTESIAN_POINT ( 'NONE',  ( 72.00000000000001421, -71.99999999999997158, 2.000000000000000000 ) ) ;
#3159 = LINE ( 'NONE', #8885, #4676 ) ;
#3160 = ORIENTED_EDGE ( 'NONE', *, *, #3500, .T. ) ;
#3161 = DIRECTION ( 'NONE',  ( -1.000000000000000000, 0.000000000000000000, -0.000000000000000000 ) ) ;
#3162 = DIRECTION ( 'NONE',  ( 1.000000000000000000, -0.000000000000000000, 0.000000000000000000 ) ) ;
#3163 = ORIENTED_EDGE ( 'NONE', *, *, #851, .F. ) ;
#3164 = VERTEX_POINT ( 'NONE', #6049 ) ;
#3165 = AXIS2_PLACEMENT_3D ( 'NONE', #1552, #7833, #4280 ) ;
#3166 = ORIENTED_EDGE ( 'NONE', *, *, #8065, .F. ) ;
#3167 = FACE_OUTER_BOUND ( 'NONE', #6752, .T. ) ;
#3168 = ORIENTED_EDGE ( 'NONE', *, *, #8087, .F. ) ;
#3169 = ADVANCED_FACE ( 'NONE', ( #1743 ), #8067, .F. ) ;
#3170 = VECTOR ( 'NONE', #8159, 1000.000000000000000 ) ;
#3171 = DIRECTION ( 'NONE',  ( -1.000000000000000000, -1.850371707708594070E-16, -0.000000000000000000 ) ) ;
#3172 = VECTOR ( 'NONE', #2209, 1000.000000000000000 ) ;
#3173 = VERTEX_POINT ( 'NONE', #999 ) ;
#3174 = PLANE ( 'NONE',  #4099 ) ;
#3175 = ORIENTED_EDGE ( 'NONE', *, *, #5937, .F. ) ;
#3176 = DIRECTION ( 'NONE',  ( 0.000000000000000000, -0.000000000000000000, 1.000000000000000000 ) ) ;
#3177 = DIRECTION ( 'NONE',  ( -1.000000000000000000, 0.000000000000000000, 0.000000000000000000 ) ) ;
#3178 = AXIS2_PLACEMENT_3D ( 'NONE', #7406, #3799, #146 ) ;
#3179 = VECTOR ( 'NONE', #8776, 1000.000000000000000 ) ;
#3180 = ADVANCED_FACE ( 'NONE', ( #8777 ), #1553, .F. ) ;
#3181 = ORIENTED_EDGE ( 'NONE', *, *, #33, .T. ) ;
#3182 = VECTOR ( 'NONE', #8593, 1000.000000000000000 ) ;
#3183 = FACE_OUTER_BOUND ( 'NONE', #1059, .T. ) ;
#3184 = VECTOR ( 'NONE', #1166, 1000.000000000000000 ) ;
#3185 = ORIENTED_EDGE ( 'NONE', *, *, #4912, .F. ) ;
#3186 = DIRECTION ( 'NONE',  ( -0.000000000000000000, -1.000000000000000000, -0.000000000000000000 ) ) ;
#3187 = CARTESIAN_POINT ( 'NONE',  ( 41.99999999999997868, 72.00000000000002842, 5.000000000000000000 ) ) ;
#3188 = ORIENTED_EDGE ( 'NONE', *, *, #948, .F. ) ;
#3189 = ORIENTED_EDGE ( 'NONE', *, *, #7934, .T. ) ;
#3190 = CARTESIAN_POINT ( 'NONE',  ( 72.00000000000001421, -49.99999999999997158, 5.000000000000000000 ) ) ;
#3191 = CARTESIAN_POINT ( 'NONE',  ( -40.00000000000000711, -71.99999999999997158, 5.000000000000000000 ) ) ;
#3192 = LINE ( 'NONE', #3896, #177 ) ;
#3193 = AXIS2_PLACEMENT_3D ( 'NONE', #330, #6915, #8376 ) ;
#3194 = VECTOR ( 'NONE', #3827, 1000.000000000000000 ) ;
#3195 = EDGE_CURVE ( 'NONE', #8802, #6693, #3708, .T. ) ;
#3196 = EDGE_CURVE ( 'NONE', #8411, #8547, #299, .T. ) ;
#3197 = CARTESIAN_POINT ( 'NONE',  ( -10.00000000000000178, -74.99999999999997158, 2.000000000000000000 ) ) ;
#3198 = LINE ( 'NONE', #390, #7517 ) ;
#3199 = CARTESIAN_POINT ( 'NONE',  ( 65.00000000000000000, -71.99999999999997158, 1.999999999999999112 ) ) ;
#3200 = VECTOR ( 'NONE', #7253, 1000.000000000000000 ) ;
#3201 = DIRECTION ( 'NONE',  ( 1.000000000000000000, -0.000000000000000000, 1.239088197126289831E-16 ) ) ;
#3202 = ORIENTED_EDGE ( 'NONE', *, *, #8902, .F. ) ;
#3203 = ORIENTED_EDGE ( 'NONE', *, *, #3600, .F. ) ;
#3204 = EDGE_CURVE ( 'NONE', #1192, #9131, #947, .T. ) ;
#3205 = VECTOR ( 'NONE', #6903, 1000.000000000000000 ) ;
#3206 = EDGE_CURVE ( 'NONE', #6953, #4221, #4560, .T. ) ;
#3207 = DIRECTION ( 'NONE',  ( -0.000000000000000000, -0.000000000000000000, 1.000000000000000000 ) ) ;
#3208 = DIRECTION ( 'NONE',  ( 1.000000000000000000, 0.000000000000000000, 0.000000000000000000 ) ) ;
#3209 = LINE ( 'NONE', #2360, #4538 ) ;
#3210 = LINE ( 'NONE', #403, #7802 ) ;
#3211 = VERTEX_POINT ( 'NONE', #6600 ) ;
#3212 = DIRECTION ( 'NONE',  ( -0.000000000000000000, 1.000000000000000000, 8.673617379884028076E-17 ) ) ;
#3213 = LINE ( 'NONE', #2507, #3920 ) ;
#3214 = AXIS2_PLACEMENT_3D ( 'NONE', #3536, #9260, #5687 ) ;
#3215 = ORIENTED_EDGE ( 'NONE', *, *, #223, .T. ) ;
#3216 = EDGE_LOOP ( 'NONE', ( #1228, #2754 ) ) ;
#3217 = ORIENTED_EDGE ( 'NONE', *, *, #7329, .T. ) ;
#3218 = VECTOR ( 'NONE', #4398, 1000.000000000000000 ) ;
#3219 = AXIS2_PLACEMENT_3D ( 'NONE', #1995, #456, #2699 ) ;
#3220 = CARTESIAN_POINT ( 'NONE',  ( -68.00000000000002842, 72.00000000000002842, 2.000000000000000000 ) ) ;
#3221 = ORIENTED_EDGE ( 'NONE', *, *, #1473, .F. ) ;
#3222 = DIRECTION ( 'NONE',  ( 0.000000000000000000, 0.000000000000000000, -1.000000000000000000 ) ) ;
#3223 = ORIENTED_EDGE ( 'NONE', *, *, #5956, .F. ) ;
#3224 = LINE ( 'NONE', #923, #6653 ) ;
#3225 = EDGE_CURVE ( 'NONE', #8294, #3479, #1644, .T. ) ;
#3226 = LINE ( 'NONE', #1725, #3943 ) ;
#3227 = EDGE_CURVE ( 'NONE', #4427, #6124, #200, .T. ) ;
#3228 = VECTOR ( 'NONE', #475, 1000.000000000000000 ) ;
#3229 = ORIENTED_EDGE ( 'NONE', *, *, #3755, .T. ) ;
#3230 = DIRECTION ( 'NONE',  ( 1.850371707708594070E-16, -1.000000000000000000, 0.000000000000000000 ) ) ;
#3231 = ORIENTED_EDGE ( 'NONE', *, *, #7887, .F. ) ;
#3232 = PLANE ( 'NONE',  #731 ) ;
#3233 = CARTESIAN_POINT ( 'NONE',  ( -75.00000000000001421, 75.00000000000002842, 5.000000000000000000 ) ) ;
#3234 = ORIENTED_EDGE ( 'NONE', *, *, #8223, .T. ) ;
#3235 = DIRECTION ( 'NONE',  ( -0.000000000000000000, -0.000000000000000000, 1.000000000000000000 ) ) ;
#3236 = FACE_OUTER_BOUND ( 'NONE', #2983, .T. ) ;
#3237 = EDGE_CURVE ( 'NONE', #5085, #7159, #5955, .T. ) ;
#3238 = LINE ( 'NONE', #6218, #3313 ) ;
#3239 = DIRECTION ( 'NONE',  ( -1.000000000000000000, -1.850371707708594070E-16, -0.000000000000000000 ) ) ;
#3240 = CARTESIAN_POINT ( 'NONE',  ( 72.00000000000000000, 30.00000000000002132, 1.999999999999999556 ) ) ;
#3241 = DIRECTION ( 'NONE',  ( 1.000000000000000000, 1.850371707708594070E-16, -0.000000000000000000 ) ) ;
#3242 = FACE_OUTER_BOUND ( 'NONE', #6723, .T. ) ;
#3243 = CARTESIAN_POINT ( 'NONE',  ( 60.00000000000000711, -71.99999999999997158, 2.000000000000000000 ) ) ;
#3244 = CARTESIAN_POINT ( 'NONE',  ( -72.00000000000000000, -26.99999999999998224, 5.000000000000000000 ) ) ;
#3245 = ADVANCED_FACE ( 'NONE', ( #8871 ), #2446, .F. ) ;
#3246 = EDGE_LOOP ( 'NONE', ( #4390, #4485, #5552, #4999 ) ) ;
#3247 = ORIENTED_EDGE ( 'NONE', *, *, #7830, .T. ) ;
#3248 = CARTESIAN_POINT ( 'NONE',  ( -74.99999999999998579, -56.99999999999997868, 5.000000000000000000 ) ) ;
#3249 = CARTESIAN_POINT ( 'NONE',  ( 49.99999999999999289, -71.99999999999997158, 5.000000000000000000 ) ) ;
#3250 = PLANE ( 'NONE',  #50 ) ;
#3251 = DIRECTION ( 'NONE',  ( 1.000000000000000000, -0.000000000000000000, 2.312964634635742661E-15 ) ) ;
#3252 = ORIENTED_EDGE ( 'NONE', *, *, #7304, .F. ) ;
#3253 = CARTESIAN_POINT ( 'NONE',  ( 72.00000000000001421, -44.99999999999997158, 5.000000000000000000 ) ) ;
#3254 = EDGE_LOOP ( 'NONE', ( #4181, #6288, #7186, #8017 ) ) ;
#3255 = ADVANCED_FACE ( 'NONE', ( #8299 ), #1875, .F. ) ;
#3256 = EDGE_LOOP ( 'NONE', ( #6295, #2036, #7663, #5718 ) ) ;
#3257 = ADVANCED_FACE ( 'NONE', ( #6132 ), #4781, .F. ) ;
#3258 = EDGE_LOOP ( 'NONE', ( #7431, #806, #1906, #3488 ) ) ;
#3259 = ORIENTED_EDGE ( 'NONE', *, *, #6793, .F. ) ;
#3260 = CARTESIAN_POINT ( 'NONE',  ( 75.00000000000001421, -59.99999999999998579, 5.000000000000000000 ) ) ;
#3261 = ORIENTED_EDGE ( 'NONE', *, *, #4913, .F. ) ;
#3262 = CARTESIAN_POINT ( 'NONE',  ( -4.999999999999990230, -74.99999999999997158, 1.999999999999999112 ) ) ;
#3263 = ORIENTED_EDGE ( 'NONE', *, *, #4747, .T. ) ;
#3264 = DIRECTION ( 'NONE',  ( -8.673617379884028076E-17, 0.000000000000000000, -1.000000000000000000 ) ) ;
#3265 = EDGE_CURVE ( 'NONE', #8800, #1992, #4079, .T. ) ;
#3266 = DIRECTION ( 'NONE',  ( 1.000000000000000000, -0.000000000000000000, 2.312964634635742661E-15 ) ) ;
#3267 = VECTOR ( 'NONE', #5619, 1000.000000000000000 ) ;
#3268 = ORIENTED_EDGE ( 'NONE', *, *, #492, .F. ) ;
#3269 = EDGE_CURVE ( 'NONE', #4221, #2913, #519, .T. ) ;
#3270 = FACE_OUTER_BOUND ( 'NONE', #1436, .T. ) ;
#3271 = EDGE_LOOP ( 'NONE', ( #2621, #5584, #438, #4387 ) ) ;
#3272 = FACE_OUTER_BOUND ( 'NONE', #5272, .T. ) ;
#3273 = DIRECTION ( 'NONE',  ( -1.000000000000000000, -0.000000000000000000, -0.000000000000000000 ) ) ;
#3274 = CARTESIAN_POINT ( 'NONE',  ( 72.00000000000000000, 5.000000000000017764, 5.000000000000000000 ) ) ;
#3276 = LINE ( 'NONE', #5520, #2577 ) ;
#3275 = VECTOR ( 'NONE', #2027, 1000.000000000000000 ) ;
#3277 = CARTESIAN_POINT ( 'NONE',  ( -29.99999999999999289, -71.99999999999997158, 2.000000000000000000 ) ) ;
#3278 = CARTESIAN_POINT ( 'NONE',  ( -72.00000000000001421, 3.000000000000016875, 5.000000000000000000 ) ) ;
#3279 = VECTOR ( 'NONE', #2582, 1000.000000000000000 ) ;
#3280 = ADVANCED_FACE ( 'NONE', ( #9047 ), #4035, .F. ) ;
#3281 = DIRECTION ( 'NONE',  ( -0.000000000000000000, 1.000000000000000000, -0.000000000000000000 ) ) ;
#3282 = FACE_OUTER_BOUND ( 'NONE', #4393, .T. ) ;
#3283 = DIRECTION ( 'NONE',  ( 0.000000000000000000, 0.000000000000000000, 1.000000000000000000 ) ) ;
#3284 = APPLICATION_CONTEXT ( 'automotive_design' ) ;
#3285 = DIRECTION ( 'NONE',  ( 0.000000000000000000, 0.000000000000000000, 1.000000000000000000 ) ) ;
#3286 = LINE ( 'NONE', #4435, #8316 ) ;
#3287 = DIRECTION ( 'NONE',  ( -1.000000000000000000, 0.000000000000000000, -0.000000000000000000 ) ) ;
#3288 = ORIENTED_EDGE ( 'NONE', *, *, #6662, .F. ) ;
#3289 = LINE ( 'NONE', #5526, #6245 ) ;
#3290 = ADVANCED_FACE ( 'NONE', ( #1086 ), #391, .F. ) ;
#3291 = CARTESIAN_POINT ( 'NONE',  ( -20.00000000000000000, -71.99999999999997158, 0.000000000000000000 ) ) ;
#3292 = DIRECTION ( 'NONE',  ( 1.000000000000000000, -0.000000000000000000, 2.312964634635742661E-15 ) ) ;
#3293 = CARTESIAN_POINT ( 'NONE',  ( -70.00000000000000000, -74.99999999999997158, 2.000000000000000000 ) ) ;
#3294 = CARTESIAN_POINT ( 'NONE',  ( 3.500000000000003109, 57.99999999999997158, 2.000000000000000000 ) ) ;
#3295 = ORIENTED_EDGE ( 'NONE', *, *, #128, .F. ) ;
#3296 = ORIENTED_EDGE ( 'NONE', *, *, #3227, .F. ) ;
#3297 = ORIENTED_EDGE ( 'NONE', *, *, #2986, .T. ) ;
#3298 = EDGE_CURVE ( 'NONE', #781, #384, #6879, .T. ) ;
#3299 = CARTESIAN_POINT ( 'NONE',  ( -3.000000000000030198, 72.00000000000002842, 5.000000000000000000 ) ) ;
#3300 = EDGE_CURVE ( 'NONE', #1324, #2196, #6174, .T. ) ;
#3301 = ORIENTED_EDGE ( 'NONE', *, *, #8033, .T. ) ;
#3302 = CARTESIAN_POINT ( 'NONE',  ( 72.00000000000000000, -80.00000000000000000, 0.000000000000000000 ) ) ;
#3303 = VERTEX_POINT ( 'NONE', #559 ) ;
#3304 = ORIENTED_EDGE ( 'NONE', *, *, #5432, .T. ) ;
#3305 = FACE_OUTER_BOUND ( 'NONE', #3358, .T. ) ;
#3306 = FACE_OUTER_BOUND ( 'NONE', #501, .T. ) ;
#3307 = ORIENTED_EDGE ( 'NONE', *, *, #5038, .T. ) ;
#3308 = EDGE_CURVE ( 'NONE', #1757, #1380, #4826, .T. ) ;
#3309 = ORIENTED_EDGE ( 'NONE', *, *, #6033, .F. ) ;
#3310 = CARTESIAN_POINT ( 'NONE',  ( 58.00000000000000711, -3.500000000000003109, 15.00000000000000000 ) ) ;
#3311 = EDGE_LOOP ( 'NONE', ( #5404, #5981 ) ) ;
#3312 = CARTESIAN_POINT ( 'NONE',  ( 72.00000000000000000, -29.99999999999998579, 5.000000000000000000 ) ) ;
#3313 = VECTOR ( 'NONE', #6876, 1000.000000000000000 ) ;
#3314 = DIRECTION ( 'NONE',  ( -1.000000000000000000, -1.850371707708594070E-16, 0.000000000000000000 ) ) ;
#3315 = EDGE_LOOP ( 'NONE', ( #7141, #3965, #5789, #3154 ) ) ;
#3316 = AXIS2_PLACEMENT_3D ( 'NONE', #2640, #310, #8356 ) ;
#3317 = CARTESIAN_POINT ( 'NONE',  ( 74.99999999999998579, 40.00000000000002132, 1.999999999999999556 ) ) ;
#3318 = CARTESIAN_POINT ( 'NONE',  ( 72.00000000000000000, 5.000000000000017764, 5.000000000000000000 ) ) ;
#3319 = EDGE_CURVE ( 'NONE', #3786, #7002, #803, .T. ) ;
#3320 = VECTOR ( 'NONE', #6093, 1000.000000000000000 ) ;
#3321 = VECTOR ( 'NONE', #8757, 1000.000000000000000 ) ;
#3322 = CARTESIAN_POINT ( 'NONE',  ( -72.00000000000000000, -26.99999999999998224, 1.999999999999999556 ) ) ;
#3323 = DIRECTION ( 'NONE',  ( 0.000000000000000000, 0.000000000000000000, -1.000000000000000000 ) ) ;
#3324 = CARTESIAN_POINT ( 'NONE',  ( 3.500000000000000888, -45.00000000000001421, 5.000000000000000000 ) ) ;
#3325 = DIRECTION ( 'NONE',  ( -0.000000000000000000, -0.000000000000000000, 1.000000000000000000 ) ) ;
#3326 = DIRECTION ( 'NONE',  ( -0.000000000000000000, -1.000000000000000000, -0.000000000000000000 ) ) ;
#3327 = LINE ( 'NONE', #1218, #2327 ) ;
#3328 = PLANE ( 'NONE',  #7049 ) ;
#3329 = VECTOR ( 'NONE', #357, 1000.000000000000000 ) ;
#3330 = VECTOR ( 'NONE', #5928, 1000.000000000000000 ) ;
#3331 = DIRECTION ( 'NONE',  ( 0.000000000000000000, 1.000000000000000000, 8.673617379884028076E-17 ) ) ;
#3332 = ADVANCED_FACE ( 'NONE', ( #3282 ), #5390, .F. ) ;
#3333 = VERTEX_POINT ( 'NONE', #3412 ) ;
#3334 = EDGE_CURVE ( 'NONE', #6581, #7950, #6220, .T. ) ;
#3335 = PLANE ( 'NONE',  #5068 ) ;
#3336 = VECTOR ( 'NONE', #6502, 1000.000000000000000 ) ;
#3337 = CARTESIAN_POINT ( 'NONE',  ( 41.99999999999997868, 72.00000000000002842, 5.000000000000000000 ) ) ;
#3338 = LINE ( 'NONE', #5583, #2442 ) ;
#3339 = CARTESIAN_POINT ( 'NONE',  ( 72.00000000000000000, -4.999999999999977796, 2.000000000000000000 ) ) ;
#3340 = LINE ( 'NONE', #5539, #4476 ) ;
#3341 = DIRECTION ( 'NONE',  ( 0.000000000000000000, 0.000000000000000000, 1.000000000000000000 ) ) ;
#3342 = ORIENTED_EDGE ( 'NONE', *, *, #6539, .F. ) ;
#3343 = VERTEX_POINT ( 'NONE', #9094 ) ;
#3344 = ADVANCED_FACE ( 'NONE', ( #8248 ), #1135, .F. ) ;
#3345 = VECTOR ( 'NONE', #9128, 1000.000000000000000 ) ;
#3346 = CARTESIAN_POINT ( 'NONE',  ( 7.500000000000000000, 18.00000000000000355, 5.000000000000000000 ) ) ;
#3347 = ORIENTED_EDGE ( 'NONE', *, *, #1780, .T. ) ;
#3348 = VECTOR ( 'NONE', #4389, 1000.000000000000000 ) ;
#3349 = DIRECTION ( 'NONE',  ( 0.000000000000000000, 1.000000000000000000, 0.000000000000000000 ) ) ;
#3350 = ORIENTED_EDGE ( 'NONE', *, *, #1425, .F. ) ;
#3351 = EDGE_LOOP ( 'NONE', ( #8085, #8256, #233, #8717 ) ) ;
#3352 = FACE_OUTER_BOUND ( 'NONE', #303, .T. ) ;
#3353 = EDGE_LOOP ( 'NONE', ( #4345, #3810, #4102, #4950 ) ) ;
#3354 = LINE ( 'NONE', #326, #9177 ) ;
#3355 = EDGE_CURVE ( 'NONE', #2091, #6202, #7496, .T. ) ;
#3356 = VERTEX_POINT ( 'NONE', #6797 ) ;
#3357 = VECTOR ( 'NONE', #641, 1000.000000000000000 ) ;
#3358 = EDGE_LOOP ( 'NONE', ( #1231, #6071, #5670, #7037 ) ) ;
#3359 = CARTESIAN_POINT ( 'NONE',  ( 65.00000000000000000, -74.99999999999997158, 4.999999999999999112 ) ) ;
#3360 = ORIENTED_EDGE ( 'NONE', *, *, #1903, .T. ) ;
#3361 = LINE ( 'NONE', #2566, #6250 ) ;
#3362 = CIRCLE ( 'NONE', #3970, 1.600000000000006750 ) ;
#3363 = AXIS2_PLACEMENT_3D ( 'NONE', #3976, #3264, #2557 ) ;
#3364 = CARTESIAN_POINT ( 'NONE',  ( -75.00000000000001421, 43.00000000000000711, 1.999999999999999556 ) ) ;
#3365 = EDGE_LOOP ( 'NONE', ( #3718, #5031 ) ) ;
#3366 = SHAPE_DEFINITION_REPRESENTATION ( #2645, #8234 ) ;
#3367 = DIRECTION ( 'NONE',  ( 0.000000000000000000, -1.000000000000000000, 8.673617379884040402E-17 ) ) ;
#3368 = EDGE_CURVE ( 'NONE', #1290, #4819, #6089, .T. ) ;
#3369 = EDGE_CURVE ( 'NONE', #5701, #4624, #4212, .T. ) ;
#3370 = DIRECTION ( 'NONE',  ( -1.000000000000000000, -1.850371707708594070E-16, -0.000000000000000000 ) ) ;
#3371 = AXIS2_PLACEMENT_3D ( 'NONE', #1519, #7236, #5742 ) ;
#3372 = CARTESIAN_POINT ( 'NONE',  ( 35.00000000000000000, -74.99999999999997158, 1.999999999999999112 ) ) ;
#3373 = DIRECTION ( 'NONE',  ( 1.734723475976807834E-16, 0.000000000000000000, -1.000000000000000000 ) ) ;
#3374 = DIRECTION ( 'NONE',  ( -0.000000000000000000, -1.000000000000000000, -0.000000000000000000 ) ) ;
#3375 = CARTESIAN_POINT ( 'NONE',  ( -8.000000000000021316, 72.00000000000002842, 2.000000000000000000 ) ) ;
#3376 = CARTESIAN_POINT ( 'NONE',  ( 71.99999999999998579, 75.00000000000002842, 2.000000000000000000 ) ) ;
#3377 = DIRECTION ( 'NONE',  ( 0.000000000000000000, 0.000000000000000000, -1.000000000000000000 ) ) ;
#3378 = CARTESIAN_POINT ( 'NONE',  ( -75.00000000000000000, -16.99999999999998579, 5.000000000000000000 ) ) ;
#3379 = EDGE_CURVE ( 'NONE', #5146, #2803, #6361, .T. ) ;
#3380 = LINE ( 'NONE', #5490, #1235 ) ;
#3381 = ORIENTED_EDGE ( 'NONE', *, *, #1713, .F. ) ;
#3382 = CARTESIAN_POINT ( 'NONE',  ( 56.99999999999997158, 72.00000000000002842, 2.000000000000000444 ) ) ;
#3383 = CARTESIAN_POINT ( 'NONE',  ( 19.99999999999999645, -74.99999999999997158, 5.000000000000000000 ) ) ;
#3384 = CARTESIAN_POINT ( 'NONE',  ( -72.00000000000001421, 72.00000000000002842, 5.000000000000000000 ) ) ;
#3385 = EDGE_CURVE ( 'NONE', #273, #2664, #5569, .T. ) ;
#3386 = ORIENTED_EDGE ( 'NONE', *, *, #5472, .T. ) ;
#3387 = EDGE_CURVE ( 'NONE', #52, #9229, #8482, .T. ) ;
#3388 = DIRECTION ( 'NONE',  ( -1.850371707708594316E-16, 1.000000000000000000, -0.000000000000000000 ) ) ;
#3389 = CARTESIAN_POINT ( 'NONE',  ( 72.00000000000000000, -24.99999999999998224, 2.000000000000000000 ) ) ;
#3390 = ORIENTED_EDGE ( 'NONE', *, *, #8065, .T. ) ;
#3391 = VERTEX_POINT ( 'NONE', #4873 ) ;
#3392 = CYLINDRICAL_SURFACE ( 'NONE', #2615, 7.500000000000000000 ) ;
#3393 = EDGE_LOOP ( 'NONE', ( #2392, #5963, #8814, #7237 ) ) ;
#3394 = EDGE_CURVE ( 'NONE', #2935, #2196, #5, .T. ) ;
#3395 = CARTESIAN_POINT ( 'NONE',  ( -18.00000000000001421, 72.00000000000002842, 2.000000000000000000 ) ) ;
#3396 = ORIENTED_EDGE ( 'NONE', *, *, #7677, .T. ) ;
#3397 = VERTEX_POINT ( 'NONE', #4917 ) ;
#3398 = FACE_OUTER_BOUND ( 'NONE', #5026, .T. ) ;
#3399 = VERTEX_POINT ( 'NONE', #7725 ) ;
#3400 = CARTESIAN_POINT ( 'NONE',  ( 0.000000000000000000, -45.00000000000001421, 12.00000000000000000 ) ) ;
#3401 = EDGE_LOOP ( 'NONE', ( #3060, #7272 ) ) ;
#3402 = EDGE_CURVE ( 'NONE', #5826, #8411, #7010, .T. ) ;
#3403 = LINE ( 'NONE', #6396, #1848 ) ;
#3404 = ORIENTED_EDGE ( 'NONE', *, *, #2286, .F. ) ;
#3405 = CARTESIAN_POINT ( 'NONE',  ( 59.60000000000001563, -3.500000000000003109, 2.000000000000000000 ) ) ;
#3406 = ORIENTED_EDGE ( 'NONE', *, *, #2092, .F. ) ;
#3407 = CARTESIAN_POINT ( 'NONE',  ( -75.00000000000001421, 23.00000000000001421, 1.999999999999999556 ) ) ;
#3408 = DIRECTION ( 'NONE',  ( -1.000000000000000000, 0.000000000000000000, -0.000000000000000000 ) ) ;
#3409 = VECTOR ( 'NONE', #4965, 1000.000000000000000 ) ;
#3410 = EDGE_CURVE ( 'NONE', #5242, #1863, #9187, .T. ) ;
#3411 = CARTESIAN_POINT ( 'NONE',  ( -72.00000000000001421, 13.00000000000001066, 5.000000000000000000 ) ) ;
#3412 = CARTESIAN_POINT ( 'NONE',  ( -75.00000000000000000, -61.99999999999997868, 2.000000000000000000 ) ) ;
#3413 = EDGE_CURVE ( 'NONE', #9113, #8222, #4962, .T. ) ;
#3414 = CARTESIAN_POINT ( 'NONE',  ( 72.00000000000000000, 5.000000000000017764, 2.000000000000000000 ) ) ;
#3415 = LINE ( 'NONE', #5972, #8444 ) ;
#3416 = VECTOR ( 'NONE', #2972, 1000.000000000000000 ) ;
#3417 = CARTESIAN_POINT ( 'NONE',  ( -72.00000000000001421, -1.999999999999980460, 5.000000000000000000 ) ) ;
#3418 = CARTESIAN_POINT ( 'NONE',  ( -60.00000000000000000, -71.99999999999997158, 5.000000000000000000 ) ) ;
#3419 = CARTESIAN_POINT ( 'NONE',  ( -75.00000000000001421, 75.00000000000002842, 5.000000000000000000 ) ) ;
#3420 = DIRECTION ( 'NONE',  ( -1.000000000000000000, -1.850371707708594070E-16, -0.000000000000000000 ) ) ;
#3421 = ORIENTED_EDGE ( 'NONE', *, *, #3128, .F. ) ;
#3422 = ORIENTED_EDGE ( 'NONE', *, *, #6477, .T. ) ;
#3423 = VECTOR ( 'NONE', #4646, 1000.000000000000000 ) ;
#3424 = DIRECTION ( 'NONE',  ( -1.000000000000000000, 0.000000000000000000, 0.000000000000000000 ) ) ;
#3425 = CARTESIAN_POINT ( 'NONE',  ( 3.500000000000003109, 57.99999999999997158, 5.000000000000000888 ) ) ;
#3426 = CARTESIAN_POINT ( 'NONE',  ( 74.99999999999998579, 75.00000000000002842, 5.000000000000000000 ) ) ;
#3427 = ADVANCED_FACE ( 'NONE', ( #7110 ), #2713, .F. ) ;
#3428 = ORIENTED_EDGE ( 'NONE', *, *, #4141, .F. ) ;
#3429 = CARTESIAN_POINT ( 'NONE',  ( 11.99999999999998224, 72.00000000000002842, 5.000000000000000000 ) ) ;
#3430 = LINE ( 'NONE', #4935, #1963 ) ;
#3431 = VERTEX_POINT ( 'NONE', #4165 ) ;
#3432 = VERTEX_POINT ( 'NONE', #1349 ) ;
#3433 = EDGE_CURVE ( 'NONE', #8987, #5693, #1393, .T. ) ;
#3434 = DIRECTION ( 'NONE',  ( 1.000000000000000000, 0.000000000000000000, 0.000000000000000000 ) ) ;
#3435 = FACE_OUTER_BOUND ( 'NONE', #6421, .T. ) ;
#3436 = VERTEX_POINT ( 'NONE', #2197 ) ;
#3437 = CARTESIAN_POINT ( 'NONE',  ( -75.00000000000001421, 75.00000000000002842, 5.000000000000000000 ) ) ;
#3438 = EDGE_LOOP ( 'NONE', ( #5190, #3867, #6615, #7069 ) ) ;
#3439 = ORIENTED_EDGE ( 'NONE', *, *, #7125, .F. ) ;
#3440 = CARTESIAN_POINT ( 'NONE',  ( -58.00000000000002132, 72.00000000000002842, 2.000000000000000000 ) ) ;
#3441 = ORIENTED_EDGE ( 'NONE', *, *, #687, .T. ) ;
#3442 = FACE_OUTER_BOUND ( 'NONE', #1897, .T. ) ;
#3443 = ORIENTED_EDGE ( 'NONE', *, *, #9234, .F. ) ;
#3444 = EDGE_CURVE ( 'NONE', #72, #4190, #7768, .T. ) ;
#3445 = CARTESIAN_POINT ( 'NONE',  ( 71.99999999999998579, 40.00000000000002132, 5.000000000000000000 ) ) ;
#3446 = AXIS2_PLACEMENT_3D ( 'NONE', #307, #3208, #1703 ) ;
#3447 = ORIENTED_EDGE ( 'NONE', *, *, #3319, .T. ) ;
#3448 = LINE ( 'NONE', #3547, #2148 ) ;
#3449 = ORIENTED_EDGE ( 'NONE', *, *, #7352, .F. ) ;
#3450 = CARTESIAN_POINT ( 'NONE',  ( -54.99999999999999289, -74.99999999999997158, 5.000000000000000000 ) ) ;
#3451 = DIRECTION ( 'NONE',  ( 0.000000000000000000, 0.000000000000000000, -1.000000000000000000 ) ) ;
#3452 = VECTOR ( 'NONE', #583, 1000.000000000000000 ) ;
#3453 = DIRECTION ( 'NONE',  ( -0.000000000000000000, -1.000000000000000000, -0.000000000000000000 ) ) ;
#3454 = EDGE_CURVE ( 'NONE', #8277, #5199, #7059, .T. ) ;
#3455 = VECTOR ( 'NONE', #6836, 1000.000000000000000 ) ;
#3456 = DIRECTION ( 'NONE',  ( 1.000000000000000000, -0.000000000000000000, 1.734723475976808080E-16 ) ) ;
#3457 = CARTESIAN_POINT ( 'NONE',  ( 61.99999999999997868, 72.00000000000002842, 5.000000000000000000 ) ) ;
#3458 = AXIS2_PLACEMENT_3D ( 'NONE', #8647, #2970, #5920 ) ;
#3459 = FACE_OUTER_BOUND ( 'NONE', #7710, .T. ) ;
#3460 = CARTESIAN_POINT ( 'NONE',  ( 72.00000000000000000, -39.99999999999997868, 1.999999999999999556 ) ) ;
#3461 = PLANE ( 'NONE',  #886 ) ;
#3462 = LINE ( 'NONE', #5622, #5470 ) ;
#3463 = CARTESIAN_POINT ( 'NONE',  ( 5.000000000000004441, 20.00000000000000000, 2.000000000000000000 ) ) ;
#3464 = CARTESIAN_POINT ( 'NONE',  ( 72.00000000000000000, -9.999999999999980460, 5.000000000000000000 ) ) ;
#3465 = ORIENTED_EDGE ( 'NONE', *, *, #3959, .F. ) ;
#3466 = ORIENTED_EDGE ( 'NONE', *, *, #4861, .T. ) ;
#3467 = EDGE_CURVE ( 'NONE', #7342, #1313, #652, .T. ) ;
#3468 = AXIS2_PLACEMENT_3D ( 'NONE', #4131, #4744, #394 ) ;
#3469 = AXIS2_PLACEMENT_3D ( 'NONE', #6302, #599, #2761 ) ;
#3470 = DIRECTION ( 'NONE',  ( -1.000000000000000000, 0.000000000000000000, 8.673617379884028076E-17 ) ) ;
#3471 = VECTOR ( 'NONE', #151, 1000.000000000000000 ) ;
#3472 = CARTESIAN_POINT ( 'NONE',  ( -28.00000000000002487, 72.00000000000002842, 2.000000000000000000 ) ) ;
#3473 = CARTESIAN_POINT ( 'NONE',  ( -40.00000000000000000, -71.99999999999997158, 5.000000000000000000 ) ) ;
#3474 = ORIENTED_EDGE ( 'NONE', *, *, #8977, .F. ) ;
#3475 = VECTOR ( 'NONE', #853, 1000.000000000000000 ) ;
#3476 = DIRECTION ( 'NONE',  ( -1.000000000000000000, 0.000000000000000000, 0.000000000000000000 ) ) ;
#3478 = DIRECTION ( 'NONE',  ( -1.000000000000000000, -1.850371707708594070E-16, -0.000000000000000000 ) ) ;
#3477 = CIRCLE ( 'NONE', #3784, 5.000000000000000000 ) ;
#3479 = VERTEX_POINT ( 'NONE', #7817 ) ;
#3480 = ORIENTED_EDGE ( 'NONE', *, *, #8591, .F. ) ;
#3481 = EDGE_CURVE ( 'NONE', #7403, #5934, #5707, .T. ) ;
#3482 = EDGE_CURVE ( 'NONE', #2473, #3164, #5017, .T. ) ;
#3483 = VECTOR ( 'NONE', #4409, 1000.000000000000000 ) ;
#3484 = CARTESIAN_POINT ( 'NONE',  ( -72.00000000000000000, -36.99999999999999289, 1.999999999999999556 ) ) ;
#3485 = CARTESIAN_POINT ( 'NONE',  ( 5.000000000000004441, -74.99999999999997158, 5.000000000000000000 ) ) ;
#3486 = ORIENTED_EDGE ( 'NONE', *, *, #3704, .F. ) ;
#3487 = CARTESIAN_POINT ( 'NONE',  ( -75.00000000000000000, -31.99999999999997868, 5.000000000000000000 ) ) ;
#3488 = ORIENTED_EDGE ( 'NONE', *, *, #1617, .F. ) ;
#3489 = ORIENTED_EDGE ( 'NONE', *, *, #8370, .F. ) ;
#3490 = VECTOR ( 'NONE', #5373, 1000.000000000000000 ) ;
#3491 = CARTESIAN_POINT ( 'NONE',  ( 7.500000000000000000, 0.000000000000000000, 10.00000000000000000 ) ) ;
#3492 = ORIENTED_EDGE ( 'NONE', *, *, #5982, .F. ) ;
#3493 = VERTEX_POINT ( 'NONE', #6262 ) ;
#3494 = CARTESIAN_POINT ( 'NONE',  ( 75.00000000000000000, 5.000000000000018652, 2.000000000000000000 ) ) ;
#3495 = AXIS2_PLACEMENT_3D ( 'NONE', #7376, #824, #6431 ) ;
#3496 = PLANE ( 'NONE',  #5314 ) ;
#3497 = VERTEX_POINT ( 'NONE', #9136 ) ;
#3498 = DIRECTION ( 'NONE',  ( 0.000000000000000000, 1.000000000000000000, 8.673617379884028076E-17 ) ) ;
#3499 = ORIENTED_EDGE ( 'NONE', *, *, #4431, .T. ) ;
#3500 = EDGE_CURVE ( 'NONE', #275, #6391, #1447, .T. ) ;
#3501 = EDGE_CURVE ( 'NONE', #8191, #5831, #4313, .T. ) ;
#3502 = LINE ( 'NONE', #2851, #6056 ) ;
#3503 = ORIENTED_EDGE ( 'NONE', *, *, #5014, .F. ) ;
#3504 = LINE ( 'NONE', #7673, #2187 ) ;
#3505 = CARTESIAN_POINT ( 'NONE',  ( -58.00000000000002132, 72.00000000000002842, 2.000000000000000000 ) ) ;
#3506 = VECTOR ( 'NONE', #8799, 1000.000000000000000 ) ;
#3507 = DIRECTION ( 'NONE',  ( -1.000000000000000000, 0.000000000000000000, 0.000000000000000000 ) ) ;
#3508 = VECTOR ( 'NONE', #2969, 1000.000000000000000 ) ;
#3509 = VECTOR ( 'NONE', #6299, 1000.000000000000000 ) ;
#3510 = CARTESIAN_POINT ( 'NONE',  ( 0.000000000000000000, -45.00000000000001421, 5.000000000000000000 ) ) ;
#3511 = DIRECTION ( 'NONE',  ( -0.000000000000000000, 1.000000000000000000, 8.673617379884028076E-17 ) ) ;
#3512 = CARTESIAN_POINT ( 'NONE',  ( -90.00000000000000000, -71.99999999999997158, 0.000000000000000000 ) ) ;
#3513 = DIRECTION ( 'NONE',  ( 0.000000000000000000, 1.000000000000000000, 0.000000000000000000 ) ) ;
#3514 = ADVANCED_FACE ( 'NONE', ( #3602 ), #6452, .F. ) ;
#3515 = CARTESIAN_POINT ( 'NONE',  ( 75.00000000000000000, 25.00000000000002132, 2.000000000000000000 ) ) ;
#3516 = DIRECTION ( 'NONE',  ( 1.000000000000000000, 0.000000000000000000, 0.000000000000000000 ) ) ;
#3517 = CARTESIAN_POINT ( 'NONE',  ( -72.00000000000001421, 48.00000000000001421, 5.000000000000000000 ) ) ;
#3518 = FACE_OUTER_BOUND ( 'NONE', #6668, .T. ) ;
#3519 = ORIENTED_EDGE ( 'NONE', *, *, #3656, .T. ) ;
#3520 = EDGE_LOOP ( 'NONE', ( #2999, #1770, #5639, #5665 ) ) ;
#3521 = VECTOR ( 'NONE', #634, 1000.000000000000000 ) ;
#3522 = DIRECTION ( 'NONE',  ( 0.000000000000000000, 1.000000000000000000, 0.000000000000000000 ) ) ;
#3523 = DIRECTION ( 'NONE',  ( 0.000000000000000000, 0.000000000000000000, -1.000000000000000000 ) ) ;
#3524 = CYLINDRICAL_SURFACE ( 'NONE', #7815, 1.600000000000004086 ) ;
#3525 = ORIENTED_EDGE ( 'NONE', *, *, #7352, .T. ) ;
#3526 = EDGE_CURVE ( 'NONE', #6124, #4088, #8668, .T. ) ;
#3527 = CARTESIAN_POINT ( 'NONE',  ( 72.00000000000000000, -19.99999999999997513, 5.000000000000000000 ) ) ;
#3528 = DIRECTION ( 'NONE',  ( 0.000000000000000000, 0.000000000000000000, -1.000000000000000000 ) ) ;
#3529 = ORIENTED_EDGE ( 'NONE', *, *, #7948, .T. ) ;
#3530 = EDGE_LOOP ( 'NONE', ( #6105, #8267, #4727, #2020 ) ) ;
#3531 = DIRECTION ( 'NONE',  ( -1.000000000000000000, 0.000000000000000000, 8.673617379884028076E-17 ) ) ;
#3532 = LINE ( 'NONE', #6428, #2257 ) ;
#3533 = ORIENTED_EDGE ( 'NONE', *, *, #7567, .F. ) ;
#3534 = EDGE_CURVE ( 'NONE', #3886, #2227, #3842, .T. ) ;
#3535 = CARTESIAN_POINT ( 'NONE',  ( 40.00000000000000711, -71.99999999999997158, 2.000000000000000000 ) ) ;
#3536 = CARTESIAN_POINT ( 'NONE',  ( 7.500000000000000000, -18.00000000000000355, 5.000000000000000000 ) ) ;
#3537 = EDGE_CURVE ( 'NONE', #8628, #2159, #932, .T. ) ;
#3538 = ORIENTED_EDGE ( 'NONE', *, *, #1268, .F. ) ;
#3539 = ORIENTED_EDGE ( 'NONE', *, *, #249, .F. ) ;
#3540 = PLANE ( 'NONE',  #8618 ) ;
#3541 = EDGE_LOOP ( 'NONE', ( #2087, #1508, #9026, #1716 ) ) ;
#3542 = ORIENTED_EDGE ( 'NONE', *, *, #5099, .F. ) ;
#3543 = CARTESIAN_POINT ( 'NONE',  ( -75.00000000000000000, 13.00000000000001066, 5.000000000000000000 ) ) ;
#3544 = EDGE_LOOP ( 'NONE', ( #227, #3136, #2508, #3999 ) ) ;
#3545 = CARTESIAN_POINT ( 'NONE',  ( -72.00000000000001421, 8.000000000000014211, 2.000000000000000000 ) ) ;
#3546 = ORIENTED_EDGE ( 'NONE', *, *, #1160, .F. ) ;
#3547 = CARTESIAN_POINT ( 'NONE',  ( -75.00000000000001421, 75.00000000000002842, 5.000000000000000000 ) ) ;
#3548 = EDGE_CURVE ( 'NONE', #5989, #2588, #2431, .T. ) ;
#3549 = ORIENTED_EDGE ( 'NONE', *, *, #1628, .F. ) ;
#3550 = DIRECTION ( 'NONE',  ( -1.000000000000000000, -0.000000000000000000, -0.000000000000000000 ) ) ;
#3551 = DIRECTION ( 'NONE',  ( -1.000000000000000000, 0.000000000000000000, 0.000000000000000000 ) ) ;
#3552 = CARTESIAN_POINT ( 'NONE',  ( 72.00000000000000000, -34.99999999999997868, 5.000000000000000000 ) ) ;
#3553 = EDGE_CURVE ( 'NONE', #2196, #6568, #6776, .T. ) ;
#3554 = DIRECTION ( 'NONE',  ( -1.000000000000000000, -1.850371707708594070E-16, -0.000000000000000000 ) ) ;
#3555 = CARTESIAN_POINT ( 'NONE',  ( -40.00000000000000000, -71.99999999999997158, 2.000000000000000000 ) ) ;
#3556 = ORIENTED_EDGE ( 'NONE', *, *, #8186, .F. ) ;
#3557 = DIRECTION ( 'NONE',  ( -1.000000000000000000, -1.850371707708594070E-16, -0.000000000000000000 ) ) ;
#3558 = LINE ( 'NONE', #9, #7925 ) ;
#3559 = DIRECTION ( 'NONE',  ( -1.000000000000000000, 0.000000000000000000, 0.000000000000000000 ) ) ;
#3560 = FACE_OUTER_BOUND ( 'NONE', #7476, .T. ) ;
#3561 = VERTEX_POINT ( 'NONE', #5844 ) ;
#3562 = EDGE_LOOP ( 'NONE', ( #6827, #8522, #5947, #835 ) ) ;
#3563 = CIRCLE ( 'NONE', #7908, 1.600000000000004086 ) ;
#3564 = EDGE_CURVE ( 'NONE', #2225, #7670, #1584, .T. ) ;
#3565 = LINE ( 'NONE', #8540, #821 ) ;
#3566 = VECTOR ( 'NONE', #8714, 1000.000000000000000 ) ;
#3567 = SURFACE_STYLE_FILL_AREA ( #5774 ) ;
#3568 = CARTESIAN_POINT ( 'NONE',  ( 50.00000000000000000, -71.99999999999997158, 2.000000000000000000 ) ) ;
#3569 = ORIENTED_EDGE ( 'NONE', *, *, #8312, .F. ) ;
#3570 = CARTESIAN_POINT ( 'NONE',  ( -72.00000000000001421, -20.00000000000000000, 0.000000000000000000 ) ) ;
#3571 = CARTESIAN_POINT ( 'NONE',  ( -52.50000000000002842, -45.00000000000001421, 2.000000000000000000 ) ) ;
#3572 = EDGE_LOOP ( 'NONE', ( #3538, #2742, #3347, #6527 ) ) ;
#3573 = ORIENTED_EDGE ( 'NONE', *, *, #1203, .T. ) ;
#3574 = VECTOR ( 'NONE', #8690, 1000.000000000000000 ) ;
#3575 = EDGE_CURVE ( 'NONE', #1095, #5992, #8148, .T. ) ;
#3576 = CARTESIAN_POINT ( 'NONE',  ( -38.00000000000002132, 72.00000000000002842, 2.000000000000000000 ) ) ;
#3577 = CARTESIAN_POINT ( 'NONE',  ( -63.00000000000002842, 75.00000000000002842, 5.000000000000000000 ) ) ;
#3578 = ORIENTED_EDGE ( 'NONE', *, *, #3051, .F. ) ;
#3579 = CIRCLE ( 'NONE', #8830, 1.600000000000005196 ) ;
#3580 = DIRECTION ( 'NONE',  ( 0.000000000000000000, 1.000000000000000000, 0.000000000000000000 ) ) ;
#3581 = CARTESIAN_POINT ( 'NONE',  ( -24.99999999999999289, -74.99999999999997158, 5.000000000000000000 ) ) ;
#3582 = VERTEX_POINT ( 'NONE', #1731 ) ;
#3583 = ORIENTED_EDGE ( 'NONE', *, *, #936, .F. ) ;
#3584 = APPLICATION_CONTEXT ( 'automotive_design' ) ;
#3585 = PLANE ( 'NONE',  #3371 ) ;
#3586 = ORIENTED_EDGE ( 'NONE', *, *, #1991, .T. ) ;
#3587 = ORIENTED_EDGE ( 'NONE', *, *, #2505, .F. ) ;
#3588 = CARTESIAN_POINT ( 'NONE',  ( -72.00000000000001421, 43.00000000000000711, 5.000000000000000000 ) ) ;
#3589 = ORIENTED_EDGE ( 'NONE', *, *, #56, .F. ) ;
#3590 = EDGE_CURVE ( 'NONE', #4564, #3019, #2339, .T. ) ;
#3591 = EDGE_CURVE ( 'NONE', #3986, #449, #3739, .T. ) ;
#3592 = LINE ( 'NONE', #6440, #4262 ) ;
#3593 = ORIENTED_EDGE ( 'NONE', *, *, #4312, .T. ) ;
#3594 = CYLINDRICAL_SURFACE ( 'NONE', #7832, 1.600000000000004086 ) ;
#3595 = ORIENTED_EDGE ( 'NONE', *, *, #2352, .F. ) ;
#3596 = FACE_OUTER_BOUND ( 'NONE', #7952, .T. ) ;
#3597 = CARTESIAN_POINT ( 'NONE',  ( -72.00000000000001421, 53.00000000000001421, 5.000000000000000000 ) ) ;
#3598 = DIRECTION ( 'NONE',  ( -0.000000000000000000, 0.000000000000000000, -1.000000000000000000 ) ) ;
#3599 = ADVANCED_FACE ( 'NONE', ( #5106 ), #5801, .T. ) ;
#3600 = EDGE_CURVE ( 'NONE', #3953, #5800, #5991, .T. ) ;
#3601 = ORIENTED_EDGE ( 'NONE', *, *, #1710, .F. ) ;
#3602 = FACE_OUTER_BOUND ( 'NONE', #28, .T. ) ;
#3603 = CARTESIAN_POINT ( 'NONE',  ( 75.00000000000000000, 15.00000000000002665, 5.000000000000000000 ) ) ;
#3604 = ORIENTED_EDGE ( 'NONE', *, *, #7567, .T. ) ;
#3605 = CARTESIAN_POINT ( 'NONE',  ( -72.00000000000001421, 43.00000000000000711, 5.000000000000000000 ) ) ;
#3606 = AXIS2_PLACEMENT_3D ( 'NONE', #2501, #4613, #5317 ) ;
#3607 = VERTEX_POINT ( 'NONE', #8854 ) ;
#3608 = LINE ( 'NONE', #8632, #6958 ) ;
#3609 = ADVANCED_FACE ( 'NONE', ( #1630 ), #4546, .T. ) ;
#3610 = LINE ( 'NONE', #2157, #9160 ) ;
#3611 = LINE ( 'NONE', #62, #1675 ) ;
#3612 = EDGE_LOOP ( 'NONE', ( #1983, #149, #6904, #6035 ) ) ;
#3613 = AXIS2_PLACEMENT_3D ( 'NONE', #7826, #8587, #6508 ) ;
#3614 = DIRECTION ( 'NONE',  ( -0.000000000000000000, -1.000000000000000000, -0.000000000000000000 ) ) ;
#3615 = CARTESIAN_POINT ( 'NONE',  ( 16.99999999999997513, 72.00000000000002842, 5.000000000000000000 ) ) ;
#3616 = CARTESIAN_POINT ( 'NONE',  ( -75.00000000000000000, -26.99999999999998224, 5.000000000000000000 ) ) ;
#3617 = DIRECTION ( 'NONE',  ( -1.000000000000000000, -1.850371707708594070E-16, 0.000000000000000000 ) ) ;
#3618 = EDGE_CURVE ( 'NONE', #6052, #7670, #3650, .T. ) ;
#3619 = ADVANCED_FACE ( 'NONE', ( #140 ), #185, .F. ) ;
#3620 = VECTOR ( 'NONE', #805, 1000.000000000000000 ) ;
#3621 = ORIENTED_EDGE ( 'NONE', *, *, #1780, .F. ) ;
#3622 = ORIENTED_EDGE ( 'NONE', *, *, #388, .F. ) ;
#3623 = AXIS2_PLACEMENT_3D ( 'NONE', #1607, #5359, #8215 ) ;
#3624 = CARTESIAN_POINT ( 'NONE',  ( 9.999999999999994671, -71.99999999999997158, 5.000000000000000000 ) ) ;
#3625 = CIRCLE ( 'NONE', #186, 1.600000000000004086 ) ;
#3626 = LINE ( 'NONE', #768, #8707 ) ;
#3627 = ORIENTED_EDGE ( 'NONE', *, *, #2865, .F. ) ;
#3628 = CARTESIAN_POINT ( 'NONE',  ( 19.99999999999999645, -71.99999999999997158, 5.000000000000000000 ) ) ;
#3629 = CARTESIAN_POINT ( 'NONE',  ( 21.99999999999997868, 72.00000000000002842, 5.000000000000000000 ) ) ;
#3630 = ORIENTED_EDGE ( 'NONE', *, *, #9053, .F. ) ;
#3631 = ORIENTED_EDGE ( 'NONE', *, *, #2223, .T. ) ;
#3632 = EDGE_CURVE ( 'NONE', #6518, #6568, #2950, .T. ) ;
#3633 = DIRECTION ( 'NONE',  ( -0.000000000000000000, 0.000000000000000000, 1.000000000000000000 ) ) ;
#3634 = ORIENTED_EDGE ( 'NONE', *, *, #738, .T. ) ;
#3635 = ORIENTED_EDGE ( 'NONE', *, *, #2226, .T. ) ;
#3636 = CARTESIAN_POINT ( 'NONE',  ( 72.00000000000000000, 1.332267629550187849E-14, 5.000000000000000000 ) ) ;
#3637 = VECTOR ( 'NONE', #2025, 1000.000000000000000 ) ;
#3638 = VECTOR ( 'NONE', #8040, 1000.000000000000000 ) ;
#3639 = CARTESIAN_POINT ( 'NONE',  ( -56.40000000000000568, -3.500000000000003109, 15.00000000000000000 ) ) ;
#3640 = ORIENTED_EDGE ( 'NONE', *, *, #636, .F. ) ;
#3641 = VECTOR ( 'NONE', #8712, 1000.000000000000000 ) ;
#3642 = LINE ( 'NONE', #3126, #3049 ) ;
#3643 = ORIENTED_EDGE ( 'NONE', *, *, #7080, .F. ) ;
#3644 = EDGE_CURVE ( 'NONE', #3833, #3493, #842, .T. ) ;
#3645 = FACE_OUTER_BOUND ( 'NONE', #1732, .T. ) ;
#3646 = CARTESIAN_POINT ( 'NONE',  ( -72.00000000000001421, 33.00000000000001421, 1.999999999999999556 ) ) ;
#3647 = CARTESIAN_POINT ( 'NONE',  ( -15.00000000000000000, -71.99999999999997158, 5.000000000000000000 ) ) ;
#3648 = AXIS2_PLACEMENT_3D ( 'NONE', #3310, #1204, #4065 ) ;
#3649 = ORIENTED_EDGE ( 'NONE', *, *, #1501, .F. ) ;
#3650 = LINE ( 'NONE', #7398, #3336 ) ;
#3651 = DIRECTION ( 'NONE',  ( -0.000000000000000000, -0.000000000000000000, 1.000000000000000000 ) ) ;
#3652 = ORIENTED_EDGE ( 'NONE', *, *, #5208, .F. ) ;
#3653 = EDGE_CURVE ( 'NONE', #7705, #6211, #8008, .T. ) ;
#3654 = AXIS2_PLACEMENT_3D ( 'NONE', #4433, #2934, #2320 ) ;
#3655 = DIRECTION ( 'NONE',  ( -0.000000000000000000, 0.000000000000000000, 1.000000000000000000 ) ) ;
#3656 = EDGE_CURVE ( 'NONE', #8012, #6052, #884, .T. ) ;
#3657 = LINE ( 'NONE', #8106, #45 ) ;
#3658 = CARTESIAN_POINT ( 'NONE',  ( -72.00000000000001421, 18.00000000000001421, 5.000000000000000000 ) ) ;
#3659 = ORIENTED_EDGE ( 'NONE', *, *, #804, .F. ) ;
#3660 = AXIS2_PLACEMENT_3D ( 'NONE', #2847, #8471, #1338 ) ;
#3661 = VECTOR ( 'NONE', #1956, 1000.000000000000000 ) ;
#3662 = DIRECTION ( 'NONE',  ( 0.000000000000000000, 0.000000000000000000, -1.000000000000000000 ) ) ;
#3663 = LINE ( 'NONE', #1416, #4652 ) ;
#3664 = CARTESIAN_POINT ( 'NONE',  ( 46.99999999999997158, 75.00000000000002842, 2.000000000000000444 ) ) ;
#3665 = CARTESIAN_POINT ( 'NONE',  ( -56.40000000000000568, 3.500000000000003109, 2.000000000000000000 ) ) ;
#3666 = EDGE_CURVE ( 'NONE', #1366, #8012, #3933, .T. ) ;
#3667 = CARTESIAN_POINT ( 'NONE',  ( 75.00000000000000000, -4.999999999999976907, 2.000000000000000000 ) ) ;
#3668 = VECTOR ( 'NONE', #4938, 1000.000000000000000 ) ;
#3669 = AXIS2_PLACEMENT_3D ( 'NONE', #2746, #7038, #3633 ) ;
#3670 = EDGE_LOOP ( 'NONE', ( #9084, #5407 ) ) ;
#3671 = ORIENTED_EDGE ( 'NONE', *, *, #7481, .T. ) ;
#3672 = ADVANCED_FACE ( 'NONE', ( #6784 ), #4770, .F. ) ;
#3673 = VECTOR ( 'NONE', #338, 1000.000000000000000 ) ;
#3674 = CARTESIAN_POINT ( 'NONE',  ( 46.99999999999997158, 72.00000000000002842, 2.000000000000000444 ) ) ;
#3675 = DIRECTION ( 'NONE',  ( -0.000000000000000000, 1.000000000000000000, -0.000000000000000000 ) ) ;
#3676 = VERTEX_POINT ( 'NONE', #8905 ) ;
#3677 = PLANE ( 'NONE',  #6859 ) ;
#3678 = CARTESIAN_POINT ( 'NONE',  ( -75.00000000000001421, 68.00000000000001421, 5.000000000000000000 ) ) ;
#3679 = ORIENTED_EDGE ( 'NONE', *, *, #7380, .F. ) ;
#3680 = DIRECTION ( 'NONE',  ( -1.000000000000000000, -0.000000000000000000, -0.000000000000000000 ) ) ;
#3681 = VERTEX_POINT ( 'NONE', #6078 ) ;
#3682 = ORIENTED_EDGE ( 'NONE', *, *, #5990, .F. ) ;
#3683 = DIRECTION ( 'NONE',  ( -0.000000000000000000, 0.000000000000000000, 1.000000000000000000 ) ) ;
#3684 = AXIS2_PLACEMENT_3D ( 'NONE', #5518, #8378, #1297 ) ;
#3685 = ADVANCED_FACE ( 'NONE', ( #3270 ), #4814, .F. ) ;
#3686 = CARTESIAN_POINT ( 'NONE',  ( 72.00000000000000000, -14.99999999999997158, 2.000000000000000000 ) ) ;
#3687 = VERTEX_POINT ( 'NONE', #9083 ) ;
#3688 = CARTESIAN_POINT ( 'NONE',  ( 72.00000000000001421, -64.99999999999998579, 2.000000000000000000 ) ) ;
#3689 = VERTEX_POINT ( 'NONE', #8192 ) ;
#3690 = CARTESIAN_POINT ( 'NONE',  ( -68.00000000000002842, 72.00000000000002842, 5.000000000000000000 ) ) ;
#3691 = LINE ( 'NONE', #6537, #488 ) ;
#3692 = CARTESIAN_POINT ( 'NONE',  ( 31.99999999999997868, 75.00000000000002842, 2.000000000000000000 ) ) ;
#3693 = ADVANCED_FACE ( 'NONE', ( #8948 ), #3982, .F. ) ;
#3694 = ORIENTED_EDGE ( 'NONE', *, *, #4299, .F. ) ;
#3695 = CARTESIAN_POINT ( 'NONE',  ( 15.00000000000000711, -71.99999999999997158, 5.000000000000000000 ) ) ;
#3696 = LINE ( 'NONE', #4918, #2064 ) ;
#3697 = ORIENTED_EDGE ( 'NONE', *, *, #974, .T. ) ;
#3698 = CARTESIAN_POINT ( 'NONE',  ( 20.00000000000000355, -71.99999999999997158, 2.000000000000000000 ) ) ;
#3699 = EDGE_LOOP ( 'NONE', ( #2656, #5715, #7046, #319 ) ) ;
#3700 = FACE_BOUND ( 'NONE', #3670, .T. ) ;
#3701 = LINE ( 'NONE', #7351, #4378 ) ;
#3702 = LINE ( 'NONE', #4456, #8562 ) ;
#3703 = ORIENTED_EDGE ( 'NONE', *, *, #8514, .F. ) ;
#3704 = EDGE_CURVE ( 'NONE', #2569, #5578, #1028, .T. ) ;
#3705 = EDGE_CURVE ( 'NONE', #939, #3738, #1813, .T. ) ;
#3706 = DIRECTION ( 'NONE',  ( 0.000000000000000000, -0.000000000000000000, 1.000000000000000000 ) ) ;
#3707 = FACE_OUTER_BOUND ( 'NONE', #4578, .T. ) ;
#3708 = LINE ( 'NONE', #5121, #7969 ) ;
#3709 = DIRECTION ( 'NONE',  ( -1.000000000000000000, -1.850371707708594070E-16, 0.000000000000000000 ) ) ;
#3710 = LINE ( 'NONE', #1506, #2110 ) ;
#3711 = EDGE_LOOP ( 'NONE', ( #8798, #7967, #4114, #8333 ) ) ;
#3712 = ORIENTED_EDGE ( 'NONE', *, *, #1537, .F. ) ;
#3713 = VECTOR ( 'NONE', #2626, 1000.000000000000000 ) ;
#3714 = ADVANCED_FACE ( 'NONE', ( #6828 ), #1121, .F. ) ;
#3715 = DIRECTION ( 'NONE',  ( 1.000000000000000000, -0.000000000000000000, 2.312964634635742661E-15 ) ) ;
#3716 = LINE ( 'NONE', #1751, #1234 ) ;
#3717 = FACE_OUTER_BOUND ( 'NONE', #4650, .T. ) ;
#3718 = ORIENTED_EDGE ( 'NONE', *, *, #7269, .T. ) ;
#3719 = CARTESIAN_POINT ( 'NONE',  ( -10.00000000000000178, -71.99999999999997158, 2.000000000000000000 ) ) ;
#3720 = DIRECTION ( 'NONE',  ( -0.000000000000000000, -0.000000000000000000, -1.000000000000000000 ) ) ;
#3721 = ORIENTED_EDGE ( 'NONE', *, *, #8967, .T. ) ;
#3722 = AXIS2_PLACEMENT_3D ( 'NONE', #1934, #4794, #7644 ) ;
#3723 = DIRECTION ( 'NONE',  ( -1.000000000000000000, -1.850371707708594316E-16, 0.000000000000000000 ) ) ;
#3724 = ORIENTED_EDGE ( 'NONE', *, *, #1158, .F. ) ;
#3725 = EDGE_LOOP ( 'NONE', ( #5041, #4311, #819, #1581 ) ) ;
#3726 = PLANE ( 'NONE',  #359 ) ;
#3727 = ADVANCED_FACE ( 'NONE', ( #3183 ), #6120, .F. ) ;
#3728 = VECTOR ( 'NONE', #5109, 1000.000000000000000 ) ;
#3729 = CARTESIAN_POINT ( 'NONE',  ( 72.00000000000000000, 35.00000000000002132, 5.000000000000000000 ) ) ;
#3730 = VERTEX_POINT ( 'NONE', #8988 ) ;
#3731 = DIRECTION ( 'NONE',  ( -1.850371707708594070E-16, 1.000000000000000000, 0.000000000000000000 ) ) ;
#3732 = ORIENTED_EDGE ( 'NONE', *, *, #5418, .F. ) ;
#3733 = DIRECTION ( 'NONE',  ( 1.000000000000000000, 0.000000000000000000, 0.000000000000000000 ) ) ;
#3734 = CARTESIAN_POINT ( 'NONE',  ( -70.00000000000000000, -71.99999999999997158, 2.000000000000000000 ) ) ;
#3735 = EDGE_CURVE ( 'NONE', #6522, #8006, #1400, .T. ) ;
#3736 = VERTEX_POINT ( 'NONE', #5424 ) ;
#3737 = CARTESIAN_POINT ( 'NONE',  ( -30.00000000000000000, -74.99999999999997158, 5.000000000000000000 ) ) ;
#3738 = VERTEX_POINT ( 'NONE', #4681 ) ;
#3739 = LINE ( 'NONE', #8053, #1098 ) ;
#3740 = ORIENTED_EDGE ( 'NONE', *, *, #554, .T. ) ;
#3741 = CARTESIAN_POINT ( 'NONE',  ( -72.00000000000001421, -30.00000000000000000, 0.000000000000000000 ) ) ;
#3742 = DIRECTION ( 'NONE',  ( 1.000000000000000000, -0.000000000000000000, 1.734723475976808080E-16 ) ) ;
#3743 = ORIENTED_EDGE ( 'NONE', *, *, #8900, .F. ) ;
#3744 = EDGE_LOOP ( 'NONE', ( #1520, #1543, #6377, #2269 ) ) ;
#3745 = FACE_BOUND ( 'NONE', #4023, .T. ) ;
#3746 = CARTESIAN_POINT ( 'NONE',  ( 75.00000000000000000, 10.00000000000002309, 5.000000000000000000 ) ) ;
#3747 = EDGE_CURVE ( 'NONE', #4205, #4525, #1771, .T. ) ;
#3748 = LINE ( 'NONE', #4502, #4810 ) ;
#3749 = LINE ( 'NONE', #4643, #1564 ) ;
#3750 = LINE ( 'NONE', #199, #6707 ) ;
#3751 = DIRECTION ( 'NONE',  ( 0.000000000000000000, 0.000000000000000000, -1.000000000000000000 ) ) ;
#3752 = VECTOR ( 'NONE', #8172, 1000.000000000000000 ) ;
#3753 = FACE_OUTER_BOUND ( 'NONE', #7242, .T. ) ;
#3754 = DIRECTION ( 'NONE',  ( 0.000000000000000000, 0.000000000000000000, -1.000000000000000000 ) ) ;
#3755 = EDGE_CURVE ( 'NONE', #2415, #2663, #8285, .T. ) ;
#3756 = ORIENTED_EDGE ( 'NONE', *, *, #5882, .T. ) ;
#3757 = ORIENTED_EDGE ( 'NONE', *, *, #5154, .F. ) ;
#3758 = CLOSED_SHELL ( 'NONE', ( #7712, #8245, #6271, #4171, #8780, #8422, #4296, #7285, #183, #8108, #6068, #976 ) ) ;
#3759 = ORIENTED_EDGE ( 'NONE', *, *, #8578, .F. ) ;
#3760 = CARTESIAN_POINT ( 'NONE',  ( 20.00000000000000355, -74.99999999999997158, 2.000000000000000000 ) ) ;
#3761 = DIRECTION ( 'NONE',  ( -1.000000000000000000, 0.000000000000000000, 8.673617379884028076E-17 ) ) ;
#3762 = CARTESIAN_POINT ( 'NONE',  ( 56.99999999999997158, 72.00000000000002842, 5.000000000000000000 ) ) ;
#3763 = CARTESIAN_POINT ( 'NONE',  ( -72.00000000000001421, 8.000000000000014211, 5.000000000000000000 ) ) ;
#3764 = ORIENTED_EDGE ( 'NONE', *, *, #4913, .T. ) ;
#3765 = VECTOR ( 'NONE', #7053, 1000.000000000000000 ) ;
#3766 = CARTESIAN_POINT ( 'NONE',  ( -72.00000000000001421, 3.000000000000016875, 5.000000000000000000 ) ) ;
#3767 = DIRECTION ( 'NONE',  ( 1.000000000000000000, -0.000000000000000000, 2.312964634635742661E-15 ) ) ;
#3769 = ORIENTED_EDGE ( 'NONE', *, *, #5905, .F. ) ;
#3768 = VECTOR ( 'NONE', #3675, 1000.000000000000000 ) ;
#3770 = ADVANCED_FACE ( 'NONE', ( #4022 ), #1070, .F. ) ;
#3771 = CARTESIAN_POINT ( 'NONE',  ( 74.99999999999998579, 60.00000000000002132, 5.000000000000000000 ) ) ;
#3772 = ORIENTED_EDGE ( 'NONE', *, *, #2364, .F. ) ;
#3773 = EDGE_CURVE ( 'NONE', #5938, #6378, #507, .T. ) ;
#3774 = ORIENTED_EDGE ( 'NONE', *, *, #3265, .T. ) ;
#3775 = CARTESIAN_POINT ( 'NONE',  ( 72.00000000000000000, 30.00000000000002132, 5.000000000000000000 ) ) ;
#3776 = VECTOR ( 'NONE', #2346, 1000.000000000000000 ) ;
#3777 = VECTOR ( 'NONE', #7152, 1000.000000000000000 ) ;
#3778 = DIRECTION ( 'NONE',  ( -0.000000000000000000, 1.000000000000000000, -0.000000000000000000 ) ) ;
#3779 = VERTEX_POINT ( 'NONE', #5515 ) ;
#3780 = CARTESIAN_POINT ( 'NONE',  ( 74.99999999999998579, 50.00000000000001421, 5.000000000000000000 ) ) ;
#3781 = ORIENTED_EDGE ( 'NONE', *, *, #7622, .T. ) ;
#3782 = VECTOR ( 'NONE', #9012, 1000.000000000000000 ) ;
#3783 = PLANE ( 'NONE',  #5907 ) ;
#3784 = AXIS2_PLACEMENT_3D ( 'NONE', #9169, #7142, #6248 ) ;
#3785 = CARTESIAN_POINT ( 'NONE',  ( 72.00000000000000000, 15.00000000000002665, 5.000000000000000000 ) ) ;
#3786 = VERTEX_POINT ( 'NONE', #3885 ) ;
#3787 = DIRECTION ( 'NONE',  ( -0.000000000000000000, -0.000000000000000000, -1.000000000000000000 ) ) ;
#3788 = AXIS2_PLACEMENT_3D ( 'NONE', #3090, #240, #985 ) ;
#3789 = EDGE_CURVE ( 'NONE', #8612, #8695, #4634, .T. ) ;
#3790 = ORIENTED_EDGE ( 'NONE', *, *, #5173, .T. ) ;
#3791 = EDGE_CURVE ( 'NONE', #1355, #8612, #3448, .T. ) ;
#3792 = DIRECTION ( 'NONE',  ( 1.000000000000000000, 0.000000000000000000, 0.000000000000000000 ) ) ;
#3793 = ORIENTED_EDGE ( 'NONE', *, *, #2994, .F. ) ;
#3794 = CARTESIAN_POINT ( 'NONE',  ( 41.99999999999997868, 75.00000000000002842, 2.000000000000000000 ) ) ;
#3795 = DIRECTION ( 'NONE',  ( 0.000000000000000000, 0.000000000000000000, -1.000000000000000000 ) ) ;
#3796 = VERTEX_POINT ( 'NONE', #2190 ) ;
#3797 = VERTEX_POINT ( 'NONE', #8474 ) ;
#3798 = CARTESIAN_POINT ( 'NONE',  ( -75.00000000000000000, -21.99999999999998579, 2.000000000000000000 ) ) ;
#3799 = DIRECTION ( 'NONE',  ( 1.000000000000000000, 0.000000000000000000, 0.000000000000000000 ) ) ;
#3800 = AXIS2_PLACEMENT_3D ( 'NONE', #7905, #3731, #3029 ) ;
#3801 = DIRECTION ( 'NONE',  ( 0.000000000000000000, -1.000000000000000000, 8.673617379884040402E-17 ) ) ;
#3802 = DIRECTION ( 'NONE',  ( -2.312964634635742661E-15, -0.000000000000000000, 1.000000000000000000 ) ) ;
#3803 = EDGE_CURVE ( 'NONE', #8595, #2437, #6296, .T. ) ;
#3804 = AXIS2_PLACEMENT_3D ( 'NONE', #2366, #909, #1567 ) ;
#3805 = FACE_OUTER_BOUND ( 'NONE', #7786, .T. ) ;
#3806 = DIRECTION ( 'NONE',  ( 0.000000000000000000, 0.000000000000000000, -1.000000000000000000 ) ) ;
#3807 = LINE ( 'NONE', #5216, #1041 ) ;
#3808 = CARTESIAN_POINT ( 'NONE',  ( -72.00000000000000000, -130.0000000000000000, 0.000000000000000000 ) ) ;
#3809 = ORIENTED_EDGE ( 'NONE', *, *, #2779, .T. ) ;
#3810 = ORIENTED_EDGE ( 'NONE', *, *, #4933, .F. ) ;
#3811 = VECTOR ( 'NONE', #9247, 1000.000000000000000 ) ;
#3812 = VECTOR ( 'NONE', #259, 1000.000000000000000 ) ;
#3813 = ORIENTED_EDGE ( 'NONE', *, *, #562, .F. ) ;
#3814 = FACE_BOUND ( 'NONE', #3365, .T. ) ;
#3815 = EDGE_CURVE ( 'NONE', #4966, #4221, #4907, .T. ) ;
#3816 = LINE ( 'NONE', #2542, #2252 ) ;
#3817 = CARTESIAN_POINT ( 'NONE',  ( 75.00000000000000000, 35.00000000000002132, 5.000000000000000000 ) ) ;
#3818 = DIRECTION ( 'NONE',  ( -0.000000000000000000, -1.000000000000000000, -0.000000000000000000 ) ) ;
#3819 = ORIENTED_EDGE ( 'NONE', *, *, #454, .T. ) ;
#3820 = VECTOR ( 'NONE', #7935, 1000.000000000000000 ) ;
#3821 = VECTOR ( 'NONE', #8289, 1000.000000000000000 ) ;
#3822 = DIRECTION ( 'NONE',  ( 1.000000000000000000, 1.850371707708594070E-16, 0.000000000000000000 ) ) ;
#3823 = DIRECTION ( 'NONE',  ( 1.000000000000000000, 0.000000000000000000, 0.000000000000000000 ) ) ;
#3824 = EDGE_LOOP ( 'NONE', ( #6229, #4700, #8806, #5499 ) ) ;
#3825 = ORIENTED_EDGE ( 'NONE', *, *, #4287, .T. ) ;
#3826 = ORIENTED_EDGE ( 'NONE', *, *, #4941, .F. ) ;
#3827 = DIRECTION ( 'NONE',  ( 0.000000000000000000, -1.000000000000000000, 0.000000000000000000 ) ) ;
#3828 = VECTOR ( 'NONE', #4247, 1000.000000000000000 ) ;
#3829 = EDGE_LOOP ( 'NONE', ( #968, #4343, #7482, #8768 ) ) ;
#3830 = EDGE_CURVE ( 'NONE', #2321, #1323, #8567, .T. ) ;
#3831 = CARTESIAN_POINT ( 'NONE',  ( -50.00000000000000000, -71.99999999999997158, 5.000000000000000000 ) ) ;
#3832 = EDGE_CURVE ( 'NONE', #1342, #734, #5651, .T. ) ;
#3833 = VERTEX_POINT ( 'NONE', #4305 ) ;
#3834 = DIRECTION ( 'NONE',  ( -0.000000000000000000, 1.000000000000000000, -0.000000000000000000 ) ) ;
#3835 = ORIENTED_EDGE ( 'NONE', *, *, #3298, .T. ) ;
#3836 = VECTOR ( 'NONE', #8817, 1000.000000000000000 ) ;
#3837 = DIRECTION ( 'NONE',  ( -1.000000000000000000, 0.000000000000000000, 8.673617379884028076E-17 ) ) ;
#3838 = CARTESIAN_POINT ( 'NONE',  ( -7.500000000000000000, -18.00000000000000355, 5.000000000000000000 ) ) ;
#3839 = VERTEX_POINT ( 'NONE', #7717 ) ;
#3840 = EDGE_CURVE ( 'NONE', #4841, #6851, #9275, .T. ) ;
#3841 = ORIENTED_EDGE ( 'NONE', *, *, #1928, .T. ) ;
#3842 = LINE ( 'NONE', #3695, #5576 ) ;
#3843 = ORIENTED_EDGE ( 'NONE', *, *, #4209, .F. ) ;
#3844 = DIRECTION ( 'NONE',  ( -0.000000000000000000, -1.000000000000000000, -0.000000000000000000 ) ) ;
#3845 = CARTESIAN_POINT ( 'NONE',  ( -75.00000000000000000, -66.99999999999998579, 5.000000000000000000 ) ) ;
#3846 = EDGE_LOOP ( 'NONE', ( #4835, #3539, #8274, #578 ) ) ;
#3847 = ORIENTED_EDGE ( 'NONE', *, *, #3553, .T. ) ;
#3848 = CARTESIAN_POINT ( 'NONE',  ( 72.00000000000000000, -24.99999999999998224, 5.000000000000000000 ) ) ;
#3849 = CARTESIAN_POINT ( 'NONE',  ( -72.00000000000000000, -56.99999999999997868, 5.000000000000000000 ) ) ;
#3850 = FACE_OUTER_BOUND ( 'NONE', #5927, .T. ) ;
#3851 = ADVANCED_FACE ( 'NONE', ( #2849 ), #3594, .F. ) ;
#3852 = DIRECTION ( 'NONE',  ( 1.000000000000000000, -0.000000000000000000, 1.734723475976808080E-16 ) ) ;
#3853 = CARTESIAN_POINT ( 'NONE',  ( -72.00000000000001421, 53.00000000000001421, 1.999999999999999556 ) ) ;
#3854 = FACE_OUTER_BOUND ( 'NONE', #266, .T. ) ;
#3855 = FACE_OUTER_BOUND ( 'NONE', #5759, .T. ) ;
#3856 = PLANE ( 'NONE',  #9148 ) ;
#3857 = VERTEX_POINT ( 'NONE', #9176 ) ;
#3858 = ORIENTED_EDGE ( 'NONE', *, *, #2779, .F. ) ;
#3859 = EDGE_CURVE ( 'NONE', #3796, #6581, #741, .T. ) ;
#3860 = CARTESIAN_POINT ( 'NONE',  ( 71.99999999999998579, 55.00000000000002132, 2.000000000000000000 ) ) ;
#3861 = LINE ( 'NONE', #1099, #3003 ) ;
#3862 = CARTESIAN_POINT ( 'NONE',  ( 21.99999999999997868, 72.00000000000002842, 5.000000000000000000 ) ) ;
#3863 = CARTESIAN_POINT ( 'NONE',  ( 45.00000000000000711, -74.99999999999997158, 5.000000000000000000 ) ) ;
#3864 = ORIENTED_EDGE ( 'NONE', *, *, #2647, .F. ) ;
#3865 = PLANE ( 'NONE',  #1777 ) ;
#3866 = PLANE ( 'NONE',  #7840 ) ;
#3867 = ORIENTED_EDGE ( 'NONE', *, *, #444, .F. ) ;
#3868 = ORIENTED_EDGE ( 'NONE', *, *, #4075, .T. ) ;
#3869 = ORIENTED_EDGE ( 'NONE', *, *, #1300, .T. ) ;
#3870 = DIRECTION ( 'NONE',  ( -1.000000000000000000, -1.850371707708594070E-16, 0.000000000000000000 ) ) ;
#3871 = VECTOR ( 'NONE', #4827, 1000.000000000000000 ) ;
#3872 = EDGE_CURVE ( 'NONE', #1600, #6104, #9227, .T. ) ;
#3873 = ORIENTED_EDGE ( 'NONE', *, *, #1729, .T. ) ;
#3874 = VECTOR ( 'NONE', #9093, 1000.000000000000000 ) ;
#3875 = LINE ( 'NONE', #7433, #224 ) ;
#3876 = ORIENTED_EDGE ( 'NONE', *, *, #9215, .F. ) ;
#3877 = VECTOR ( 'NONE', #487, 1000.000000000000000 ) ;
#3878 = CARTESIAN_POINT ( 'NONE',  ( 72.00000000000000000, 30.00000000000002132, 5.000000000000000000 ) ) ;
#3879 = ORIENTED_EDGE ( 'NONE', *, *, #4576, .T. ) ;
#3880 = DIRECTION ( 'NONE',  ( 1.000000000000000000, -0.000000000000000000, 2.312964634635742661E-15 ) ) ;
#3881 = DIRECTION ( 'NONE',  ( -0.000000000000000000, 1.000000000000000000, 8.673617379884028076E-17 ) ) ;
#3882 = EDGE_CURVE ( 'NONE', #6397, #781, #2899, .T. ) ;
#3883 = ADVANCED_FACE ( 'NONE', ( #5008 ), #5700, .F. ) ;
#3884 = ORIENTED_EDGE ( 'NONE', *, *, #6578, .T. ) ;
#3885 = CARTESIAN_POINT ( 'NONE',  ( 37.50000000000002842, -45.00000000000001421, 2.000000000000000000 ) ) ;
#3886 = VERTEX_POINT ( 'NONE', #6253 ) ;
#3887 = CARTESIAN_POINT ( 'NONE',  ( -7.500000000000000000, -19.99999999999999645, 5.000000000000000888 ) ) ;
#3888 = VECTOR ( 'NONE', #2435, 1000.000000000000000 ) ;
#3889 = CARTESIAN_POINT ( 'NONE',  ( 72.00000000000000000, 10.00000000000002309, 1.999999999999999556 ) ) ;
#3890 = ORIENTED_EDGE ( 'NONE', *, *, #481, .T. ) ;
#3891 = EDGE_LOOP ( 'NONE', ( #6862, #5137, #5969, #7791 ) ) ;
#3892 = CARTESIAN_POINT ( 'NONE',  ( -72.00000000000001421, 23.00000000000001421, 1.999999999999999556 ) ) ;
#3893 = CARTESIAN_POINT ( 'NONE',  ( 74.99999999999998579, 70.00000000000001421, 5.000000000000000000 ) ) ;
#3894 = EDGE_CURVE ( 'NONE', #4043, #2205, #2804, .T. ) ;
#3895 = EDGE_CURVE ( 'NONE', #6205, #3067, #5751, .T. ) ;
#3896 = CARTESIAN_POINT ( 'NONE',  ( 7.500000000000000000, 0.000000000000000000, 27.99999999999999645 ) ) ;
#3897 = LINE ( 'NONE', #6000, #381 ) ;
#3898 = CARTESIAN_POINT ( 'NONE',  ( 46.99999999999997158, 72.00000000000002842, 5.000000000000000000 ) ) ;
#3899 = DIRECTION ( 'NONE',  ( 1.850371707708594316E-16, -1.000000000000000000, 0.000000000000000000 ) ) ;
#3900 = CARTESIAN_POINT ( 'NONE',  ( -72.00000000000000000, -16.99999999999998579, 1.999999999999999556 ) ) ;
#3901 = CARTESIAN_POINT ( 'NONE',  ( 75.00000000000000000, 35.00000000000002132, 2.000000000000000000 ) ) ;
#3902 = ORIENTED_EDGE ( 'NONE', *, *, #4150, .T. ) ;
#3903 = ORIENTED_EDGE ( 'NONE', *, *, #1523, .F. ) ;
#3904 = AXIS2_PLACEMENT_3D ( 'NONE', #3906, #7506, #1750 ) ;
#3905 = LINE ( 'NONE', #6710, #7996 ) ;
#3906 = CARTESIAN_POINT ( 'NONE',  ( 58.00000000000000711, -3.500000000000003109, 15.00000000000000000 ) ) ;
#3907 = CARTESIAN_POINT ( 'NONE',  ( 31.99999999999997868, 75.00000000000002842, 5.000000000000000000 ) ) ;
#3908 = ADVANCED_FACE ( 'NONE', ( #694 ), #8519, .F. ) ;
#3909 = FACE_OUTER_BOUND ( 'NONE', #1319, .T. ) ;
#3910 = ORIENTED_EDGE ( 'NONE', *, *, #7491, .F. ) ;
#3911 = ADVANCED_FACE ( 'NONE', ( #2090 ), #1341, .T. ) ;
#3912 = LINE ( 'NONE', #313, #4920 ) ;
#3913 = FACE_OUTER_BOUND ( 'NONE', #7039, .T. ) ;
#3914 = ORIENTED_EDGE ( 'NONE', *, *, #329, .F. ) ;
#3915 = VECTOR ( 'NONE', #3478, 1000.000000000000000 ) ;
#3916 = ORIENTED_EDGE ( 'NONE', *, *, #6203, .F. ) ;
#3917 = VERTEX_POINT ( 'NONE', #1394 ) ;
#3918 = VECTOR ( 'NONE', #2395, 1000.000000000000000 ) ;
#3919 = LINE ( 'NONE', #1110, #4117 ) ;
#3920 = VECTOR ( 'NONE', #5363, 1000.000000000000000 ) ;
#3921 = ORIENTED_EDGE ( 'NONE', *, *, #1143, .F. ) ;
#3922 = EDGE_CURVE ( 'NONE', #7208, #3343, #3403, .T. ) ;
#3923 = CARTESIAN_POINT ( 'NONE',  ( -75.00000000000001421, 23.00000000000001421, 1.999999999999999556 ) ) ;
#3924 = ORIENTED_EDGE ( 'NONE', *, *, #2958, .T. ) ;
#3925 = CYLINDRICAL_SURFACE ( 'NONE', #5167, 7.500000000000000000 ) ;
#3926 = PLANE ( 'NONE',  #4682 ) ;
#3927 = VECTOR ( 'NONE', #1881, 1000.000000000000000 ) ;
#3928 = VECTOR ( 'NONE', #1794, 1000.000000000000000 ) ;
#3929 = ORIENTED_EDGE ( 'NONE', *, *, #4611, .F. ) ;
#3930 = ORIENTED_EDGE ( 'NONE', *, *, #5572, .F. ) ;
#3931 = EDGE_CURVE ( 'NONE', #7564, #5177, #6576, .T. ) ;
#3932 = VECTOR ( 'NONE', #7973, 1000.000000000000000 ) ;
#3933 = LINE ( 'NONE', #2564, #1242 ) ;
#3934 = AXIS2_PLACEMENT_3D ( 'NONE', #8664, #4489, #8047 ) ;
#3935 = ORIENTED_EDGE ( 'NONE', *, *, #2203, .T. ) ;
#3936 = DIRECTION ( 'NONE',  ( 0.000000000000000000, -1.000000000000000000, 0.000000000000000000 ) ) ;
#3937 = CARTESIAN_POINT ( 'NONE',  ( -29.99999999999999289, -74.99999999999997158, 2.000000000000000000 ) ) ;
#3938 = ORIENTED_EDGE ( 'NONE', *, *, #8233, .F. ) ;
#3939 = CARTESIAN_POINT ( 'NONE',  ( -48.00000000000001421, 75.00000000000002842, 5.000000000000000000 ) ) ;
#3940 = DIRECTION ( 'NONE',  ( 1.000000000000000000, -0.000000000000000000, 1.734723475976808080E-16 ) ) ;
#3941 = DIRECTION ( 'NONE',  ( -1.850371707708594070E-16, 1.000000000000000000, 0.000000000000000000 ) ) ;
#3942 = VECTOR ( 'NONE', #1862, 1000.000000000000000 ) ;
#3943 = VECTOR ( 'NONE', #3881, 1000.000000000000000 ) ;
#3944 = CARTESIAN_POINT ( 'NONE',  ( -72.00000000000000000, -11.99999999999998934, 5.000000000000000000 ) ) ;
#3945 = ADVANCED_FACE ( 'NONE', ( #7287 ), #2329, .F. ) ;
#3946 = CARTESIAN_POINT ( 'NONE',  ( -75.00000000000000000, -21.99999999999998579, 5.000000000000000000 ) ) ;
#3947 = CARTESIAN_POINT ( 'NONE',  ( 71.99999999999998579, 65.00000000000002842, 2.000000000000000000 ) ) ;
#3948 = EDGE_CURVE ( 'NONE', #5934, #2547, #9032, .T. ) ;
#3949 = AXIS2_PLACEMENT_3D ( 'NONE', #2035, #6991, #1432 ) ;
#3950 = CARTESIAN_POINT ( 'NONE',  ( -50.00000000000000000, -74.99999999999997158, 5.000000000000000000 ) ) ;
#3951 = LINE ( 'NONE', #1786, #3978 ) ;
#3952 = CARTESIAN_POINT ( 'NONE',  ( 26.99999999999997513, 75.00000000000002842, 5.000000000000000000 ) ) ;
#3953 = VERTEX_POINT ( 'NONE', #834 ) ;
#3954 = EDGE_LOOP ( 'NONE', ( #6247, #3622, #569, #857 ) ) ;
#3955 = VECTOR ( 'NONE', #5673, 1000.000000000000000 ) ;
#3956 = CARTESIAN_POINT ( 'NONE',  ( -23.00000000000002132, 72.00000000000002842, 5.000000000000000000 ) ) ;
#3957 = LINE ( 'NONE', #1839, #5698 ) ;
#3958 = DIRECTION ( 'NONE',  ( -0.000000000000000000, 1.000000000000000000, -0.000000000000000000 ) ) ;
#3959 = EDGE_CURVE ( 'NONE', #1313, #2971, #5933, .T. ) ;
#3960 = LINE ( 'NONE', #6189, #4964 ) ;
#3961 = ORIENTED_EDGE ( 'NONE', *, *, #8749, .T. ) ;
#3962 = CARTESIAN_POINT ( 'NONE',  ( 6.938893903907228378E-15, -71.99999999999997158, 2.000000000000000000 ) ) ;
#3963 = ORIENTED_EDGE ( 'NONE', *, *, #6259, .T. ) ;
#3964 = VECTOR ( 'NONE', #3614, 1000.000000000000000 ) ;
#3965 = ORIENTED_EDGE ( 'NONE', *, *, #1939, .F. ) ;
#3966 = ORIENTED_EDGE ( 'NONE', *, *, #5808, .F. ) ;
#3967 = VECTOR ( 'NONE', #1791, 1000.000000000000000 ) ;
#3968 = EDGE_CURVE ( 'NONE', #4298, #1884, #785, .T. ) ;
#3969 = VERTEX_POINT ( 'NONE', #8701 ) ;
#3970 = AXIS2_PLACEMENT_3D ( 'NONE', #626, #541, #8323 ) ;
#3971 = VECTOR ( 'NONE', #4909, 1000.000000000000000 ) ;
#3972 = LINE ( 'NONE', #3831, #88 ) ;
#3973 = ORIENTED_EDGE ( 'NONE', *, *, #6974, .F. ) ;
#3974 = CARTESIAN_POINT ( 'NONE',  ( -75.00000000000001421, 75.00000000000002842, 5.000000000000000000 ) ) ;
#3975 = VERTEX_POINT ( 'NONE', #132 ) ;
#3976 = CARTESIAN_POINT ( 'NONE',  ( 41.99999999999997868, 72.00000000000002842, 2.000000000000000000 ) ) ;
#3977 = LINE ( 'NONE', #5469, #1230 ) ;
#3978 = VECTOR ( 'NONE', #5875, 1000.000000000000000 ) ;
#3979 = ORIENTED_EDGE ( 'NONE', *, *, #2051, .F. ) ;
#3980 = EDGE_CURVE ( 'NONE', #3022, #4525, #5884, .T. ) ;
#3981 = ORIENTED_EDGE ( 'NONE', *, *, #7113, .T. ) ;
#3982 = PLANE ( 'NONE',  #3193 ) ;
#3983 = ORIENTED_EDGE ( 'NONE', *, *, #2308, .F. ) ;
#3984 = CARTESIAN_POINT ( 'NONE',  ( -63.00000000000002842, 72.00000000000002842, 2.000000000000000444 ) ) ;
#3985 = DIRECTION ( 'NONE',  ( -0.000000000000000000, 1.000000000000000000, -0.000000000000000000 ) ) ;
#3986 = VERTEX_POINT ( 'NONE', #2984 ) ;
#3987 = LINE ( 'NONE', #4639, #7109 ) ;
#3988 = CARTESIAN_POINT ( 'NONE',  ( -70.00000000000000000, -71.99999999999997158, 5.000000000000000000 ) ) ;
#3989 = ORIENTED_EDGE ( 'NONE', *, *, #8202, .T. ) ;
#3990 = LINE ( 'NONE', #9091, #2117 ) ;
#3991 = ADVANCED_FACE ( 'NONE', ( #2378 ), #2278, .F. ) ;
#3992 = DIRECTION ( 'NONE',  ( -8.673617379884028076E-17, 0.000000000000000000, -1.000000000000000000 ) ) ;
#3993 = CARTESIAN_POINT ( 'NONE',  ( 72.00000000000000000, -14.99999999999997158, 5.000000000000000000 ) ) ;
#3994 = CARTESIAN_POINT ( 'NONE',  ( -10.00000000000000178, -71.99999999999997158, 2.000000000000000000 ) ) ;
#3995 = LINE ( 'NONE', #6840, #131 ) ;
#3996 = DIRECTION ( 'NONE',  ( -0.000000000000000000, -0.000000000000000000, -1.000000000000000000 ) ) ;
#3997 = LINE ( 'NONE', #4477, #7702 ) ;
#3998 = CARTESIAN_POINT ( 'NONE',  ( 60.00000000000000711, -74.99999999999997158, 2.000000000000000000 ) ) ;
#3999 = ORIENTED_EDGE ( 'NONE', *, *, #74, .T. ) ;
#4000 = EDGE_CURVE ( 'NONE', #1789, #5874, #5194, .T. ) ;
#4001 = ADVANCED_FACE ( 'NONE', ( #1620 ), #8044, .F. ) ;
#4002 = DIRECTION ( 'NONE',  ( -1.000000000000000000, 0.000000000000000000, 8.673617379884028076E-17 ) ) ;
#4003 = CARTESIAN_POINT ( 'NONE',  ( 9.999999999999994671, -71.99999999999997158, 5.000000000000000000 ) ) ;
#4004 = DIRECTION ( 'NONE',  ( 1.000000000000000000, -0.000000000000000000, 2.312964634635742661E-15 ) ) ;
#4005 = CARTESIAN_POINT ( 'NONE',  ( 72.00000000000001421, -54.99999999999997868, 5.000000000000000000 ) ) ;
#4006 = DIRECTION ( 'NONE',  ( -1.000000000000000000, 0.000000000000000000, 0.000000000000000000 ) ) ;
#4007 = VERTEX_POINT ( 'NONE', #1484 ) ;
#4008 = ORIENTED_EDGE ( 'NONE', *, *, #2682, .T. ) ;
#4009 = EDGE_LOOP ( 'NONE', ( #7646, #8886, #2323, #5740 ) ) ;
#4010 = ADVANCED_FACE ( 'NONE', ( #4486 ), #7332, .F. ) ;
#4011 = CARTESIAN_POINT ( 'NONE',  ( -75.00000000000001421, 63.00000000000001421, 1.999999999999999556 ) ) ;
#4012 = ORIENTED_EDGE ( 'NONE', *, *, #398, .F. ) ;
#4013 = CARTESIAN_POINT ( 'NONE',  ( -72.00000000000000000, -51.99999999999998579, 5.000000000000000000 ) ) ;
#4014 = VERTEX_POINT ( 'NONE', #3780 ) ;
#4015 = ORIENTED_EDGE ( 'NONE', *, *, #8833, .F. ) ;
#4016 = EDGE_CURVE ( 'NONE', #5992, #2829, #228, .T. ) ;
#4017 = PLANE ( 'NONE',  #3219 ) ;
#4018 = LINE ( 'NONE', #6908, #3034 ) ;
#4019 = VERTEX_POINT ( 'NONE', #274 ) ;
#4020 = VECTOR ( 'NONE', #3936, 1000.000000000000000 ) ;
#4021 = VERTEX_POINT ( 'NONE', #5241 ) ;
#4022 = FACE_OUTER_BOUND ( 'NONE', #7924, .T. ) ;
#4023 = EDGE_LOOP ( 'NONE', ( #6519, #7699 ) ) ;
#4024 = CARTESIAN_POINT ( 'NONE',  ( 40.00000000000000711, -71.99999999999997158, 5.000000000000000000 ) ) ;
#4025 = EDGE_CURVE ( 'NONE', #4478, #1475, #8091, .T. ) ;
#4026 = EDGE_CURVE ( 'NONE', #3022, #3796, #4535, .T. ) ;
#4027 = DIRECTION ( 'NONE',  ( -1.000000000000000000, -1.850371707708594070E-16, 0.000000000000000000 ) ) ;
#4028 = EDGE_LOOP ( 'NONE', ( #3153, #6767, #2486, #1439 ) ) ;
#4030 = FACE_OUTER_BOUND ( 'NONE', #6287, .T. ) ;
#4029 = VECTOR ( 'NONE', #29, 1000.000000000000000 ) ;
#4031 = ORIENTED_EDGE ( 'NONE', *, *, #1673, .F. ) ;
#4032 = CARTESIAN_POINT ( 'NONE',  ( -72.00000000000000000, -36.99999999999999289, 5.000000000000000000 ) ) ;
#4033 = AXIS2_PLACEMENT_3D ( 'NONE', #5171, #2353, #5815 ) ;
#4034 = CARTESIAN_POINT ( 'NONE',  ( -33.00000000000002842, 72.00000000000002842, 2.000000000000000444 ) ) ;
#4035 = PLANE ( 'NONE',  #201 ) ;
#4036 = CARTESIAN_POINT ( 'NONE',  ( -7.500000000000000000, 0.000000000000000000, 30.00000000000000000 ) ) ;
#4037 = DIRECTION ( 'NONE',  ( -1.000000000000000000, 0.000000000000000000, 0.000000000000000000 ) ) ;
#4038 = EDGE_CURVE ( 'NONE', #2370, #6382, #975, .T. ) ;
#4039 = DIRECTION ( 'NONE',  ( -0.000000000000000000, -0.000000000000000000, -1.000000000000000000 ) ) ;
#4040 = PLANE ( 'NONE',  #1871 ) ;
#4041 = LINE ( 'NONE', #8962, #2271 ) ;
#4042 = CARTESIAN_POINT ( 'NONE',  ( -15.00000000000000000, -74.99999999999997158, 5.000000000000000000 ) ) ;
#4043 = VERTEX_POINT ( 'NONE', #92 ) ;
#4044 = CARTESIAN_POINT ( 'NONE',  ( -49.99999999999999289, -71.99999999999997158, 2.000000000000000000 ) ) ;
#4045 = LINE ( 'NONE', #4930, #1958 ) ;
#4046 = LINE ( 'NONE', #6232, #9021 ) ;
#4047 = CARTESIAN_POINT ( 'NONE',  ( 6.999999999999978684, 72.00000000000002842, 2.000000000000000444 ) ) ;
#4048 = EDGE_CURVE ( 'NONE', #1992, #8277, #3642, .T. ) ;
#4049 = CARTESIAN_POINT ( 'NONE',  ( 72.00000000000000000, -24.99999999999998224, 2.000000000000000000 ) ) ;
#4050 = ORIENTED_EDGE ( 'NONE', *, *, #3931, .F. ) ;
#4051 = VERTEX_POINT ( 'NONE', #8660 ) ;
#4052 = ORIENTED_EDGE ( 'NONE', *, *, #5238, .T. ) ;
#4053 = DIRECTION ( 'NONE',  ( -0.000000000000000000, -0.000000000000000000, -1.000000000000000000 ) ) ;
#4054 = ORIENTED_EDGE ( 'NONE', *, *, #5533, .T. ) ;
#4055 = EDGE_CURVE ( 'NONE', #1190, #7195, #2232, .T. ) ;
#4056 = CARTESIAN_POINT ( 'NONE',  ( -8.000000000000021316, 75.00000000000002842, 5.000000000000000000 ) ) ;
#4057 = EDGE_CURVE ( 'NONE', #4534, #4190, #4669, .T. ) ;
#4058 = ORIENTED_EDGE ( 'NONE', *, *, #8416, .T. ) ;
#4059 = ORIENTED_EDGE ( 'NONE', *, *, #2994, .T. ) ;
#4060 = CARTESIAN_POINT ( 'NONE',  ( 75.00000000000000000, -14.99999999999997158, 5.000000000000000000 ) ) ;
#4061 = ORIENTED_EDGE ( 'NONE', *, *, #6101, .T. ) ;
#4062 = CARTESIAN_POINT ( 'NONE',  ( -74.99999999999998579, -46.99999999999998579, 5.000000000000000000 ) ) ;
#4063 = VECTOR ( 'NONE', #7173, 1000.000000000000000 ) ;
#4064 = ORIENTED_EDGE ( 'NONE', *, *, #4787, .T. ) ;
#4065 = DIRECTION ( 'NONE',  ( -1.000000000000000000, 0.000000000000000000, 0.000000000000000000 ) ) ;
#4066 = EDGE_CURVE ( 'NONE', #4342, #2835, #7525, .T. ) ;
#4067 = ORIENTED_EDGE ( 'NONE', *, *, #6004, .T. ) ;
#4068 = CARTESIAN_POINT ( 'NONE',  ( -45.00000000000002842, -45.00000000000001421, 5.000000000000000000 ) ) ;
#4069 = VECTOR ( 'NONE', #2528, 1000.000000000000000 ) ;
#4070 = LINE ( 'NONE', #2617, #3661 ) ;
#4071 = ORIENTED_EDGE ( 'NONE', *, *, #3481, .F. ) ;
#4072 = DIRECTION ( 'NONE',  ( 0.000000000000000000, -1.000000000000000000, 8.673617379884040402E-17 ) ) ;
#4073 = DIRECTION ( 'NONE',  ( -0.000000000000000000, 1.000000000000000000, -0.000000000000000000 ) ) ;
#4074 = EDGE_CURVE ( 'NONE', #5332, #2324, #8897, .T. ) ;
#4075 = EDGE_CURVE ( 'NONE', #5625, #7603, #1062, .T. ) ;
#4076 = AXIS2_PLACEMENT_3D ( 'NONE', #5807, #6695, #8675 ) ;
#4077 = AXIS2_PLACEMENT_3D ( 'NONE', #7574, #8901, #6731 ) ;
#4078 = LINE ( 'NONE', #8383, #665 ) ;
#4079 = LINE ( 'NONE', #9001, #4989 ) ;
#4080 = LINE ( 'NONE', #520, #8353 ) ;
#4081 = CARTESIAN_POINT ( 'NONE',  ( -33.00000000000002842, 72.00000000000002842, 5.000000000000000000 ) ) ;
#4082 = FACE_OUTER_BOUND ( 'NONE', #2910, .T. ) ;
#4083 = DIRECTION ( 'NONE',  ( -2.312964634635742661E-15, -0.000000000000000000, 1.000000000000000000 ) ) ;
#4084 = LINE ( 'NONE', #6136, #184 ) ;
#4085 = VECTOR ( 'NONE', #4229, 1000.000000000000000 ) ;
#4086 = VECTOR ( 'NONE', #6228, 1000.000000000000000 ) ;
#4087 = CARTESIAN_POINT ( 'NONE',  ( 5.000000000000004441, 20.00000000000000000, 5.000000000000000000 ) ) ;
#4088 = VERTEX_POINT ( 'NONE', #3262 ) ;
#4089 = EDGE_CURVE ( 'NONE', #6676, #3079, #7610, .T. ) ;
#4090 = LINE ( 'NONE', #4790, #7301 ) ;
#4091 = AXIS2_PLACEMENT_3D ( 'NONE', #6640, #100, #6541 ) ;
#4092 = DIRECTION ( 'NONE',  ( -1.000000000000000000, 0.000000000000000000, 8.673617379884028076E-17 ) ) ;
#4093 = CARTESIAN_POINT ( 'NONE',  ( -75.00000000000001421, 33.00000000000001421, 5.000000000000000000 ) ) ;
#4094 = VERTEX_POINT ( 'NONE', #5465 ) ;
#4095 = DIRECTION ( 'NONE',  ( 1.000000000000000000, 1.850371707708594070E-16, -0.000000000000000000 ) ) ;
#4096 = ORIENTED_EDGE ( 'NONE', *, *, #5205, .T. ) ;
#4097 = ORIENTED_EDGE ( 'NONE', *, *, #7855, .F. ) ;
#4098 = EDGE_LOOP ( 'NONE', ( #8989, #778, #815, #7096 ) ) ;
#4099 = AXIS2_PLACEMENT_3D ( 'NONE', #496, #1113, #6819 ) ;
#4100 = EDGE_CURVE ( 'NONE', #5598, #6934, #8275, .T. ) ;
#4101 = LINE ( 'NONE', #6949, #5166 ) ;
#4102 = ORIENTED_EDGE ( 'NONE', *, *, #1946, .F. ) ;
#4103 = VECTOR ( 'NONE', #2813, 1000.000000000000000 ) ;
#4104 = LINE ( 'NONE', #6242, #6936 ) ;
#4105 = ORIENTED_EDGE ( 'NONE', *, *, #8979, .T. ) ;
#4106 = VERTEX_POINT ( 'NONE', #2553 ) ;
#4107 = CARTESIAN_POINT ( 'NONE',  ( -72.00000000000000000, -70.00000000000000000, 0.000000000000000000 ) ) ;
#4108 = VERTEX_POINT ( 'NONE', #4056 ) ;
#4109 = DIRECTION ( 'NONE',  ( -0.000000000000000000, -0.000000000000000000, 1.000000000000000000 ) ) ;
#4110 = EDGE_CURVE ( 'NONE', #5877, #3561, #6200, .T. ) ;
#4111 = VECTOR ( 'NONE', #5649, 1000.000000000000000 ) ;
#4112 = VECTOR ( 'NONE', #2945, 1000.000000000000000 ) ;
#4113 = EDGE_CURVE ( 'NONE', #8095, #832, #9025, .T. ) ;
#4114 = ORIENTED_EDGE ( 'NONE', *, *, #4404, .T. ) ;
#4115 = CARTESIAN_POINT ( 'NONE',  ( -40.00000000000000711, -71.99999999999997158, 5.000000000000000000 ) ) ;
#4116 = ORIENTED_EDGE ( 'NONE', *, *, #5772, .F. ) ;
#4117 = VECTOR ( 'NONE', #8938, 1000.000000000000000 ) ;
#4118 = VECTOR ( 'NONE', #5925, 1000.000000000000000 ) ;
#4119 = DIRECTION ( 'NONE',  ( -0.000000000000000000, -1.000000000000000000, -0.000000000000000000 ) ) ;
#4120 = ORIENTED_EDGE ( 'NONE', *, *, #2560, .T. ) ;
#4121 = DIRECTION ( 'NONE',  ( -0.000000000000000000, -1.000000000000000000, -0.000000000000000000 ) ) ;
#4122 = LINE ( 'NONE', #4778, #3455 ) ;
#4123 = ADVANCED_FACE ( 'NONE', ( #8940 ), #3174, .T. ) ;
#4124 = LINE ( 'NONE', #430, #6400 ) ;
#4125 = DIRECTION ( 'NONE',  ( 0.000000000000000000, 1.000000000000000000, 0.000000000000000000 ) ) ;
#4126 = FACE_OUTER_BOUND ( 'NONE', #6083, .T. ) ;
#4127 = LINE ( 'NONE', #3115, #5005 ) ;
#4128 = DIRECTION ( 'NONE',  ( 1.604941620322697548E-32, -8.673617379884039170E-17, -1.000000000000000000 ) ) ;
#4129 = DIRECTION ( 'NONE',  ( 0.000000000000000000, -0.000000000000000000, -1.000000000000000000 ) ) ;
#4130 = ADVANCED_FACE ( 'NONE', ( #5331 ), #8981, .F. ) ;
#4131 = CARTESIAN_POINT ( 'NONE',  ( 3.500000000000003109, -57.99999999999997158, 15.00000000000000000 ) ) ;
#4132 = AXIS2_PLACEMENT_3D ( 'NONE', #1817, #4686, #4497 ) ;
#4133 = CARTESIAN_POINT ( 'NONE',  ( 71.99999999999998579, -10.00000000000000000, 0.000000000000000000 ) ) ;
#4134 = ORIENTED_EDGE ( 'NONE', *, *, #9043, .T. ) ;
#4135 = CARTESIAN_POINT ( 'NONE',  ( -72.00000000000000000, -41.99999999999998579, 2.000000000000000000 ) ) ;
#4136 = LINE ( 'NONE', #6979, #6887 ) ;
#4137 = DIRECTION ( 'NONE',  ( 2.312964634635742661E-15, 0.000000000000000000, -1.000000000000000000 ) ) ;
#4138 = VERTEX_POINT ( 'NONE', #5413 ) ;
#4139 = PLANE ( 'NONE',  #8064 ) ;
#4140 = CARTESIAN_POINT ( 'NONE',  ( 72.00000000000000000, -9.999999999999980460, 5.000000000000000000 ) ) ;
#4141 = EDGE_CURVE ( 'NONE', #8971, #1156, #5285, .T. ) ;
#4142 = ORIENTED_EDGE ( 'NONE', *, *, #8525, .F. ) ;
#4143 = ORIENTED_EDGE ( 'NONE', *, *, #2173, .F. ) ;
#4144 = DIRECTION ( 'NONE',  ( -1.000000000000000000, 0.000000000000000000, -0.000000000000000000 ) ) ;
#4145 = CARTESIAN_POINT ( 'NONE',  ( -15.00000000000000000, -71.99999999999997158, 1.999999999999999112 ) ) ;
#4146 = ORIENTED_EDGE ( 'NONE', *, *, #6054, .T. ) ;
#4147 = CARTESIAN_POINT ( 'NONE',  ( -56.40000000000000568, 3.500000000000003109, 15.00000000000000000 ) ) ;
#4148 = ORIENTED_EDGE ( 'NONE', *, *, #3004, .F. ) ;
#4149 = ORIENTED_EDGE ( 'NONE', *, *, #4358, .T. ) ;
#4150 = EDGE_CURVE ( 'NONE', #422, #4898, #4719, .T. ) ;
#4151 = CARTESIAN_POINT ( 'NONE',  ( -18.00000000000001421, 75.00000000000002842, 2.000000000000000000 ) ) ;
#4152 = ORIENTED_EDGE ( 'NONE', *, *, #4988, .T. ) ;
#4153 = PLANE ( 'NONE',  #1835 ) ;
#4154 = LINE ( 'NONE', #5388, #5897 ) ;
#4155 = EDGE_LOOP ( 'NONE', ( #5689, #5885, #5976, #6976 ) ) ;
#4156 = DIRECTION ( 'NONE',  ( -2.312964634635742661E-15, -0.000000000000000000, 1.000000000000000000 ) ) ;
#4157 = ORIENTED_EDGE ( 'NONE', *, *, #7605, .F. ) ;
#4158 = ADVANCED_FACE ( 'NONE', ( #6860 ), #453, .T. ) ;
#4159 = CARTESIAN_POINT ( 'NONE',  ( 66.99999999999997158, 72.00000000000002842, 5.000000000000000000 ) ) ;
#4160 =( NAMED_UNIT ( * ) SI_UNIT ( $, .STERADIAN. ) SOLID_ANGLE_UNIT ( ) );
#4161 = CARTESIAN_POINT ( 'NONE',  ( 71.99999999999998579, 55.00000000000002132, 2.000000000000000000 ) ) ;
#4162 = FACE_OUTER_BOUND ( 'NONE', #3072, .T. ) ;
#4163 = AXIS2_PLACEMENT_3D ( 'NONE', #843, #2241, #54 ) ;
#4164 = CARTESIAN_POINT ( 'NONE',  ( 74.99999999999998579, 65.00000000000002842, 2.000000000000000000 ) ) ;
#4165 = CARTESIAN_POINT ( 'NONE',  ( -72.00000000000001421, 28.00000000000001776, 2.000000000000000000 ) ) ;
#4166 = PLANE ( 'NONE',  #8959 ) ;
#4167 = DIRECTION ( 'NONE',  ( 1.000000000000000000, 0.000000000000000000, 0.000000000000000000 ) ) ;
#4168 = VECTOR ( 'NONE', #8238, 1000.000000000000000 ) ;
#4169 = EDGE_CURVE ( 'NONE', #1518, #5895, #4586, .T. ) ;
#4170 = CARTESIAN_POINT ( 'NONE',  ( 72.00000000000001421, -69.99999999999998579, 5.000000000000000000 ) ) ;
#4171 = ADVANCED_FACE ( 'NONE', ( #1020 ), #6727, .F. ) ;
#4172 = DIRECTION ( 'NONE',  ( 1.000000000000000000, 0.000000000000000000, 0.000000000000000000 ) ) ;
#4173 = DIRECTION ( 'NONE',  ( -1.000000000000000000, 0.000000000000000000, 0.000000000000000000 ) ) ;
#4174 = LINE ( 'NONE', #2204, #4371 ) ;
#4175 = ORIENTED_EDGE ( 'NONE', *, *, #1089, .F. ) ;
#4176 = ORIENTED_EDGE ( 'NONE', *, *, #3204, .F. ) ;
#4177 = VECTOR ( 'NONE', #3201, 1000.000000000000000 ) ;
#4178 = PLANE ( 'NONE',  #5221 ) ;
#4179 = CARTESIAN_POINT ( 'NONE',  ( -75.00000000000001421, 53.00000000000001421, 5.000000000000000000 ) ) ;
#4180 = LINE ( 'NONE', #6324, #8418 ) ;
#4181 = ORIENTED_EDGE ( 'NONE', *, *, #4824, .T. ) ;
#4182 = CARTESIAN_POINT ( 'NONE',  ( 74.99999999999998579, 75.00000000000002842, 5.000000000000000000 ) ) ;
#4183 = LINE ( 'NONE', #4890, #8860 ) ;
#4184 = VERTEX_POINT ( 'NONE', #7477 ) ;
#4185 = VERTEX_POINT ( 'NONE', #3923 ) ;
#4186 = EDGE_CURVE ( 'NONE', #8290, #3497, #6774, .T. ) ;
#4187 = ADVANCED_FACE ( 'NONE', ( #4994 ), #4191, .F. ) ;
#4188 = LINE ( 'NONE', #9161, #1271 ) ;
#4189 = DIRECTION ( 'NONE',  ( 0.000000000000000000, 0.000000000000000000, -1.000000000000000000 ) ) ;
#4190 = VERTEX_POINT ( 'NONE', #4852 ) ;
#4191 = PLANE ( 'NONE',  #1547 ) ;
#4192 = ORIENTED_EDGE ( 'NONE', *, *, #7887, .T. ) ;
#4193 = EDGE_LOOP ( 'NONE', ( #1736, #4071, #8685, #31 ) ) ;
#4194 = DIRECTION ( 'NONE',  ( 1.000000000000000000, 1.850371707708594070E-16, -0.000000000000000000 ) ) ;
#4195 = ORIENTED_EDGE ( 'NONE', *, *, #4113, .F. ) ;
#4196 = ORIENTED_EDGE ( 'NONE', *, *, #7256, .T. ) ;
#4197 = DIRECTION ( 'NONE',  ( -1.000000000000000000, 0.000000000000000000, -0.000000000000000000 ) ) ;
#4198 = EDGE_CURVE ( 'NONE', #5195, #8054, #9120, .T. ) ;
#4199 = CARTESIAN_POINT ( 'NONE',  ( 75.00000000000001421, -54.99999999999997868, 5.000000000000000000 ) ) ;
#4200 = AXIS2_PLACEMENT_3D ( 'NONE', #8786, #2359, #5225 ) ;
#4201 = VERTEX_POINT ( 'NONE', #1331 ) ;
#4202 = CARTESIAN_POINT ( 'NONE',  ( -72.00000000000001421, 8.000000000000014211, 2.000000000000000000 ) ) ;
#4203 = ORIENTED_EDGE ( 'NONE', *, *, #8681, .T. ) ;
#4204 = DIRECTION ( 'NONE',  ( 0.000000000000000000, 0.000000000000000000, -1.000000000000000000 ) ) ;
#4205 = VERTEX_POINT ( 'NONE', #2743 ) ;
#4206 = CARTESIAN_POINT ( 'NONE',  ( 72.00000000000000000, 10.00000000000002309, 5.000000000000000000 ) ) ;
#4207 = AXIS2_PLACEMENT_3D ( 'NONE', #6278, #1279, #4331 ) ;
#4208 = DIRECTION ( 'NONE',  ( 1.000000000000000000, 1.850371707708594070E-16, 0.000000000000000000 ) ) ;
#4209 = EDGE_CURVE ( 'NONE', #5874, #2680, #4897, .T. ) ;
#4210 = AXIS2_PLACEMENT_3D ( 'NONE', #6367, #1409, #4275 ) ;
#4211 = CARTESIAN_POINT ( 'NONE',  ( 72.00000000000000000, 15.00000000000002665, 2.000000000000000000 ) ) ;
#4212 = LINE ( 'NONE', #3457, #6473 ) ;
#4213 = VECTOR ( 'NONE', #6284, 1000.000000000000000 ) ;
#4214 = DIRECTION ( 'NONE',  ( -0.000000000000000000, 1.000000000000000000, -0.000000000000000000 ) ) ;
#4215 = CARTESIAN_POINT ( 'NONE',  ( -48.00000000000001421, 72.00000000000002842, 2.000000000000000000 ) ) ;
#4216 = PLANE ( 'NONE',  #1482 ) ;
#4217 = VERTEX_POINT ( 'NONE', #9164 ) ;
#4218 = DIRECTION ( 'NONE',  ( -1.000000000000000000, -1.850371707708594070E-16, -0.000000000000000000 ) ) ;
#4219 = LINE ( 'NONE', #7731, #6298 ) ;
#4220 = DIRECTION ( 'NONE',  ( -2.312964634635742661E-15, -0.000000000000000000, 1.000000000000000000 ) ) ;
#4221 = VERTEX_POINT ( 'NONE', #8461 ) ;
#4222 = ORIENTED_EDGE ( 'NONE', *, *, #3394, .F. ) ;
#4223 = VECTOR ( 'NONE', #6636, 1000.000000000000000 ) ;
#4224 = AXIS2_PLACEMENT_3D ( 'NONE', #4161, #2094, #4260 ) ;
#4225 = ADVANCED_FACE ( 'NONE', ( #7847 ), #7706, .F. ) ;
#4226 = EDGE_CURVE ( 'NONE', #3839, #5242, #1379, .T. ) ;
#4227 = CARTESIAN_POINT ( 'NONE',  ( 26.99999999999997513, 72.00000000000002842, 2.000000000000000444 ) ) ;
#4228 = DIRECTION ( 'NONE',  ( 0.000000000000000000, 0.000000000000000000, -1.000000000000000000 ) ) ;
#4229 = DIRECTION ( 'NONE',  ( -0.000000000000000000, 1.000000000000000000, 8.673617379884028076E-17 ) ) ;
#4230 = ORIENTED_EDGE ( 'NONE', *, *, #109, .F. ) ;
#4231 = VECTOR ( 'NONE', #1007, 1000.000000000000000 ) ;
#4232 = CARTESIAN_POINT ( 'NONE',  ( -20.00000000000000355, -71.99999999999997158, 5.000000000000000000 ) ) ;
#4234 = DIRECTION ( 'NONE',  ( -0.000000000000000000, 1.000000000000000000, -0.000000000000000000 ) ) ;
#4233 = VECTOR ( 'NONE', #171, 1000.000000000000000 ) ;
#4235 = ORIENTED_EDGE ( 'NONE', *, *, #4458, .T. ) ;
#4236 = ORIENTED_EDGE ( 'NONE', *, *, #5090, .T. ) ;
#4237 = VECTOR ( 'NONE', #7868, 1000.000000000000000 ) ;
#4238 = EDGE_CURVE ( 'NONE', #7670, #2384, #1240, .T. ) ;
#4239 = PLANE ( 'NONE',  #5760 ) ;
#4240 = LINE ( 'NONE', #3577, #2714 ) ;
#4241 = ORIENTED_EDGE ( 'NONE', *, *, #6359, .F. ) ;
#4242 = CARTESIAN_POINT ( 'NONE',  ( -75.00000000000001421, 13.00000000000001066, 1.999999999999999556 ) ) ;
#4243 = CARTESIAN_POINT ( 'NONE',  ( 72.00000000000000000, 20.00000000000001776, 5.000000000000000000 ) ) ;
#4244 = EDGE_LOOP ( 'NONE', ( #6821, #5500, #4437, #5228 ) ) ;
#4245 = ORIENTED_EDGE ( 'NONE', *, *, #3735, .T. ) ;
#4246 = VECTOR ( 'NONE', #550, 1000.000000000000000 ) ;
#4247 = DIRECTION ( 'NONE',  ( 1.000000000000000000, 0.000000000000000000, 0.000000000000000000 ) ) ;
#4248 = ORIENTED_EDGE ( 'NONE', *, *, #9179, .T. ) ;
#4249 = EDGE_CURVE ( 'NONE', #4525, #3975, #7135, .T. ) ;
#4250 = ORIENTED_EDGE ( 'NONE', *, *, #5712, .T. ) ;
#4251 = CARTESIAN_POINT ( 'NONE',  ( 72.00000000000000000, 25.00000000000002132, 5.000000000000000000 ) ) ;
#4252 = EDGE_CURVE ( 'NONE', #8500, #7822, #5548, .T. ) ;
#4253 = ORIENTED_EDGE ( 'NONE', *, *, #3501, .T. ) ;
#4254 = AXIS2_PLACEMENT_3D ( 'NONE', #605, #2859, #5711 ) ;
#4255 = DIRECTION ( 'NONE',  ( -1.000000000000000000, 0.000000000000000000, 0.000000000000000000 ) ) ;
#4256 = ORIENTED_EDGE ( 'NONE', *, *, #2210, .F. ) ;
#4257 = DIRECTION ( 'NONE',  ( -1.000000000000000000, 0.000000000000000000, 0.000000000000000000 ) ) ;
#4258 = VERTEX_POINT ( 'NONE', #3487 ) ;
#4259 = DIRECTION ( 'NONE',  ( -0.000000000000000000, 1.000000000000000000, -0.000000000000000000 ) ) ;
#4260 = DIRECTION ( 'NONE',  ( 0.000000000000000000, 1.000000000000000000, 8.673617379884028076E-17 ) ) ;
#4261 = ADVANCED_FACE ( 'NONE', ( #8410 ), #1287, .F. ) ;
#4262 = VECTOR ( 'NONE', #2896, 1000.000000000000000 ) ;
#4263 = FACE_OUTER_BOUND ( 'NONE', #7, .T. ) ;
#4264 = VECTOR ( 'NONE', #5179, 1000.000000000000000 ) ;
#4265 = VECTOR ( 'NONE', #5083, 1000.000000000000000 ) ;
#4266 = VECTOR ( 'NONE', #7658, 1000.000000000000000 ) ;
#4267 = CARTESIAN_POINT ( 'NONE',  ( 5.000000000000004441, 20.00000000000000000, 2.000000000000000000 ) ) ;
#4268 = LINE ( 'NONE', #5763, #9104 ) ;
#4269 = ORIENTED_EDGE ( 'NONE', *, *, #1955, .F. ) ;
#4270 = DIRECTION ( 'NONE',  ( 1.000000000000000000, 0.000000000000000000, 0.000000000000000000 ) ) ;
#4271 = DIRECTION ( 'NONE',  ( -1.000000000000000000, -1.850371707708594070E-16, -0.000000000000000000 ) ) ;
#4272 = FACE_BOUND ( 'NONE', #1938, .T. ) ;
#4273 = DIRECTION ( 'NONE',  ( -0.000000000000000000, -0.000000000000000000, 1.000000000000000000 ) ) ;
#4274 = EDGE_CURVE ( 'NONE', #7778, #7510, #7747, .T. ) ;
#4275 = DIRECTION ( 'NONE',  ( 2.312964634635742661E-15, 0.000000000000000000, -1.000000000000000000 ) ) ;
#4276 = ORIENTED_EDGE ( 'NONE', *, *, #3237, .T. ) ;
#4277 = VERTEX_POINT ( 'NONE', #8366 ) ;
#4278 = CIRCLE ( 'NONE', #239, 1.600000000000006750 ) ;
#4279 = CARTESIAN_POINT ( 'NONE',  ( 3.500000000000003109, -57.99999999999997158, 5.000000000000000888 ) ) ;
#4280 = DIRECTION ( 'NONE',  ( 0.000000000000000000, 1.000000000000000000, -8.673617379884039170E-17 ) ) ;
#4281 = CARTESIAN_POINT ( 'NONE',  ( -34.99999999999999289, -71.99999999999997158, 5.000000000000000000 ) ) ;
#4282 = VERTEX_POINT ( 'NONE', #6286 ) ;
#4283 = DIRECTION ( 'NONE',  ( 1.000000000000000000, 1.850371707708594070E-16, -0.000000000000000000 ) ) ;
#4284 = CARTESIAN_POINT ( 'NONE',  ( -72.00000000000001421, 38.00000000000002132, 5.000000000000000000 ) ) ;
#4285 = EDGE_CURVE ( 'NONE', #7582, #6146, #2792, .T. ) ;
#4286 = VERTEX_POINT ( 'NONE', #543 ) ;
#4287 = EDGE_CURVE ( 'NONE', #5831, #220, #2079, .T. ) ;
#4288 = ORIENTED_EDGE ( 'NONE', *, *, #6974, .T. ) ;
#4289 = CARTESIAN_POINT ( 'NONE',  ( -48.00000000000001421, 72.00000000000002842, 2.000000000000000000 ) ) ;
#4290 = LINE ( 'NONE', #4145, #1223 ) ;
#4291 = ORIENTED_EDGE ( 'NONE', *, *, #1641, .T. ) ;
#4292 = CARTESIAN_POINT ( 'NONE',  ( -15.00000000000000000, -74.99999999999997158, 5.000000000000000000 ) ) ;
#4293 = DIRECTION ( 'NONE',  ( 1.850371707708594316E-16, -1.000000000000000000, 0.000000000000000000 ) ) ;
#4294 = VERTEX_POINT ( 'NONE', #4243 ) ;
#4295 = ORIENTED_EDGE ( 'NONE', *, *, #4075, .F. ) ;
#4296 = ADVANCED_FACE ( 'NONE', ( #7088 ), #682, .F. ) ;
#4297 = CARTESIAN_POINT ( 'NONE',  ( -72.00000000000000000, -46.99999999999998579, 1.999999999999999556 ) ) ;
#4298 = VERTEX_POINT ( 'NONE', #3395 ) ;
#4299 = EDGE_CURVE ( 'NONE', #3303, #4534, #1943, .T. ) ;
#4300 = ORIENTED_EDGE ( 'NONE', *, *, #1443, .T. ) ;
#4301 = DIRECTION ( 'NONE',  ( 0.000000000000000000, -1.000000000000000000, 8.673617379884040402E-17 ) ) ;
#4302 = ORIENTED_EDGE ( 'NONE', *, *, #4767, .F. ) ;
#4303 = CARTESIAN_POINT ( 'NONE',  ( 65.00000000000000000, -65.00000000000001421, 2.000000000000000000 ) ) ;
#4304 = EDGE_CURVE ( 'NONE', #6146, #1798, #4104, .T. ) ;
#4305 = CARTESIAN_POINT ( 'NONE',  ( 72.00000000000001421, -71.99999999999997158, 5.000000000000000000 ) ) ;
#4306 = ORIENTED_EDGE ( 'NONE', *, *, #8096, .T. ) ;
#4307 = CARTESIAN_POINT ( 'NONE',  ( 21.99999999999997868, 72.00000000000002842, 5.000000000000000000 ) ) ;
#4308 = LINE ( 'NONE', #3407, #3025 ) ;
#4309 = CARTESIAN_POINT ( 'NONE',  ( 21.99999999999997868, 72.00000000000002842, 2.000000000000000000 ) ) ;
#4310 = EDGE_CURVE ( 'NONE', #4720, #8132, #217, .T. ) ;
#4311 = ORIENTED_EDGE ( 'NONE', *, *, #3815, .F. ) ;
#4312 = EDGE_CURVE ( 'NONE', #5800, #7078, #3017, .T. ) ;
#4313 = LINE ( 'NONE', #7157, #7528 ) ;
#4314 = CARTESIAN_POINT ( 'NONE',  ( -74.99999999999998579, -74.99999999999997158, 0.000000000000000000 ) ) ;
#4315 = ORIENTED_EDGE ( 'NONE', *, *, #4884, .T. ) ;
#4316 = PLANE ( 'NONE',  #4254 ) ;
#4317 = LINE ( 'NONE', #2912, #1782 ) ;
#4318 = FACE_BOUND ( 'NONE', #2247, .T. ) ;
#4320 = DIRECTION ( 'NONE',  ( -0.000000000000000000, -0.000000000000000000, -1.000000000000000000 ) ) ;
#4319 = VECTOR ( 'NONE', #7485, 1000.000000000000000 ) ;
#4321 = DIRECTION ( 'NONE',  ( -0.000000000000000000, -0.000000000000000000, 1.000000000000000000 ) ) ;
#4322 = ORIENTED_EDGE ( 'NONE', *, *, #1426, .F. ) ;
#4323 = AXIS2_PLACEMENT_3D ( 'NONE', #3322, #8341, #4825 ) ;
#4324 = CARTESIAN_POINT ( 'NONE',  ( -72.00000000000001421, 13.00000000000001066, 1.999999999999999556 ) ) ;
#4325 = VECTOR ( 'NONE', #4095, 1000.000000000000000 ) ;
#4326 = EDGE_CURVE ( 'NONE', #3917, #6720, #5785, .T. ) ;
#4327 = CARTESIAN_POINT ( 'NONE',  ( 65.00000000000000000, -74.99999999999997158, 4.999999999999999112 ) ) ;
#4328 = CARTESIAN_POINT ( 'NONE',  ( 74.99999999999998579, 75.00000000000002842, 5.000000000000000000 ) ) ;
#4329 = VERTEX_POINT ( 'NONE', #7986 ) ;
#4330 = CARTESIAN_POINT ( 'NONE',  ( -72.00000000000000000, -56.99999999999997868, 1.999999999999999556 ) ) ;
#4331 = DIRECTION ( 'NONE',  ( 1.000000000000000000, 0.000000000000000000, 0.000000000000000000 ) ) ;
#4332 = VERTEX_POINT ( 'NONE', #5873 ) ;
#4333 = VERTEX_POINT ( 'NONE', #6479 ) ;
#4334 = AXIS2_PLACEMENT_3D ( 'NONE', #8825, #3996, #7457 ) ;
#4335 = ADVANCED_FACE ( 'NONE', ( #3071 ), #7939, .F. ) ;
#4336 = LINE ( 'NONE', #2833, #1805 ) ;
#4337 = CARTESIAN_POINT ( 'NONE',  ( 71.99999999999998579, 60.00000000000002132, 5.000000000000000000 ) ) ;
#4338 = ORIENTED_EDGE ( 'NONE', *, *, #2540, .F. ) ;
#4339 = VECTOR ( 'NONE', #3795, 1000.000000000000000 ) ;
#4340 = DIRECTION ( 'NONE',  ( 0.000000000000000000, -0.000000000000000000, 1.000000000000000000 ) ) ;
#4341 = FACE_OUTER_BOUND ( 'NONE', #7602, .T. ) ;
#4342 = VERTEX_POINT ( 'NONE', #8742 ) ;
#4343 = ORIENTED_EDGE ( 'NONE', *, *, #1873, .F. ) ;
#4344 = CARTESIAN_POINT ( 'NONE',  ( -75.00000000000000000, -36.99999999999999289, 1.999999999999999556 ) ) ;
#4345 = ORIENTED_EDGE ( 'NONE', *, *, #3142, .T. ) ;
#4346 = VERTEX_POINT ( 'NONE', #5089 ) ;
#4347 = DIRECTION ( 'NONE',  ( 1.000000000000000000, 1.850371707708594070E-16, -0.000000000000000000 ) ) ;
#4348 = ORIENTED_EDGE ( 'NONE', *, *, #2042, .F. ) ;
#4349 = ADVANCED_FACE ( 'NONE', ( #5923 ), #963, .F. ) ;
#4350 = DIRECTION ( 'NONE',  ( -0.000000000000000000, 1.000000000000000000, -0.000000000000000000 ) ) ;
#4351 = ADVANCED_FACE ( 'NONE', ( #5738 ), #7893, .F. ) ;
#4352 = ORIENTED_EDGE ( 'NONE', *, *, #5827, .T. ) ;
#4353 = DIRECTION ( 'NONE',  ( -0.000000000000000000, 1.000000000000000000, 8.673617379884028076E-17 ) ) ;
#4354 = ORIENTED_EDGE ( 'NONE', *, *, #4904, .T. ) ;
#4355 = PLANE ( 'NONE',  #1718 ) ;
#4356 = DIRECTION ( 'NONE',  ( -1.000000000000000000, 0.000000000000000000, 0.000000000000000000 ) ) ;
#4357 = LINE ( 'NONE', #8626, #4961 ) ;
#4358 = EDGE_CURVE ( 'NONE', #5926, #2588, #8607, .T. ) ;
#4359 = ORIENTED_EDGE ( 'NONE', *, *, #1158, .T. ) ;
#4360 = DIRECTION ( 'NONE',  ( -8.673617379884028076E-17, 0.000000000000000000, -1.000000000000000000 ) ) ;
#4361 = DIRECTION ( 'NONE',  ( -1.850371707708594070E-16, 1.000000000000000000, 0.000000000000000000 ) ) ;
#4362 = ORIENTED_EDGE ( 'NONE', *, *, #4747, .F. ) ;
#4363 = CARTESIAN_POINT ( 'NONE',  ( 30.00000000000000711, -71.99999999999997158, 2.000000000000000000 ) ) ;
#4364 = AXIS2_PLACEMENT_3D ( 'NONE', #9105, #4791, #1316 ) ;
#4365 = ORIENTED_EDGE ( 'NONE', *, *, #1073, .F. ) ;
#4366 = FACE_BOUND ( 'NONE', #2610, .T. ) ;
#4367 = CARTESIAN_POINT ( 'NONE',  ( 0.000000000000000000, -71.99999999999997158, 5.000000000000000000 ) ) ;
#4368 = CARTESIAN_POINT ( 'NONE',  ( 5.000000000000004441, -74.99999999999997158, 5.000000000000000000 ) ) ;
#4369 = ORIENTED_EDGE ( 'NONE', *, *, #7316, .F. ) ;
#4370 = ADVANCED_FACE ( 'NONE', ( #4341 ), #8650, .F. ) ;
#4371 = VECTOR ( 'NONE', #5717, 1000.000000000000000 ) ;
#4372 = AXIS2_PLACEMENT_3D ( 'NONE', #5310, #8167, #1745 ) ;
#4373 = PLANE ( 'NONE',  #4709 ) ;
#4374 = CARTESIAN_POINT ( 'NONE',  ( -75.00000000000001421, 28.00000000000001776, 5.000000000000000000 ) ) ;
#4375 = CARTESIAN_POINT ( 'NONE',  ( -34.99999999999999289, -74.99999999999997158, 5.000000000000000000 ) ) ;
#4376 = LINE ( 'NONE', #8640, #2981 ) ;
#4377 = CARTESIAN_POINT ( 'NONE',  ( 30.00000000000000711, -71.99999999999997158, 5.000000000000000000 ) ) ;
#4378 = VECTOR ( 'NONE', #5949, 1000.000000000000000 ) ;
#4379 = ORIENTED_EDGE ( 'NONE', *, *, #4405, .F. ) ;
#4380 = VECTOR ( 'NONE', #6667, 1000.000000000000000 ) ;
#4381 = EDGE_LOOP ( 'NONE', ( #5060, #2512, #704, #1381 ) ) ;
#4382 = EDGE_CURVE ( 'NONE', #6114, #6355, #864, .T. ) ;
#4383 = VECTOR ( 'NONE', #2207, 1000.000000000000000 ) ;
#4384 = DIRECTION ( 'NONE',  ( 0.000000000000000000, 1.000000000000000000, 0.000000000000000000 ) ) ;
#4385 = AXIS2_PLACEMENT_3D ( 'NONE', #7625, #6217, #6043 ) ;
#4386 = PLANE ( 'NONE',  #5411 ) ;
#4387 = ORIENTED_EDGE ( 'NONE', *, *, #4089, .T. ) ;
#4388 = CARTESIAN_POINT ( 'NONE',  ( -4.999999999999990230, -74.99999999999997158, 5.000000000000000000 ) ) ;
#4389 = DIRECTION ( 'NONE',  ( 0.000000000000000000, 0.000000000000000000, -1.000000000000000000 ) ) ;
#4390 = ORIENTED_EDGE ( 'NONE', *, *, #5325, .T. ) ;
#4391 = CARTESIAN_POINT ( 'NONE',  ( 15.00000000000000711, -74.99999999999997158, 5.000000000000000000 ) ) ;
#4392 = ORIENTED_EDGE ( 'NONE', *, *, #6394, .T. ) ;
#4393 = EDGE_LOOP ( 'NONE', ( #5379, #4756, #5810, #156 ) ) ;
#4394 = DIRECTION ( 'NONE',  ( -0.000000000000000000, -0.000000000000000000, 1.000000000000000000 ) ) ;
#4395 = ADVANCED_FACE ( 'NONE', ( #8791 ), #1657, .T. ) ;
#4396 = VECTOR ( 'NONE', #3511, 1000.000000000000000 ) ;
#4397 = VECTOR ( 'NONE', #6459, 1000.000000000000000 ) ;
#4398 = DIRECTION ( 'NONE',  ( -0.000000000000000000, 1.000000000000000000, -0.000000000000000000 ) ) ;
#4399 = ORIENTED_EDGE ( 'NONE', *, *, #693, .T. ) ;
#4400 = DIRECTION ( 'NONE',  ( -1.000000000000000000, -0.000000000000000000, -0.000000000000000000 ) ) ;
#4401 = ORIENTED_EDGE ( 'NONE', *, *, #6057, .F. ) ;
#4402 = DIRECTION ( 'NONE',  ( 1.000000000000000000, -0.000000000000000000, -0.000000000000000000 ) ) ;
#4403 = CARTESIAN_POINT ( 'NONE',  ( -10.00000000000000888, -71.99999999999997158, 5.000000000000000000 ) ) ;
#4404 = EDGE_CURVE ( 'NONE', #1054, #4019, #2179, .T. ) ;
#4405 = EDGE_CURVE ( 'NONE', #419, #1892, #2220, .T. ) ;
#4406 = LINE ( 'NONE', #7292, #7363 ) ;
#4407 = VECTOR ( 'NONE', #4156, 1000.000000000000000 ) ;
#4408 = ORIENTED_EDGE ( 'NONE', *, *, #4089, .F. ) ;
#4409 = DIRECTION ( 'NONE',  ( -1.000000000000000000, -1.850371707708594070E-16, -0.000000000000000000 ) ) ;
#4410 = FACE_OUTER_BOUND ( 'NONE', #3108, .T. ) ;
#4411 = ORIENTED_EDGE ( 'NONE', *, *, #344, .F. ) ;
#4412 = VECTOR ( 'NONE', #3325, 1000.000000000000000 ) ;
#4413 = DIRECTION ( 'NONE',  ( -1.000000000000000000, 0.000000000000000000, -1.734723475976807834E-16 ) ) ;
#4414 = ORIENTED_EDGE ( 'NONE', *, *, #8692, .T. ) ;
#4415 = CARTESIAN_POINT ( 'NONE',  ( 55.00000000000000711, -71.99999999999997158, 5.000000000000000000 ) ) ;
#4416 = EDGE_CURVE ( 'NONE', #5829, #5625, #4523, .T. ) ;
#4417 = CARTESIAN_POINT ( 'NONE',  ( -74.99999999999998579, -74.99999999999997158, 5.000000000000000000 ) ) ;
#4418 = ORIENTED_EDGE ( 'NONE', *, *, #3548, .F. ) ;
#4419 = AXIS2_PLACEMENT_3D ( 'NONE', #8699, #5931, #739 ) ;
#4420 = VECTOR ( 'NONE', #230, 1000.000000000000000 ) ;
#4421 = CARTESIAN_POINT ( 'NONE',  ( -72.00000000000001421, 53.00000000000001421, 1.999999999999999556 ) ) ;
#4422 = CARTESIAN_POINT ( 'NONE',  ( -75.00000000000001421, 13.00000000000001066, 1.999999999999999556 ) ) ;
#4423 = EDGE_CURVE ( 'NONE', #2928, #8319, #6524, .T. ) ;
#4424 = FACE_OUTER_BOUND ( 'NONE', #9218, .T. ) ;
#4425 = LINE ( 'NONE', #4563, #3172 ) ;
#4426 = EDGE_LOOP ( 'NONE', ( #71, #7440, #3396, #4015 ) ) ;
#4427 = VERTEX_POINT ( 'NONE', #5825 ) ;
#4428 = FACE_OUTER_BOUND ( 'NONE', #4854, .T. ) ;
#4429 = DIRECTION ( 'NONE',  ( 1.000000000000000000, 1.850371707708594070E-16, 0.000000000000000000 ) ) ;
#4430 = ORIENTED_EDGE ( 'NONE', *, *, #5817, .F. ) ;
#4431 = EDGE_CURVE ( 'NONE', #3436, #796, #4474, .T. ) ;
#4432 = CARTESIAN_POINT ( 'NONE',  ( 5.000000000000004441, 20.00000000000000000, 5.000000000000000000 ) ) ;
#4433 = CARTESIAN_POINT ( 'NONE',  ( 1.688561094430491897E-15, 20.00000000000000000, 5.000000000000000000 ) ) ;
#4434 = ORIENTED_EDGE ( 'NONE', *, *, #5349, .F. ) ;
#4435 = CARTESIAN_POINT ( 'NONE',  ( 74.99999999999998579, 45.00000000000002842, 2.000000000000000000 ) ) ;
#4436 = ORIENTED_EDGE ( 'NONE', *, *, #7623, .F. ) ;
#4437 = ORIENTED_EDGE ( 'NONE', *, *, #3368, .F. ) ;
#4438 = LINE ( 'NONE', #8655, #8575 ) ;
#4439 = PLANE ( 'NONE',  #7248 ) ;
#4440 = EDGE_CURVE ( 'NONE', #2000, #2473, #2301, .T. ) ;
#4441 = CARTESIAN_POINT ( 'NONE',  ( 72.00000000000001421, -59.99999999999998579, 5.000000000000000000 ) ) ;
#4442 = VERTEX_POINT ( 'NONE', #6670 ) ;
#4443 = FACE_OUTER_BOUND ( 'NONE', #3891, .T. ) ;
#4444 = CARTESIAN_POINT ( 'NONE',  ( 46.99999999999997158, 75.00000000000002842, 5.000000000000000000 ) ) ;
#4445 = ORIENTED_EDGE ( 'NONE', *, *, #854, .T. ) ;
#4446 = DIRECTION ( 'NONE',  ( 0.000000000000000000, -0.000000000000000000, 1.000000000000000000 ) ) ;
#4447 = VERTEX_POINT ( 'NONE', #8888 ) ;
#4448 = ADVANCED_FACE ( 'NONE', ( #6970 ), #3866, .F. ) ;
#4449 = CARTESIAN_POINT ( 'NONE',  ( 72.00000000000001421, -140.0000000000000000, 0.000000000000000000 ) ) ;
#4450 = CARTESIAN_POINT ( 'NONE',  ( 1.688561094430491897E-15, 20.00000000000000000, 5.000000000000000000 ) ) ;
#4451 = LINE ( 'NONE', #2155, #5237 ) ;
#4452 = EDGE_LOOP ( 'NONE', ( #4134, #2191, #6040, #8156 ) ) ;
#4453 = ORIENTED_EDGE ( 'NONE', *, *, #6371, .F. ) ;
#4454 = DIRECTION ( 'NONE',  ( 1.000000000000000000, 1.850371707708594070E-16, 0.000000000000000000 ) ) ;
#4455 = CARTESIAN_POINT ( 'NONE',  ( 35.00000000000000000, -71.99999999999997158, 5.000000000000000000 ) ) ;
#4456 = CARTESIAN_POINT ( 'NONE',  ( 40.00000000000000711, -74.99999999999997158, 2.000000000000000000 ) ) ;
#4457 = LINE ( 'NONE', #7356, #1560 ) ;
#4458 = EDGE_CURVE ( 'NONE', #734, #6829, #2716, .T. ) ;
#4459 = DIRECTION ( 'NONE',  ( -1.000000000000000000, 0.000000000000000000, 0.000000000000000000 ) ) ;
#4460 = DIRECTION ( 'NONE',  ( 0.000000000000000000, -1.000000000000000000, 0.000000000000000000 ) ) ;
#4461 = ADVANCED_FACE ( 'NONE', ( #5571 ), #2461, .F. ) ;
#4462 = CARTESIAN_POINT ( 'NONE',  ( 75.00000000000001421, -74.99999999999997158, 5.000000000000000000 ) ) ;
#4463 = DIRECTION ( 'NONE',  ( 0.000000000000000000, 1.000000000000000000, 0.000000000000000000 ) ) ;
#4464 = VERTEX_POINT ( 'NONE', #5527 ) ;
#4465 = ORIENTED_EDGE ( 'NONE', *, *, #3564, .T. ) ;
#4466 = VECTOR ( 'NONE', #1973, 1000.000000000000000 ) ;
#4467 = VERTEX_POINT ( 'NONE', #7631 ) ;
#4468 = FACE_BOUND ( 'NONE', #1336, .T. ) ;
#4469 = DIRECTION ( 'NONE',  ( 0.000000000000000000, 1.000000000000000000, 8.673617379884028076E-17 ) ) ;
#4470 = CARTESIAN_POINT ( 'NONE',  ( -3.000000000000030198, 72.00000000000002842, 5.000000000000000000 ) ) ;
#4471 = LINE ( 'NONE', #2409, #6293 ) ;
#4472 = VERTEX_POINT ( 'NONE', #3375 ) ;
#4473 = LINE ( 'NONE', #3016, #737 ) ;
#4474 = LINE ( 'NONE', #8691, #2752 ) ;
#4475 = ORIENTED_EDGE ( 'NONE', *, *, #7274, .F. ) ;
#4476 = VECTOR ( 'NONE', #7025, 1000.000000000000000 ) ;
#4477 = CARTESIAN_POINT ( 'NONE',  ( -5.000000000000000888, 20.00000000000000000, 5.000000000000000000 ) ) ;
#4478 = VERTEX_POINT ( 'NONE', #314 ) ;
#4479 = ORIENTED_EDGE ( 'NONE', *, *, #8672, .F. ) ;
#4480 = CARTESIAN_POINT ( 'NONE',  ( -75.00000000000000000, -46.99999999999998579, 5.000000000000000000 ) ) ;
#4481 = ADVANCED_FACE ( 'NONE', ( #1965 ), #5275, .T. ) ;
#4482 = ADVANCED_FACE ( 'NONE', ( #8436 ), #8386, .F. ) ;
#4483 = VECTOR ( 'NONE', #6544, 1000.000000000000000 ) ;
#4484 = LINE ( 'NONE', #7859, #3506 ) ;
#4485 = ORIENTED_EDGE ( 'NONE', *, *, #7927, .F. ) ;
#4486 = FACE_OUTER_BOUND ( 'NONE', #2605, .T. ) ;
#4487 = ORIENTED_EDGE ( 'NONE', *, *, #515, .F. ) ;
#4488 = DIRECTION ( 'NONE',  ( 1.000000000000000000, 1.850371707708594070E-16, -0.000000000000000000 ) ) ;
#4489 = DIRECTION ( 'NONE',  ( 1.850371707708594070E-16, -1.000000000000000000, 0.000000000000000000 ) ) ;
#4490 = ORIENTED_EDGE ( 'NONE', *, *, #3882, .T. ) ;
#4491 = CARTESIAN_POINT ( 'NONE',  ( 61.99999999999997868, 75.00000000000002842, 2.000000000000000000 ) ) ;
#4492 = ADVANCED_FACE ( 'NONE', ( #521 ), #5441, .F. ) ;
#4493 = ORIENTED_EDGE ( 'NONE', *, *, #3104, .F. ) ;
#4494 = DIRECTION ( 'NONE',  ( 0.000000000000000000, 0.000000000000000000, -1.000000000000000000 ) ) ;
#4495 = VERTEX_POINT ( 'NONE', #9097 ) ;
#4496 = CARTESIAN_POINT ( 'NONE',  ( 55.00000000000000711, -74.99999999999997158, 1.999999999999999112 ) ) ;
#4497 = DIRECTION ( 'NONE',  ( 0.000000000000000000, -6.938893903907227392E-16, 1.000000000000000000 ) ) ;
#4498 = EDGE_LOOP ( 'NONE', ( #5000, #3421, #2805, #2338, #8931, #5108, #2796, #7036, #4295, #6671, #6981, #8796, #610, #205, #8995, #8496, #8449, #3630, #5739, #2242, #8924, #8935, #5178, #8667, #4974, #4256, #8379, #1481, #6352, #5219, #5160, #990, #6672, #3682, #8133, #2848, #3732, #2047, #2279, #8196, #6319, #7349, #6959, #8906, #7027, #733, #396, #8975, #5094, #6476, #3013, #7593, #6740, #7367, #4430, #2277, #397, #8036, #288, #3261 ) ) ;
#4499 = ORIENTED_EDGE ( 'NONE', *, *, #3319, .F. ) ;
#4500 = DIRECTION ( 'NONE',  ( 0.000000000000000000, -1.000000000000000000, 0.000000000000000000 ) ) ;
#4501 = LINE ( 'NONE', #8014, #3776 ) ;
#4502 = CARTESIAN_POINT ( 'NONE',  ( -70.00000000000000000, -74.99999999999997158, 5.000000000000000000 ) ) ;
#4503 = EDGE_CURVE ( 'NONE', #2913, #1366, #2014, .T. ) ;
#4504 = CARTESIAN_POINT ( 'NONE',  ( 72.00000000000000000, 5.000000000000017764, 2.000000000000000000 ) ) ;
#4505 = CARTESIAN_POINT ( 'NONE',  ( -72.00000000000001421, 38.00000000000002132, 5.000000000000000000 ) ) ;
#4506 = CARTESIAN_POINT ( 'NONE',  ( 31.99999999999997868, 72.00000000000002842, 5.000000000000000000 ) ) ;
#4507 = VECTOR ( 'NONE', #767, 1000.000000000000000 ) ;
#4508 = CARTESIAN_POINT ( 'NONE',  ( 35.00000000000000000, -71.99999999999997158, 5.000000000000000000 ) ) ;
#4509 = CARTESIAN_POINT ( 'NONE',  ( 74.99999999999998579, 75.00000000000002842, 5.000000000000000000 ) ) ;
#4510 = ORIENTED_EDGE ( 'NONE', *, *, #4846, .F. ) ;
#4511 = ORIENTED_EDGE ( 'NONE', *, *, #7885, .F. ) ;
#4512 = EDGE_CURVE ( 'NONE', #710, #1728, #4783, .T. ) ;
#4513 = EDGE_CURVE ( 'NONE', #4953, #8012, #4741, .T. ) ;
#4514 = VECTOR ( 'NONE', #8683, 1000.000000000000000 ) ;
#4515 = ORIENTED_EDGE ( 'NONE', *, *, #8845, .T. ) ;
#4516 = DIRECTION ( 'NONE',  ( -1.604941620322695085E-32, 8.673617379884028076E-17, -1.000000000000000000 ) ) ;
#4517 = CARTESIAN_POINT ( 'NONE',  ( -72.00000000000001421, 48.00000000000001421, 2.000000000000000000 ) ) ;
#4518 = CARTESIAN_POINT ( 'NONE',  ( -72.00000000000000000, -71.99999999999998579, 5.000000000000000000 ) ) ;
#4519 = DIRECTION ( 'NONE',  ( 1.850371707708594070E-16, -1.000000000000000000, 0.000000000000000000 ) ) ;
#4520 = ORIENTED_EDGE ( 'NONE', *, *, #4416, .T. ) ;
#4521 = AXIS2_PLACEMENT_3D ( 'NONE', #3647, #2809, #5656 ) ;
#4522 = CARTESIAN_POINT ( 'NONE',  ( -72.00000000000001421, 13.00000000000001066, 5.000000000000000000 ) ) ;
#4523 = LINE ( 'NONE', #3678, #966 ) ;
#4525 = VERTEX_POINT ( 'NONE', #7588 ) ;
#4524 = VECTOR ( 'NONE', #1053, 1000.000000000000000 ) ;
#4526 = ORIENTED_EDGE ( 'NONE', *, *, #7473, .T. ) ;
#4527 = ORIENTED_EDGE ( 'NONE', *, *, #2453, .F. ) ;
#4528 = DIRECTION ( 'NONE',  ( -1.000000000000000000, -1.850371707708594070E-16, -0.000000000000000000 ) ) ;
#4529 = EDGE_CURVE ( 'NONE', #5730, #2429, #2674, .T. ) ;
#4530 = VECTOR ( 'NONE', #1582, 1000.000000000000000 ) ;
#4531 = AXIS2_PLACEMENT_3D ( 'NONE', #3597, #5754, #9232 ) ;
#4532 = ORIENTED_EDGE ( 'NONE', *, *, #375, .F. ) ;
#4533 = DIRECTION ( 'NONE',  ( 1.000000000000000000, 1.850371707708594070E-16, -0.000000000000000000 ) ) ;
#4534 = VERTEX_POINT ( 'NONE', #4828 ) ;
#4535 = LINE ( 'NONE', #7388, #6482 ) ;
#4536 = ORIENTED_EDGE ( 'NONE', *, *, #7245, .T. ) ;
#4537 = EDGE_CURVE ( 'NONE', #6693, #275, #4127, .T. ) ;
#4538 = VECTOR ( 'NONE', #6563, 1000.000000000000000 ) ;
#4539 = PLANE ( 'NONE',  #7249 ) ;
#4540 = AXIS2_PLACEMENT_3D ( 'NONE', #1067, #2518, #3177 ) ;
#4541 = CARTESIAN_POINT ( 'NONE',  ( 7.500000000000000000, 0.000000000000000000, 10.00000000000000000 ) ) ;
#4542 = EDGE_LOOP ( 'NONE', ( #8661, #2184, #4906, #7932 ) ) ;
#4543 = ORIENTED_EDGE ( 'NONE', *, *, #1057, .T. ) ;
#4544 = AXIS2_PLACEMENT_3D ( 'NONE', #6925, #3373, #2534 ) ;
#4545 = ORIENTED_EDGE ( 'NONE', *, *, #1016, .T. ) ;
#4546 = PLANE ( 'NONE',  #1538 ) ;
#4547 = ORIENTED_EDGE ( 'NONE', *, *, #1270, .T. ) ;
#4548 = FACE_OUTER_BOUND ( 'NONE', #282, .T. ) ;
#4549 = EDGE_CURVE ( 'NONE', #4592, #9266, #3415, .T. ) ;
#4550 = DIRECTION ( 'NONE',  ( -1.000000000000000000, -1.850371707708594070E-16, -0.000000000000000000 ) ) ;
#4551 = VERTEX_POINT ( 'NONE', #7426 ) ;
#4552 = ORIENTED_EDGE ( 'NONE', *, *, #8662, .T. ) ;
#4553 = LINE ( 'NONE', #8198, #2480 ) ;
#4554 = FACE_OUTER_BOUND ( 'NONE', #2482, .T. ) ;
#4555 = VECTOR ( 'NONE', #5053, 1000.000000000000000 ) ;
#4556 = DIRECTION ( 'NONE',  ( 0.000000000000000000, 0.000000000000000000, -1.000000000000000000 ) ) ;
#4557 = CARTESIAN_POINT ( 'NONE',  ( -72.00000000000001421, 28.00000000000001776, 2.000000000000000000 ) ) ;
#4558 = VECTOR ( 'NONE', #265, 1000.000000000000000 ) ;
#4559 = LINE ( 'NONE', #1693, #3179 ) ;
#4560 = LINE ( 'NONE', #4422, #3475 ) ;
#4561 = EDGE_CURVE ( 'NONE', #2180, #1355, #5486, .T. ) ;
#4562 = DIRECTION ( 'NONE',  ( 0.000000000000000000, 1.000000000000000000, 8.673617379884028076E-17 ) ) ;
#4563 = CARTESIAN_POINT ( 'NONE',  ( -72.00000000000001421, 53.00000000000001421, 5.000000000000000000 ) ) ;
#4564 = VERTEX_POINT ( 'NONE', #8344 ) ;
#4565 = ORIENTED_EDGE ( 'NONE', *, *, #3300, .F. ) ;
#4566 = VECTOR ( 'NONE', #2140, 1000.000000000000000 ) ;
#4567 = CARTESIAN_POINT ( 'NONE',  ( -8.000000000000021316, 72.00000000000002842, 5.000000000000000000 ) ) ;
#4568 = CARTESIAN_POINT ( 'NONE',  ( -56.40000000000000568, -3.500000000000003109, 2.000000000000000000 ) ) ;
#4569 = LINE ( 'NONE', #905, #640 ) ;
#4570 = DIRECTION ( 'NONE',  ( -0.000000000000000000, -0.000000000000000000, 1.000000000000000000 ) ) ;
#4571 = ORIENTED_EDGE ( 'NONE', *, *, #5967, .F. ) ;
#4572 = EDGE_CURVE ( 'NONE', #4106, #3021, #9138, .T. ) ;
#4573 = VECTOR ( 'NONE', #4259, 1000.000000000000000 ) ;
#4574 = LINE ( 'NONE', #7694, #4325 ) ;
#4575 = CARTESIAN_POINT ( 'NONE',  ( -45.00000000000002842, -45.00000000000001421, 12.00000000000000000 ) ) ;
#4576 = EDGE_CURVE ( 'NONE', #2744, #2539, #7871, .T. ) ;
#4577 = ORIENTED_EDGE ( 'NONE', *, *, #8186, .T. ) ;
#4578 = EDGE_LOOP ( 'NONE', ( #7313, #1799, #2311, #1486 ) ) ;
#4579 = ORIENTED_EDGE ( 'NONE', *, *, #4713, .F. ) ;
#4580 = CARTESIAN_POINT ( 'NONE',  ( 30.00000000000000711, -71.99999999999997158, 2.000000000000000000 ) ) ;
#4581 = VECTOR ( 'NONE', #1407, 1000.000000000000000 ) ;
#4582 = ORIENTED_EDGE ( 'NONE', *, *, #1372, .T. ) ;
#4583 = PLANE ( 'NONE',  #2477 ) ;
#4584 = ORIENTED_EDGE ( 'NONE', *, *, #740, .F. ) ;
#4585 = EDGE_CURVE ( 'NONE', #407, #2952, #1112, .T. ) ;
#4586 = LINE ( 'NONE', #3878, #8431 ) ;
#4587 = EDGE_CURVE ( 'NONE', #8308, #4021, #5620, .T. ) ;
#4588 = ORIENTED_EDGE ( 'NONE', *, *, #2058, .T. ) ;
#4589 = AXIS2_PLACEMENT_3D ( 'NONE', #2665, #6301, #1254 ) ;
#4590 = PLANE ( 'NONE',  #517 ) ;
#4591 = LINE ( 'NONE', #9030, #1094 ) ;
#4592 = VERTEX_POINT ( 'NONE', #3460 ) ;
#4593 = CARTESIAN_POINT ( 'NONE',  ( -63.00000000000002842, 72.00000000000002842, 5.000000000000000000 ) ) ;
#4594 = ORIENTED_EDGE ( 'NONE', *, *, #6957, .T. ) ;
#4595 = CARTESIAN_POINT ( 'NONE',  ( -38.00000000000002132, 72.00000000000002842, 2.000000000000000000 ) ) ;
#4596 = CARTESIAN_POINT ( 'NONE',  ( 36.99999999999997868, 72.00000000000002842, 5.000000000000000000 ) ) ;
#4597 = ORIENTED_EDGE ( 'NONE', *, *, #4048, .T. ) ;
#4598 = ORIENTED_EDGE ( 'NONE', *, *, #8865, .T. ) ;
#4599 = CARTESIAN_POINT ( 'NONE',  ( -59.60000000000001563, -3.500000000000003109, 5.000000000000000888 ) ) ;
#4600 = DIRECTION ( 'NONE',  ( 0.000000000000000000, -1.000000000000000000, 8.673617379884040402E-17 ) ) ;
#4601 = CARTESIAN_POINT ( 'NONE',  ( -75.00000000000001421, 43.00000000000000711, 1.999999999999999556 ) ) ;
#4602 = EDGE_CURVE ( 'NONE', #7100, #8320, #2153, .T. ) ;
#4603 = ADVANCED_FACE ( 'NONE', ( #6311 ), #5020, .F. ) ;
#4604 = CARTESIAN_POINT ( 'NONE',  ( 71.99999999999998579, 45.00000000000002842, 2.000000000000000000 ) ) ;
#4605 = PLANE ( 'NONE',  #1528 ) ;
#4606 = CARTESIAN_POINT ( 'NONE',  ( -72.00000000000000000, -6.999999999999991118, 5.000000000000000000 ) ) ;
#4607 = LINE ( 'NONE', #349, #4177 ) ;
#4608 = DIRECTION ( 'NONE',  ( -0.000000000000000000, 0.000000000000000000, 1.000000000000000000 ) ) ;
#4609 = ORIENTED_EDGE ( 'NONE', *, *, #3948, .T. ) ;
#4610 = EDGE_LOOP ( 'NONE', ( #2689, #3649, #3486, #1122 ) ) ;
#4611 = EDGE_CURVE ( 'NONE', #2663, #5893, #7013, .T. ) ;
#4612 = LINE ( 'NONE', #354, #1915 ) ;
#4613 = DIRECTION ( 'NONE',  ( -1.850371707708594070E-16, 1.000000000000000000, 0.000000000000000000 ) ) ;
#4614 = CYLINDRICAL_SURFACE ( 'NONE', #3032, 1.600000000000004086 ) ;
#4615 = FACE_OUTER_BOUND ( 'NONE', #19, .T. ) ;
#4616 = ORIENTED_EDGE ( 'NONE', *, *, #5648, .F. ) ;
#4617 = CARTESIAN_POINT ( 'NONE',  ( 75.00000000000001421, -49.99999999999997158, 5.000000000000000000 ) ) ;
#4618 = DIRECTION ( 'NONE',  ( -1.000000000000000000, 0.000000000000000000, 8.673617379884028076E-17 ) ) ;
#4619 = ORIENTED_EDGE ( 'NONE', *, *, #1557, .F. ) ;
#4620 = ORIENTED_EDGE ( 'NONE', *, *, #6990, .T. ) ;
#4621 = VECTOR ( 'NONE', #3651, 1000.000000000000000 ) ;
#4622 = EDGE_CURVE ( 'NONE', #1649, #5324, #9238, .T. ) ;
#4623 = CARTESIAN_POINT ( 'NONE',  ( -72.00000000000000000, -11.99999999999998934, 5.000000000000000000 ) ) ;
#4624 = VERTEX_POINT ( 'NONE', #705 ) ;
#4625 = VECTOR ( 'NONE', #5686, 1000.000000000000000 ) ;
#4626 = DIRECTION ( 'NONE',  ( 0.000000000000000000, 1.387778780781445478E-15, -1.000000000000000000 ) ) ;
#4627 = VERTEX_POINT ( 'NONE', #6407 ) ;
#4628 = LINE ( 'NONE', #2517, #8153 ) ;
#4629 = FACE_OUTER_BOUND ( 'NONE', #8228, .T. ) ;
#4630 = AXIS2_PLACEMENT_3D ( 'NONE', #6178, #4128, #6971 ) ;
#4631 = ADVANCED_FACE ( 'NONE', ( #8 ), #4316, .F. ) ;
#4632 = ADVANCED_FACE ( 'NONE', ( #1306 ), #7061, .F. ) ;
#4633 = VERTEX_POINT ( 'NONE', #4919 ) ;
#4634 = LINE ( 'NONE', #7483, #6177 ) ;
#4635 = ORIENTED_EDGE ( 'NONE', *, *, #2865, .T. ) ;
#4636 = LINE ( 'NONE', #3794, #4319 ) ;
#4637 = DIRECTION ( 'NONE',  ( 1.000000000000000000, 1.850371707708594070E-16, 0.000000000000000000 ) ) ;
#4638 = ORIENTED_EDGE ( 'NONE', *, *, #5266, .F. ) ;
#4639 = CARTESIAN_POINT ( 'NONE',  ( 50.00000000000000000, -71.99999999999997158, 2.000000000000000000 ) ) ;
#4640 = CARTESIAN_POINT ( 'NONE',  ( -38.00000000000002132, 75.00000000000002842, 2.000000000000000000 ) ) ;
#4641 = LINE ( 'NONE', #428, #1074 ) ;
#4642 = EDGE_CURVE ( 'NONE', #3106, #4333, #2770, .T. ) ;
#4643 = CARTESIAN_POINT ( 'NONE',  ( 6.938893903907228378E-15, -71.99999999999997158, 2.000000000000000000 ) ) ;
#4644 = LINE ( 'NONE', #3240, #2276 ) ;
#4645 = CARTESIAN_POINT ( 'NONE',  ( 71.99999999999998579, 75.00000000000002842, 2.000000000000000000 ) ) ;
#4646 = DIRECTION ( 'NONE',  ( -0.000000000000000000, -0.000000000000000000, 1.000000000000000000 ) ) ;
#4647 = DIRECTION ( 'NONE',  ( 0.000000000000000000, 0.000000000000000000, -1.000000000000000000 ) ) ;
#4648 = ADVANCED_FACE ( 'NONE', ( #6363 ), #757, .F. ) ;
#4649 = LINE ( 'NONE', #2537, #6761 ) ;
#4650 = EDGE_LOOP ( 'NONE', ( #7626, #4493, #4195, #7940 ) ) ;
#4651 = ORIENTED_EDGE ( 'NONE', *, *, #747, .T. ) ;
#4652 = VECTOR ( 'NONE', #66, 1000.000000000000000 ) ;
#4653 = PLANE ( 'NONE',  #7850 ) ;
#4654 = CARTESIAN_POINT ( 'NONE',  ( -75.00000000000000000, 33.00000000000001421, 5.000000000000000000 ) ) ;
#4655 = DIRECTION ( 'NONE',  ( -0.000000000000000000, -1.000000000000000000, -0.000000000000000000 ) ) ;
#4656 = LINE ( 'NONE', #6099, #1676 ) ;
#4657 = ORIENTED_EDGE ( 'NONE', *, *, #7912, .F. ) ;
#4658 = CARTESIAN_POINT ( 'NONE',  ( -72.00000000000001421, 5.551115123125782702E-16, 0.000000000000000000 ) ) ;
#4659 = ORIENTED_EDGE ( 'NONE', *, *, #5865, .F. ) ;
#4660 = EDGE_CURVE ( 'NONE', #1054, #4106, #6487, .T. ) ;
#4661 = ORIENTED_EDGE ( 'NONE', *, *, #5452, .T. ) ;
#4662 = VECTOR ( 'NONE', #4618, 1000.000000000000000 ) ;
#4663 = ORIENTED_EDGE ( 'NONE', *, *, #8015, .F. ) ;
#4664 = VERTEX_POINT ( 'NONE', #7926 ) ;
#4665 = VECTOR ( 'NONE', #8107, 1000.000000000000000 ) ;
#4666 = LINE ( 'NONE', #972, #6196 ) ;
#4667 = VECTOR ( 'NONE', #2593, 1000.000000000000000 ) ;
#4668 = ORIENTED_EDGE ( 'NONE', *, *, #1769, .F. ) ;
#4669 = LINE ( 'NONE', #8325, #1247 ) ;
#4670 = VERTEX_POINT ( 'NONE', #664 ) ;
#4671 = EDGE_LOOP ( 'NONE', ( #849, #4116, #1699, #3659 ) ) ;
#4672 = EDGE_CURVE ( 'NONE', #7484, #7193, #2111, .T. ) ;
#4673 = CARTESIAN_POINT ( 'NONE',  ( 72.00000000000001421, -71.99999999999997158, 5.000000000000000000 ) ) ;
#4674 = CARTESIAN_POINT ( 'NONE',  ( -54.99999999999999289, -74.99999999999997158, 1.999999999999999112 ) ) ;
#4675 = VECTOR ( 'NONE', #4786, 1000.000000000000000 ) ;
#4676 = VECTOR ( 'NONE', #2458, 1000.000000000000000 ) ;
#4677 = VERTEX_POINT ( 'NONE', #2869 ) ;
#4678 = VECTOR ( 'NONE', #1783, 1000.000000000000000 ) ;
#4679 = ORIENTED_EDGE ( 'NONE', *, *, #8052, .F. ) ;
#4680 = CIRCLE ( 'NONE', #794, 19.99999999999999645 ) ;
#4681 = CARTESIAN_POINT ( 'NONE',  ( -10.00000000000000888, -74.99999999999997158, 5.000000000000000000 ) ) ;
#4682 = AXIS2_PLACEMENT_3D ( 'NONE', #374, #6076, #1808 ) ;
#4683 = ORIENTED_EDGE ( 'NONE', *, *, #8021, .T. ) ;
#4684 = PLANE ( 'NONE',  #8822 ) ;
#4685 = ADVANCED_FACE ( 'NONE', ( #2919 ), #5073, .T. ) ;
#4686 = DIRECTION ( 'NONE',  ( -0.000000000000000000, 1.000000000000000000, 6.938893903907227392E-16 ) ) ;
#4687 = ADVANCED_FACE ( 'NONE', ( #1502 ), #8637, .F. ) ;
#4688 = CARTESIAN_POINT ( 'NONE',  ( 60.00000000000000711, -71.99999999999997158, 5.000000000000000000 ) ) ;
#4689 = CARTESIAN_POINT ( 'NONE',  ( -70.00000000000000000, 72.00000000000002842, 0.000000000000000000 ) ) ;
#4690 = FACE_OUTER_BOUND ( 'NONE', #1168, .T. ) ;
#4691 = AXIS2_PLACEMENT_3D ( 'NONE', #7629, #1213, #431 ) ;
#4692 = CARTESIAN_POINT ( 'NONE',  ( -45.00000000000002842, -45.00000000000001421, 2.000000000000000000 ) ) ;
#4693 = CARTESIAN_POINT ( 'NONE',  ( 35.00000000000000000, -71.99999999999997158, 5.000000000000000000 ) ) ;
#4694 = DIRECTION ( 'NONE',  ( 0.000000000000000000, -0.000000000000000000, 1.000000000000000000 ) ) ;
#4695 = VECTOR ( 'NONE', #2472, 1000.000000000000000 ) ;
#4696 = DIRECTION ( 'NONE',  ( -1.000000000000000000, 0.000000000000000000, 0.000000000000000000 ) ) ;
#4697 = EDGE_CURVE ( 'NONE', #934, #8038, #2164, .T. ) ;
#4698 = CARTESIAN_POINT ( 'NONE',  ( -75.00000000000001421, 38.00000000000002132, 5.000000000000000000 ) ) ;
#4699 = CARTESIAN_POINT ( 'NONE',  ( -48.00000000000001421, 72.00000000000002842, 5.000000000000000000 ) ) ;
#4700 = ORIENTED_EDGE ( 'NONE', *, *, #9134, .F. ) ;
#4701 = VECTOR ( 'NONE', #3720, 1000.000000000000000 ) ;
#4702 = CARTESIAN_POINT ( 'NONE',  ( -3.500000000000003109, -57.99999999999997158, 5.000000000000000888 ) ) ;
#4703 = EDGE_CURVE ( 'NONE', #5222, #2421, #1550, .T. ) ;
#4704 = DIRECTION ( 'NONE',  ( 0.000000000000000000, 0.000000000000000000, -1.000000000000000000 ) ) ;
#4705 = DIRECTION ( 'NONE',  ( -0.000000000000000000, -0.000000000000000000, 1.000000000000000000 ) ) ;
#4706 = CARTESIAN_POINT ( 'NONE',  ( 16.99999999999997513, 72.00000000000002842, 5.000000000000000000 ) ) ;
#4707 = CARTESIAN_POINT ( 'NONE',  ( 71.99999999999998579, 70.00000000000001421, 5.000000000000000000 ) ) ;
#4708 = ORIENTED_EDGE ( 'NONE', *, *, #4622, .T. ) ;
#4709 = AXIS2_PLACEMENT_3D ( 'NONE', #5628, #7217, #3662 ) ;
#4710 = ORIENTED_EDGE ( 'NONE', *, *, #6852, .F. ) ;
#4711 = ORIENTED_EDGE ( 'NONE', *, *, #4549, .T. ) ;
#4712 = AXIS2_PLACEMENT_3D ( 'NONE', #2052, #651, #8481 ) ;
#4713 = EDGE_CURVE ( 'NONE', #4592, #7754, #2822, .T. ) ;
#4714 = EDGE_CURVE ( 'NONE', #7800, #914, #3565, .T. ) ;
#4715 = VECTOR ( 'NONE', #1719, 1000.000000000000000 ) ;
#4716 = VECTOR ( 'NONE', #1622, 1000.000000000000000 ) ;
#4717 = DIRECTION ( 'NONE',  ( 1.000000000000000000, -0.000000000000000000, 1.734723475976808080E-16 ) ) ;
#4718 = ORIENTED_EDGE ( 'NONE', *, *, #3705, .F. ) ;
#4719 = LINE ( 'NONE', #4013, #1108 ) ;
#4720 = VERTEX_POINT ( 'NONE', #6418 ) ;
#4721 = ORIENTED_EDGE ( 'NONE', *, *, #1310, .T. ) ;
#4722 = LINE ( 'NONE', #6246, #1422 ) ;
#4723 = CARTESIAN_POINT ( 'NONE',  ( -15.00000000000000000, -71.99999999999997158, 1.999999999999999112 ) ) ;
#4724 = VECTOR ( 'NONE', #7281, 1000.000000000000000 ) ;
#4725 = ORIENTED_EDGE ( 'NONE', *, *, #4440, .F. ) ;
#4726 = EDGE_CURVE ( 'NONE', #6581, #6386, #7168, .T. ) ;
#4727 = ORIENTED_EDGE ( 'NONE', *, *, #4529, .F. ) ;
#4728 = CARTESIAN_POINT ( 'NONE',  ( 45.00000000000002842, -45.00000000000001421, 5.000000000000000000 ) ) ;
#4729 = ORIENTED_EDGE ( 'NONE', *, *, #5865, .T. ) ;
#4730 = DIRECTION ( 'NONE',  ( 0.000000000000000000, -0.000000000000000000, 1.000000000000000000 ) ) ;
#4731 = CARTESIAN_POINT ( 'NONE',  ( 56.40000000000000568, 3.500000000000003109, 2.000000000000000000 ) ) ;
#4732 = ORIENTED_EDGE ( 'NONE', *, *, #454, .F. ) ;
#4733 = LINE ( 'NONE', #7541, #8876 ) ;
#4734 = ORIENTED_EDGE ( 'NONE', *, *, #6015, .T. ) ;
#4735 = LINE ( 'NONE', #3318, #5853 ) ;
#4736 = EDGE_CURVE ( 'NONE', #5222, #7672, #807, .T. ) ;
#4737 = DIRECTION ( 'NONE',  ( -1.000000000000000000, 0.000000000000000000, 0.000000000000000000 ) ) ;
#4738 = DIRECTION ( 'NONE',  ( -0.000000000000000000, -0.000000000000000000, 1.000000000000000000 ) ) ;
#4739 = DIRECTION ( 'NONE',  ( -8.673617379884028076E-17, 0.000000000000000000, -1.000000000000000000 ) ) ;
#4740 = CARTESIAN_POINT ( 'NONE',  ( -43.00000000000002132, 75.00000000000002842, 2.000000000000000444 ) ) ;
#4741 = LINE ( 'NONE', #1216, #2006 ) ;
#4742 = LINE ( 'NONE', #6882, #585 ) ;
#4743 = CARTESIAN_POINT ( 'NONE',  ( -74.99999999999998579, -74.99999999999997158, 5.000000000000000000 ) ) ;
#4744 = DIRECTION ( 'NONE',  ( -0.000000000000000000, -0.000000000000000000, -1.000000000000000000 ) ) ;
#4745 = CARTESIAN_POINT ( 'NONE',  ( 11.99999999999998224, 72.00000000000002842, 5.000000000000000000 ) ) ;
#4746 = ORIENTED_EDGE ( 'NONE', *, *, #7946, .T. ) ;
#4747 = EDGE_CURVE ( 'NONE', #6693, #5730, #2959, .T. ) ;
#4748 = ADVANCED_FACE ( 'NONE', ( #2206 ), #4373, .T. ) ;
#4749 = FACE_BOUND ( 'NONE', #5765, .T. ) ;
#4750 = CARTESIAN_POINT ( 'NONE',  ( -58.00000000000002132, 75.00000000000002842, 2.000000000000000000 ) ) ;
#4751 = DIRECTION ( 'NONE',  ( 1.000000000000000000, 0.000000000000000000, 0.000000000000000000 ) ) ;
#4752 = CARTESIAN_POINT ( 'NONE',  ( -72.00000000000001421, 13.00000000000001066, 5.000000000000000000 ) ) ;
#4753 = DIRECTION ( 'NONE',  ( -0.000000000000000000, 0.000000000000000000, 1.000000000000000000 ) ) ;
#4754 = DIRECTION ( 'NONE',  ( -1.000000000000000000, 0.000000000000000000, 0.000000000000000000 ) ) ;
#4755 = ORIENTED_EDGE ( 'NONE', *, *, #613, .T. ) ;
#4756 = ORIENTED_EDGE ( 'NONE', *, *, #6771, .F. ) ;
#4757 = LINE ( 'NONE', #8406, #7701 ) ;
#4758 = EDGE_LOOP ( 'NONE', ( #5458, #3774, #4597, #4926 ) ) ;
#4759 = DIRECTION ( 'NONE',  ( -1.850371707708594316E-16, 1.000000000000000000, -0.000000000000000000 ) ) ;
#4760 = ORIENTED_EDGE ( 'NONE', *, *, #2628, .F. ) ;
#4761 = ORIENTED_EDGE ( 'NONE', *, *, #2802, .F. ) ;
#4762 = DIRECTION ( 'NONE',  ( 1.850371707708594070E-16, -1.000000000000000000, 0.000000000000000000 ) ) ;
#4763 = ORIENTED_EDGE ( 'NONE', *, *, #5658, .F. ) ;
#4764 = VECTOR ( 'NONE', #5316, 1000.000000000000000 ) ;
#4765 = EDGE_CURVE ( 'NONE', #3607, #4467, #6511, .T. ) ;
#4766 = DIRECTION ( 'NONE',  ( -0.000000000000000000, -1.000000000000000000, -0.000000000000000000 ) ) ;
#4767 = EDGE_CURVE ( 'NONE', #3857, #7795, #8678, .T. ) ;
#4768 = AXIS2_PLACEMENT_3D ( 'NONE', #9188, #6969, #560 ) ;
#4769 = ORIENTED_EDGE ( 'NONE', *, *, #6215, .T. ) ;
#4770 = PLANE ( 'NONE',  #7676 ) ;
#4771 = ORIENTED_EDGE ( 'NONE', *, *, #434, .F. ) ;
#4772 = CARTESIAN_POINT ( 'NONE',  ( -8.000000000000021316, 72.00000000000002842, 2.000000000000000000 ) ) ;
#4773 = LINE ( 'NONE', #5562, #4879 ) ;
#4775 = CARTESIAN_POINT ( 'NONE',  ( -72.00000000000001421, 33.00000000000001421, 1.999999999999999556 ) ) ;
#4774 = VECTOR ( 'NONE', #2219, 1000.000000000000000 ) ;
#4776 = ADVANCED_FACE ( 'NONE', ( #7971 ), #6321, .F. ) ;
#4777 = ORIENTED_EDGE ( 'NONE', *, *, #6503, .T. ) ;
#4778 = CARTESIAN_POINT ( 'NONE',  ( 41.99999999999997868, 72.00000000000002842, 2.000000000000000000 ) ) ;
#4779 = VECTOR ( 'NONE', #1137, 1000.000000000000000 ) ;
#4780 = CARTESIAN_POINT ( 'NONE',  ( -40.00000000000000000, -71.99999999999997158, 2.000000000000000000 ) ) ;
#4781 = PLANE ( 'NONE',  #8423 ) ;
#4782 = FACE_OUTER_BOUND ( 'NONE', #5405, .T. ) ;
#4783 = LINE ( 'NONE', #7727, #4558 ) ;
#4784 = DIRECTION ( 'NONE',  ( 1.850371707708594070E-16, -1.000000000000000000, 0.000000000000000000 ) ) ;
#4785 = LINE ( 'NONE', #7684, #1730 ) ;
#4786 = DIRECTION ( 'NONE',  ( -1.000000000000000000, 0.000000000000000000, 0.000000000000000000 ) ) ;
#4787 = EDGE_CURVE ( 'NONE', #7878, #6270, #2778, .T. ) ;
#4788 = DIRECTION ( 'NONE',  ( 0.000000000000000000, 0.000000000000000000, -1.000000000000000000 ) ) ;
#4789 = VERTEX_POINT ( 'NONE', #1642 ) ;
#4790 = CARTESIAN_POINT ( 'NONE',  ( 11.99999999999998224, 72.00000000000002842, 5.000000000000000000 ) ) ;
#4791 = DIRECTION ( 'NONE',  ( 0.000000000000000000, 0.000000000000000000, -1.000000000000000000 ) ) ;
#4792 = CARTESIAN_POINT ( 'NONE',  ( -68.00000000000002842, 72.00000000000002842, 5.000000000000000000 ) ) ;
#4793 = DIRECTION ( 'NONE',  ( -0.000000000000000000, 1.000000000000000000, 8.673617379884028076E-17 ) ) ;
#4794 = DIRECTION ( 'NONE',  ( 1.850371707708594070E-16, -1.000000000000000000, 0.000000000000000000 ) ) ;
#4795 = LINE ( 'NONE', #7645, #3009 ) ;
#4796 = ADVANCED_FACE ( 'NONE', ( #8203 ), #7410, .F. ) ;
#4797 = VERTEX_POINT ( 'NONE', #3000 ) ;
#4798 = EDGE_CURVE ( 'NONE', #5187, #8747, #997, .T. ) ;
#4799 = ORIENTED_EDGE ( 'NONE', *, *, #2940, .T. ) ;
#4800 = DIRECTION ( 'NONE',  ( -1.000000000000000000, 0.000000000000000000, 0.000000000000000000 ) ) ;
#4801 = ORIENTED_EDGE ( 'NONE', *, *, #2800, .F. ) ;
#4802 = CARTESIAN_POINT ( 'NONE',  ( -64.99999999999998579, -71.99999999999997158, 5.000000000000000000 ) ) ;
#4804 = EDGE_LOOP ( 'NONE', ( #4067, #7849, #491, #6137 ) ) ;
#4803 = VECTOR ( 'NONE', #616, 1000.000000000000000 ) ;
#4805 = LINE ( 'NONE', #3440, #6943 ) ;
#4806 = ORIENTED_EDGE ( 'NONE', *, *, #9073, .F. ) ;
#4807 = EDGE_CURVE ( 'NONE', #7844, #5467, #5306, .T. ) ;
#4808 = LINE ( 'NONE', #4251, #2137 ) ;
#4809 = ORIENTED_EDGE ( 'NONE', *, *, #3394, .T. ) ;
#4810 = VECTOR ( 'NONE', #7353, 1000.000000000000000 ) ;
#4811 = AXIS2_PLACEMENT_3D ( 'NONE', #5218, #7977, #8023 ) ;
#4812 = ORIENTED_EDGE ( 'NONE', *, *, #6379, .T. ) ;
#4813 = EDGE_CURVE ( 'NONE', #7251, #4201, #4457, .T. ) ;
#4814 = PLANE ( 'NONE',  #8893 ) ;
#4815 = ORIENTED_EDGE ( 'NONE', *, *, #23, .F. ) ;
#4816 = VECTOR ( 'NONE', #2497, 1000.000000000000000 ) ;
#4817 = CARTESIAN_POINT ( 'NONE',  ( 35.00000000000000000, -71.99999999999997158, 1.999999999999999112 ) ) ;
#4818 = AXIS2_PLACEMENT_3D ( 'NONE', #4337, #6381, #8408 ) ;
#4819 = VERTEX_POINT ( 'NONE', #197 ) ;
#4820 = DIRECTION ( 'NONE',  ( 0.000000000000000000, -1.000000000000000000, 8.673617379884040402E-17 ) ) ;
#4821 = CARTESIAN_POINT ( 'NONE',  ( -75.00000000000001421, 75.00000000000002842, 5.000000000000000000 ) ) ;
#4822 = VECTOR ( 'NONE', #5163, 1000.000000000000000 ) ;
#4823 = AXIS2_PLACEMENT_3D ( 'NONE', #6875, #7489, #9090 ) ;
#4824 = EDGE_CURVE ( 'NONE', #4286, #241, #3053, .T. ) ;
#4825 = DIRECTION ( 'NONE',  ( 0.000000000000000000, 1.000000000000000000, -8.673617379884039170E-17 ) ) ;
#4826 = LINE ( 'NONE', #2625, #7066 ) ;
#4827 = DIRECTION ( 'NONE',  ( -0.000000000000000000, -1.000000000000000000, -0.000000000000000000 ) ) ;
#4828 = CARTESIAN_POINT ( 'NONE',  ( -64.99999999999998579, -71.99999999999997158, 1.999999999999999112 ) ) ;
#4829 = DIRECTION ( 'NONE',  ( 0.000000000000000000, 0.000000000000000000, 1.000000000000000000 ) ) ;
#4830 = DIRECTION ( 'NONE',  ( -0.000000000000000000, -0.000000000000000000, 1.000000000000000000 ) ) ;
#4831 = CARTESIAN_POINT ( 'NONE',  ( -37.50000000000002842, -45.00000000000001421, 2.000000000000000000 ) ) ;
#4832 = AXIS2_PLACEMENT_3D ( 'NONE', #7371, #6060, #5182 ) ;
#4833 = VECTOR ( 'NONE', #3420, 1000.000000000000000 ) ;
#4834 = CARTESIAN_POINT ( 'NONE',  ( -28.00000000000002487, 72.00000000000002842, 5.000000000000000000 ) ) ;
#4835 = ORIENTED_EDGE ( 'NONE', *, *, #4249, .T. ) ;
#4836 = CARTESIAN_POINT ( 'NONE',  ( 7.500000000000000000, 0.000000000000000000, 30.00000000000000000 ) ) ;
#4837 = EDGE_CURVE ( 'NONE', #8761, #3107, #2444, .T. ) ;
#4838 = VECTOR ( 'NONE', #2289, 1000.000000000000000 ) ;
#4839 = PLANE ( 'NONE',  #5397 ) ;
#4840 = PLANE ( 'NONE',  #9170 ) ;
#4841 = VERTEX_POINT ( 'NONE', #945 ) ;
#4842 = FACE_OUTER_BOUND ( 'NONE', #7149, .T. ) ;
#4843 = CARTESIAN_POINT ( 'NONE',  ( 45.00000000000000711, -74.99999999999997158, 5.000000000000000000 ) ) ;
#4844 = ORIENTED_EDGE ( 'NONE', *, *, #7534, .F. ) ;
#4845 = ORIENTED_EDGE ( 'NONE', *, *, #854, .F. ) ;
#4846 = EDGE_CURVE ( 'NONE', #6124, #764, #3749, .T. ) ;
#4847 = CARTESIAN_POINT ( 'NONE',  ( -75.00000000000001421, 75.00000000000002842, 5.000000000000000000 ) ) ;
#4848 = ADVANCED_FACE ( 'NONE', ( #7494 ), #8111, .T. ) ;
#4849 = LINE ( 'NONE', #9257, #4213 ) ;
#4850 = ORIENTED_EDGE ( 'NONE', *, *, #8878, .T. ) ;
#4851 = AXIS2_PLACEMENT_3D ( 'NONE', #5136, #7323, #2627 ) ;
#4852 = CARTESIAN_POINT ( 'NONE',  ( -64.99999999999998579, -74.99999999999997158, 1.999999999999999112 ) ) ;
#4853 = ORIENTED_EDGE ( 'NONE', *, *, #4714, .F. ) ;
#4854 = EDGE_LOOP ( 'NONE', ( #7377, #921, #4487, #315 ) ) ;
#4855 = DIRECTION ( 'NONE',  ( 1.000000000000000000, 1.850371707708594070E-16, 0.000000000000000000 ) ) ;
#4856 = ORIENTED_EDGE ( 'NONE', *, *, #4798, .T. ) ;
#4857 = CARTESIAN_POINT ( 'NONE',  ( 72.00000000000001421, -64.99999999999998579, 2.000000000000000000 ) ) ;
#4858 = AXIS2_PLACEMENT_3D ( 'NONE', #4692, #4951, #4255 ) ;
#4859 = VECTOR ( 'NONE', #4488, 1000.000000000000000 ) ;
#4860 = EDGE_CURVE ( 'NONE', #3436, #2166, #250, .T. ) ;
#4861 = EDGE_CURVE ( 'NONE', #7159, #5895, #1692, .T. ) ;
#4862 = ORIENTED_EDGE ( 'NONE', *, *, #3300, .T. ) ;
#4863 = CARTESIAN_POINT ( 'NONE',  ( -72.00000000000000000, -26.99999999999998224, 5.000000000000000000 ) ) ;
#4864 = ORIENTED_EDGE ( 'NONE', *, *, #4642, .T. ) ;
#4865 = PRESENTATION_LAYER_ASSIGNMENT (  '', '', ( #89 ) ) ;
#4866 = CARTESIAN_POINT ( 'NONE',  ( 74.99999999999998579, 75.00000000000002842, 5.000000000000000000 ) ) ;
#4867 = ORIENTED_EDGE ( 'NONE', *, *, #2818, .F. ) ;
#4868 = DIRECTION ( 'NONE',  ( 1.000000000000000000, 1.850371707708594070E-16, -0.000000000000000000 ) ) ;
#4869 = PLANE ( 'NONE',  #4224 ) ;
#4870 = CARTESIAN_POINT ( 'NONE',  ( -28.00000000000002487, 72.00000000000002842, 5.000000000000000000 ) ) ;
#4871 = AXIS2_PLACEMENT_3D ( 'NONE', #6042, #8912, #8241 ) ;
#4872 = DIRECTION ( 'NONE',  ( 1.000000000000000000, 1.850371707708594070E-16, -0.000000000000000000 ) ) ;
#4873 = CARTESIAN_POINT ( 'NONE',  ( 55.00000000000000711, -71.99999999999997158, 1.999999999999999112 ) ) ;
#4874 = PLANE ( 'NONE',  #1619 ) ;
#4875 = DIRECTION ( 'NONE',  ( 0.000000000000000000, 0.000000000000000000, -1.000000000000000000 ) ) ;
#4876 = FACE_OUTER_BOUND ( 'NONE', #2704, .T. ) ;
#4877 = DIRECTION ( 'NONE',  ( -0.000000000000000000, 1.000000000000000000, -0.000000000000000000 ) ) ;
#4878 = DIRECTION ( 'NONE',  ( -0.000000000000000000, 1.000000000000000000, 8.673617379884028076E-17 ) ) ;
#4879 = VECTOR ( 'NONE', #463, 1000.000000000000000 ) ;
#4880 = CARTESIAN_POINT ( 'NONE',  ( 72.00000000000000000, -4.999999999999977796, 5.000000000000000000 ) ) ;
#4881 = EDGE_CURVE ( 'NONE', #3493, #4342, #296, .T. ) ;
#4882 = EDGE_LOOP ( 'NONE', ( #6995, #5007, #5921, #2152 ) ) ;
#4883 = ORIENTED_EDGE ( 'NONE', *, *, #2474, .T. ) ;
#4884 = EDGE_CURVE ( 'NONE', #3431, #255, #5908, .T. ) ;
#4885 = LINE ( 'NONE', #8445, #4466 ) ;
#4886 = CARTESIAN_POINT ( 'NONE',  ( 49.99999999999999289, -71.99999999999997158, 5.000000000000000000 ) ) ;
#4887 = CARTESIAN_POINT ( 'NONE',  ( -8.000000000000021316, 72.00000000000002842, 5.000000000000000000 ) ) ;
#4888 = ORIENTED_EDGE ( 'NONE', *, *, #2682, .F. ) ;
#4889 = DIRECTION ( 'NONE',  ( -1.000000000000000000, -1.850371707708594070E-16, -0.000000000000000000 ) ) ;
#4890 = CARTESIAN_POINT ( 'NONE',  ( 74.99999999999998579, 75.00000000000002842, 5.000000000000000000 ) ) ;
#4891 = ORIENTED_EDGE ( 'NONE', *, *, #1501, .T. ) ;
#4892 = ORIENTED_EDGE ( 'NONE', *, *, #8865, .F. ) ;
#4893 = EDGE_CURVE ( 'NONE', #5893, #4007, #1040, .T. ) ;
#4894 = DIRECTION ( 'NONE',  ( 0.000000000000000000, 0.000000000000000000, -1.000000000000000000 ) ) ;
#4895 = CARTESIAN_POINT ( 'NONE',  ( 75.00000000000000000, -34.99999999999997868, 5.000000000000000000 ) ) ;
#4896 = VERTEX_POINT ( 'NONE', #6698 ) ;
#4897 = LINE ( 'NONE', #630, #7981 ) ;
#4898 = VERTEX_POINT ( 'NONE', #150 ) ;
#4899 = VERTEX_POINT ( 'NONE', #4504 ) ;
#4900 = CARTESIAN_POINT ( 'NONE',  ( -74.99999999999998579, -74.99999999999997158, 5.000000000000000000 ) ) ;
#4901 = ORIENTED_EDGE ( 'NONE', *, *, #2702, .F. ) ;
#4902 = ORIENTED_EDGE ( 'NONE', *, *, #8001, .T. ) ;
#4903 = DIRECTION ( 'NONE',  ( 0.000000000000000000, -1.000000000000000000, 0.000000000000000000 ) ) ;
#4904 = EDGE_CURVE ( 'NONE', #422, #5514, #3897, .T. ) ;
#4905 = LINE ( 'NONE', #2801, #4111 ) ;
#4906 = ORIENTED_EDGE ( 'NONE', *, *, #3968, .F. ) ;
#4907 = LINE ( 'NONE', #4202, #2296 ) ;
#4908 = EDGE_LOOP ( 'NONE', ( #4054, #5599, #7794, #1093 ) ) ;
#4909 = DIRECTION ( 'NONE',  ( 0.000000000000000000, 0.000000000000000000, -1.000000000000000000 ) ) ;
#4910 = EDGE_LOOP ( 'NONE', ( #2382, #8891, #5823, #7299 ) ) ;
#4911 = DIRECTION ( 'NONE',  ( -1.850371707708594316E-16, 1.000000000000000000, 0.000000000000000000 ) ) ;
#4912 = EDGE_CURVE ( 'NONE', #711, #883, #7306, .T. ) ;
#4913 = EDGE_CURVE ( 'NONE', #2205, #8183, #6745, .T. ) ;
#4914 = CARTESIAN_POINT ( 'NONE',  ( -72.00000000000000000, -46.99999999999998579, 5.000000000000000000 ) ) ;
#4915 = AXIS2_PLACEMENT_3D ( 'NONE', #4702, #2023, #615 ) ;
#4916 = CARTESIAN_POINT ( 'NONE',  ( -75.00000000000000000, -6.999999999999992006, 1.999999999999999556 ) ) ;
#4917 = CARTESIAN_POINT ( 'NONE',  ( -72.00000000000000000, -41.99999999999998579, 2.000000000000000000 ) ) ;
#4918 = CARTESIAN_POINT ( 'NONE',  ( 72.00000000000000000, -9.999999999999980460, 1.999999999999999556 ) ) ;
#4919 = CARTESIAN_POINT ( 'NONE',  ( 21.99999999999997868, 75.00000000000002842, 2.000000000000000000 ) ) ;
#4920 = VECTOR ( 'NONE', #5274, 1000.000000000000000 ) ;
#4921 = CARTESIAN_POINT ( 'NONE',  ( -3.500000000000000888, -45.00000000000001421, 12.00000000000000000 ) ) ;
#4922 = DIRECTION ( 'NONE',  ( 0.000000000000000000, 0.000000000000000000, -1.000000000000000000 ) ) ;
#4923 = DIRECTION ( 'NONE',  ( -0.000000000000000000, -0.000000000000000000, 1.000000000000000000 ) ) ;
#4924 = EDGE_CURVE ( 'NONE', #5692, #7075, #8869, .T. ) ;
#4925 = LINE ( 'NONE', #3658, #4397 ) ;
#4926 = ORIENTED_EDGE ( 'NONE', *, *, #3454, .T. ) ;
#4927 = ORIENTED_EDGE ( 'NONE', *, *, #1057, .F. ) ;
#4928 = AXIS2_PLACEMENT_3D ( 'NONE', #7962, #1452, #4413 ) ;
#4929 = DIRECTION ( 'NONE',  ( -0.000000000000000000, 0.000000000000000000, 1.000000000000000000 ) ) ;
#4930 = CARTESIAN_POINT ( 'NONE',  ( -64.99999999999998579, -71.99999999999997158, 5.000000000000000000 ) ) ;
#4931 = LINE ( 'NONE', #5675, #4085 ) ;
#4932 = VERTEX_POINT ( 'NONE', #8726 ) ;
#4933 = EDGE_CURVE ( 'NONE', #4184, #3986, #893, .T. ) ;
#4934 = DIRECTION ( 'NONE',  ( 0.000000000000000000, 1.000000000000000000, 8.673617379884028076E-17 ) ) ;
#4935 = CARTESIAN_POINT ( 'NONE',  ( -59.99999999999999289, -71.99999999999997158, 2.000000000000000000 ) ) ;
#4936 = ORIENTED_EDGE ( 'NONE', *, *, #4055, .F. ) ;
#4937 = ORIENTED_EDGE ( 'NONE', *, *, #6203, .T. ) ;
#4938 = DIRECTION ( 'NONE',  ( 0.000000000000000000, 0.000000000000000000, -1.000000000000000000 ) ) ;
#4939 = CARTESIAN_POINT ( 'NONE',  ( 21.99999999999997868, 72.00000000000002842, 2.000000000000000000 ) ) ;
#4940 = ORIENTED_EDGE ( 'NONE', *, *, #8351, .F. ) ;
#4941 = EDGE_CURVE ( 'NONE', #914, #8477, #7045, .T. ) ;
#4942 = DIRECTION ( 'NONE',  ( -0.000000000000000000, 1.000000000000000000, -0.000000000000000000 ) ) ;
#4943 = CARTESIAN_POINT ( 'NONE',  ( 65.00000000000002842, 64.99999999999998579, 0.000000000000000000 ) ) ;
#4944 = ORIENTED_EDGE ( 'NONE', *, *, #6982, .F. ) ;
#4945 = ORIENTED_EDGE ( 'NONE', *, *, #870, .T. ) ;
#4946 = DIRECTION ( 'NONE',  ( -1.000000000000000000, -1.850371707708594070E-16, -0.000000000000000000 ) ) ;
#4947 = VERTEX_POINT ( 'NONE', #2578 ) ;
#4948 = ORIENTED_EDGE ( 'NONE', *, *, #4513, .T. ) ;
#4949 = DIRECTION ( 'NONE',  ( -1.000000000000000000, -1.850371707708594070E-16, 0.000000000000000000 ) ) ;
#4950 = ORIENTED_EDGE ( 'NONE', *, *, #901, .T. ) ;
#4951 = DIRECTION ( 'NONE',  ( 0.000000000000000000, 0.000000000000000000, -1.000000000000000000 ) ) ;
#4952 = VECTOR ( 'NONE', #7421, 1000.000000000000000 ) ;
#4953 = VERTEX_POINT ( 'NONE', #6393 ) ;
#4954 = ADVANCED_FACE ( 'NONE', ( #593 ), #3496, .F. ) ;
#4955 = DIRECTION ( 'NONE',  ( 0.000000000000000000, 1.000000000000000000, 0.000000000000000000 ) ) ;
#4956 = ORIENTED_EDGE ( 'NONE', *, *, #8947, .F. ) ;
#4957 = CARTESIAN_POINT ( 'NONE',  ( -75.00000000000001421, 75.00000000000002842, 5.000000000000000000 ) ) ;
#4958 = CARTESIAN_POINT ( 'NONE',  ( 72.00000000000001421, -49.99999999999997158, 1.999999999999999556 ) ) ;
#4959 = LINE ( 'NONE', #1398, #5706 ) ;
#4960 = ADVANCED_FACE ( 'NONE', ( #6794 ), #6348, .F. ) ;
#4961 = VECTOR ( 'NONE', #9184, 1000.000000000000000 ) ;
#4962 = LINE ( 'NONE', #5659, #1838 ) ;
#4963 = EDGE_CURVE ( 'NONE', #2569, #2159, #4905, .T. ) ;
#4964 = VECTOR ( 'NONE', #5401, 1000.000000000000000 ) ;
#4965 = DIRECTION ( 'NONE',  ( 1.000000000000000000, 1.850371707708594070E-16, -0.000000000000000000 ) ) ;
#4966 = VERTEX_POINT ( 'NONE', #3545 ) ;
#4967 = CARTESIAN_POINT ( 'NONE',  ( -68.00000000000002842, 72.00000000000002842, 5.000000000000000000 ) ) ;
#4968 = LINE ( 'NONE', #7821, #1488 ) ;
#4969 = ORIENTED_EDGE ( 'NONE', *, *, #6292, .F. ) ;
#4970 = CARTESIAN_POINT ( 'NONE',  ( -48.00000000000001421, 72.00000000000002842, 2.000000000000000000 ) ) ;
#4971 = CARTESIAN_POINT ( 'NONE',  ( 60.00000000000000000, -71.99999999999997158, 5.000000000000000000 ) ) ;
#4972 = CYLINDRICAL_SURFACE ( 'NONE', #3613, 3.500000000000000888 ) ;
#4973 = ORIENTED_EDGE ( 'NONE', *, *, #8403, .F. ) ;
#4974 = ORIENTED_EDGE ( 'NONE', *, *, #3105, .F. ) ;
#4975 = VECTOR ( 'NONE', #1687, 1000.000000000000000 ) ;
#4976 = AXIS2_PLACEMENT_3D ( 'NONE', #8242, #339, #8337 ) ;
#4977 = DIRECTION ( 'NONE',  ( 0.000000000000000000, -0.000000000000000000, 1.000000000000000000 ) ) ;
#4978 = LINE ( 'NONE', #3898, #1830 ) ;
#4979 = DIRECTION ( 'NONE',  ( -0.000000000000000000, -0.000000000000000000, -1.000000000000000000 ) ) ;
#4980 = ADVANCED_FACE ( 'NONE', ( #7714 ), #389, .F. ) ;
#4981 = ORIENTED_EDGE ( 'NONE', *, *, #3444, .T. ) ;
#4982 = VECTOR ( 'NONE', #18, 1000.000000000000000 ) ;
#4983 = DIRECTION ( 'NONE',  ( 1.000000000000000000, 1.850371707708594070E-16, -0.000000000000000000 ) ) ;
#4985 = LINE ( 'NONE', #4140, #6448 ) ;
#4984 = AXIS2_PLACEMENT_3D ( 'NONE', #7992, #3076, #8698 ) ;
#4986 = ORIENTED_EDGE ( 'NONE', *, *, #6213, .T. ) ;
#4987 = VERTEX_POINT ( 'NONE', #6294 ) ;
#4988 = EDGE_CURVE ( 'NONE', #458, #8515, #1872, .T. ) ;
#4989 = VECTOR ( 'NONE', #2672, 1000.000000000000000 ) ;
#4990 = CARTESIAN_POINT ( 'NONE',  ( 75.00000000000001421, -64.99999999999998579, 5.000000000000000000 ) ) ;
#4991 = DIRECTION ( 'NONE',  ( 1.000000000000000000, 1.850371707708594070E-16, -0.000000000000000000 ) ) ;
#4992 = ORIENTED_EDGE ( 'NONE', *, *, #1365, .T. ) ;
#4993 = DIRECTION ( 'NONE',  ( 0.000000000000000000, 0.000000000000000000, -1.000000000000000000 ) ) ;
#4994 = FACE_OUTER_BOUND ( 'NONE', #3846, .T. ) ;
#4995 = ORIENTED_EDGE ( 'NONE', *, *, #6854, .T. ) ;
#4996 = ORIENTED_EDGE ( 'NONE', *, *, #1160, .T. ) ;
#4997 = VECTOR ( 'NONE', #8424, 1000.000000000000000 ) ;
#4998 = CARTESIAN_POINT ( 'NONE',  ( 45.00000000000000711, -71.99999999999997158, 5.000000000000000000 ) ) ;
#4999 = ORIENTED_EDGE ( 'NONE', *, *, #1955, .T. ) ;
#5000 = ORIENTED_EDGE ( 'NONE', *, *, #3894, .F. ) ;
#5001 = CARTESIAN_POINT ( 'NONE',  ( -10.00000000000000000, 72.00000000000002842, 0.000000000000000000 ) ) ;
#5002 = ORIENTED_EDGE ( 'NONE', *, *, #7189, .F. ) ;
#5003 = ADVANCED_FACE ( 'NONE', ( #2531 ), #5606, .F. ) ;
#5004 = EDGE_CURVE ( 'NONE', #5652, #4258, #429, .T. ) ;
#5005 = VECTOR ( 'NONE', #9049, 1000.000000000000000 ) ;
#5006 = CARTESIAN_POINT ( 'NONE',  ( 59.60000000000001563, 3.500000000000003109, 5.000000000000000888 ) ) ;
#5007 = ORIENTED_EDGE ( 'NONE', *, *, #5636, .T. ) ;
#5008 = FACE_OUTER_BOUND ( 'NONE', #8895, .T. ) ;
#5009 = ORIENTED_EDGE ( 'NONE', *, *, #1225, .T. ) ;
#5010 = CARTESIAN_POINT ( 'NONE',  ( 72.00000000000001421, -54.99999999999997868, 2.000000000000000000 ) ) ;
#5011 = CARTESIAN_POINT ( 'NONE',  ( 10.00000000000000178, -74.99999999999997158, 2.000000000000000000 ) ) ;
#5012 = VECTOR ( 'NONE', #5119, 1000.000000000000000 ) ;
#5013 = PLANE ( 'NONE',  #7801 ) ;
#5014 = EDGE_CURVE ( 'NONE', #3582, #35, #4154, .T. ) ;
#5015 = VECTOR ( 'NONE', #6725, 1000.000000000000000 ) ;
#5016 = VECTOR ( 'NONE', #5468, 1000.000000000000000 ) ;
#5017 = LINE ( 'NONE', #4267, #2285 ) ;
#5018 = DIRECTION ( 'NONE',  ( 1.000000000000000000, 1.850371707708594070E-16, -0.000000000000000000 ) ) ;
#5019 = ORIENTED_EDGE ( 'NONE', *, *, #6651, .T. ) ;
#5020 = PLANE ( 'NONE',  #1852 ) ;
#5021 = LINE ( 'NONE', #3605, #1 ) ;
#5022 = FILL_AREA_STYLE_COLOUR ( '', #8161 ) ;
#5023 = DIRECTION ( 'NONE',  ( 1.850371707708594316E-16, -1.000000000000000000, 0.000000000000000000 ) ) ;
#5024 = CARTESIAN_POINT ( 'NONE',  ( 11.99999999999998224, 72.00000000000002842, 5.000000000000000000 ) ) ;
#5025 = VERTEX_POINT ( 'NONE', #3278 ) ;
#5026 = EDGE_LOOP ( 'NONE', ( #4157, #6773, #7079, #2890 ) ) ;
#5027 = EDGE_CURVE ( 'NONE', #2737, #7797, #5437, .T. ) ;
#5028 = VECTOR ( 'NONE', #7774, 1000.000000000000000 ) ;
#5029 = DIRECTION ( 'NONE',  ( 1.604941620322697548E-32, -8.673617379884039170E-17, -1.000000000000000000 ) ) ;
#5030 = DIRECTION ( 'NONE',  ( -1.000000000000000000, 0.000000000000000000, 8.673617379884028076E-17 ) ) ;
#5031 = ORIENTED_EDGE ( 'NONE', *, *, #804, .T. ) ;
#5032 = VECTOR ( 'NONE', #7449, 1000.000000000000000 ) ;
#5033 = DIRECTION ( 'NONE',  ( -0.000000000000000000, 1.000000000000000000, -0.000000000000000000 ) ) ;
#5034 = CARTESIAN_POINT ( 'NONE',  ( 59.60000000000001563, -3.500000000000003109, 15.00000000000000000 ) ) ;
#5035 = ORIENTED_EDGE ( 'NONE', *, *, #4904, .F. ) ;
#5036 = ORIENTED_EDGE ( 'NONE', *, *, #4988, .F. ) ;
#5037 = EDGE_CURVE ( 'NONE', #2539, #2900, #2753, .T. ) ;
#5038 = EDGE_CURVE ( 'NONE', #8006, #6522, #6495, .T. ) ;
#5039 = CARTESIAN_POINT ( 'NONE',  ( 3.500000000000000888, -45.00000000000001421, 2.000000000000000000 ) ) ;
#5040 = CARTESIAN_POINT ( 'NONE',  ( -75.00000000000001421, 33.00000000000001421, 1.999999999999999556 ) ) ;
#5041 = ORIENTED_EDGE ( 'NONE', *, *, #3206, .T. ) ;
#5042 = LINE ( 'NONE', #5737, #4774 ) ;
#5043 = DIRECTION ( 'NONE',  ( -0.000000000000000000, -0.000000000000000000, 1.000000000000000000 ) ) ;
#5044 = VERTEX_POINT ( 'NONE', #4199 ) ;
#5045 = ORIENTED_EDGE ( 'NONE', *, *, #9270, .T. ) ;
#5046 = CARTESIAN_POINT ( 'NONE',  ( 1.999999999999974021, 75.00000000000002842, 2.000000000000000000 ) ) ;
#5047 = ORIENTED_EDGE ( 'NONE', *, *, #8278, .F. ) ;
#5048 = VERTEX_POINT ( 'NONE', #5006 ) ;
#5049 = CARTESIAN_POINT ( 'NONE',  ( -28.00000000000002487, 75.00000000000002842, 2.000000000000000000 ) ) ;
#5050 = EDGE_CURVE ( 'NONE', #2343, #161, #8908, .T. ) ;
#5051 = ORIENTED_EDGE ( 'NONE', *, *, #9190, .F. ) ;
#5052 = LINE ( 'NONE', #7947, #6336 ) ;
#5053 = DIRECTION ( 'NONE',  ( -0.000000000000000000, -1.000000000000000000, -0.000000000000000000 ) ) ;
#5054 = EDGE_LOOP ( 'NONE', ( #2211, #32, #4369, #2369 ) ) ;
#5055 = EDGE_CURVE ( 'NONE', #2520, #458, #7804, .T. ) ;
#5056 = EDGE_CURVE ( 'NONE', #5251, #4201, #1084, .T. ) ;
#5057 = FACE_OUTER_BOUND ( 'NONE', #3271, .T. ) ;
#5058 = CARTESIAN_POINT ( 'NONE',  ( 7.500000000000000000, 20.00000000000000355, 5.000000000000000000 ) ) ;
#5059 = CARTESIAN_POINT ( 'NONE',  ( 65.00000000000000000, -65.00000000000001421, 0.000000000000000000 ) ) ;
#5060 = ORIENTED_EDGE ( 'NONE', *, *, #7730, .T. ) ;
#5061 = CARTESIAN_POINT ( 'NONE',  ( 72.00000000000001421, -54.99999999999997868, 5.000000000000000000 ) ) ;
#5062 = DIRECTION ( 'NONE',  ( -1.000000000000000000, -1.850371707708594070E-16, 0.000000000000000000 ) ) ;
#5063 = VERTEX_POINT ( 'NONE', #6087 ) ;
#5064 = ADVANCED_FACE ( 'NONE', ( #8955 ), #2230, .F. ) ;
#5065 = LINE ( 'NONE', #800, #2229 ) ;
#5066 = ORIENTED_EDGE ( 'NONE', *, *, #3501, .F. ) ;
#5067 = SURFACE_STYLE_USAGE ( .BOTH. , #7116 ) ;
#5069 = PLANE ( 'NONE',  #5124 ) ;
#5068 = AXIS2_PLACEMENT_3D ( 'NONE', #9058, #5580, #2636 ) ;
#5070 = CARTESIAN_POINT ( 'NONE',  ( 45.00000000000000711, -71.99999999999997158, 1.999999999999999112 ) ) ;
#5071 = ORIENTED_EDGE ( 'NONE', *, *, #8689, .F. ) ;
#5072 = VECTOR ( 'NONE', #2579, 1000.000000000000000 ) ;
#5073 = PLANE ( 'NONE',  #5590 ) ;
#5074 = VECTOR ( 'NONE', #4889, 1000.000000000000000 ) ;
#5075 = FILL_AREA_STYLE_COLOUR ( '', #6748 ) ;
#5076 = CARTESIAN_POINT ( 'NONE',  ( -75.00000000000001421, 18.00000000000001421, 2.000000000000000000 ) ) ;
#5077 = ADVANCED_FACE ( 'NONE', ( #7241 ), #4439, .F. ) ;
#5078 = DIRECTION ( 'NONE',  ( -1.850371707708594070E-16, 1.000000000000000000, 0.000000000000000000 ) ) ;
#5079 = FACE_OUTER_BOUND ( 'NONE', #5414, .T. ) ;
#5080 = ORIENTED_EDGE ( 'NONE', *, *, #1604, .F. ) ;
#5081 = ORIENTED_EDGE ( 'NONE', *, *, #6719, .T. ) ;
#5082 = VECTOR ( 'NONE', #5352, 1000.000000000000000 ) ;
#5083 = DIRECTION ( 'NONE',  ( -0.000000000000000000, 6.938893903907227392E-16, 1.000000000000000000 ) ) ;
#5084 = CARTESIAN_POINT ( 'NONE',  ( 72.00000000000000000, 15.00000000000002665, 2.000000000000000000 ) ) ;
#5085 = VERTEX_POINT ( 'NONE', #7903 ) ;
#5086 = VECTOR ( 'NONE', #1734, 1000.000000000000000 ) ;
#5087 = ADVANCED_FACE ( 'NONE', ( #8619 ), #917, .F. ) ;
#5088 = LINE ( 'NONE', #1515, #1929 ) ;
#5089 = CARTESIAN_POINT ( 'NONE',  ( 72.00000000000001421, -69.99999999999998579, 5.000000000000000000 ) ) ;
#5090 = EDGE_CURVE ( 'NONE', #8072, #8221, #5052, .T. ) ;
#5091 = ORIENTED_EDGE ( 'NONE', *, *, #294, .T. ) ;
#5092 = CARTESIAN_POINT ( 'NONE',  ( 7.500000000000000000, 18.00000000000000355, 5.000000000000000000 ) ) ;
#5093 = VERTEX_POINT ( 'NONE', #6626 ) ;
#5094 = ORIENTED_EDGE ( 'NONE', *, *, #3308, .F. ) ;
#5095 = DIRECTION ( 'NONE',  ( -0.000000000000000000, -0.000000000000000000, 1.000000000000000000 ) ) ;
#5096 = DIRECTION ( 'NONE',  ( 0.000000000000000000, 1.000000000000000000, 8.673617379884028076E-17 ) ) ;
#5097 = ORIENTED_EDGE ( 'NONE', *, *, #6101, .F. ) ;
#5098 = DIRECTION ( 'NONE',  ( 0.000000000000000000, 0.000000000000000000, -1.000000000000000000 ) ) ;
#5099 = EDGE_CURVE ( 'NONE', #4464, #6620, #6532, .T. ) ;
#5100 = ORIENTED_EDGE ( 'NONE', *, *, #3481, .T. ) ;
#5101 = LINE ( 'NONE', #646, #8310 ) ;
#5102 = DIRECTION ( 'NONE',  ( 1.000000000000000000, 0.000000000000000000, 0.000000000000000000 ) ) ;
#5103 = LINE ( 'NONE', #8762, #4530 ) ;
#5104 = EDGE_CURVE ( 'NONE', #7484, #6397, #1527, .T. ) ;
#5105 = VERTEX_POINT ( 'NONE', #3686 ) ;
#5106 = FACE_OUTER_BOUND ( 'NONE', #7569, .T. ) ;
#5107 = PLANE ( 'NONE',  #6403 ) ;
#5108 = ORIENTED_EDGE ( 'NONE', *, *, #8363, .F. ) ;
#5109 = DIRECTION ( 'NONE',  ( 1.000000000000000000, -0.000000000000000000, 1.734723475976808080E-16 ) ) ;
#5110 = AXIS2_PLACEMENT_3D ( 'NONE', #6007, #4608, #1045 ) ;
#5111 = ORIENTED_EDGE ( 'NONE', *, *, #6111, .T. ) ;
#5112 = FACE_BOUND ( 'NONE', #3311, .T. ) ;
#5113 = LINE ( 'NONE', #7965, #2430 ) ;
#5114 = CARTESIAN_POINT ( 'NONE',  ( -72.00000000000000000, -36.99999999999999289, 1.999999999999999556 ) ) ;
#5115 = ORIENTED_EDGE ( 'NONE', *, *, #2223, .F. ) ;
#5116 = EDGE_CURVE ( 'NONE', #8319, #1758, #2374, .T. ) ;
#5117 = AXIS2_PLACEMENT_3D ( 'NONE', #9044, #3941, #8244 ) ;
#5118 = VECTOR ( 'NONE', #1285, 1000.000000000000000 ) ;
#5119 = DIRECTION ( 'NONE',  ( -0.000000000000000000, 1.000000000000000000, -4.336808689942029076E-16 ) ) ;
#5120 = LINE ( 'NONE', #3001, #327 ) ;
#5121 = CARTESIAN_POINT ( 'NONE',  ( -72.00000000000001421, 53.00000000000001421, 5.000000000000000000 ) ) ;
#5122 = DIRECTION ( 'NONE',  ( -2.312964634635742661E-15, -0.000000000000000000, 1.000000000000000000 ) ) ;
#5123 = CARTESIAN_POINT ( 'NONE',  ( -75.00000000000001421, 28.00000000000001776, 2.000000000000000000 ) ) ;
#5124 = AXIS2_PLACEMENT_3D ( 'NONE', #5575, #6366, #7922 ) ;
#5125 = EDGE_LOOP ( 'NONE', ( #7554, #3040, #7435, #229 ) ) ;
#5126 = VECTOR ( 'NONE', #6713, 1000.000000000000000 ) ;
#5127 = VERTEX_POINT ( 'NONE', #7191 ) ;
#5128 = VECTOR ( 'NONE', #4228, 1000.000000000000000 ) ;
#5129 = EDGE_CURVE ( 'NONE', #2539, #8057, #3080, .T. ) ;
#5130 = VECTOR ( 'NONE', #2871, 1000.000000000000000 ) ;
#5131 = DIRECTION ( 'NONE',  ( -0.000000000000000000, 1.000000000000000000, -0.000000000000000000 ) ) ;
#5132 = VECTOR ( 'NONE', #6633, 1000.000000000000000 ) ;
#5133 = CARTESIAN_POINT ( 'NONE',  ( 31.99999999999997868, 75.00000000000002842, 5.000000000000000000 ) ) ;
#5134 = VERTEX_POINT ( 'NONE', #872 ) ;
#5135 = CARTESIAN_POINT ( 'NONE',  ( 20.00000000000000355, -71.99999999999997158, 2.000000000000000000 ) ) ;
#5136 = CARTESIAN_POINT ( 'NONE',  ( 1.688561094430491897E-15, 20.00000000000000000, 2.000000000000000000 ) ) ;
#5137 = ORIENTED_EDGE ( 'NONE', *, *, #1225, .F. ) ;
#5138 = FACE_OUTER_BOUND ( 'NONE', #7185, .T. ) ;
#5139 = EDGE_LOOP ( 'NONE', ( #1281, #6760, #2418, #1114, #5422, #2723, #6481, #1464, #8973, #1411, #7386, #415, #2120, #6732, #840, #4532, #7749, #5415, #8504, #1795, #1105, #2598, #9035, #5402, #5426, #1971, #219, #6471, #3966, #3480, #3127, #2692, #9197, #3404, #1810, #5412, #2937, #868, #55, #4050, #6280, #6717, #379, #1196, #5588, #1855, #4806, #5459, #9033, #1899, #2471, #8137, #6484, #5731, #3309, #3979, #6549, #5846, #489, #6961, #7174, #6335 ) ) ;
#5140 = ORIENTED_EDGE ( 'NONE', *, *, #4787, .F. ) ;
#5141 = CARTESIAN_POINT ( 'NONE',  ( 74.99999999999998579, 70.00000000000001421, 5.000000000000000000 ) ) ;
#5142 = VECTOR ( 'NONE', #5351, 1000.000000000000000 ) ;
#5143 = VECTOR ( 'NONE', #1116, 1000.000000000000000 ) ;
#5144 = ADVANCED_FACE ( 'NONE', ( #784 ), #5833, .F. ) ;
#5145 = DIRECTION ( 'NONE',  ( 1.850371707708594070E-16, -1.000000000000000000, 0.000000000000000000 ) ) ;
#5146 = VERTEX_POINT ( 'NONE', #3729 ) ;
#5147 = VECTOR ( 'NONE', #1898, 1000.000000000000000 ) ;
#5148 = CARTESIAN_POINT ( 'NONE',  ( 72.00000000000000000, 25.00000000000002132, 2.000000000000000000 ) ) ;
#5149 = ORIENTED_EDGE ( 'NONE', *, *, #9271, .T. ) ;
#5150 = LINE ( 'NONE', #1532, #673 ) ;
#5151 = CARTESIAN_POINT ( 'NONE',  ( 72.00000000000000000, 1.332267629550187849E-14, 1.999999999999999556 ) ) ;
#5152 = DIRECTION ( 'NONE',  ( 0.000000000000000000, 1.000000000000000000, 8.673617379884028076E-17 ) ) ;
#5153 = EDGE_CURVE ( 'NONE', #5324, #2664, #2274, .T. ) ;
#5154 = EDGE_CURVE ( 'NONE', #8324, #5631, #8657, .T. ) ;
#5155 = ORIENTED_EDGE ( 'NONE', *, *, #1330, .T. ) ;
#5156 = CARTESIAN_POINT ( 'NONE',  ( 72.00000000000001421, -71.99999999999997158, 5.000000000000000000 ) ) ;
#5157 = DIRECTION ( 'NONE',  ( 0.000000000000000000, 1.000000000000000000, 0.000000000000000000 ) ) ;
#5158 = AXIS2_PLACEMENT_3D ( 'NONE', #2942, #5145, #7144 ) ;
#5159 = FACE_OUTER_BOUND ( 'NONE', #8568, .T. ) ;
#5160 = ORIENTED_EDGE ( 'NONE', *, *, #1822, .F. ) ;
#5161 = ORIENTED_EDGE ( 'NONE', *, *, #700, .F. ) ;
#5162 = FILL_AREA_STYLE ('',( #5022 ) ) ;
#5163 = DIRECTION ( 'NONE',  ( -1.000000000000000000, 0.000000000000000000, 0.000000000000000000 ) ) ;
#5164 = DIRECTION ( 'NONE',  ( 0.000000000000000000, 1.000000000000000000, 0.000000000000000000 ) ) ;
#5165 = VERTEX_POINT ( 'NONE', #1575 ) ;
#5166 = VECTOR ( 'NONE', #3531, 1000.000000000000000 ) ;
#5167 = AXIS2_PLACEMENT_3D ( 'NONE', #2424, #5886, #8046 ) ;
#5168 = CARTESIAN_POINT ( 'NONE',  ( 7.500000000000000000, 18.00000000000000355, 5.000000000000000000 ) ) ;
#5169 = LINE ( 'NONE', #1363, #5128 ) ;
#5170 = DIRECTION ( 'NONE',  ( 1.000000000000000000, -0.000000000000000000, 1.734723475976808080E-16 ) ) ;
#5171 = CARTESIAN_POINT ( 'NONE',  ( 72.00000000000001421, -71.99999999999997158, 2.000000000000000000 ) ) ;
#5172 = CARTESIAN_POINT ( 'NONE',  ( -72.00000000000000000, -51.99999999999998579, 5.000000000000000000 ) ) ;
#5173 = EDGE_CURVE ( 'NONE', #6429, #6425, #6574, .T. ) ;
#5174 = EDGE_CURVE ( 'NONE', #4088, #1625, #4484, .T. ) ;
#5175 = AXIS2_PLACEMENT_3D ( 'NONE', #6365, #4129, #5666 ) ;
#5176 = ORIENTED_EDGE ( 'NONE', *, *, #6149, .T. ) ;
#5177 = VERTEX_POINT ( 'NONE', #8751 ) ;
#5178 = ORIENTED_EDGE ( 'NONE', *, *, #8878, .F. ) ;
#5179 = DIRECTION ( 'NONE',  ( -0.000000000000000000, -0.000000000000000000, 1.000000000000000000 ) ) ;
#5180 = VECTOR ( 'NONE', #6084, 1000.000000000000000 ) ;
#5181 = CARTESIAN_POINT ( 'NONE',  ( -75.00000000000000000, -51.99999999999998579, 2.000000000000000000 ) ) ;
#5182 = DIRECTION ( 'NONE',  ( 1.000000000000000000, 0.000000000000000000, 0.000000000000000000 ) ) ;
#5183 = LINE ( 'NONE', #8031, #8110 ) ;
#5184 = EDGE_LOOP ( 'NONE', ( #1478, #4763, #410, #769 ) ) ;
#5185 = CARTESIAN_POINT ( 'NONE',  ( -60.00000000000000000, 72.00000000000002842, 0.000000000000000000 ) ) ;
#5186 = CARTESIAN_POINT ( 'NONE',  ( -40.00000000000000711, -71.99999999999997158, 5.000000000000000000 ) ) ;
#5187 = VERTEX_POINT ( 'NONE', #91 ) ;
#5188 = ADVANCED_FACE ( 'NONE', ( #8041 ), #5792, .F. ) ;
#5189 = DIRECTION ( 'NONE',  ( 0.000000000000000000, 0.000000000000000000, -1.000000000000000000 ) ) ;
#5190 = ORIENTED_EDGE ( 'NONE', *, *, #6964, .T. ) ;
#5191 = ORIENTED_EDGE ( 'NONE', *, *, #2948, .F. ) ;
#5192 = CARTESIAN_POINT ( 'NONE',  ( 71.99999999999998579, 60.00000000000002132, 5.000000000000000000 ) ) ;
#5193 = CARTESIAN_POINT ( 'NONE',  ( -75.00000000000001421, 63.00000000000001421, 1.999999999999999556 ) ) ;
#5194 = LINE ( 'NONE', #5148, #955 ) ;
#5195 = VERTEX_POINT ( 'NONE', #4303 ) ;
#5196 = EDGE_CURVE ( 'NONE', #8443, #8595, #3592, .T. ) ;
#5197 = CARTESIAN_POINT ( 'NONE',  ( 74.99999999999998579, 75.00000000000002842, 5.000000000000000000 ) ) ;
#5198 = LINE ( 'NONE', #5838, #6462 ) ;
#5199 = VERTEX_POINT ( 'NONE', #5369 ) ;
#5200 = LINE ( 'NONE', #5839, #5720 ) ;
#5201 = ORIENTED_EDGE ( 'NONE', *, *, #9126, .T. ) ;
#5202 = DIRECTION ( 'NONE',  ( 0.000000000000000000, 0.000000000000000000, -1.000000000000000000 ) ) ;
#5203 = EDGE_LOOP ( 'NONE', ( #3671, #2793, #8875, #2660 ) ) ;
#5204 = CARTESIAN_POINT ( 'NONE',  ( -72.00000000000001421, 43.00000000000000711, 1.999999999999999556 ) ) ;
#5205 = EDGE_CURVE ( 'NONE', #4789, #2268, #3875, .T. ) ;
#5206 = PLANE ( 'NONE',  #8171 ) ;
#5207 = ORIENTED_EDGE ( 'NONE', *, *, #2606, .T. ) ;
#5208 = EDGE_CURVE ( 'NONE', #5199, #8800, #1665, .T. ) ;
#5209 = ORIENTED_EDGE ( 'NONE', *, *, #7030, .F. ) ;
#5210 = FACE_OUTER_BOUND ( 'NONE', #7526, .T. ) ;
#5211 = FACE_OUTER_BOUND ( 'NONE', #6435, .T. ) ;
#5212 = DIRECTION ( 'NONE',  ( 1.000000000000000000, -0.000000000000000000, 1.734723475976808080E-16 ) ) ;
#5213 = CARTESIAN_POINT ( 'NONE',  ( -53.00000000000002132, 72.00000000000002842, 5.000000000000000000 ) ) ;
#5214 = CARTESIAN_POINT ( 'NONE',  ( 46.99999999999997158, 75.00000000000002842, 5.000000000000000000 ) ) ;
#5215 = CARTESIAN_POINT ( 'NONE',  ( -72.00000000000000000, -61.99999999999997868, 2.000000000000000000 ) ) ;
#5216 = CARTESIAN_POINT ( 'NONE',  ( 72.00000000000000000, 35.00000000000002132, 5.000000000000000000 ) ) ;
#5217 = EDGE_CURVE ( 'NONE', #7428, #8377, #4666, .T. ) ;
#5218 = CARTESIAN_POINT ( 'NONE',  ( 7.500000000000000000, 0.000000000000000000, 10.00000000000000000 ) ) ;
#5219 = ORIENTED_EDGE ( 'NONE', *, *, #5004, .F. ) ;
#5220 = ORIENTED_EDGE ( 'NONE', *, *, #1598, .F. ) ;
#5221 = AXIS2_PLACEMENT_3D ( 'NONE', #2541, #5535, #5398 ) ;
#5222 = VERTEX_POINT ( 'NONE', #1849 ) ;
#5223 = LINE ( 'NONE', #7505, #3812 ) ;
#5224 = EDGE_CURVE ( 'NONE', #5063, #7510, #2169, .T. ) ;
#5225 = DIRECTION ( 'NONE',  ( -1.000000000000000000, 0.000000000000000000, 0.000000000000000000 ) ) ;
#5226 = DIRECTION ( 'NONE',  ( 0.000000000000000000, 0.000000000000000000, -1.000000000000000000 ) ) ;
#5227 = FACE_OUTER_BOUND ( 'NONE', #3046, .T. ) ;
#5228 = ORIENTED_EDGE ( 'NONE', *, *, #444, .T. ) ;
#5229 = LINE ( 'NONE', #5784, #579 ) ;
#5230 = CARTESIAN_POINT ( 'NONE',  ( -74.99999999999998579, -74.99999999999997158, 5.000000000000000000 ) ) ;
#5231 = ORIENTED_EDGE ( 'NONE', *, *, #8251, .T. ) ;
#5232 = VECTOR ( 'NONE', #1278, 1000.000000000000000 ) ;
#5233 = DIRECTION ( 'NONE',  ( 1.000000000000000000, 0.000000000000000000, 0.000000000000000000 ) ) ;
#5234 = ORIENTED_EDGE ( 'NONE', *, *, #1851, .F. ) ;
#5235 = EDGE_LOOP ( 'NONE', ( #4635, #730, #3297, #3134 ) ) ;
#5236 = DIRECTION ( 'NONE',  ( 0.000000000000000000, 1.000000000000000000, 0.000000000000000000 ) ) ;
#5237 = VECTOR ( 'NONE', #7872, 1000.000000000000000 ) ;
#5238 = EDGE_CURVE ( 'NONE', #2944, #8183, #2511, .T. ) ;
#5239 = FACE_OUTER_BOUND ( 'NONE', #1706, .T. ) ;
#5240 = ORIENTED_EDGE ( 'NONE', *, *, #6172, .T. ) ;
#5241 = CARTESIAN_POINT ( 'NONE',  ( -13.00000000000002487, 72.00000000000002842, 5.000000000000000000 ) ) ;
#5242 = VERTEX_POINT ( 'NONE', #7385 ) ;
#5243 = LINE ( 'NONE', #1723, #822 ) ;
#5244 = LINE ( 'NONE', #2235, #1680 ) ;
#5245 = EDGE_CURVE ( 'NONE', #2538, #7165, #3972, .T. ) ;
#5246 = ORIENTED_EDGE ( 'NONE', *, *, #4537, .T. ) ;
#5247 = CARTESIAN_POINT ( 'NONE',  ( -75.00000000000001421, 75.00000000000002842, 5.000000000000000000 ) ) ;
#5248 = ORIENTED_EDGE ( 'NONE', *, *, #1301, .T. ) ;
#5249 = FACE_OUTER_BOUND ( 'NONE', #3256, .T. ) ;
#5250 = DIRECTION ( 'NONE',  ( -1.850371707708594070E-16, 1.000000000000000000, 0.000000000000000000 ) ) ;
#5251 = VERTEX_POINT ( 'NONE', #4623 ) ;
#5252 = ORIENTED_EDGE ( 'NONE', *, *, #1759, .T. ) ;
#5253 = CARTESIAN_POINT ( 'NONE',  ( 75.00000000000000000, -39.99999999999997868, 1.999999999999999556 ) ) ;
#5254 = CARTESIAN_POINT ( 'NONE',  ( -50.00000000000000000, -71.99999999999997158, 5.000000000000000000 ) ) ;
#5255 = CARTESIAN_POINT ( 'NONE',  ( 71.99999999999998579, 40.00000000000002132, 5.000000000000000000 ) ) ;
#5256 = EDGE_CURVE ( 'NONE', #8191, #5195, #450, .T. ) ;
#5257 = EDGE_CURVE ( 'NONE', #4464, #4677, #8138, .T. ) ;
#5258 = DIRECTION ( 'NONE',  ( 0.000000000000000000, 1.000000000000000000, -8.673617379884039170E-17 ) ) ;
#5259 = CARTESIAN_POINT ( 'NONE',  ( 7.500000000000000000, 0.000000000000000000, 10.00000000000000000 ) ) ;
#5260 = PLANE ( 'NONE',  #350 ) ;
#5261 = DIRECTION ( 'NONE',  ( 1.000000000000000000, -0.000000000000000000, 1.734723475976808080E-16 ) ) ;
#5262 = DIRECTION ( 'NONE',  ( -1.850371707708594316E-16, 1.000000000000000000, -0.000000000000000000 ) ) ;
#5263 = ORIENTED_EDGE ( 'NONE', *, *, #9217, .T. ) ;
#5264 = ORIENTED_EDGE ( 'NONE', *, *, #223, .F. ) ;
#5265 = AXIS2_PLACEMENT_3D ( 'NONE', #2116, #8399, #6376 ) ;
#5266 = EDGE_CURVE ( 'NONE', #6208, #6052, #2419, .T. ) ;
#5267 = ADVANCED_FACE ( 'NONE', ( #8894 ), #4583, .F. ) ;
#5268 = LINE ( 'NONE', #1651, #3967 ) ;
#5269 = LINE ( 'NONE', #8124, #4952 ) ;
#5270 = CARTESIAN_POINT ( 'NONE',  ( -58.00000000000000711, -3.500000000000003109, 15.00000000000000000 ) ) ;
#5271 = DIRECTION ( 'NONE',  ( 0.000000000000000000, 0.000000000000000000, -1.000000000000000000 ) ) ;
#5272 = EDGE_LOOP ( 'NONE', ( #4850, #5035, #9182, #4414 ) ) ;
#5273 = VECTOR ( 'NONE', #7732, 1000.000000000000000 ) ;
#5274 = DIRECTION ( 'NONE',  ( -1.000000000000000000, -1.850371707708594070E-16, -0.000000000000000000 ) ) ;
#5275 = PLANE ( 'NONE',  #8903 ) ;
#5276 = ORIENTED_EDGE ( 'NONE', *, *, #6223, .T. ) ;
#5277 = ORIENTED_EDGE ( 'NONE', *, *, #5224, .T. ) ;
#5278 = ORIENTED_EDGE ( 'NONE', *, *, #5196, .F. ) ;
#5279 = CARTESIAN_POINT ( 'NONE',  ( -75.00000000000001421, 38.00000000000002132, 2.000000000000000000 ) ) ;
#5280 = EDGE_CURVE ( 'NONE', #4333, #6525, #320, .T. ) ;
#5281 = VECTOR ( 'NONE', #1833, 1000.000000000000000 ) ;
#5282 = AXIS2_PLACEMENT_3D ( 'NONE', #3646, #3035, #1534 ) ;
#5283 = DIRECTION ( 'NONE',  ( -1.000000000000000000, 0.000000000000000000, 0.000000000000000000 ) ) ;
#5284 = ORIENTED_EDGE ( 'NONE', *, *, #613, .F. ) ;
#5285 = LINE ( 'NONE', #1853, #5304 ) ;
#5286 = ORIENTED_EDGE ( 'NONE', *, *, #2058, .F. ) ;
#5287 = CIRCLE ( 'NONE', #2586, 1.600000000000004974 ) ;
#5288 = DIRECTION ( 'NONE',  ( -0.000000000000000000, 1.000000000000000000, 0.000000000000000000 ) ) ;
#5289 = AXIS2_PLACEMENT_3D ( 'NONE', #1337, #4197, #1245 ) ;
#5290 = ADVANCED_FACE ( 'NONE', ( #1018 ), #8846, .F. ) ;
#5291 = CARTESIAN_POINT ( 'NONE',  ( 30.00000000000000711, -71.99999999999997158, 2.000000000000000000 ) ) ;
#5292 = EDGE_CURVE ( 'NONE', #4987, #2913, #2551, .T. ) ;
#5293 = VECTOR ( 'NONE', #2053, 1000.000000000000000 ) ;
#5294 = EDGE_LOOP ( 'NONE', ( #9121, #676, #3634, #6540 ) ) ;
#5295 = DIRECTION ( 'NONE',  ( 1.000000000000000000, 0.000000000000000000, 0.000000000000000000 ) ) ;
#5296 = ORIENTED_EDGE ( 'NONE', *, *, #6805, .F. ) ;
#5297 = DIRECTION ( 'NONE',  ( -8.673617379884028076E-17, 0.000000000000000000, -1.000000000000000000 ) ) ;
#5298 = FACE_OUTER_BOUND ( 'NONE', #3351, .T. ) ;
#5299 = VERTEX_POINT ( 'NONE', #7475 ) ;
#5300 = ORIENTED_EDGE ( 'NONE', *, *, #5585, .T. ) ;
#5301 = CARTESIAN_POINT ( 'NONE',  ( -5.100000000000010303, 57.99999999999997158, 5.000000000000000888 ) ) ;
#5302 = DIRECTION ( 'NONE',  ( 1.850371707708594070E-16, -1.000000000000000000, 0.000000000000000000 ) ) ;
#5303 = EDGE_CURVE ( 'NONE', #3975, #6386, #6070, .T. ) ;
#5304 = VECTOR ( 'NONE', #8141, 1000.000000000000000 ) ;
#5305 = CARTESIAN_POINT ( 'NONE',  ( 5.000000000000004441, -71.99999999999997158, 1.999999999999999112 ) ) ;
#5306 = LINE ( 'NONE', #5348, #2917 ) ;
#5307 = DIRECTION ( 'NONE',  ( 1.000000000000000000, 1.850371707708594070E-16, -0.000000000000000000 ) ) ;
#5308 = LINE ( 'NONE', #6554, #1531 ) ;
#5309 = DIRECTION ( 'NONE',  ( 0.000000000000000000, -0.000000000000000000, -1.000000000000000000 ) ) ;
#5310 = CARTESIAN_POINT ( 'NONE',  ( 72.00000000000000000, -19.99999999999997513, 5.000000000000000000 ) ) ;
#5311 = EDGE_CURVE ( 'NONE', #8038, #4627, #3919, .T. ) ;
#5312 = ORIENTED_EDGE ( 'NONE', *, *, #3894, .T. ) ;
#5313 = VERTEX_POINT ( 'NONE', #368 ) ;
#5314 = AXIS2_PLACEMENT_3D ( 'NONE', #3445, #8296, #5697 ) ;
#5315 = VECTOR ( 'NONE', #510, 1000.000000000000000 ) ;
#5316 = DIRECTION ( 'NONE',  ( 1.000000000000000000, 1.850371707708594070E-16, -0.000000000000000000 ) ) ;
#5317 = DIRECTION ( 'NONE',  ( -1.000000000000000000, -1.850371707708594070E-16, 0.000000000000000000 ) ) ;
#5318 = CARTESIAN_POINT ( 'NONE',  ( -45.00000000000000000, -71.99999999999997158, 1.999999999999999112 ) ) ;
#5319 = DIRECTION ( 'NONE',  ( 0.000000000000000000, 0.000000000000000000, -1.000000000000000000 ) ) ;
#5320 = ORIENTED_EDGE ( 'NONE', *, *, #4, .F. ) ;
#5321 = VECTOR ( 'NONE', #4894, 1000.000000000000000 ) ;
#5322 = VECTOR ( 'NONE', #2772, 1000.000000000000000 ) ;
#5323 = DIRECTION ( 'NONE',  ( -1.850371707708594316E-16, 1.000000000000000000, -0.000000000000000000 ) ) ;
#5324 = VERTEX_POINT ( 'NONE', #4011 ) ;
#5325 = EDGE_CURVE ( 'NONE', #6934, #6660, #6817, .T. ) ;
#5326 = EDGE_LOOP ( 'NONE', ( #4152, #1014, #3221, #2459 ) ) ;
#5327 = EDGE_CURVE ( 'NONE', #1034, #5934, #5410, .T. ) ;
#5328 = ORIENTED_EDGE ( 'NONE', *, *, #9040, .T. ) ;
#5329 = CARTESIAN_POINT ( 'NONE',  ( -72.00000000000001421, 8.000000000000014211, 5.000000000000000000 ) ) ;
#5330 = ORIENTED_EDGE ( 'NONE', *, *, #5950, .T. ) ;
#5331 = FACE_OUTER_BOUND ( 'NONE', #2391, .T. ) ;
#5332 = VERTEX_POINT ( 'NONE', #3299 ) ;
#5333 = AXIS2_PLACEMENT_3D ( 'NONE', #7003, #2707, #4027 ) ;
#5334 = CARTESIAN_POINT ( 'NONE',  ( -3.500000000000000888, -45.00000000000001421, 5.000000000000000000 ) ) ;
#5335 = ADVANCED_FACE ( 'NONE', ( #5239 ), #2600, .F. ) ;
#5336 = LINE ( 'NONE', #8189, #2432 ) ;
#5337 = ORIENTED_EDGE ( 'NONE', *, *, #1977, .T. ) ;
#5338 = EDGE_CURVE ( 'NONE', #4447, #4277, #6283, .T. ) ;
#5339 = DIRECTION ( 'NONE',  ( -0.000000000000000000, 0.000000000000000000, 1.000000000000000000 ) ) ;
#5340 = ORIENTED_EDGE ( 'NONE', *, *, #3948, .F. ) ;
#5341 = DIRECTION ( 'NONE',  ( -2.312964634635742661E-15, -0.000000000000000000, 1.000000000000000000 ) ) ;
#5342 = LINE ( 'NONE', #8910, #305 ) ;
#5343 = ORIENTED_EDGE ( 'NONE', *, *, #892, .T. ) ;
#5344 = ORIENTED_EDGE ( 'NONE', *, *, #9107, .F. ) ;
#5345 = LINE ( 'NONE', #1128, #7264 ) ;
#5346 = DIRECTION ( 'NONE',  ( -1.000000000000000000, 0.000000000000000000, 0.000000000000000000 ) ) ;
#5347 = DIRECTION ( 'NONE',  ( -1.850371707708594070E-16, 1.000000000000000000, 0.000000000000000000 ) ) ;
#5348 = CARTESIAN_POINT ( 'NONE',  ( 71.99999999999998579, 65.00000000000002842, 5.000000000000000000 ) ) ;
#5349 = EDGE_CURVE ( 'NONE', #4184, #4427, #7651, .T. ) ;
#5350 = DIRECTION ( 'NONE',  ( -0.000000000000000000, -0.000000000000000000, 1.000000000000000000 ) ) ;
#5351 = DIRECTION ( 'NONE',  ( -2.312964634635742661E-15, -0.000000000000000000, 1.000000000000000000 ) ) ;
#5352 = DIRECTION ( 'NONE',  ( -0.000000000000000000, -0.000000000000000000, -1.000000000000000000 ) ) ;
#5353 = CARTESIAN_POINT ( 'NONE',  ( 51.99999999999997868, 72.00000000000002842, 2.000000000000000000 ) ) ;
#5354 = EDGE_LOOP ( 'NONE', ( #3873, #4771, #7048, #1602 ) ) ;
#5355 = EDGE_LOOP ( 'NONE', ( #8088, #1233, #1187, #9262 ) ) ;
#5356 = FACE_BOUND ( 'NONE', #5778, .T. ) ;
#5357 = EDGE_CURVE ( 'NONE', #1156, #5134, #494, .T. ) ;
#5358 = DIRECTION ( 'NONE',  ( -0.000000000000000000, -1.000000000000000000, -0.000000000000000000 ) ) ;
#5359 = DIRECTION ( 'NONE',  ( -1.850371707708594070E-16, 1.000000000000000000, 0.000000000000000000 ) ) ;
#5360 = LINE ( 'NONE', #5453, #5854 ) ;
#5361 = ORIENTED_EDGE ( 'NONE', *, *, #1268, .T. ) ;
#5362 = FACE_OUTER_BOUND ( 'NONE', #5235, .T. ) ;
#5363 = DIRECTION ( 'NONE',  ( 1.000000000000000000, -0.000000000000000000, 1.734723475976808080E-16 ) ) ;
#5364 = ORIENTED_EDGE ( 'NONE', *, *, #713, .T. ) ;
#5365 = ORIENTED_EDGE ( 'NONE', *, *, #5771, .F. ) ;
#5366 = VECTOR ( 'NONE', #2151, 1000.000000000000000 ) ;
#5367 = EDGE_LOOP ( 'NONE', ( #8743, #5601, #8463, #6472 ) ) ;
#5368 = ADVANCED_FACE ( 'NONE', ( #5502 ), #5545, .F. ) ;
#5369 = CARTESIAN_POINT ( 'NONE',  ( 72.00000000000001421, -54.99999999999997868, 5.000000000000000000 ) ) ;
#5370 = EDGE_CURVE ( 'NONE', #5693, #8761, #2074, .T. ) ;
#5371 = EDGE_LOOP ( 'NONE', ( #311, #5635, #6813, #4708 ) ) ;
#5372 = AXIS2_PLACEMENT_3D ( 'NONE', #3294, #1754, #4006 ) ;
#5373 = DIRECTION ( 'NONE',  ( -0.000000000000000000, 1.000000000000000000, -0.000000000000000000 ) ) ;
#5374 = ORIENTED_EDGE ( 'NONE', *, *, #2333, .T. ) ;
#5375 = CARTESIAN_POINT ( 'NONE',  ( -20.00000000000000355, -74.99999999999997158, 5.000000000000000000 ) ) ;
#5376 = DIRECTION ( 'NONE',  ( 0.000000000000000000, 0.000000000000000000, -1.000000000000000000 ) ) ;
#5377 = VECTOR ( 'NONE', #2874, 1000.000000000000000 ) ;
#5378 = EDGE_CURVE ( 'NONE', #2588, #4185, #7789, .T. ) ;
#5379 = ORIENTED_EDGE ( 'NONE', *, *, #468, .T. ) ;
#5380 = CARTESIAN_POINT ( 'NONE',  ( -75.00000000000001421, 3.000000000000016431, 1.999999999999999556 ) ) ;
#5381 = ORIENTED_EDGE ( 'NONE', *, *, #2853, .T. ) ;
#5382 = DIRECTION ( 'NONE',  ( 0.000000000000000000, 1.000000000000000000, 8.673617379884028076E-17 ) ) ;
#5383 = DIRECTION ( 'NONE',  ( -0.000000000000000000, 1.000000000000000000, -0.000000000000000000 ) ) ;
#5384 = LINE ( 'NONE', #426, #2783 ) ;
#5385 = CARTESIAN_POINT ( 'NONE',  ( 31.99999999999997868, 72.00000000000002842, 5.000000000000000000 ) ) ;
#5386 = DIRECTION ( 'NONE',  ( 0.000000000000000000, -1.000000000000000000, 0.000000000000000000 ) ) ;
#5387 = ADVANCED_FACE ( 'NONE', ( #7744 ), #3392, .F. ) ;
#5388 = CARTESIAN_POINT ( 'NONE',  ( 71.99999999999998579, 55.00000000000002132, 5.000000000000000000 ) ) ;
#5389 = DIRECTION ( 'NONE',  ( 0.000000000000000000, -0.000000000000000000, 1.000000000000000000 ) ) ;
#5390 = PLANE ( 'NONE',  #4544 ) ;
#5391 = LINE ( 'NONE', #8921, #5082 ) ;
#5392 = LINE ( 'NONE', #1138, #6659 ) ;
#5393 = CARTESIAN_POINT ( 'NONE',  ( 1.899999999999997913, 57.99999999999997158, 2.000000000000000000 ) ) ;
#5394 = ORIENTED_EDGE ( 'NONE', *, *, #3355, .F. ) ;
#5395 = ORIENTED_EDGE ( 'NONE', *, *, #5597, .T. ) ;
#5396 = ADVANCED_FACE ( 'NONE', ( #1237 ), #4239, .F. ) ;
#5397 = AXIS2_PLACEMENT_3D ( 'NONE', #3291, #5536, #5582 ) ;
#5398 = DIRECTION ( 'NONE',  ( 0.000000000000000000, 1.000000000000000000, -8.673617379884039170E-17 ) ) ;
#5399 = DIRECTION ( 'NONE',  ( 1.000000000000000000, 1.850371707708594070E-16, 0.000000000000000000 ) ) ;
#5400 = DIRECTION ( 'NONE',  ( -0.000000000000000000, 1.000000000000000000, -0.000000000000000000 ) ) ;
#5401 = DIRECTION ( 'NONE',  ( 0.000000000000000000, 0.000000000000000000, -1.000000000000000000 ) ) ;
#5402 = ORIENTED_EDGE ( 'NONE', *, *, #8979, .F. ) ;
#5403 = DIRECTION ( 'NONE',  ( 1.734723475976807834E-16, 0.000000000000000000, -1.000000000000000000 ) ) ;
#5404 = ORIENTED_EDGE ( 'NONE', *, *, #3735, .F. ) ;
#5405 = EDGE_LOOP ( 'NONE', ( #6726, #9144, #1669, #1058 ) ) ;
#5406 = CIRCLE ( 'NONE', #6591, 1.600000000000004974 ) ;
#5407 = ORIENTED_EDGE ( 'NONE', *, *, #7934, .F. ) ;
#5408 = EDGE_CURVE ( 'NONE', #3081, #6814, #4188, .T. ) ;
#5409 = VECTOR ( 'NONE', #1257, 1000.000000000000000 ) ;
#5410 = LINE ( 'NONE', #8273, #6947 ) ;
#5411 = AXIS2_PLACEMENT_3D ( 'NONE', #8837, #5782, #3012 ) ;
#5412 = ORIENTED_EDGE ( 'NONE', *, *, #3087, .F. ) ;
#5413 = CARTESIAN_POINT ( 'NONE',  ( 72.00000000000000000, -39.99999999999997868, 5.000000000000000000 ) ) ;
#5414 = EDGE_LOOP ( 'NONE', ( #1202, #3546, #5100, #4609 ) ) ;
#5415 = ORIENTED_EDGE ( 'NONE', *, *, #4186, .F. ) ;
#5416 = DIRECTION ( 'NONE',  ( 0.000000000000000000, -1.000000000000000000, 0.000000000000000000 ) ) ;
#5417 = CARTESIAN_POINT ( 'NONE',  ( 7.500000000000000000, 20.00000000000000355, 5.000000000000000000 ) ) ;
#5418 = EDGE_CURVE ( 'NONE', #4201, #2421, #6240, .T. ) ;
#5419 = VECTOR ( 'NONE', #566, 1000.000000000000000 ) ;
#5420 = CIRCLE ( 'NONE', #47, 1.600000000000005196 ) ;
#5421 = ORIENTED_EDGE ( 'NONE', *, *, #1109, .F. ) ;
#5422 = ORIENTED_EDGE ( 'NONE', *, *, #6223, .F. ) ;
#5423 = CIRCLE ( 'NONE', #4832, 1.600000000000004086 ) ;
#5424 = CARTESIAN_POINT ( 'NONE',  ( -72.00000000000001421, 18.00000000000001421, 5.000000000000000000 ) ) ;
#5425 = AXIS2_PLACEMENT_3D ( 'NONE', #8851, #2558, #2425 ) ;
#5426 = ORIENTED_EDGE ( 'NONE', *, *, #5712, .F. ) ;
#5427 = CARTESIAN_POINT ( 'NONE',  ( -140.0000000000000000, 72.00000000000002842, 0.000000000000000000 ) ) ;
#5428 = LINE ( 'NONE', #4159, #5315 ) ;
#5429 = ORIENTED_EDGE ( 'NONE', *, *, #3104, .T. ) ;
#5430 = DIRECTION ( 'NONE',  ( -1.000000000000000000, -0.000000000000000000, -0.000000000000000000 ) ) ;
#5431 = DIRECTION ( 'NONE',  ( -0.000000000000000000, -1.000000000000000000, -0.000000000000000000 ) ) ;
#5432 = EDGE_CURVE ( 'NONE', #5877, #2737, #7555, .T. ) ;
#5433 = EDGE_LOOP ( 'NONE', ( #827, #9209, #7326, #8149 ) ) ;
#5434 = EDGE_CURVE ( 'NONE', #8982, #116, #4101, .T. ) ;
#5435 = LINE ( 'NONE', #8295, #333 ) ;
#5436 = AXIS2_PLACEMENT_3D ( 'NONE', #8528, #4360, #2768 ) ;
#5437 = LINE ( 'NONE', #8246, #9198 ) ;
#5438 = CARTESIAN_POINT ( 'NONE',  ( -58.00000000000000711, 3.500000000000003109, 2.000000000000000000 ) ) ;
#5439 = DIRECTION ( 'NONE',  ( -1.604941620322695085E-32, 8.673617379884028076E-17, -1.000000000000000000 ) ) ;
#5440 = CARTESIAN_POINT ( 'NONE',  ( -64.99999999999998579, -71.99999999999997158, 5.000000000000000000 ) ) ;
#5441 = CYLINDRICAL_SURFACE ( 'NONE', #376, 7.500000000000000000 ) ;
#5442 = AXIS2_PLACEMENT_3D ( 'NONE', #6491, #1529, #8848 ) ;
#5443 = DIRECTION ( 'NONE',  ( -0.000000000000000000, -1.000000000000000000, -0.000000000000000000 ) ) ;
#5444 = CARTESIAN_POINT ( 'NONE',  ( -72.00000000000001421, 53.00000000000001421, 5.000000000000000000 ) ) ;
#5445 = CARTESIAN_POINT ( 'NONE',  ( 30.00000000000000000, -71.99999999999997158, 5.000000000000000000 ) ) ;
#5446 = DIRECTION ( 'NONE',  ( 0.000000000000000000, 0.000000000000000000, -1.000000000000000000 ) ) ;
#5447 = ORIENTED_EDGE ( 'NONE', *, *, #1301, .F. ) ;
#5448 = VECTOR ( 'NONE', #9074, 1000.000000000000000 ) ;
#5449 = FACE_BOUND ( 'NONE', #3401, .T. ) ;
#5450 = CARTESIAN_POINT ( 'NONE',  ( -74.99999999999998579, -74.99999999999997158, 5.000000000000000000 ) ) ;
#5451 = CARTESIAN_POINT ( 'NONE',  ( 3.500000000000003109, 57.99999999999997158, 5.000000000000000888 ) ) ;
#5452 = EDGE_CURVE ( 'NONE', #459, #5826, #2648, .T. ) ;
#5453 = CARTESIAN_POINT ( 'NONE',  ( -72.00000000000000000, -61.99999999999997868, 5.000000000000000000 ) ) ;
#5454 = EDGE_CURVE ( 'NONE', #7615, #8191, #1193, .T. ) ;
#5455 = PLANE ( 'NONE',  #2675 ) ;
#5456 = EDGE_LOOP ( 'NONE', ( #3042, #8565, #7819, #125 ) ) ;
#5457 = VECTOR ( 'NONE', #1152, 1000.000000000000000 ) ;
#5458 = ORIENTED_EDGE ( 'NONE', *, *, #5208, .T. ) ;
#5459 = ORIENTED_EDGE ( 'NONE', *, *, #3444, .F. ) ;
#5460 = VECTOR ( 'NONE', #1760, 1000.000000000000000 ) ;
#5461 = VECTOR ( 'NONE', #6116, 1000.000000000000000 ) ;
#5462 = CARTESIAN_POINT ( 'NONE',  ( 65.00000000000002842, 64.99999999999998579, 2.000000000000000000 ) ) ;
#5463 = EDGE_LOOP ( 'NONE', ( #3697, #414, #3983, #6641 ) ) ;
#5464 = EDGE_CURVE ( 'NONE', #6945, #1377, #3362, .T. ) ;
#5465 = CARTESIAN_POINT ( 'NONE',  ( 5.000000000000004441, -71.99999999999997158, 5.000000000000000000 ) ) ;
#5466 = EDGE_LOOP ( 'NONE', ( #5395, #1180, #6480, #9276 ) ) ;
#5467 = VERTEX_POINT ( 'NONE', #5591 ) ;
#5468 = DIRECTION ( 'NONE',  ( -1.000000000000000000, 0.000000000000000000, 8.673617379884028076E-17 ) ) ;
#5469 = CARTESIAN_POINT ( 'NONE',  ( 72.00000000000000000, -19.99999999999997513, 5.000000000000000000 ) ) ;
#5470 = VECTOR ( 'NONE', #4830, 1000.000000000000000 ) ;
#5471 = ORIENTED_EDGE ( 'NONE', *, *, #7841, .F. ) ;
#5472 = EDGE_CURVE ( 'NONE', #7615, #241, #4757, .T. ) ;
#5473 = DIRECTION ( 'NONE',  ( 1.000000000000000000, 0.000000000000000000, 0.000000000000000000 ) ) ;
#5474 = ORIENTED_EDGE ( 'NONE', *, *, #8594, .F. ) ;
#5475 = DIRECTION ( 'NONE',  ( 1.000000000000000000, 0.000000000000000000, 0.000000000000000000 ) ) ;
#5476 = LINE ( 'NONE', #2568, #2766 ) ;
#5477 = ORIENTED_EDGE ( 'NONE', *, *, #1200, .F. ) ;
#5478 = CARTESIAN_POINT ( 'NONE',  ( -72.00000000000001421, 43.00000000000000711, 5.000000000000000000 ) ) ;
#5479 = ORIENTED_EDGE ( 'NONE', *, *, #6282, .F. ) ;
#5480 = LINE ( 'NONE', #2490, #6451 ) ;
#5481 = EDGE_CURVE ( 'NONE', #1892, #1029, #1986, .T. ) ;
#5482 = CARTESIAN_POINT ( 'NONE',  ( 71.99999999999998579, 55.00000000000002132, 5.000000000000000000 ) ) ;
#5483 = CARTESIAN_POINT ( 'NONE',  ( -45.00000000000000000, -71.99999999999997158, 5.000000000000000000 ) ) ;
#5484 = EDGE_CURVE ( 'NONE', #7165, #4670, #2789, .T. ) ;
#5485 = CARTESIAN_POINT ( 'NONE',  ( 66.99999999999997158, 72.00000000000002842, 5.000000000000000000 ) ) ;
#5486 = LINE ( 'NONE', #6264, #4412 ) ;
#5487 = PLANE ( 'NONE',  #1329 ) ;
#5488 = CARTESIAN_POINT ( 'NONE',  ( 41.99999999999997868, 72.00000000000002842, 2.000000000000000000 ) ) ;
#5489 = CARTESIAN_POINT ( 'NONE',  ( 66.99999999999997158, 75.00000000000002842, 5.000000000000000000 ) ) ;
#5490 = CARTESIAN_POINT ( 'NONE',  ( 21.99999999999997868, 75.00000000000002842, 2.000000000000000000 ) ) ;
#5491 = ORIENTED_EDGE ( 'NONE', *, *, #7011, .T. ) ;
#5492 = CARTESIAN_POINT ( 'NONE',  ( -48.00000000000001421, 72.00000000000002842, 5.000000000000000000 ) ) ;
#5493 = DIRECTION ( 'NONE',  ( 1.000000000000000000, 0.000000000000000000, 0.000000000000000000 ) ) ;
#5494 = DIRECTION ( 'NONE',  ( 1.000000000000000000, 1.850371707708594070E-16, -0.000000000000000000 ) ) ;
#5495 = EDGE_CURVE ( 'NONE', #4664, #3497, #1428, .T. ) ;
#5496 = CARTESIAN_POINT ( 'NONE',  ( 25.00000000000000711, -71.99999999999997158, 5.000000000000000000 ) ) ;
#5497 = PLANE ( 'NONE',  #3722 ) ;
#5498 = DIRECTION ( 'NONE',  ( -1.000000000000000000, 0.000000000000000000, 8.673617379884028076E-17 ) ) ;
#5499 = ORIENTED_EDGE ( 'NONE', *, *, #5616, .T. ) ;
#5500 = ORIENTED_EDGE ( 'NONE', *, *, #7829, .F. ) ;
#5501 = ADVANCED_FACE ( 'NONE', ( #2215 ), #6520, .F. ) ;
#5502 = FACE_OUTER_BOUND ( 'NONE', #8538, .T. ) ;
#5503 = VERTEX_POINT ( 'NONE', #5039 ) ;
#5504 = CARTESIAN_POINT ( 'NONE',  ( -72.00000000000000000, -16.99999999999998579, 5.000000000000000000 ) ) ;
#5505 = EDGE_LOOP ( 'NONE', ( #6989, #3743, #204, #742 ) ) ;
#5506 = ORIENTED_EDGE ( 'NONE', *, *, #117, .F. ) ;
#5507 = VECTOR ( 'NONE', #8505, 1000.000000000000000 ) ;
#5508 = PLANE ( 'NONE',  #382 ) ;
#5509 = VERTEX_POINT ( 'NONE', #7130 ) ;
#5510 = CARTESIAN_POINT ( 'NONE',  ( -75.00000000000000000, 3.000000000000016431, 5.000000000000000000 ) ) ;
#5511 = CIRCLE ( 'NONE', #2216, 1.600000000000004086 ) ;
#5512 = ADVANCED_FACE ( 'NONE', ( #7889 ), #2930, .F. ) ;
#5513 = VECTOR ( 'NONE', #8649, 1000.000000000000000 ) ;
#5514 = VERTEX_POINT ( 'NONE', #5181 ) ;
#5515 = CARTESIAN_POINT ( 'NONE',  ( -75.00000000000000000, -16.99999999999998579, 1.999999999999999556 ) ) ;
#5516 = ORIENTED_EDGE ( 'NONE', *, *, #1203, .F. ) ;
#5517 = DIRECTION ( 'NONE',  ( 0.000000000000000000, -0.000000000000000000, 1.000000000000000000 ) ) ;
#5518 = CARTESIAN_POINT ( 'NONE',  ( -58.00000000000000711, 3.500000000000003109, 5.000000000000000888 ) ) ;
#5520 = CARTESIAN_POINT ( 'NONE',  ( -18.00000000000001421, 72.00000000000002842, 5.000000000000000000 ) ) ;
#5519 = AXIS2_PLACEMENT_3D ( 'NONE', #7498, #5309, #1044 ) ;
#5521 = DIRECTION ( 'NONE',  ( 0.000000000000000000, 0.000000000000000000, -1.000000000000000000 ) ) ;
#5522 = ADVANCED_FACE ( 'NONE', ( #1511 ), #723, .F. ) ;
#5523 = VECTOR ( 'NONE', #8770, 1000.000000000000000 ) ;
#5524 = DIRECTION ( 'NONE',  ( -0.000000000000000000, -0.000000000000000000, 1.000000000000000000 ) ) ;
#5525 = DIRECTION ( 'NONE',  ( 0.000000000000000000, 0.000000000000000000, 1.000000000000000000 ) ) ;
#5526 = CARTESIAN_POINT ( 'NONE',  ( 5.000000000000004441, -71.99999999999997158, 5.000000000000000000 ) ) ;
#5527 = CARTESIAN_POINT ( 'NONE',  ( -68.00000000000002842, 72.00000000000002842, 2.000000000000000000 ) ) ;
#5528 = FACE_OUTER_BOUND ( 'NONE', #8284, .T. ) ;
#5529 = DIRECTION ( 'NONE',  ( 1.000000000000000000, 0.000000000000000000, 0.000000000000000000 ) ) ;
#5530 = DIRECTION ( 'NONE',  ( 1.000000000000000000, 0.000000000000000000, 0.000000000000000000 ) ) ;
#5531 = CARTESIAN_POINT ( 'NONE',  ( 72.00000000000000000, -39.99999999999997868, 5.000000000000000000 ) ) ;
#5532 = ORIENTED_EDGE ( 'NONE', *, *, #3225, .T. ) ;
#5533 = EDGE_CURVE ( 'NONE', #4329, #1926, #6474, .T. ) ;
#5534 = EDGE_CURVE ( 'NONE', #2450, #2177, #8602, .T. ) ;
#5535 = DIRECTION ( 'NONE',  ( 1.604941620322697548E-32, -8.673617379884039170E-17, -1.000000000000000000 ) ) ;
#5536 = DIRECTION ( 'NONE',  ( 0.000000000000000000, 1.000000000000000000, 0.000000000000000000 ) ) ;
#5537 = CARTESIAN_POINT ( 'NONE',  ( 9.999999999999994671, -71.99999999999997158, 5.000000000000000000 ) ) ;
#5538 = ORIENTED_EDGE ( 'NONE', *, *, #6138, .T. ) ;
#5539 = CARTESIAN_POINT ( 'NONE',  ( 72.00000000000000000, -34.99999999999997868, 2.000000000000000000 ) ) ;
#5540 = FACE_OUTER_BOUND ( 'NONE', #6009, .T. ) ;
#5541 = ORIENTED_EDGE ( 'NONE', *, *, #9115, .F. ) ;
#5542 = ORIENTED_EDGE ( 'NONE', *, *, #9126, .F. ) ;
#5543 = ADVANCED_FACE ( 'NONE', ( #1561 ), #3010, .T. ) ;
#5544 = EDGE_CURVE ( 'NONE', #3779, #9222, #8686, .T. ) ;
#5545 = PLANE ( 'NONE',  #7857 ) ;
#5546 = PLANE ( 'NONE',  #4818 ) ;
#5547 = ORIENTED_EDGE ( 'NONE', *, *, #6447, .F. ) ;
#5548 = LINE ( 'NONE', #2650, #2911 ) ;
#5550 = ORIENTED_EDGE ( 'NONE', *, *, #8068, .T. ) ;
#5549 = VECTOR ( 'NONE', #6419, 1000.000000000000000 ) ;
#5551 = CARTESIAN_POINT ( 'NONE',  ( 40.00000000000000711, -71.99999999999997158, 2.000000000000000000 ) ) ;
#5552 = ORIENTED_EDGE ( 'NONE', *, *, #3265, .F. ) ;
#5553 = DIRECTION ( 'NONE',  ( -1.850371707708594070E-16, 1.000000000000000000, 0.000000000000000000 ) ) ;
#5554 = VECTOR ( 'NONE', #7153, 1000.000000000000000 ) ;
#5555 = CIRCLE ( 'NONE', #5110, 1.600000000000004086 ) ;
#5556 = ORIENTED_EDGE ( 'NONE', *, *, #8492, .F. ) ;
#5557 = DIRECTION ( 'NONE',  ( -1.301042606982605321E-16, -1.000000000000000000, 0.000000000000000000 ) ) ;
#5558 = ORIENTED_EDGE ( 'NONE', *, *, #2529, .F. ) ;
#5559 = EDGE_CURVE ( 'NONE', #2029, #8074, #8646, .T. ) ;
#5560 = EDGE_CURVE ( 'NONE', #8071, #4258, #859, .T. ) ;
#5561 = VECTOR ( 'NONE', #1638, 1000.000000000000000 ) ;
#5562 = CARTESIAN_POINT ( 'NONE',  ( 11.99999999999998224, 75.00000000000002842, 2.000000000000000000 ) ) ;
#5563 = ORIENTED_EDGE ( 'NONE', *, *, #3227, .T. ) ;
#5564 = PLANE ( 'NONE',  #4531 ) ;
#5565 = PLANE ( 'NONE',  #4521 ) ;
#5566 = AXIS2_PLACEMENT_3D ( 'NONE', #6002, #298, #251 ) ;
#5567 = AXIS2_PLACEMENT_3D ( 'NONE', #3862, #5868, #6712 ) ;
#5568 = LINE ( 'NONE', #3411, #9200 ) ;
#5569 = LINE ( 'NONE', #53, #643 ) ;
#5570 = CARTESIAN_POINT ( 'NONE',  ( -45.00000000000002842, -45.00000000000001421, 2.000000000000000000 ) ) ;
#5571 = FACE_OUTER_BOUND ( 'NONE', #2905, .T. ) ;
#5572 = EDGE_CURVE ( 'NONE', #6623, #3045, #2175, .T. ) ;
#5573 = CARTESIAN_POINT ( 'NONE',  ( 72.00000000000000000, -34.99999999999997868, 2.000000000000000000 ) ) ;
#5574 = FACE_OUTER_BOUND ( 'NONE', #1658, .T. ) ;
#5575 = CARTESIAN_POINT ( 'NONE',  ( -60.00000000000000000, -71.99999999999997158, 0.000000000000000000 ) ) ;
#5576 = VECTOR ( 'NONE', #6688, 1000.000000000000000 ) ;
#5577 = DIRECTION ( 'NONE',  ( -1.000000000000000000, -0.000000000000000000, -0.000000000000000000 ) ) ;
#5578 = VERTEX_POINT ( 'NONE', #3576 ) ;
#5579 = VERTEX_POINT ( 'NONE', #26 ) ;
#5580 = DIRECTION ( 'NONE',  ( -1.000000000000000000, 0.000000000000000000, -0.000000000000000000 ) ) ;
#5581 = VECTOR ( 'NONE', #8754, 1000.000000000000000 ) ;
#5582 = DIRECTION ( 'NONE',  ( 0.000000000000000000, -0.000000000000000000, 1.000000000000000000 ) ) ;
#5583 = CARTESIAN_POINT ( 'NONE',  ( -72.00000000000000000, -26.99999999999998224, 1.999999999999999556 ) ) ;
#5584 = ORIENTED_EDGE ( 'NONE', *, *, #6499, .F. ) ;
#5585 = EDGE_CURVE ( 'NONE', #7795, #7403, #6562, .T. ) ;
#5586 = DIRECTION ( 'NONE',  ( -1.000000000000000000, 0.000000000000000000, 8.673617379884028076E-17 ) ) ;
#5587 = DIRECTION ( 'NONE',  ( 1.000000000000000000, 1.850371707708594070E-16, -0.000000000000000000 ) ) ;
#5588 = ORIENTED_EDGE ( 'NONE', *, *, #8812, .F. ) ;
#5589 = ORIENTED_EDGE ( 'NONE', *, *, #2082, .T. ) ;
#5590 = AXIS2_PLACEMENT_3D ( 'NONE', #6370, #3522, #4977 ) ;
#5591 = CARTESIAN_POINT ( 'NONE',  ( 74.99999999999998579, 65.00000000000002842, 5.000000000000000000 ) ) ;
#5592 = LINE ( 'NONE', #725, #7206 ) ;
#5593 = ORIENTED_EDGE ( 'NONE', *, *, #3308, .T. ) ;
#5594 = ADVANCED_FACE ( 'NONE', ( #4428 ), #1606, .F. ) ;
#5595 = AXIS2_PLACEMENT_3D ( 'NONE', #8531, #8484, #4270 ) ;
#5596 = DIRECTION ( 'NONE',  ( -1.000000000000000000, 0.000000000000000000, 0.000000000000000000 ) ) ;
#5597 = EDGE_CURVE ( 'NONE', #7648, #8828, #4336, .T. ) ;
#5598 = VERTEX_POINT ( 'NONE', #4990 ) ;
#5599 = ORIENTED_EDGE ( 'NONE', *, *, #6946, .T. ) ;
#5600 = PLANE ( 'NONE',  #2021 ) ;
#5601 = ORIENTED_EDGE ( 'NONE', *, *, #7855, .T. ) ;
#5602 = ORIENTED_EDGE ( 'NONE', *, *, #5338, .F. ) ;
#5603 = CARTESIAN_POINT ( 'NONE',  ( 60.00000000000000000, -74.99999999999997158, 5.000000000000000000 ) ) ;
#5604 = VERTEX_POINT ( 'NONE', #7842 ) ;
#5605 = VECTOR ( 'NONE', #2063, 1000.000000000000000 ) ;
#5606 = CYLINDRICAL_SURFACE ( 'NONE', #1717, 1.600000000000006750 ) ;
#5607 = VERTEX_POINT ( 'NONE', #6427 ) ;
#5608 = CARTESIAN_POINT ( 'NONE',  ( -75.00000000000001421, 75.00000000000002842, 5.000000000000000000 ) ) ;
#5609 = EDGE_CURVE ( 'NONE', #4094, #449, #1467, .T. ) ;
#5610 = ORIENTED_EDGE ( 'NONE', *, *, #7993, .F. ) ;
#5611 = CIRCLE ( 'NONE', #830, 19.99999999999999645 ) ;
#5612 = DIRECTION ( 'NONE',  ( -2.312964634635742661E-15, -0.000000000000000000, 1.000000000000000000 ) ) ;
#5613 = VERTEX_POINT ( 'NONE', #8928 ) ;
#5614 = FACE_OUTER_BOUND ( 'NONE', #6764, .T. ) ;
#5615 = CARTESIAN_POINT ( 'NONE',  ( -40.00000000000000711, -74.99999999999997158, 5.000000000000000000 ) ) ;
#5616 = EDGE_CURVE ( 'NONE', #1798, #9261, #3816, .T. ) ;
#5617 = FACE_OUTER_BOUND ( 'NONE', #8746, .T. ) ;
#5618 = CARTESIAN_POINT ( 'NONE',  ( 72.00000000000000000, 35.00000000000002132, 5.000000000000000000 ) ) ;
#5619 = DIRECTION ( 'NONE',  ( -0.000000000000000000, -1.000000000000000000, -0.000000000000000000 ) ) ;
#5620 = LINE ( 'NONE', #2099, #6185 ) ;
#5621 = CARTESIAN_POINT ( 'NONE',  ( -59.99999999999999289, -71.99999999999997158, 2.000000000000000000 ) ) ;
#5622 = CARTESIAN_POINT ( 'NONE',  ( 72.00000000000001421, -44.99999999999997158, 5.000000000000000000 ) ) ;
#5623 = CARTESIAN_POINT ( 'NONE',  ( 72.00000000000000000, -14.99999999999997158, 2.000000000000000000 ) ) ;
#5624 = LINE ( 'NONE', #709, #2711 ) ;
#5625 = VERTEX_POINT ( 'NONE', #401 ) ;
#5626 = ORIENTED_EDGE ( 'NONE', *, *, #155, .F. ) ;
#5627 = EDGE_CURVE ( 'NONE', #6338, #7582, #1051, .T. ) ;
#5628 = CARTESIAN_POINT ( 'NONE',  ( 72.00000000000001421, -130.0000000000000000, 0.000000000000000000 ) ) ;
#5629 = DIRECTION ( 'NONE',  ( -1.000000000000000000, 0.000000000000000000, 8.673617379884028076E-17 ) ) ;
#5630 = LINE ( 'NONE', #8824, #1690 ) ;
#5631 = VERTEX_POINT ( 'NONE', #4568 ) ;
#5632 = CARTESIAN_POINT ( 'NONE',  ( 75.00000000000000000, -14.99999999999997158, 2.000000000000000000 ) ) ;
#5633 = DIRECTION ( 'NONE',  ( -0.000000000000000000, -0.000000000000000000, -1.000000000000000000 ) ) ;
#5634 = ORIENTED_EDGE ( 'NONE', *, *, #7668, .F. ) ;
#5635 = ORIENTED_EDGE ( 'NONE', *, *, #3385, .F. ) ;
#5636 = EDGE_CURVE ( 'NONE', #4294, #1789, #5269, .T. ) ;
#5637 = DIRECTION ( 'NONE',  ( -0.000000000000000000, 0.000000000000000000, 1.000000000000000000 ) ) ;
#5638 = DIRECTION ( 'NONE',  ( -0.000000000000000000, -1.000000000000000000, -0.000000000000000000 ) ) ;
#5639 = ORIENTED_EDGE ( 'NONE', *, *, #7545, .T. ) ;
#5640 = DIRECTION ( 'NONE',  ( -0.000000000000000000, -0.000000000000000000, -1.000000000000000000 ) ) ;
#5641 = ORIENTED_EDGE ( 'NONE', *, *, #8278, .T. ) ;
#5642 = ORIENTED_EDGE ( 'NONE', *, *, #8178, .F. ) ;
#5643 = CARTESIAN_POINT ( 'NONE',  ( -75.00000000000001421, 75.00000000000002842, 5.000000000000000000 ) ) ;
#5644 = ORIENTED_EDGE ( 'NONE', *, *, #6477, .F. ) ;
#5645 = ORIENTED_EDGE ( 'NONE', *, *, #6935, .T. ) ;
#5646 = CARTESIAN_POINT ( 'NONE',  ( 71.99999999999998579, 45.00000000000002842, 5.000000000000000000 ) ) ;
#5647 = ADVANCED_FACE ( 'NONE', ( #6665 ), #1006, .F. ) ;
#5648 = EDGE_CURVE ( 'NONE', #142, #222, #6097, .T. ) ;
#5649 = DIRECTION ( 'NONE',  ( -0.000000000000000000, 1.000000000000000000, -0.000000000000000000 ) ) ;
#5650 = ORIENTED_EDGE ( 'NONE', *, *, #8845, .F. ) ;
#5651 = LINE ( 'NONE', #1441, #6322 ) ;
#5652 = VERTEX_POINT ( 'NONE', #6059 ) ;
#5653 = CARTESIAN_POINT ( 'NONE',  ( 10.00000000000000178, -74.99999999999997158, 2.000000000000000000 ) ) ;
#5654 = ORIENTED_EDGE ( 'NONE', *, *, #6371, .T. ) ;
#5655 = CARTESIAN_POINT ( 'NONE',  ( -72.00000000000000000, -26.99999999999998224, 1.999999999999999556 ) ) ;
#5656 = DIRECTION ( 'NONE',  ( 0.000000000000000000, 0.000000000000000000, 1.000000000000000000 ) ) ;
#5657 = VECTOR ( 'NONE', #2951, 1000.000000000000000 ) ;
#5658 = EDGE_CURVE ( 'NONE', #8308, #3211, #3861, .T. ) ;
#5659 = CARTESIAN_POINT ( 'NONE',  ( 61.99999999999997868, 72.00000000000002842, 2.000000000000000000 ) ) ;
#5660 = DIRECTION ( 'NONE',  ( -1.000000000000000000, -1.850371707708594070E-16, 0.000000000000000000 ) ) ;
#5661 = ORIENTED_EDGE ( 'NONE', *, *, #2335, .F. ) ;
#5662 = CARTESIAN_POINT ( 'NONE',  ( -130.0000000000000000, -71.99999999999997158, 0.000000000000000000 ) ) ;
#5663 = VECTOR ( 'NONE', #3476, 1000.000000000000000 ) ;
#5664 = DIRECTION ( 'NONE',  ( -1.000000000000000000, 0.000000000000000000, 0.000000000000000000 ) ) ;
#5665 = ORIENTED_EDGE ( 'NONE', *, *, #659, .T. ) ;
#5666 = DIRECTION ( 'NONE',  ( 1.000000000000000000, 0.000000000000000000, 0.000000000000000000 ) ) ;
#5667 = EDGE_CURVE ( 'NONE', #3431, #3839, #7464, .T. ) ;
#5668 = DIRECTION ( 'NONE',  ( 0.000000000000000000, 0.000000000000000000, 1.000000000000000000 ) ) ;
#5669 = LINE ( 'NONE', #13, #7976 ) ;
#5670 = ORIENTED_EDGE ( 'NONE', *, *, #1843, .F. ) ;
#5671 = ORIENTED_EDGE ( 'NONE', *, *, #5597, .F. ) ;
#5672 = AXIS2_PLACEMENT_3D ( 'NONE', #8532, #3655, #845 ) ;
#5673 = DIRECTION ( 'NONE',  ( 0.000000000000000000, 0.000000000000000000, -1.000000000000000000 ) ) ;
#5674 = PLANE ( 'NONE',  #348 ) ;
#5675 = CARTESIAN_POINT ( 'NONE',  ( 72.00000000000001421, -44.99999999999997158, 2.000000000000000000 ) ) ;
#5676 = ORIENTED_EDGE ( 'NONE', *, *, #2550, .T. ) ;
#5677 = CARTESIAN_POINT ( 'NONE',  ( -72.00000000000000000, -41.99999999999998579, 5.000000000000000000 ) ) ;
#5678 = CARTESIAN_POINT ( 'NONE',  ( -59.60000000000001563, 3.500000000000003109, 5.000000000000000888 ) ) ;
#5679 = ADVANCED_FACE ( 'NONE', ( #5965 ), #1652, .F. ) ;
#5680 = EDGE_CURVE ( 'NONE', #1251, #6851, #8260, .T. ) ;
#5681 = VERTEX_POINT ( 'NONE', #4654 ) ;
#5682 = ORIENTED_EDGE ( 'NONE', *, *, #6343, .T. ) ;
#5683 = DIRECTION ( 'NONE',  ( -0.000000000000000000, -0.000000000000000000, 1.000000000000000000 ) ) ;
#5684 = LINE ( 'NONE', #1429, #5118 ) ;
#5685 = ORIENTED_EDGE ( 'NONE', *, *, #7668, .T. ) ;
#5686 = DIRECTION ( 'NONE',  ( -1.850371707708594316E-16, 1.000000000000000000, -0.000000000000000000 ) ) ;
#5687 = DIRECTION ( 'NONE',  ( 0.000000000000000000, -1.000000000000000000, 4.336808689942029569E-16 ) ) ;
#5688 = ORIENTED_EDGE ( 'NONE', *, *, #8043, .F. ) ;
#5689 = ORIENTED_EDGE ( 'NONE', *, *, #8165, .T. ) ;
#5690 = ADVANCED_FACE ( 'NONE', ( #2406 ), #356, .F. ) ;
#5691 = CARTESIAN_POINT ( 'NONE',  ( 75.00000000000001421, -54.99999999999997868, 5.000000000000000000 ) ) ;
#5692 = VERTEX_POINT ( 'NONE', #8835 ) ;
#5693 = VERTEX_POINT ( 'NONE', #1145 ) ;
#5694 = PLANE ( 'NONE',  #2587 ) ;
#5695 = EDGE_LOOP ( 'NONE', ( #2797, #7115, #8103, #5819 ) ) ;
#5696 = UNCERTAINTY_MEASURE_WITH_UNIT (LENGTH_MEASURE( 1.000000000000000082E-05 ), #1545, 'distance_accuracy_value', 'NONE');
#5697 = DIRECTION ( 'NONE',  ( 1.000000000000000000, 1.850371707708594070E-16, 0.000000000000000000 ) ) ;
#5698 = VECTOR ( 'NONE', #4704, 1000.000000000000000 ) ;
#5699 = EDGE_LOOP ( 'NONE', ( #451, #5556, #1788, #1661 ) ) ;
#5700 = PLANE ( 'NONE',  #808 ) ;
#5701 = VERTEX_POINT ( 'NONE', #8076 ) ;
#5702 = ADVANCED_FACE ( 'NONE', ( #2456 ), #6757, .F. ) ;
#5703 = PLANE ( 'NONE',  #1866 ) ;
#5704 = LINE ( 'NONE', #7812, #933 ) ;
#5705 = CARTESIAN_POINT ( 'NONE',  ( -23.00000000000002132, 75.00000000000002842, 2.000000000000000444 ) ) ;
#5706 = VECTOR ( 'NONE', #7108, 1000.000000000000000 ) ;
#5707 = LINE ( 'NONE', #2096, #2447 ) ;
#5708 = VECTOR ( 'NONE', #4793, 1000.000000000000000 ) ;
#5709 = LINE ( 'NONE', #2097, #8659 ) ;
#5710 = ORIENTED_EDGE ( 'NONE', *, *, #4026, .T. ) ;
#5711 = DIRECTION ( 'NONE',  ( 0.000000000000000000, 0.000000000000000000, -1.000000000000000000 ) ) ;
#5712 = EDGE_CURVE ( 'NONE', #3738, #7093, #3157, .T. ) ;
#5713 = LINE ( 'NONE', #4363, #3728 ) ;
#5714 = EDGE_CURVE ( 'NONE', #8320, #4464, #3957, .T. ) ;
#5715 = ORIENTED_EDGE ( 'NONE', *, *, #4252, .F. ) ;
#5716 = CARTESIAN_POINT ( 'NONE',  ( 46.99999999999997158, 72.00000000000002842, 5.000000000000000000 ) ) ;
#5717 = DIRECTION ( 'NONE',  ( -0.000000000000000000, -0.000000000000000000, -1.000000000000000000 ) ) ;
#5718 = ORIENTED_EDGE ( 'NONE', *, *, #434, .T. ) ;
#5719 = ORIENTED_EDGE ( 'NONE', *, *, #7167, .F. ) ;
#5720 = VECTOR ( 'NONE', #7955, 1000.000000000000000 ) ;
#5721 = AXIS2_PLACEMENT_3D ( 'NONE', #2946, #5102, #231 ) ;
#5722 = CARTESIAN_POINT ( 'NONE',  ( 4.137854692725198016E-15, -20.00000000000000000, 5.000000000000000000 ) ) ;
#5723 = LINE ( 'NONE', #9249, #7056 ) ;
#5724 = ORIENTED_EDGE ( 'NONE', *, *, #3832, .F. ) ;
#5725 = VECTOR ( 'NONE', #6513, 1000.000000000000000 ) ;
#5726 = DIRECTION ( 'NONE',  ( 0.000000000000000000, 0.000000000000000000, -1.000000000000000000 ) ) ;
#5727 = ADVANCED_FACE ( 'NONE', ( #210 ), #5918, .F. ) ;
#5729 = CARTESIAN_POINT ( 'NONE',  ( 36.99999999999997868, 72.00000000000002842, 2.000000000000000444 ) ) ;
#5728 = VECTOR ( 'NONE', #4301, 1000.000000000000000 ) ;
#5730 = VERTEX_POINT ( 'NONE', #4517 ) ;
#5731 = ORIENTED_EDGE ( 'NONE', *, *, #7461, .F. ) ;
#5732 = VECTOR ( 'NONE', #2856, 1000.000000000000000 ) ;
#5733 = ADVANCED_FACE ( 'NONE', ( #7370 ), #957, .F. ) ;
#5734 = DIRECTION ( 'NONE',  ( -8.673617379884028076E-17, 0.000000000000000000, -1.000000000000000000 ) ) ;
#5735 = LINE ( 'NONE', #4895, #2427 ) ;
#5736 = ORIENTED_EDGE ( 'NONE', *, *, #4038, .F. ) ;
#5737 = CARTESIAN_POINT ( 'NONE',  ( 7.500000000000000000, -19.99999999999999645, 5.000000000000000888 ) ) ;
#5738 = FACE_OUTER_BOUND ( 'NONE', #9127, .T. ) ;
#5739 = ORIENTED_EDGE ( 'NONE', *, *, #1991, .F. ) ;
#5740 = ORIENTED_EDGE ( 'NONE', *, *, #4404, .F. ) ;
#5741 = AXIS2_PLACEMENT_3D ( 'NONE', #6629, #920, #7951 ) ;
#5742 = DIRECTION ( 'NONE',  ( -1.000000000000000000, 0.000000000000000000, 8.673617379884028076E-17 ) ) ;
#5743 = ORIENTED_EDGE ( 'NONE', *, *, #8052, .T. ) ;
#5744 = ORIENTED_EDGE ( 'NONE', *, *, #5772, .T. ) ;
#5745 = LINE ( 'NONE', #5141, #4233 ) ;
#5746 = ORIENTED_EDGE ( 'NONE', *, *, #9006, .F. ) ;
#5747 = EDGE_CURVE ( 'NONE', #7582, #8747, #7021, .T. ) ;
#5748 = VECTOR ( 'NONE', #2055, 1000.000000000000000 ) ;
#5749 = CARTESIAN_POINT ( 'NONE',  ( 21.99999999999997868, 72.00000000000002842, 5.000000000000000000 ) ) ;
#5750 = ORIENTED_EDGE ( 'NONE', *, *, #5037, .T. ) ;
#5751 = LINE ( 'NONE', #4115, #4407 ) ;
#5752 = ORIENTED_EDGE ( 'NONE', *, *, #2212, .F. ) ;
#5753 = FACE_OUTER_BOUND ( 'NONE', #2651, .T. ) ;
#5754 = DIRECTION ( 'NONE',  ( -1.850371707708594070E-16, 1.000000000000000000, 0.000000000000000000 ) ) ;
#5755 = VECTOR ( 'NONE', #1781, 1000.000000000000000 ) ;
#5756 = AXIS2_PLACEMENT_3D ( 'NONE', #1856, #1807, #6289 ) ;
#5757 = CARTESIAN_POINT ( 'NONE',  ( -72.00000000000000000, -61.99999999999997868, 5.000000000000000000 ) ) ;
#5758 = EDGE_CURVE ( 'NONE', #6119, #1290, #1974, .T. ) ;
#5759 = EDGE_LOOP ( 'NONE', ( #2499, #8855, #6498, #8051 ) ) ;
#5760 = AXIS2_PLACEMENT_3D ( 'NONE', #2032, #8364, #1896 ) ;
#5761 = VECTOR ( 'NONE', #7552, 1000.000000000000000 ) ;
#5762 = DIRECTION ( 'NONE',  ( -1.000000000000000000, -0.000000000000000000, -0.000000000000000000 ) ) ;
#5763 = CARTESIAN_POINT ( 'NONE',  ( 60.00000000000000000, -71.99999999999997158, 5.000000000000000000 ) ) ;
#5764 = CARTESIAN_POINT ( 'NONE',  ( 75.00000000000001421, -54.99999999999997868, 2.000000000000000000 ) ) ;
#5765 = EDGE_LOOP ( 'NONE', ( #4725, #888, #83, #7763 ) ) ;
#5766 = CARTESIAN_POINT ( 'NONE',  ( 72.00000000000000000, 1.332267629550187849E-14, 5.000000000000000000 ) ) ;
#5767 = LINE ( 'NONE', #5998, #4822 ) ;
#5768 = CARTESIAN_POINT ( 'NONE',  ( 55.00000000000000711, -71.99999999999997158, 5.000000000000000000 ) ) ;
#5769 = ORIENTED_EDGE ( 'NONE', *, *, #9063, .T. ) ;
#5770 = VECTOR ( 'NONE', #5901, 1000.000000000000000 ) ;
#5771 = EDGE_CURVE ( 'NONE', #2415, #9250, #483, .T. ) ;
#5772 = EDGE_CURVE ( 'NONE', #8783, #8294, #8996, .T. ) ;
#5773 = DIRECTION ( 'NONE',  ( 0.000000000000000000, -1.000000000000000000, 8.673617379884040402E-17 ) ) ;
#5774 = FILL_AREA_STYLE ('',( #5075 ) ) ;
#5775 = LINE ( 'NONE', #8639, #4383 ) ;
#5776 = DIRECTION ( 'NONE',  ( 1.000000000000000000, 0.000000000000000000, 0.000000000000000000 ) ) ;
#5777 = PLANE ( 'NONE',  #4372 ) ;
#5778 = EDGE_LOOP ( 'NONE', ( #8507, #2080 ) ) ;
#5779 = ORIENTED_EDGE ( 'NONE', *, *, #8803, .F. ) ;
#5780 = ADVANCED_FACE ( 'NONE', ( #572 ), #4839, .F. ) ;
#5781 = DIRECTION ( 'NONE',  ( 0.000000000000000000, -0.000000000000000000, 1.000000000000000000 ) ) ;
#5782 = DIRECTION ( 'NONE',  ( 0.000000000000000000, 1.000000000000000000, 0.000000000000000000 ) ) ;
#5783 = ORIENTED_EDGE ( 'NONE', *, *, #7927, .T. ) ;
#5784 = CARTESIAN_POINT ( 'NONE',  ( -75.00000000000001421, 75.00000000000002842, 5.000000000000000000 ) ) ;
#5785 = LINE ( 'NONE', #7279, #4701 ) ;
#5786 = ORIENTED_EDGE ( 'NONE', *, *, #2226, .F. ) ;
#5787 = PLANE ( 'NONE',  #80 ) ;
#5788 = EDGE_LOOP ( 'NONE', ( #3764, #680, #4097, #568 ) ) ;
#5789 = ORIENTED_EDGE ( 'NONE', *, *, #4587, .F. ) ;
#5790 = DIRECTION ( 'NONE',  ( 1.850371707708594070E-16, -1.000000000000000000, 0.000000000000000000 ) ) ;
#5791 = EDGE_CURVE ( 'NONE', #6525, #1860, #4136, .T. ) ;
#5792 = PLANE ( 'NONE',  #1858 ) ;
#5793 = ORIENTED_EDGE ( 'NONE', *, *, #5747, .F. ) ;
#5794 = DIRECTION ( 'NONE',  ( -0.000000000000000000, 1.000000000000000000, -0.000000000000000000 ) ) ;
#5795 = ORIENTED_EDGE ( 'NONE', *, *, #687, .F. ) ;
#5796 = DIRECTION ( 'NONE',  ( 1.000000000000000000, 0.000000000000000000, 0.000000000000000000 ) ) ;
#5797 = CARTESIAN_POINT ( 'NONE',  ( 36.99999999999997868, 75.00000000000002842, 2.000000000000000444 ) ) ;
#5798 = EDGE_CURVE ( 'NONE', #2370, #6623, #2780, .T. ) ;
#5799 = DIRECTION ( 'NONE',  ( 0.000000000000000000, 0.000000000000000000, -1.000000000000000000 ) ) ;
#5800 = VERTEX_POINT ( 'NONE', #3383 ) ;
#5801 = PLANE ( 'NONE',  #7383 ) ;
#5802 = CARTESIAN_POINT ( 'NONE',  ( -45.00000000000002842, -45.00000000000001421, 5.000000000000000000 ) ) ;
#5803 = EDGE_LOOP ( 'NONE', ( #2652, #4148, #5474, #6155 ) ) ;
#5804 = CARTESIAN_POINT ( 'NONE',  ( 3.500000000000003109, -57.99999999999997158, 2.000000000000000000 ) ) ;
#5805 = CARTESIAN_POINT ( 'NONE',  ( -72.00000000000001421, 58.00000000000001421, 5.000000000000000000 ) ) ;
#5807 = CARTESIAN_POINT ( 'NONE',  ( -60.00000000000000000, -71.99999999999997158, 5.000000000000000000 ) ) ;
#5806 = VECTOR ( 'NONE', #1837, 1000.000000000000000 ) ;
#5808 = EDGE_CURVE ( 'NONE', #6788, #1563, #8395, .T. ) ;
#5809 = CARTESIAN_POINT ( 'NONE',  ( 74.99999999999998579, 60.00000000000002132, 1.999999999999999556 ) ) ;
#5810 = ORIENTED_EDGE ( 'NONE', *, *, #7148, .F. ) ;
#5811 = DIRECTION ( 'NONE',  ( -2.312964634635742661E-15, -0.000000000000000000, 1.000000000000000000 ) ) ;
#5812 = VECTOR ( 'NONE', #8334, 1000.000000000000000 ) ;
#5813 = DIRECTION ( 'NONE',  ( 1.734723475976807834E-16, 0.000000000000000000, -1.000000000000000000 ) ) ;
#5814 = CARTESIAN_POINT ( 'NONE',  ( 55.00000000000000711, -74.99999999999997158, 5.000000000000000000 ) ) ;
#5815 = DIRECTION ( 'NONE',  ( -1.000000000000000000, 0.000000000000000000, -1.239088197126289831E-16 ) ) ;
#5816 = CARTESIAN_POINT ( 'NONE',  ( 65.00000000000000000, -65.00000000000001421, 0.000000000000000000 ) ) ;
#5817 = EDGE_CURVE ( 'NONE', #412, #255, #8447, .T. ) ;
#5818 = EDGE_LOOP ( 'NONE', ( #3160, #635, #4362, #5246 ) ) ;
#5819 = ORIENTED_EDGE ( 'NONE', *, *, #7293, .T. ) ;
#5820 = VECTOR ( 'NONE', #3742, 1000.000000000000000 ) ;
#5821 = CARTESIAN_POINT ( 'NONE',  ( -75.00000000000000000, -16.99999999999998579, 1.999999999999999556 ) ) ;
#5822 = LINE ( 'NONE', #7276, #2265 ) ;
#5823 = ORIENTED_EDGE ( 'NONE', *, *, #3014, .F. ) ;
#5824 = DIRECTION ( 'NONE',  ( -2.312964634635742661E-15, -0.000000000000000000, 1.000000000000000000 ) ) ;
#5825 = CARTESIAN_POINT ( 'NONE',  ( -4.999999999999990230, -71.99999999999997158, 5.000000000000000000 ) ) ;
#5826 = VERTEX_POINT ( 'NONE', #2024 ) ;
#5827 = EDGE_CURVE ( 'NONE', #8026, #8982, #9150, .T. ) ;
#5828 = CARTESIAN_POINT ( 'NONE',  ( -74.99999999999998579, -74.99999999999997158, 0.000000000000000000 ) ) ;
#5829 = VERTEX_POINT ( 'NONE', #6231 ) ;
#5830 = EDGE_CURVE ( 'NONE', #4478, #6565, #7736, .T. ) ;
#5831 = VERTEX_POINT ( 'NONE', #6323 ) ;
#5832 = PLANE ( 'NONE',  #4984 ) ;
#5833 = PLANE ( 'NONE',  #4419 ) ;
#5834 = ORIENTED_EDGE ( 'NONE', *, *, #2561, .T. ) ;
#5835 = DIRECTION ( 'NONE',  ( 0.000000000000000000, 0.000000000000000000, -1.000000000000000000 ) ) ;
#5836 = EDGE_LOOP ( 'NONE', ( #4288, #7467, #8392, #2072 ) ) ;
#5837 = LINE ( 'NONE', #8704, #8909 ) ;
#5838 = CARTESIAN_POINT ( 'NONE',  ( 26.99999999999997513, 72.00000000000002842, 5.000000000000000000 ) ) ;
#5839 = CARTESIAN_POINT ( 'NONE',  ( 61.99999999999997868, 75.00000000000002842, 5.000000000000000000 ) ) ;
#5840 = VECTOR ( 'NONE', #1274, 1000.000000000000000 ) ;
#5841 = EDGE_CURVE ( 'NONE', #5503, #8963, #8393, .T. ) ;
#5842 = EDGE_LOOP ( 'NONE', ( #1901, #2703, #448, #2649 ) ) ;
#5843 = EDGE_CURVE ( 'NONE', #1474, #7978, #6938, .T. ) ;
#5844 = CARTESIAN_POINT ( 'NONE',  ( -1.899999999999996358, -57.99999999999997158, 2.000000000000000000 ) ) ;
#5845 = DIRECTION ( 'NONE',  ( -1.850371707708594070E-16, 1.000000000000000000, 0.000000000000000000 ) ) ;
#5846 = ORIENTED_EDGE ( 'NONE', *, *, #3773, .F. ) ;
#5847 = DIRECTION ( 'NONE',  ( 0.000000000000000000, 0.000000000000000000, -1.000000000000000000 ) ) ;
#5848 = AXIS2_PLACEMENT_3D ( 'NONE', #9066, #2642, #5498 ) ;
#5849 = DIRECTION ( 'NONE',  ( -0.000000000000000000, 0.000000000000000000, 1.000000000000000000 ) ) ;
#5850 = DIRECTION ( 'NONE',  ( -1.000000000000000000, 0.000000000000000000, 0.000000000000000000 ) ) ;
#5851 = PLANE ( 'NONE',  #1369 ) ;
#5852 = ORIENTED_EDGE ( 'NONE', *, *, #8096, .F. ) ;
#5853 = VECTOR ( 'NONE', #5386, 1000.000000000000000 ) ;
#5854 = VECTOR ( 'NONE', #7509, 1000.000000000000000 ) ;
#5855 = CARTESIAN_POINT ( 'NONE',  ( -75.00000000000001421, 43.00000000000000711, 5.000000000000000000 ) ) ;
#5856 = EDGE_CURVE ( 'NONE', #2344, #275, #6187, .T. ) ;
#5857 = LINE ( 'NONE', #8727, #1087 ) ;
#5858 = DIRECTION ( 'NONE',  ( -0.000000000000000000, -0.000000000000000000, -1.000000000000000000 ) ) ;
#5859 = FACE_OUTER_BOUND ( 'NONE', #7188, .T. ) ;
#5860 = DIRECTION ( 'NONE',  ( 1.000000000000000000, 1.850371707708594070E-16, -0.000000000000000000 ) ) ;
#5861 = AXIS2_PLACEMENT_3D ( 'NONE', #8487, #8440, #3559 ) ;
#5862 = ORIENTED_EDGE ( 'NONE', *, *, #8021, .F. ) ;
#5863 = VECTOR ( 'NONE', #2146, 1000.000000000000000 ) ;
#5864 = ORIENTED_EDGE ( 'NONE', *, *, #2352, .T. ) ;
#5865 = EDGE_CURVE ( 'NONE', #9221, #6622, #8494, .T. ) ;
#5866 = VECTOR ( 'NONE', #4705, 1000.000000000000000 ) ;
#5867 = DIRECTION ( 'NONE',  ( -1.000000000000000000, 0.000000000000000000, -0.000000000000000000 ) ) ;
#5868 = DIRECTION ( 'NONE',  ( 1.000000000000000000, 0.000000000000000000, 0.000000000000000000 ) ) ;
#5869 = VECTOR ( 'NONE', #1766, 1000.000000000000000 ) ;
#5870 = CARTESIAN_POINT ( 'NONE',  ( -70.00000000000000000, -71.99999999999997158, 5.000000000000000000 ) ) ;
#5871 = ORIENTED_EDGE ( 'NONE', *, *, #6225, .T. ) ;
#5872 = LINE ( 'NONE', #6523, #3125 ) ;
#5873 = CARTESIAN_POINT ( 'NONE',  ( 72.00000000000000000, -9.999999999999980460, 1.999999999999999556 ) ) ;
#5874 = VERTEX_POINT ( 'NONE', #2685 ) ;
#5875 = DIRECTION ( 'NONE',  ( 0.000000000000000000, -1.000000000000000000, 8.673617379884040402E-17 ) ) ;
#5876 = ORIENTED_EDGE ( 'NONE', *, *, #8363, .T. ) ;
#5877 = VERTEX_POINT ( 'NONE', #2065 ) ;
#5878 = FACE_OUTER_BOUND ( 'NONE', #3089, .T. ) ;
#5879 = VECTOR ( 'NONE', #1493, 1000.000000000000000 ) ;
#5880 = EDGE_CURVE ( 'NONE', #3303, #72, #4045, .T. ) ;
#5881 = DIRECTION ( 'NONE',  ( -1.000000000000000000, -1.850371707708594070E-16, -0.000000000000000000 ) ) ;
#5882 = EDGE_CURVE ( 'NONE', #9075, #4664, #8354, .T. ) ;
#5883 = VECTOR ( 'NONE', #8332, 1000.000000000000000 ) ;
#5884 = LINE ( 'NONE', #5983, #4555 ) ;
#5885 = ORIENTED_EDGE ( 'NONE', *, *, #6957, .F. ) ;
#5886 = DIRECTION ( 'NONE',  ( -0.000000000000000000, -0.000000000000000000, -1.000000000000000000 ) ) ;
#5887 = FACE_OUTER_BOUND ( 'NONE', #2375, .T. ) ;
#5888 = ORIENTED_EDGE ( 'NONE', *, *, #409, .T. ) ;
#5889 = ORIENTED_EDGE ( 'NONE', *, *, #7632, .T. ) ;
#5890 = FACE_OUTER_BOUND ( 'NONE', #4009, .T. ) ;
#5891 = VECTOR ( 'NONE', #122, 1000.000000000000000 ) ;
#5892 = EDGE_CURVE ( 'NONE', #1636, #5938, #9011, .T. ) ;
#5893 = VERTEX_POINT ( 'NONE', #6464 ) ;
#5894 = CARTESIAN_POINT ( 'NONE',  ( 71.99999999999998579, 70.00000000000001421, 1.999999999999999556 ) ) ;
#5895 = VERTEX_POINT ( 'NONE', #6372 ) ;
#5896 = CARTESIAN_POINT ( 'NONE',  ( -33.00000000000002842, 75.00000000000002842, 2.000000000000000444 ) ) ;
#5897 = VECTOR ( 'NONE', #9273, 1000.000000000000000 ) ;
#5898 = CARTESIAN_POINT ( 'NONE',  ( 52.50000000000002842, -45.00000000000001421, 5.000000000000000000 ) ) ;
#5899 = ORIENTED_EDGE ( 'NONE', *, *, #1525, .T. ) ;
#5900 = ORIENTED_EDGE ( 'NONE', *, *, #833, .F. ) ;
#5901 = DIRECTION ( 'NONE',  ( -0.000000000000000000, -0.000000000000000000, 1.000000000000000000 ) ) ;
#5902 = CARTESIAN_POINT ( 'NONE',  ( -38.00000000000002132, 72.00000000000002842, 5.000000000000000000 ) ) ;
#5903 = CARTESIAN_POINT ( 'NONE',  ( 74.99999999999998579, 65.00000000000002842, 2.000000000000000000 ) ) ;
#5904 = ADVANCED_FACE ( 'NONE', ( #2960 ), #7972, .F. ) ;
#5905 = EDGE_CURVE ( 'NONE', #4051, #6285, #3663, .T. ) ;
#5906 = VECTOR ( 'NONE', #8737, 1000.000000000000000 ) ;
#5907 = AXIS2_PLACEMENT_3D ( 'NONE', #8942, #5288, #3176 ) ;
#5908 = LINE ( 'NONE', #4557, #2162 ) ;
#5909 = CARTESIAN_POINT ( 'NONE',  ( -72.00000000000001421, 3.000000000000016875, 5.000000000000000000 ) ) ;
#5910 = CARTESIAN_POINT ( 'NONE',  ( -23.00000000000002132, 72.00000000000002842, 5.000000000000000000 ) ) ;
#5911 = CARTESIAN_POINT ( 'NONE',  ( -30.00000000000000000, -71.99999999999997158, 5.000000000000000000 ) ) ;
#5912 = CARTESIAN_POINT ( 'NONE',  ( -64.99999999999997158, 64.99999999999998579, 0.000000000000000000 ) ) ;
#5913 = ORIENTED_EDGE ( 'NONE', *, *, #6662, .T. ) ;
#5914 = ORIENTED_EDGE ( 'NONE', *, *, #936, .T. ) ;
#5915 = ADVANCED_FACE ( 'NONE', ( #3707 ), #111, .F. ) ;
#5916 = ORIENTED_EDGE ( 'NONE', *, *, #4440, .T. ) ;
#5917 = CARTESIAN_POINT ( 'NONE',  ( 74.99999999999998579, 55.00000000000002132, 2.000000000000000000 ) ) ;
#5918 = CYLINDRICAL_SURFACE ( 'NONE', #4200, 1.600000000000006750 ) ;
#5919 = DIRECTION ( 'NONE',  ( -0.000000000000000000, 1.000000000000000000, -0.000000000000000000 ) ) ;
#5920 = DIRECTION ( 'NONE',  ( 0.000000000000000000, 1.000000000000000000, -8.673617379884039170E-17 ) ) ;
#5921 = ORIENTED_EDGE ( 'NONE', *, *, #4000, .T. ) ;
#5922 = CARTESIAN_POINT ( 'NONE',  ( 71.99999999999998579, 72.00000000000002842, 5.000000000000000000 ) ) ;
#5923 = FACE_OUTER_BOUND ( 'NONE', #9152, .T. ) ;
#5924 = ORIENTED_EDGE ( 'NONE', *, *, #4881, .T. ) ;
#5925 = DIRECTION ( 'NONE',  ( -0.000000000000000000, 1.000000000000000000, -0.000000000000000000 ) ) ;
#5926 = VERTEX_POINT ( 'NONE', #4374 ) ;
#5927 = EDGE_LOOP ( 'NONE', ( #36, #1629, #1276, #3989 ) ) ;
#5928 = DIRECTION ( 'NONE',  ( -0.000000000000000000, -0.000000000000000000, 1.000000000000000000 ) ) ;
#5929 = EDGE_CURVE ( 'NONE', #7782, #5579, #1458, .T. ) ;
#5930 = ORIENTED_EDGE ( 'NONE', *, *, #2361, .T. ) ;
#5931 = DIRECTION ( 'NONE',  ( 0.000000000000000000, 1.000000000000000000, 0.000000000000000000 ) ) ;
#5932 = ORIENTED_EDGE ( 'NONE', *, *, #6578, .F. ) ;
#5933 = LINE ( 'NONE', #3688, #2599 ) ;
#5934 = VERTEX_POINT ( 'NONE', #2921 ) ;
#5935 = CARTESIAN_POINT ( 'NONE',  ( -63.00000000000002842, 75.00000000000002842, 5.000000000000000000 ) ) ;
#5936 = CARTESIAN_POINT ( 'NONE',  ( 31.99999999999997868, 72.00000000000002842, 2.000000000000000000 ) ) ;
#5937 = EDGE_CURVE ( 'NONE', #6208, #2225, #5120, .T. ) ;
#5938 = VERTEX_POINT ( 'NONE', #4327 ) ;
#5939 = EDGE_CURVE ( 'NONE', #1847, #9075, #2824, .T. ) ;
#5940 = ORIENTED_EDGE ( 'NONE', *, *, #6705, .F. ) ;
#5941 = CARTESIAN_POINT ( 'NONE',  ( -7.500000000000000000, 0.000000000000000000, 10.00000000000000000 ) ) ;
#5942 = EDGE_LOOP ( 'NONE', ( #3573, #977, #3876, #5149 ) ) ;
#5943 = CARTESIAN_POINT ( 'NONE',  ( 6.999999999999978684, 72.00000000000002842, 5.000000000000000000 ) ) ;
#5944 = MANIFOLD_SOLID_BREP ( 'Cut-Extrude12', #2420 ) ;
#5945 = CARTESIAN_POINT ( 'NONE',  ( -70.00000000000000000, -71.99999999999997158, 2.000000000000000000 ) ) ;
#5946 = VERTEX_POINT ( 'NONE', #7266 ) ;
#5947 = ORIENTED_EDGE ( 'NONE', *, *, #713, .F. ) ;
#5948 = CARTESIAN_POINT ( 'NONE',  ( 15.00000000000000711, -71.99999999999997158, 5.000000000000000000 ) ) ;
#5949 = DIRECTION ( 'NONE',  ( 0.000000000000000000, 0.000000000000000000, -1.000000000000000000 ) ) ;
#5950 = EDGE_CURVE ( 'NONE', #2292, #7800, #7880, .T. ) ;
#5951 = EDGE_CURVE ( 'NONE', #4298, #1860, #5857, .T. ) ;
#5952 = CARTESIAN_POINT ( 'NONE',  ( -43.00000000000002132, 72.00000000000002842, 5.000000000000000000 ) ) ;
#5953 = DIRECTION ( 'NONE',  ( -1.000000000000000000, -1.850371707708594070E-16, -0.000000000000000000 ) ) ;
#5954 = DIRECTION ( 'NONE',  ( -0.000000000000000000, -0.000000000000000000, 1.000000000000000000 ) ) ;
#5955 = LINE ( 'NONE', #3149, #7219 ) ;
#5956 = EDGE_CURVE ( 'NONE', #2159, #799, #5169, .T. ) ;
#5957 = AXIS2_PLACEMENT_3D ( 'NONE', #5570, #7012, #1919 ) ;
#5958 = FACE_OUTER_BOUND ( 'NONE', #3711, .T. ) ;
#5959 = DIRECTION ( 'NONE',  ( -1.000000000000000000, -1.850371707708594070E-16, -0.000000000000000000 ) ) ;
#5960 = ORIENTED_EDGE ( 'NONE', *, *, #5627, .T. ) ;
#5961 = EDGE_LOOP ( 'NONE', ( #7442, #7838, #5240, #9156 ) ) ;
#5962 = AXIS2_PLACEMENT_3D ( 'NONE', #4595, #5297, #6735 ) ;
#5963 = ORIENTED_EDGE ( 'NONE', *, *, #2400, .F. ) ;
#5964 = DIRECTION ( 'NONE',  ( 1.000000000000000000, -0.000000000000000000, -0.000000000000000000 ) ) ;
#5965 = FACE_OUTER_BOUND ( 'NONE', #2451, .T. ) ;
#5966 = CARTESIAN_POINT ( 'NONE',  ( 51.99999999999997868, 72.00000000000002842, 5.000000000000000000 ) ) ;
#5967 = EDGE_CURVE ( 'NONE', #4138, #4592, #7073, .T. ) ;
#5968 = DIRECTION ( 'NONE',  ( 0.000000000000000000, 0.000000000000000000, -1.000000000000000000 ) ) ;
#5969 = ORIENTED_EDGE ( 'NONE', *, *, #7473, .F. ) ;
#5970 = ADVANCED_FACE ( 'NONE', ( #9248 ), #5674, .F. ) ;
#5971 = CARTESIAN_POINT ( 'NONE',  ( 74.99999999999998579, 50.00000000000001421, 5.000000000000000000 ) ) ;
#5972 = CARTESIAN_POINT ( 'NONE',  ( 72.00000000000000000, -39.99999999999997868, 1.999999999999999556 ) ) ;
#5973 = EDGE_LOOP ( 'NONE', ( #8128, #3556, #6460, #4891 ) ) ;
#5974 = VECTOR ( 'NONE', #8790, 1000.000000000000000 ) ;
#5975 = ORIENTED_EDGE ( 'NONE', *, *, #3632, .F. ) ;
#5976 = ORIENTED_EDGE ( 'NONE', *, *, #3387, .F. ) ;
#5977 = PLANE ( 'NONE',  #1539 ) ;
#5978 = ORIENTED_EDGE ( 'NONE', *, *, #2347, .F. ) ;
#5979 = AXIS2_PLACEMENT_3D ( 'NONE', #7772, #1353, #4829 ) ;
#5980 = DIRECTION ( 'NONE',  ( -0.000000000000000000, 1.000000000000000000, -0.000000000000000000 ) ) ;
#5981 = ORIENTED_EDGE ( 'NONE', *, *, #5038, .F. ) ;
#5982 = EDGE_CURVE ( 'NONE', #1700, #6114, #4978, .T. ) ;
#5983 = CARTESIAN_POINT ( 'NONE',  ( -24.99999999999999289, -71.99999999999997158, 5.000000000000000000 ) ) ;
#5984 = EDGE_LOOP ( 'NONE', ( #1583, #3793, #5161, #8648 ) ) ;
#5985 = CARTESIAN_POINT ( 'NONE',  ( 75.00000000000000000, -9.999999999999980460, 5.000000000000000000 ) ) ;
#5986 = PLANE ( 'NONE',  #5721 ) ;
#5987 = ORIENTED_EDGE ( 'NONE', *, *, #6864, .F. ) ;
#5988 = ORIENTED_EDGE ( 'NONE', *, *, #3859, .F. ) ;
#5989 = VERTEX_POINT ( 'NONE', #6699 ) ;
#5990 = EDGE_CURVE ( 'NONE', #9222, #5127, #1643, .T. ) ;
#5991 = LINE ( 'NONE', #2240, #3641 ) ;
#5992 = VERTEX_POINT ( 'NONE', #6746 ) ;
#5993 = DIRECTION ( 'NONE',  ( 0.000000000000000000, -0.000000000000000000, 1.000000000000000000 ) ) ;
#5994 = CARTESIAN_POINT ( 'NONE',  ( -72.00000000000000000, -31.99999999999997868, 5.000000000000000000 ) ) ;
#5995 = EDGE_LOOP ( 'NONE', ( #15, #7374, #5479, #1069 ) ) ;
#5996 = VERTEX_POINT ( 'NONE', #3100 ) ;
#5997 = LINE ( 'NONE', #3096, #395 ) ;
#5998 = CARTESIAN_POINT ( 'NONE',  ( 30.00000000000000000, -71.99999999999997158, 5.000000000000000000 ) ) ;
#5999 = DIRECTION ( 'NONE',  ( -1.000000000000000000, -0.000000000000000000, -0.000000000000000000 ) ) ;
#6000 = CARTESIAN_POINT ( 'NONE',  ( -72.00000000000000000, -51.99999999999998579, 2.000000000000000000 ) ) ;
#6001 = EDGE_CURVE ( 'NONE', #2450, #455, #4644, .T. ) ;
#6002 = CARTESIAN_POINT ( 'NONE',  ( 58.00000000000000711, 3.500000000000003109, 5.000000000000000888 ) ) ;
#6003 = DIRECTION ( 'NONE',  ( -0.000000000000000000, -0.000000000000000000, 1.000000000000000000 ) ) ;
#6004 = EDGE_CURVE ( 'NONE', #8057, #7283, #6088, .T. ) ;
#6005 = VECTOR ( 'NONE', #1886, 1000.000000000000000 ) ;
#6006 = DIRECTION ( 'NONE',  ( -1.604941620322695085E-32, 8.673617379884028076E-17, -1.000000000000000000 ) ) ;
#6007 = CARTESIAN_POINT ( 'NONE',  ( 58.00000000000000711, -3.500000000000003109, 5.000000000000000888 ) ) ;
#6008 = ORIENTED_EDGE ( 'NONE', *, *, #375, .T. ) ;
#6009 = EDGE_LOOP ( 'NONE', ( #3740, #4710, #6721, #2114 ) ) ;
#6010 = VECTOR ( 'NONE', #7118, 1000.000000000000000 ) ;
#6011 = AXIS2_PLACEMENT_3D ( 'NONE', #3808, #6556, #8779 ) ;
#6012 = DIRECTION ( 'NONE',  ( 1.850371707708594070E-16, -1.000000000000000000, 0.000000000000000000 ) ) ;
#6013 = CARTESIAN_POINT ( 'NONE',  ( -74.99999999999998579, -74.99999999999997158, 5.000000000000000000 ) ) ;
#6014 = LINE ( 'NONE', #8883, #3329 ) ;
#6015 = EDGE_CURVE ( 'NONE', #5048, #2700, #8718, .T. ) ;
#6016 = DIRECTION ( 'NONE',  ( -0.000000000000000000, -0.000000000000000000, 1.000000000000000000 ) ) ;
#6017 = PLANE ( 'NONE',  #9272 ) ;
#6018 = DIRECTION ( 'NONE',  ( 0.000000000000000000, 1.000000000000000000, 0.000000000000000000 ) ) ;
#6019 = VERTEX_POINT ( 'NONE', #6796 ) ;
#6020 = ORIENTED_EDGE ( 'NONE', *, *, #4736, .F. ) ;
#6021 = ORIENTED_EDGE ( 'NONE', *, *, #1065, .T. ) ;
#6022 = LINE ( 'NONE', #4745, #51 ) ;
#6023 = EDGE_CURVE ( 'NONE', #2104, #1442, #946, .T. ) ;
#6024 = VECTOR ( 'NONE', #67, 1000.000000000000000 ) ;
#6025 = VECTOR ( 'NONE', #8094, 1000.000000000000000 ) ;
#6026 = CARTESIAN_POINT ( 'NONE',  ( 72.00000000000001421, -54.99999999999997868, 5.000000000000000000 ) ) ;
#6027 = VERTEX_POINT ( 'NONE', #4505 ) ;
#6028 = DIRECTION ( 'NONE',  ( 0.000000000000000000, -1.000000000000000000, -1.387778780781445478E-15 ) ) ;
#6029 = ORIENTED_EDGE ( 'NONE', *, *, #8616, .T. ) ;
#6030 = VECTOR ( 'NONE', #1100, 1000.000000000000000 ) ;
#6031 = LINE ( 'NONE', #5197, #4716 ) ;
#6032 = CARTESIAN_POINT ( 'NONE',  ( 25.00000000000000711, -71.99999999999997158, 1.999999999999999112 ) ) ;
#6033 = EDGE_CURVE ( 'NONE', #6100, #5946, #3198, .T. ) ;
#6034 = VECTOR ( 'NONE', #3041, 1000.000000000000000 ) ;
#6035 = ORIENTED_EDGE ( 'NONE', *, *, #3077, .T. ) ;
#6036 = CARTESIAN_POINT ( 'NONE',  ( -10.00000000000000888, -71.99999999999997158, 5.000000000000000000 ) ) ;
#6037 = ORIENTED_EDGE ( 'NONE', *, *, #1604, .T. ) ;
#6038 = DIRECTION ( 'NONE',  ( -1.000000000000000000, 0.000000000000000000, -1.734723475976807834E-16 ) ) ;
#6039 = LINE ( 'NONE', #6737, #2690 ) ;
#6040 = ORIENTED_EDGE ( 'NONE', *, *, #5758, .T. ) ;
#6041 = EDGE_LOOP ( 'NONE', ( #5889, #6441, #317, #7472 ) ) ;
#6042 = CARTESIAN_POINT ( 'NONE',  ( -3.500000000000003109, 57.99999999999997158, 15.00000000000000000 ) ) ;
#6043 = DIRECTION ( 'NONE',  ( -1.000000000000000000, 0.000000000000000000, 0.000000000000000000 ) ) ;
#6044 = PLANE ( 'NONE',  #1222 ) ;
#6045 = EDGE_CURVE ( 'NONE', #1803, #5652, #8066, .T. ) ;
#6046 = DIRECTION ( 'NONE',  ( 1.604941620322697548E-32, -8.673617379884039170E-17, -1.000000000000000000 ) ) ;
#6047 = VECTOR ( 'NONE', #473, 1000.000000000000000 ) ;
#6048 = DIRECTION ( 'NONE',  ( -0.000000000000000000, 1.000000000000000000, -0.000000000000000000 ) ) ;
#6049 = CARTESIAN_POINT ( 'NONE',  ( 5.000000000000004441, -20.00000000000000000, 2.000000000000000000 ) ) ;
#6050 = DIRECTION ( 'NONE',  ( -0.000000000000000000, -0.000000000000000000, 1.000000000000000000 ) ) ;
#6051 = CARTESIAN_POINT ( 'NONE',  ( -72.00000000000000000, -31.99999999999997868, 5.000000000000000000 ) ) ;
#6052 = VERTEX_POINT ( 'NONE', #3148 ) ;
#6053 = ORIENTED_EDGE ( 'NONE', *, *, #1523, .T. ) ;
#6054 = EDGE_CURVE ( 'NONE', #6344, #5800, #6655, .T. ) ;
#6055 = AXIS2_PLACEMENT_3D ( 'NONE', #2300, #6046, #5258 ) ;
#6056 = VECTOR ( 'NONE', #6493, 1000.000000000000000 ) ;
#6057 = EDGE_CURVE ( 'NONE', #123, #7782, #2445, .T. ) ;
#6058 = FACE_BOUND ( 'NONE', #2916, .T. ) ;
#6059 = CARTESIAN_POINT ( 'NONE',  ( -75.00000000000000000, -31.99999999999997868, 2.000000000000000000 ) ) ;
#6060 = DIRECTION ( 'NONE',  ( 0.000000000000000000, -0.000000000000000000, -1.000000000000000000 ) ) ;
#6061 = CARTESIAN_POINT ( 'NONE',  ( -10.00000000000000888, -71.99999999999997158, 5.000000000000000000 ) ) ;
#6062 = ORIENTED_EDGE ( 'NONE', *, *, #5827, .F. ) ;
#6063 = CIRCLE ( 'NONE', #9211, 1.600000000000006750 ) ;
#6064 = LINE ( 'NONE', #2506, #2975 ) ;
#6065 = ORIENTED_EDGE ( 'NONE', *, *, #4941, .T. ) ;
#6066 = ORIENTED_EDGE ( 'NONE', *, *, #5370, .F. ) ;
#6067 = ORIENTED_EDGE ( 'NONE', *, *, #6756, .F. ) ;
#6068 = ADVANCED_FACE ( 'NONE', ( #3805 ), #4605, .T. ) ;
#6069 = ORIENTED_EDGE ( 'NONE', *, *, #4642, .F. ) ;
#6070 = LINE ( 'NONE', #1060, #1726 ) ;
#6071 = ORIENTED_EDGE ( 'NONE', *, *, #6001, .F. ) ;
#6072 = CARTESIAN_POINT ( 'NONE',  ( 72.00000000000001421, -71.99999999999997158, 2.000000000000000000 ) ) ;
#6073 = ORIENTED_EDGE ( 'NONE', *, *, #1823, .F. ) ;
#6074 = EDGE_CURVE ( 'NONE', #5996, #422, #4559, .T. ) ;
#6075 = FACE_OUTER_BOUND ( 'NONE', #1836, .T. ) ;
#6076 = DIRECTION ( 'NONE',  ( -8.673617379884028076E-17, 0.000000000000000000, -1.000000000000000000 ) ) ;
#6077 = ORIENTED_EDGE ( 'NONE', *, *, #6415, .T. ) ;
#6078 = CARTESIAN_POINT ( 'NONE',  ( 60.00000000000000711, -71.99999999999997158, 2.000000000000000000 ) ) ;
#6079 = EDGE_LOOP ( 'NONE', ( #6858, #6237, #4142, #5914 ) ) ;
#6080 = DIRECTION ( 'NONE',  ( 0.000000000000000000, 0.000000000000000000, -1.000000000000000000 ) ) ;
#6081 = ADVANCED_FACE ( 'NONE', ( #2350 ), #998, .F. ) ;
#6082 = LINE ( 'NONE', #8951, #2491 ) ;
#6083 = EDGE_LOOP ( 'NONE', ( #3229, #2957, #8697, #3113 ) ) ;
#6084 = DIRECTION ( 'NONE',  ( -0.000000000000000000, 1.000000000000000000, -0.000000000000000000 ) ) ;
#6085 = DIRECTION ( 'NONE',  ( -0.000000000000000000, -1.000000000000000000, -0.000000000000000000 ) ) ;
#6086 = LINE ( 'NONE', #6170, #5554 ) ;
#6087 = CARTESIAN_POINT ( 'NONE',  ( -59.60000000000001563, 3.500000000000003109, 2.000000000000000000 ) ) ;
#6088 = LINE ( 'NONE', #7412, #7054 ) ;
#6089 = LINE ( 'NONE', #3994, #6923 ) ;
#6090 = EDGE_CURVE ( 'NONE', #2225, #5025, #8957, .T. ) ;
#6091 = PLANE ( 'NONE',  #2836 ) ;
#6092 = DIRECTION ( 'NONE',  ( 1.734723475976807834E-16, 0.000000000000000000, -1.000000000000000000 ) ) ;
#6093 = DIRECTION ( 'NONE',  ( 0.000000000000000000, -1.000000000000000000, 8.673617379884040402E-17 ) ) ;
#6094 = ORIENTED_EDGE ( 'NONE', *, *, #9228, .T. ) ;
#6095 = ORIENTED_EDGE ( 'NONE', *, *, #811, .F. ) ;
#6096 = CARTESIAN_POINT ( 'NONE',  ( -68.00000000000002842, 75.00000000000002842, 5.000000000000000000 ) ) ;
#6097 = LINE ( 'NONE', #6808, #3752 ) ;
#6098 = CARTESIAN_POINT ( 'NONE',  ( 5.000000000000004441, -71.99999999999997158, 5.000000000000000000 ) ) ;
#6099 = CARTESIAN_POINT ( 'NONE',  ( 39.99999999999999289, -74.99999999999997158, 5.000000000000000000 ) ) ;
#6100 = VERTEX_POINT ( 'NONE', #1042 ) ;
#6101 = EDGE_CURVE ( 'NONE', #4966, #4987, #345, .T. ) ;
#6102 = CARTESIAN_POINT ( 'NONE',  ( 71.99999999999998579, 75.00000000000002842, 2.000000000000000000 ) ) ;
#6103 = EDGE_LOOP ( 'NONE', ( #1280, #3529, #2697, #6816 ) ) ;
#6104 = VERTEX_POINT ( 'NONE', #3055 ) ;
#6105 = ORIENTED_EDGE ( 'NONE', *, *, #3128, .T. ) ;
#6106 = AXIS2_PLACEMENT_3D ( 'NONE', #3741, #935, #6080 ) ;
#6107 = ORIENTED_EDGE ( 'NONE', *, *, #3087, .T. ) ;
#6108 = DIRECTION ( 'NONE',  ( 0.000000000000000000, 0.000000000000000000, -1.000000000000000000 ) ) ;
#6109 = VERTEX_POINT ( 'NONE', #8204 ) ;
#6110 = VECTOR ( 'NONE', #2078, 1000.000000000000000 ) ;
#6111 = EDGE_CURVE ( 'NONE', #7797, #3561, #6249, .T. ) ;
#6112 = CARTESIAN_POINT ( 'NONE',  ( -3.000000000000030198, 72.00000000000002842, 5.000000000000000000 ) ) ;
#6113 = EDGE_CURVE ( 'NONE', #8049, #5992, #3750, .T. ) ;
#6114 = VERTEX_POINT ( 'NONE', #5214 ) ;
#6115 = EDGE_LOOP ( 'NONE', ( #777, #7715 ) ) ;
#6116 = DIRECTION ( 'NONE',  ( -0.000000000000000000, -1.000000000000000000, -0.000000000000000000 ) ) ;
#6117 = LINE ( 'NONE', #8329, #5869 ) ;
#6118 = VECTOR ( 'NONE', #301, 1000.000000000000000 ) ;
#6119 = VERTEX_POINT ( 'NONE', #6924 ) ;
#6120 = PLANE ( 'NONE',  #650 ) ;
#6121 = ORIENTED_EDGE ( 'NONE', *, *, #4807, .T. ) ;
#6122 = LINE ( 'NONE', #3535, #1036 ) ;
#6123 = DIRECTION ( 'NONE',  ( 0.000000000000000000, 0.000000000000000000, 1.000000000000000000 ) ) ;
#6124 = VERTEX_POINT ( 'NONE', #518 ) ;
#6125 = LINE ( 'NONE', #3848, #9070 ) ;
#6126 = DIRECTION ( 'NONE',  ( 0.000000000000000000, -0.000000000000000000, 1.000000000000000000 ) ) ;
#6127 = CARTESIAN_POINT ( 'NONE',  ( 52.50000000000002842, -45.00000000000001421, 12.00000000000000000 ) ) ;
#6128 = EDGE_CURVE ( 'NONE', #7510, #5063, #5511, .T. ) ;
#6129 = EDGE_CURVE ( 'NONE', #7754, #8533, #1874, .T. ) ;
#6130 = DIRECTION ( 'NONE',  ( -0.000000000000000000, -1.000000000000000000, -0.000000000000000000 ) ) ;
#6131 = CARTESIAN_POINT ( 'NONE',  ( -72.00000000000000000, -26.99999999999998224, 5.000000000000000000 ) ) ;
#6132 = FACE_OUTER_BOUND ( 'NONE', #5184, .T. ) ;
#6133 = LINE ( 'NONE', #8483, #7904 ) ;
#6134 = CARTESIAN_POINT ( 'NONE',  ( 72.00000000000000000, 5.000000000000017764, 2.000000000000000000 ) ) ;
#6135 = CARTESIAN_POINT ( 'NONE',  ( 75.00000000000000000, 10.00000000000002309, 5.000000000000000000 ) ) ;
#6136 = CARTESIAN_POINT ( 'NONE',  ( -5.000000000000000888, 20.00000000000000000, 5.000000000000000000 ) ) ;
#6137 = ORIENTED_EDGE ( 'NONE', *, *, #5129, .T. ) ;
#6138 = EDGE_CURVE ( 'NONE', #8071, #2321, #6308, .T. ) ;
#6139 = VECTOR ( 'NONE', #9201, 1000.000000000000000 ) ;
#6140 = CARTESIAN_POINT ( 'NONE',  ( 51.99999999999997868, 75.00000000000002842, 2.000000000000000000 ) ) ;
#6141 = DIRECTION ( 'NONE',  ( -2.312964634635742661E-15, -0.000000000000000000, 1.000000000000000000 ) ) ;
#6142 = CARTESIAN_POINT ( 'NONE',  ( -48.00000000000001421, 75.00000000000002842, 2.000000000000000000 ) ) ;
#6143 = FACE_OUTER_BOUND ( 'NONE', #8361, .T. ) ;
#6144 = LINE ( 'NONE', #8218, #7307 ) ;
#6145 = ORIENTED_EDGE ( 'NONE', *, *, #7677, .F. ) ;
#6146 = VERTEX_POINT ( 'NONE', #1917 ) ;
#6147 = VECTOR ( 'NONE', #3058, 1000.000000000000000 ) ;
#6148 = VERTEX_POINT ( 'NONE', #4693 ) ;
#6149 = EDGE_CURVE ( 'NONE', #5613, #6320, #469, .T. ) ;
#6150 = AXIS2_PLACEMENT_3D ( 'NONE', #4870, #2855, #2147 ) ;
#6151 = DIRECTION ( 'NONE',  ( 0.000000000000000000, -1.000000000000000000, 0.000000000000000000 ) ) ;
#6152 = ORIENTED_EDGE ( 'NONE', *, *, #2102, .F. ) ;
#6153 = DIRECTION ( 'NONE',  ( 1.000000000000000000, 0.000000000000000000, 0.000000000000000000 ) ) ;
#6154 = ORIENTED_EDGE ( 'NONE', *, *, #8340, .T. ) ;
#6155 = ORIENTED_EDGE ( 'NONE', *, *, #6447, .T. ) ;
#6156 = PLANE ( 'NONE',  #8453 ) ;
#6157 = DIRECTION ( 'NONE',  ( 0.000000000000000000, 0.000000000000000000, -1.000000000000000000 ) ) ;
#6158 = VECTOR ( 'NONE', #4923, 1000.000000000000000 ) ;
#6159 = CIRCLE ( 'NONE', #2272, 18.00000000000000000 ) ;
#6160 = EDGE_CURVE ( 'NONE', #1700, #3797, #9046, .T. ) ;
#6161 = EDGE_CURVE ( 'NONE', #2091, #7844, #7585, .T. ) ;
#6162 = ORIENTED_EDGE ( 'NONE', *, *, #8251, .F. ) ;
#6163 = VECTOR ( 'NONE', #6747, 1000.000000000000000 ) ;
#6164 = DIRECTION ( 'NONE',  ( 1.000000000000000000, 1.850371707708594070E-16, 0.000000000000000000 ) ) ;
#6165 = VECTOR ( 'NONE', #2798, 1000.000000000000000 ) ;
#6166 = ORIENTED_EDGE ( 'NONE', *, *, #2335, .T. ) ;
#6167 = DIRECTION ( 'NONE',  ( 0.000000000000000000, 0.000000000000000000, -1.000000000000000000 ) ) ;
#6168 = CARTESIAN_POINT ( 'NONE',  ( 71.99999999999998579, 45.00000000000002842, 5.000000000000000000 ) ) ;
#6169 = CARTESIAN_POINT ( 'NONE',  ( -58.00000000000000711, -3.500000000000003109, 2.000000000000000000 ) ) ;
#6170 = CARTESIAN_POINT ( 'NONE',  ( -75.00000000000001421, 13.00000000000001066, 5.000000000000000000 ) ) ;
#6171 = VECTOR ( 'NONE', #7443, 1000.000000000000000 ) ;
#6172 = EDGE_CURVE ( 'NONE', #8132, #4720, #3563, .T. ) ;
#6173 = CARTESIAN_POINT ( 'NONE',  ( 72.00000000000000000, 25.00000000000002132, 2.000000000000000000 ) ) ;
#6174 = LINE ( 'NONE', #8342, #8586 ) ;
#6175 = LINE ( 'NONE', #3414, #3713 ) ;
#6176 = CARTESIAN_POINT ( 'NONE',  ( -72.00000000000001421, 48.00000000000001421, 5.000000000000000000 ) ) ;
#6177 = VECTOR ( 'NONE', #7860, 1000.000000000000000 ) ;
#6178 = CARTESIAN_POINT ( 'NONE',  ( -72.00000000000000000, -36.99999999999999289, 1.999999999999999556 ) ) ;
#6179 = EDGE_CURVE ( 'NONE', #6565, #6902, #2712, .T. ) ;
#6180 = CARTESIAN_POINT ( 'NONE',  ( -3.500000000000003109, 57.99999999999997158, 5.000000000000000888 ) ) ;
#6181 = ADVANCED_FACE ( 'NONE', ( #1828 ), #6878, .F. ) ;
#6182 = CARTESIAN_POINT ( 'NONE',  ( 56.40000000000000568, -3.500000000000003109, 15.00000000000000000 ) ) ;
#6183 = CARTESIAN_POINT ( 'NONE',  ( -72.00000000000001421, 63.00000000000001421, 1.999999999999999556 ) ) ;
#6184 = EDGE_LOOP ( 'NONE', ( #8642, #6845, #495, #8469 ) ) ;
#6185 = VECTOR ( 'NONE', #7770, 1000.000000000000000 ) ;
#6186 = LINE ( 'NONE', #5492, #571 ) ;
#6187 = LINE ( 'NONE', #4179, #6139 ) ;
#6188 = CARTESIAN_POINT ( 'NONE',  ( 16.99999999999997513, 72.00000000000002842, 5.000000000000000000 ) ) ;
#6189 = CARTESIAN_POINT ( 'NONE',  ( 72.00000000000001421, -49.99999999999997158, 5.000000000000000000 ) ) ;
#6190 = DIRECTION ( 'NONE',  ( -0.000000000000000000, -0.000000000000000000, -1.000000000000000000 ) ) ;
#6191 = PLANE ( 'NONE',  #5848 ) ;
#6192 = EDGE_CURVE ( 'NONE', #4447, #4014, #7678, .T. ) ;
#6193 = VECTOR ( 'NONE', #3147, 1000.000000000000000 ) ;
#6194 = ORIENTED_EDGE ( 'NONE', *, *, #2237, .T. ) ;
#6195 = ORIENTED_EDGE ( 'NONE', *, *, #756, .T. ) ;
#6196 = VECTOR ( 'NONE', #4533, 1000.000000000000000 ) ;
#6197 = VECTOR ( 'NONE', #9086, 1000.000000000000000 ) ;
#6198 = CARTESIAN_POINT ( 'NONE',  ( 45.00000000000002842, -45.00000000000001421, 12.00000000000000000 ) ) ;
#6199 = ORIENTED_EDGE ( 'NONE', *, *, #2161, .T. ) ;
#6200 = LINE ( 'NONE', #323, #3205 ) ;
#6201 = ORIENTED_EDGE ( 'NONE', *, *, #6771, .T. ) ;
#6202 = VERTEX_POINT ( 'NONE', #4164 ) ;
#6203 = EDGE_CURVE ( 'NONE', #2597, #7324, #2011, .T. ) ;
#6204 = CYLINDRICAL_SURFACE ( 'NONE', #5756, 1.600000000000004086 ) ;
#6205 = VERTEX_POINT ( 'NONE', #4780 ) ;
#6206 = CARTESIAN_POINT ( 'NONE',  ( 72.00000000000000000, 15.00000000000002665, 5.000000000000000000 ) ) ;
#6207 = AXIS2_PLACEMENT_3D ( 'NONE', #9193, #5529, #3377 ) ;
#6208 = VERTEX_POINT ( 'NONE', #602 ) ;
#6209 = VECTOR ( 'NONE', #4868, 1000.000000000000000 ) ;
#6210 = CARTESIAN_POINT ( 'NONE',  ( 72.00000000000000000, -29.99999999999998579, 5.000000000000000000 ) ) ;
#6211 = VERTEX_POINT ( 'NONE', #6838 ) ;
#6212 = CARTESIAN_POINT ( 'NONE',  ( 75.00000000000001421, -59.99999999999998579, 5.000000000000000000 ) ) ;
#6213 = EDGE_CURVE ( 'NONE', #5874, #5085, #1212, .T. ) ;
#6214 = LINE ( 'NONE', #3450, #3971 ) ;
#6215 = EDGE_CURVE ( 'NONE', #35, #4447, #2624, .T. ) ;
#6216 = ORIENTED_EDGE ( 'NONE', *, *, #8232, .F. ) ;
#6217 = DIRECTION ( 'NONE',  ( 0.000000000000000000, 0.000000000000000000, -1.000000000000000000 ) ) ;
#6218 = CARTESIAN_POINT ( 'NONE',  ( -75.00000000000000000, -56.99999999999997868, 1.999999999999999556 ) ) ;
#6219 = CARTESIAN_POINT ( 'NONE',  ( 71.99999999999998579, 65.00000000000002842, 5.000000000000000000 ) ) ;
#6220 = LINE ( 'NONE', #2494, #5142 ) ;
#6221 = CARTESIAN_POINT ( 'NONE',  ( 75.00000000000000000, -29.99999999999998579, 5.000000000000000000 ) ) ;
#6222 = DIRECTION ( 'NONE',  ( 0.000000000000000000, -0.000000000000000000, 1.000000000000000000 ) ) ;
#6223 = EDGE_CURVE ( 'NONE', #3689, #629, #4124, .T. ) ;
#6224 = DIRECTION ( 'NONE',  ( 1.000000000000000000, 1.850371707708594070E-16, 0.000000000000000000 ) ) ;
#6225 = EDGE_CURVE ( 'NONE', #3917, #674, #4078, .T. ) ;
#6226 = LINE ( 'NONE', #9051, #9064 ) ;
#6227 = LINE ( 'NONE', #2106, #7512 ) ;
#6228 = DIRECTION ( 'NONE',  ( -0.000000000000000000, -0.000000000000000000, 1.000000000000000000 ) ) ;
#6229 = ORIENTED_EDGE ( 'NONE', *, *, #1236, .T. ) ;
#6230 = CARTESIAN_POINT ( 'NONE',  ( 66.99999999999997158, 72.00000000000002842, 5.000000000000000000 ) ) ;
#6231 = CARTESIAN_POINT ( 'NONE',  ( -75.00000000000001421, 68.00000000000001421, 2.000000000000000000 ) ) ;
#6232 = CARTESIAN_POINT ( 'NONE',  ( 72.00000000000000000, 10.00000000000002309, 5.000000000000000000 ) ) ;
#6233 = ORIENTED_EDGE ( 'NONE', *, *, #1713, .T. ) ;
#6234 = CARTESIAN_POINT ( 'NONE',  ( -54.99999999999999289, -71.99999999999997158, 5.000000000000000000 ) ) ;
#6235 = ORIENTED_EDGE ( 'NONE', *, *, #3537, .F. ) ;
#6236 = VERTEX_POINT ( 'NONE', #3372 ) ;
#6237 = ORIENTED_EDGE ( 'NONE', *, *, #6922, .F. ) ;
#6238 = EDGE_CURVE ( 'NONE', #4898, #4797, #6967, .T. ) ;
#6239 = EDGE_CURVE ( 'NONE', #7138, #5604, #5568, .T. ) ;
#6240 = LINE ( 'NONE', #4847, #528 ) ;
#6241 = VERTEX_POINT ( 'NONE', #6261 ) ;
#6242 = CARTESIAN_POINT ( 'NONE',  ( 45.00000000000000711, -71.99999999999997158, 5.000000000000000000 ) ) ;
#6243 = ORIENTED_EDGE ( 'NONE', *, *, #8330, .T. ) ;
#6244 = ORIENTED_EDGE ( 'NONE', *, *, #5116, .F. ) ;
#6245 = VECTOR ( 'NONE', #604, 1000.000000000000000 ) ;
#6246 = CARTESIAN_POINT ( 'NONE',  ( -58.00000000000002132, 72.00000000000002842, 5.000000000000000000 ) ) ;
#6247 = ORIENTED_EDGE ( 'NONE', *, *, #322, .T. ) ;
#6248 = DIRECTION ( 'NONE',  ( -1.000000000000000000, 0.000000000000000000, 0.000000000000000000 ) ) ;
#6249 = CIRCLE ( 'NONE', #8359, 1.600000000000006750 ) ;
#6250 = VECTOR ( 'NONE', #9085, 1000.000000000000000 ) ;
#6251 = EDGE_CURVE ( 'NONE', #2700, #5048, #1118, .T. ) ;
#6252 = ORIENTED_EDGE ( 'NONE', *, *, #1761, .T. ) ;
#6253 = CARTESIAN_POINT ( 'NONE',  ( 15.00000000000000711, -71.99999999999997158, 5.000000000000000000 ) ) ;
#6254 = ORIENTED_EDGE ( 'NONE', *, *, #7000, .T. ) ;
#6255 = CARTESIAN_POINT ( 'NONE',  ( -72.00000000000000000, -16.99999999999998579, 5.000000000000000000 ) ) ;
#6257 = LINE ( 'NONE', #3505, #3777 ) ;
#6256 = VECTOR ( 'NONE', #7114, 1000.000000000000000 ) ;
#6258 = FACE_OUTER_BOUND ( 'NONE', #5054, .T. ) ;
#6259 = EDGE_CURVE ( 'NONE', #899, #8465, #7058, .T. ) ;
#6260 = AXIS2_PLACEMENT_3D ( 'NONE', #8154, #988, #4637 ) ;
#6261 = CARTESIAN_POINT ( 'NONE',  ( 72.00000000000001421, -44.99999999999997158, 2.000000000000000000 ) ) ;
#6262 = CARTESIAN_POINT ( 'NONE',  ( 65.00000000000000000, -71.99999999999997158, 4.999999999999999112 ) ) ;
#6263 = CARTESIAN_POINT ( 'NONE',  ( -75.00000000000000000, -61.99999999999997868, 5.000000000000000000 ) ) ;
#6264 = CARTESIAN_POINT ( 'NONE',  ( 6.999999999999978684, 75.00000000000002842, 5.000000000000000000 ) ) ;
#6265 = LINE ( 'NONE', #3515, #3279 ) ;
#6266 = PLANE ( 'NONE',  #1574 ) ;
#6267 = CARTESIAN_POINT ( 'NONE',  ( -75.00000000000001421, 75.00000000000002842, 5.000000000000000000 ) ) ;
#6268 = DIRECTION ( 'NONE',  ( 1.000000000000000000, 1.850371707708594070E-16, -0.000000000000000000 ) ) ;
#6269 = ORIENTED_EDGE ( 'NONE', *, *, #8644, .F. ) ;
#6270 = VERTEX_POINT ( 'NONE', #4916 ) ;
#6271 = ADVANCED_FACE ( 'NONE', ( #5617 ), #7767, .F. ) ;
#6272 = EDGE_CURVE ( 'NONE', #8511, #6533, #6340, .T. ) ;
#6273 = CARTESIAN_POINT ( 'NONE',  ( 71.99999999999998579, 72.00000000000002842, 5.000000000000000000 ) ) ;
#6274 = CARTESIAN_POINT ( 'NONE',  ( -75.00000000000001421, 33.00000000000001421, 1.999999999999999556 ) ) ;
#6275 = CARTESIAN_POINT ( 'NONE',  ( 72.00000000000000000, 1.332267629550187849E-14, 5.000000000000000000 ) ) ;
#6276 = ORIENTED_EDGE ( 'NONE', *, *, #6328, .T. ) ;
#6277 = CARTESIAN_POINT ( 'NONE',  ( 7.500000000000000000, -18.00000000000000000, 10.00000000000000355 ) ) ;
#6278 = CARTESIAN_POINT ( 'NONE',  ( 0.000000000000000000, 0.000000000000000000, 0.000000000000000000 ) ) ;
#6279 = EDGE_LOOP ( 'NONE', ( #2293, #43, #8841, #7539 ) ) ;
#6280 = ORIENTED_EDGE ( 'NONE', *, *, #8763, .F. ) ;
#6281 = VECTOR ( 'NONE', #7640, 1000.000000000000000 ) ;
#6282 = EDGE_CURVE ( 'NONE', #4899, #7428, #8832, .T. ) ;
#6283 = LINE ( 'NONE', #8502, #3668 ) ;
#6284 = DIRECTION ( 'NONE',  ( -0.000000000000000000, 1.000000000000000000, -0.000000000000000000 ) ) ;
#6285 = VERTEX_POINT ( 'NONE', #5917 ) ;
#6286 = CARTESIAN_POINT ( 'NONE',  ( -52.50000000000002842, -45.00000000000001421, 5.000000000000000000 ) ) ;
#6287 = EDGE_LOOP ( 'NONE', ( #461, #5374, #5550, #720 ) ) ;
#6288 = ORIENTED_EDGE ( 'NONE', *, *, #5472, .F. ) ;
#6289 = DIRECTION ( 'NONE',  ( -1.000000000000000000, 0.000000000000000000, 0.000000000000000000 ) ) ;
#6290 = EDGE_LOOP ( 'NONE', ( #9274, #6645, #2691, #4064 ) ) ;
#6291 = DIRECTION ( 'NONE',  ( -1.000000000000000000, 0.000000000000000000, 0.000000000000000000 ) ) ;
#6292 = EDGE_CURVE ( 'NONE', #1884, #3106, #6755, .T. ) ;
#6293 = VECTOR ( 'NONE', #5271, 1000.000000000000000 ) ;
#6294 = CARTESIAN_POINT ( 'NONE',  ( -72.00000000000001421, 8.000000000000014211, 5.000000000000000000 ) ) ;
#6295 = ORIENTED_EDGE ( 'NONE', *, *, #961, .T. ) ;
#6296 = LINE ( 'NONE', #6442, #4997 ) ;
#6297 = ORIENTED_EDGE ( 'NONE', *, *, #5280, .F. ) ;
#6298 = VECTOR ( 'NONE', #4273, 1000.000000000000000 ) ;
#6299 = DIRECTION ( 'NONE',  ( -0.000000000000000000, 1.000000000000000000, -0.000000000000000000 ) ) ;
#6300 = CIRCLE ( 'NONE', #4385, 5.000000000000000000 ) ;
#6301 = DIRECTION ( 'NONE',  ( 0.000000000000000000, 0.000000000000000000, 1.000000000000000000 ) ) ;
#6302 = CARTESIAN_POINT ( 'NONE',  ( 58.00000000000000711, 3.500000000000003109, 2.000000000000000000 ) ) ;
#6303 = EDGE_CURVE ( 'NONE', #2166, #5509, #8880, .T. ) ;
#6304 = FACE_OUTER_BOUND ( 'NONE', #2423, .T. ) ;
#6305 = VECTOR ( 'NONE', #5954, 1000.000000000000000 ) ;
#6306 = VECTOR ( 'NONE', #4460, 1000.000000000000000 ) ;
#6307 = AXIS2_PLACEMENT_3D ( 'NONE', #647, #7107, #3551 ) ;
#6308 = LINE ( 'NONE', #6131, #7151 ) ;
#6309 = DIRECTION ( 'NONE',  ( 1.000000000000000000, 1.850371707708594070E-16, -0.000000000000000000 ) ) ;
#6310 = DIRECTION ( 'NONE',  ( 0.000000000000000000, 0.000000000000000000, 1.000000000000000000 ) ) ;
#6311 = FACE_OUTER_BOUND ( 'NONE', #7429, .T. ) ;
#6312 = CARTESIAN_POINT ( 'NONE',  ( -56.40000000000000568, 3.500000000000003109, 5.000000000000000888 ) ) ;
#6313 = CARTESIAN_POINT ( 'NONE',  ( -4.999999999999990230, -74.99999999999997158, 5.000000000000000000 ) ) ;
#6314 = CARTESIAN_POINT ( 'NONE',  ( 15.00000000000000711, -71.99999999999997158, 5.000000000000000000 ) ) ;
#6315 = ADVANCED_FACE ( 'NONE', ( #6609 ), #4653, .F. ) ;
#6316 = VECTOR ( 'NONE', #1952, 1000.000000000000000 ) ;
#6317 = VECTOR ( 'NONE', #1201, 1000.000000000000000 ) ;
#6318 = FACE_OUTER_BOUND ( 'NONE', #8180, .T. ) ;
#6319 = ORIENTED_EDGE ( 'NONE', *, *, #4238, .F. ) ;
#6320 = VERTEX_POINT ( 'NONE', #3248 ) ;
#6321 = PLANE ( 'NONE',  #971 ) ;
#6322 = VECTOR ( 'NONE', #7101, 1000.000000000000000 ) ;
#6323 = CARTESIAN_POINT ( 'NONE',  ( 65.00000000000002842, 64.99999999999998579, 0.000000000000000000 ) ) ;
#6324 = CARTESIAN_POINT ( 'NONE',  ( -70.00000000000000000, -71.99999999999997158, 5.000000000000000000 ) ) ;
#6325 = ORIENTED_EDGE ( 'NONE', *, *, #8143, .T. ) ;
#6326 = LINE ( 'NONE', #4182, #881 ) ;
#6327 = CARTESIAN_POINT ( 'NONE',  ( 3.500000000000003109, -57.99999999999997158, 5.000000000000000888 ) ) ;
#6328 = EDGE_CURVE ( 'NONE', #3953, #3886, #5223, .T. ) ;
#6329 = EDGE_LOOP ( 'NONE', ( #3756, #4992, #7906, #6751 ) ) ;
#6330 = EDGE_CURVE ( 'NONE', #1017, #5829, #3905, .T. ) ;
#6331 = ORIENTED_EDGE ( 'NONE', *, *, #6864, .T. ) ;
#6332 = VECTOR ( 'NONE', #8506, 1000.000000000000000 ) ;
#6333 = DIRECTION ( 'NONE',  ( -1.000000000000000000, -1.850371707708594070E-16, -0.000000000000000000 ) ) ;
#6334 = LINE ( 'NONE', #2790, #1526 ) ;
#6335 = ORIENTED_EDGE ( 'NONE', *, *, #5408, .F. ) ;
#6336 = VECTOR ( 'NONE', #4350, 1000.000000000000000 ) ;
#6337 = DIRECTION ( 'NONE',  ( -1.850371707708594070E-16, 1.000000000000000000, 0.000000000000000000 ) ) ;
#6338 = VERTEX_POINT ( 'NONE', #6807 ) ;
#6339 = EDGE_LOOP ( 'NONE', ( #938, #9078, #5097, #7738 ) ) ;
#6340 = CIRCLE ( 'NONE', #7091, 3.500000000000000888 ) ;
#6341 = DIRECTION ( 'NONE',  ( 0.000000000000000000, 0.000000000000000000, -1.000000000000000000 ) ) ;
#6342 = VERTEX_POINT ( 'NONE', #6096 ) ;
#6343 = EDGE_CURVE ( 'NONE', #9266, #8420, #5268, .T. ) ;
#6344 = VERTEX_POINT ( 'NONE', #3760 ) ;
#6345 = PLANE ( 'NONE',  #5289 ) ;
#6346 = VECTOR ( 'NONE', #6108, 1000.000000000000000 ) ;
#6347 = VECTOR ( 'NONE', #4119, 1000.000000000000000 ) ;
#6348 = PLANE ( 'NONE',  #8605 ) ;
#6349 = ORIENTED_EDGE ( 'NONE', *, *, #1248, .F. ) ;
#6350 = ADVANCED_FACE ( 'NONE', ( #208 ), #2312, .F. ) ;
#6351 = CARTESIAN_POINT ( 'NONE',  ( 72.00000000000000000, -4.999999999999977796, 2.000000000000000000 ) ) ;
#6352 = ORIENTED_EDGE ( 'NONE', *, *, #1310, .F. ) ;
#6353 = AXIS2_PLACEMENT_3D ( 'NONE', #5805, #59, #4454 ) ;
#6354 = LINE ( 'NONE', #7246, #8760 ) ;
#6355 = VERTEX_POINT ( 'NONE', #306 ) ;
#6356 = DIRECTION ( 'NONE',  ( -0.000000000000000000, -0.000000000000000000, 1.000000000000000000 ) ) ;
#6357 = FACE_OUTER_BOUND ( 'NONE', #5942, .T. ) ;
#6358 = ADVANCED_FACE ( 'NONE', ( #1005 ), #903, .F. ) ;
#6359 = EDGE_CURVE ( 'NONE', #4021, #6872, #3109, .T. ) ;
#6360 = DIRECTION ( 'NONE',  ( -0.000000000000000000, 0.000000000000000000, 1.000000000000000000 ) ) ;
#6361 = LINE ( 'NONE', #5618, #7227 ) ;
#6362 = CARTESIAN_POINT ( 'NONE',  ( -72.00000000000001421, 18.00000000000001421, 2.000000000000000000 ) ) ;
#6363 = FACE_OUTER_BOUND ( 'NONE', #3699, .T. ) ;
#6364 = DIRECTION ( 'NONE',  ( 2.312964634635742661E-15, 0.000000000000000000, -1.000000000000000000 ) ) ;
#6365 = CARTESIAN_POINT ( 'NONE',  ( -58.00000000000000711, 3.500000000000003109, 5.000000000000000888 ) ) ;
#6366 = DIRECTION ( 'NONE',  ( 0.000000000000000000, 1.000000000000000000, 0.000000000000000000 ) ) ;
#6367 = CARTESIAN_POINT ( 'NONE',  ( 19.99999999999999645, -71.99999999999997158, 5.000000000000000000 ) ) ;
#6368 = ORIENTED_EDGE ( 'NONE', *, *, #2845, .T. ) ;
#6369 = ORIENTED_EDGE ( 'NONE', *, *, #4038, .T. ) ;
#6370 = CARTESIAN_POINT ( 'NONE',  ( -50.00000000000000000, 72.00000000000002842, 0.000000000000000000 ) ) ;
#6371 = EDGE_CURVE ( 'NONE', #3582, #6285, #7419, .T. ) ;
#6372 = CARTESIAN_POINT ( 'NONE',  ( 75.00000000000000000, 30.00000000000002132, 5.000000000000000000 ) ) ;
#6373 = CARTESIAN_POINT ( 'NONE',  ( -24.99999999999999289, -71.99999999999997158, 5.000000000000000000 ) ) ;
#6374 = ORIENTED_EDGE ( 'NONE', *, *, #5174, .T. ) ;
#6375 = LINE ( 'NONE', #4232, #5663 ) ;
#6376 = DIRECTION ( 'NONE',  ( 0.000000000000000000, 0.000000000000000000, 1.000000000000000000 ) ) ;
#6377 = ORIENTED_EDGE ( 'NONE', *, *, #2474, .F. ) ;
#6378 = VERTEX_POINT ( 'NONE', #2358 ) ;
#6379 = EDGE_CURVE ( 'NONE', #5195, #220, #4612, .T. ) ;
#6380 = CARTESIAN_POINT ( 'NONE',  ( 21.99999999999997868, 72.00000000000002842, 2.000000000000000000 ) ) ;
#6381 = DIRECTION ( 'NONE',  ( 1.850371707708594070E-16, -1.000000000000000000, 0.000000000000000000 ) ) ;
#6382 = VERTEX_POINT ( 'NONE', #7368 ) ;
#6383 = LINE ( 'NONE', #9259, #2073 ) ;
#6384 = DIRECTION ( 'NONE',  ( -0.000000000000000000, -0.000000000000000000, 1.000000000000000000 ) ) ;
#6385 = EDGE_LOOP ( 'NONE', ( #952, #2076 ) ) ;
#6386 = VERTEX_POINT ( 'NONE', #8027 ) ;
#6387 = LINE ( 'NONE', #2083, #7416 ) ;
#6388 = ORIENTED_EDGE ( 'NONE', *, *, #8902, .T. ) ;
#6389 = ORIENTED_EDGE ( 'NONE', *, *, #2734, .F. ) ;
#6390 = CYLINDRICAL_SURFACE ( 'NONE', #6613, 3.500000000000000888 ) ;
#6391 = VERTEX_POINT ( 'NONE', #7463 ) ;
#6392 = ADVANCED_FACE ( 'NONE', ( #4468, #6058, #8926, #956, #3814, #6664, #5356, #2500, #8213, #1096, #5449, #4749, #2725 ), #1144, .T. ) ;
#6393 = CARTESIAN_POINT ( 'NONE',  ( -72.00000000000001421, 3.000000000000016875, 1.999999999999999556 ) ) ;
#6394 = EDGE_CURVE ( 'NONE', #1884, #2089, #1930, .T. ) ;
#6395 = ORIENTED_EDGE ( 'NONE', *, *, #6111, .F. ) ;
#6396 = CARTESIAN_POINT ( 'NONE',  ( 75.00000000000001421, -49.99999999999997158, 5.000000000000000000 ) ) ;
#6397 = VERTEX_POINT ( 'NONE', #2589 ) ;
#6398 = AXIS2_PLACEMENT_3D ( 'NONE', #2455, #6012, #8785 ) ;
#6399 = CARTESIAN_POINT ( 'NONE',  ( 72.00000000000000000, 25.00000000000002132, 5.000000000000000000 ) ) ;
#6400 = VECTOR ( 'NONE', #558, 1000.000000000000000 ) ;
#6401 = CARTESIAN_POINT ( 'NONE',  ( 72.00000000000000000, 15.00000000000002665, 2.000000000000000000 ) ) ;
#6402 = PLANE ( 'NONE',  #7043 ) ;
#6403 = AXIS2_PLACEMENT_3D ( 'NONE', #7916, #4361, #5660 ) ;
#6404 = CARTESIAN_POINT ( 'NONE',  ( -64.99999999999998579, -74.99999999999997158, 5.000000000000000000 ) ) ;
#6405 = DIRECTION ( 'NONE',  ( -0.000000000000000000, -1.000000000000000000, -0.000000000000000000 ) ) ;
#6406 = ORIENTED_EDGE ( 'NONE', *, *, #7011, .F. ) ;
#6407 = CARTESIAN_POINT ( 'NONE',  ( 75.00000000000000000, 10.00000000000002309, 1.999999999999999556 ) ) ;
#6408 = VECTOR ( 'NONE', #4983, 1000.000000000000000 ) ;
#6409 = LINE ( 'NONE', #7209, #4483 ) ;
#6410 = CARTESIAN_POINT ( 'NONE',  ( 40.00000000000000711, -71.99999999999997158, 2.000000000000000000 ) ) ;
#6411 = DIRECTION ( 'NONE',  ( -1.000000000000000000, 0.000000000000000000, -0.000000000000000000 ) ) ;
#6412 = CYLINDRICAL_SURFACE ( 'NONE', #8857, 1.600000000000006750 ) ;
#6413 = ORIENTED_EDGE ( 'NONE', *, *, #4287, .F. ) ;
#6414 = ORIENTED_EDGE ( 'NONE', *, *, #6129, .T. ) ;
#6415 = EDGE_CURVE ( 'NONE', #6382, #3045, #6888, .T. ) ;
#6416 = VECTOR ( 'NONE', #7020, 1000.000000000000000 ) ;
#6417 = VECTOR ( 'NONE', #103, 1000.000000000000000 ) ;
#6418 = CARTESIAN_POINT ( 'NONE',  ( 56.40000000000000568, -3.500000000000003109, 2.000000000000000000 ) ) ;
#6419 = DIRECTION ( 'NONE',  ( 1.000000000000000000, -0.000000000000000000, 1.734723475976808080E-16 ) ) ;
#6420 = DIRECTION ( 'NONE',  ( 0.000000000000000000, -1.000000000000000000, -1.084202172485503448E-16 ) ) ;
#6421 = EDGE_LOOP ( 'NONE', ( #726, #4399, #9038, #3721 ) ) ;
#6422 = CARTESIAN_POINT ( 'NONE',  ( 72.00000000000000000, -19.99999999999997513, 5.000000000000000000 ) ) ;
#6423 = PLANE ( 'NONE',  #4207 ) ;
#6424 = ORIENTED_EDGE ( 'NONE', *, *, #6499, .T. ) ;
#6425 = VERTEX_POINT ( 'NONE', #6273 ) ;
#6426 = EDGE_CURVE ( 'NONE', #7119, #8971, #8259, .T. ) ;
#6427 = CARTESIAN_POINT ( 'NONE',  ( -75.00000000000001421, 58.00000000000001421, 5.000000000000000000 ) ) ;
#6428 = CARTESIAN_POINT ( 'NONE',  ( -7.500000000000000000, -19.99999999999999645, 10.00000000000000355 ) ) ;
#6429 = VERTEX_POINT ( 'NONE', #6230 ) ;
#6430 = LINE ( 'NONE', #2933, #4029 ) ;
#6431 = DIRECTION ( 'NONE',  ( -1.000000000000000000, 0.000000000000000000, 0.000000000000000000 ) ) ;
#6432 = ORIENTED_EDGE ( 'NONE', *, *, #4025, .T. ) ;
#6433 = ORIENTED_EDGE ( 'NONE', *, *, #7584, .F. ) ;
#6434 = DIRECTION ( 'NONE',  ( -0.000000000000000000, -0.000000000000000000, 1.000000000000000000 ) ) ;
#6435 = EDGE_LOOP ( 'NONE', ( #2878, #7578, #7288, #2985 ) ) ;
#6436 = ORIENTED_EDGE ( 'NONE', *, *, #8781, .F. ) ;
#6437 = DIRECTION ( 'NONE',  ( -1.000000000000000000, 0.000000000000000000, 0.000000000000000000 ) ) ;
#6438 = EDGE_CURVE ( 'NONE', #4007, #2415, #6186, .T. ) ;
#6439 = ORIENTED_EDGE ( 'NONE', *, *, #1089, .T. ) ;
#6440 = CARTESIAN_POINT ( 'NONE',  ( 75.00000000000000000, -14.99999999999997158, 5.000000000000000000 ) ) ;
#6441 = ORIENTED_EDGE ( 'NONE', *, *, #2821, .F. ) ;
#6442 = CARTESIAN_POINT ( 'NONE',  ( 74.99999999999998579, 75.00000000000002842, 5.000000000000000000 ) ) ;
#6443 = ORIENTED_EDGE ( 'NONE', *, *, #5937, .T. ) ;
#6444 = DIRECTION ( 'NONE',  ( 1.850371707708594070E-16, -1.000000000000000000, 0.000000000000000000 ) ) ;
#6445 = CARTESIAN_POINT ( 'NONE',  ( 72.00000000000000000, -24.99999999999998224, 5.000000000000000000 ) ) ;
#6446 = EDGE_CURVE ( 'NONE', #8722, #2181, #570, .T. ) ;
#6447 = EDGE_CURVE ( 'NONE', #3397, #7536, #8966, .T. ) ;
#6448 = VECTOR ( 'NONE', #5587, 1000.000000000000000 ) ;
#6449 = DIRECTION ( 'NONE',  ( -1.850371707708594070E-16, 1.000000000000000000, 0.000000000000000000 ) ) ;
#6450 = ORIENTED_EDGE ( 'NONE', *, *, #4066, .T. ) ;
#6451 = VECTOR ( 'NONE', #387, 1000.000000000000000 ) ;
#6452 = PLANE ( 'NONE',  #3788 ) ;
#6453 = DIRECTION ( 'NONE',  ( 0.000000000000000000, -0.000000000000000000, 1.000000000000000000 ) ) ;
#6454 = ORIENTED_EDGE ( 'NONE', *, *, #2092, .T. ) ;
#6455 = CARTESIAN_POINT ( 'NONE',  ( 75.00000000000001421, -74.99999999999997158, 0.000000000000000000 ) ) ;
#6456 = FACE_BOUND ( 'NONE', #551, .T. ) ;
#6457 = DIRECTION ( 'NONE',  ( -0.000000000000000000, -1.000000000000000000, -0.000000000000000000 ) ) ;
#6458 = ADVANCED_FACE ( 'NONE', ( #8394 ), #6846, .F. ) ;
#6459 = DIRECTION ( 'NONE',  ( -0.000000000000000000, -0.000000000000000000, 1.000000000000000000 ) ) ;
#6460 = ORIENTED_EDGE ( 'NONE', *, *, #1270, .F. ) ;
#6461 = VECTOR ( 'NONE', #3145, 1000.000000000000000 ) ;
#6462 = VECTOR ( 'NONE', #6494, 1000.000000000000000 ) ;
#6463 = CARTESIAN_POINT ( 'NONE',  ( -72.00000000000000000, -16.99999999999998579, 5.000000000000000000 ) ) ;
#6464 = CARTESIAN_POINT ( 'NONE',  ( -53.00000000000002132, 72.00000000000002842, 2.000000000000000444 ) ) ;
#6465 = LINE ( 'NONE', #7074, #5725 ) ;
#6466 = ADVANCED_FACE ( 'NONE', ( #482 ), #3335, .F. ) ;
#6467 = VECTOR ( 'NONE', #3958, 1000.000000000000000 ) ;
#6468 = DIRECTION ( 'NONE',  ( -0.000000000000000000, -0.000000000000000000, 1.000000000000000000 ) ) ;
#6470 = CARTESIAN_POINT ( 'NONE',  ( -8.000000000000021316, 72.00000000000002842, 5.000000000000000000 ) ) ;
#6469 = AXIS2_PLACEMENT_3D ( 'NONE', #8348, #567, #3331 ) ;
#6471 = ORIENTED_EDGE ( 'NONE', *, *, #6964, .F. ) ;
#6472 = ORIENTED_EDGE ( 'NONE', *, *, #492, .T. ) ;
#6473 = VECTOR ( 'NONE', #1304, 1000.000000000000000 ) ;
#6474 = LINE ( 'NONE', #2124, #2317 ) ;
#6475 = LINE ( 'NONE', #7983, #1078 ) ;
#6476 = ORIENTED_EDGE ( 'NONE', *, *, #2854, .F. ) ;
#6477 = EDGE_CURVE ( 'NONE', #9113, #7119, #8352, .T. ) ;
#6478 = DIRECTION ( 'NONE',  ( 0.000000000000000000, 1.000000000000000000, 0.000000000000000000 ) ) ;
#6479 = CARTESIAN_POINT ( 'NONE',  ( -18.00000000000001421, 72.00000000000002842, 5.000000000000000000 ) ) ;
#6480 = ORIENTED_EDGE ( 'NONE', *, *, #8967, .F. ) ;
#6481 = ORIENTED_EDGE ( 'NONE', *, *, #1841, .F. ) ;
#6482 = VECTOR ( 'NONE', #5098, 1000.000000000000000 ) ;
#6483 = LINE ( 'NONE', #2038, #984 ) ;
#6484 = ORIENTED_EDGE ( 'NONE', *, *, #8900, .T. ) ;
#6485 = ORIENTED_EDGE ( 'NONE', *, *, #6946, .F. ) ;
#6486 = CARTESIAN_POINT ( 'NONE',  ( 56.99999999999997158, 72.00000000000002842, 5.000000000000000000 ) ) ;
#6487 = CIRCLE ( 'NONE', #1711, 1.600000000000004974 ) ;
#6488 = CARTESIAN_POINT ( 'NONE',  ( -68.00000000000002842, 72.00000000000002842, 2.000000000000000000 ) ) ;
#6489 = ORIENTED_EDGE ( 'NONE', *, *, #3600, .T. ) ;
#6490 = EDGE_CURVE ( 'NONE', #7394, #7183, #4090, .T. ) ;
#6491 = CARTESIAN_POINT ( 'NONE',  ( -80.00000000000000000, -71.99999999999997158, 0.000000000000000000 ) ) ;
#6492 = ORIENTED_EDGE ( 'NONE', *, *, #1843, .T. ) ;
#6493 = DIRECTION ( 'NONE',  ( 1.000000000000000000, 1.850371707708594070E-16, -0.000000000000000000 ) ) ;
#6494 = DIRECTION ( 'NONE',  ( -0.000000000000000000, 1.000000000000000000, -0.000000000000000000 ) ) ;
#6495 = CIRCLE ( 'NONE', #3660, 7.500000000000000000 ) ;
#6496 = AXIS2_PLACEMENT_3D ( 'NONE', #6863, #5416, #9122 ) ;
#6497 = CARTESIAN_POINT ( 'NONE',  ( -53.00000000000002132, 75.00000000000002842, 5.000000000000000000 ) ) ;
#6498 = ORIENTED_EDGE ( 'NONE', *, *, #2614, .F. ) ;
#6499 = EDGE_CURVE ( 'NONE', #3736, #1757, #4885, .T. ) ;
#6500 = AXIS2_PLACEMENT_3D ( 'NONE', #7031, #582, #3434 ) ;
#6501 = AXIS2_PLACEMENT_3D ( 'NONE', #9004, #8083, #2976 ) ;
#6502 = DIRECTION ( 'NONE',  ( -0.000000000000000000, -0.000000000000000000, 1.000000000000000000 ) ) ;
#6503 = EDGE_CURVE ( 'NONE', #2737, #5877, #2968, .T. ) ;
#6504 = CARTESIAN_POINT ( 'NONE',  ( -8.000000000000021316, 75.00000000000002842, 2.000000000000000000 ) ) ;
#6505 = LINE ( 'NONE', #9239, #6256 ) ;
#6506 = CARTESIAN_POINT ( 'NONE',  ( -75.00000000000000000, -61.99999999999997868, 5.000000000000000000 ) ) ;
#6507 = CARTESIAN_POINT ( 'NONE',  ( 72.00000000000000000, 1.332267629550187849E-14, 5.000000000000000000 ) ) ;
#6508 = DIRECTION ( 'NONE',  ( -1.000000000000000000, 0.000000000000000000, 0.000000000000000000 ) ) ;
#6509 = ORIENTED_EDGE ( 'NONE', *, *, #7125, .T. ) ;
#6510 = VECTOR ( 'NONE', #3235, 1000.000000000000000 ) ;
#6511 = LINE ( 'NONE', #110, #79 ) ;
#6512 = ADVANCED_FACE ( 'NONE', ( #1224 ), #530, .F. ) ;
#6513 = DIRECTION ( 'NONE',  ( -0.000000000000000000, -0.000000000000000000, -1.000000000000000000 ) ) ;
#6514 = ADVANCED_FACE ( 'NONE', ( #1273 ), #4178, .F. ) ;
#6515 = VECTOR ( 'NONE', #5612, 1000.000000000000000 ) ;
#6516 = DIRECTION ( 'NONE',  ( 0.000000000000000000, 0.000000000000000000, -1.000000000000000000 ) ) ;
#6517 = CARTESIAN_POINT ( 'NONE',  ( -75.00000000000001421, 75.00000000000002842, 5.000000000000000000 ) ) ;
#6518 = VERTEX_POINT ( 'NONE', #4836 ) ;
#6519 = ORIENTED_EDGE ( 'NONE', *, *, #6503, .F. ) ;
#6520 = PLANE ( 'NONE',  #8617 ) ;
#6521 = CARTESIAN_POINT ( 'NONE',  ( -40.00000000000000000, -74.99999999999997158, 2.000000000000000000 ) ) ;
#6522 = VERTEX_POINT ( 'NONE', #7690 ) ;
#6523 = CARTESIAN_POINT ( 'NONE',  ( -64.99999999999997158, 64.99999999999998579, 2.000000000000000000 ) ) ;
#6524 = LINE ( 'NONE', #3629, #5891 ) ;
#6525 = VERTEX_POINT ( 'NONE', #7557 ) ;
#6526 = CARTESIAN_POINT ( 'NONE',  ( 30.00000000000000000, -71.99999999999997158, 5.000000000000000000 ) ) ;
#6527 = ORIENTED_EDGE ( 'NONE', *, *, #6601, .T. ) ;
#6528 = ORIENTED_EDGE ( 'NONE', *, *, #3548, .T. ) ;
#6529 = FACE_OUTER_BOUND ( 'NONE', #9210, .T. ) ;
#6530 = EDGE_CURVE ( 'NONE', #4094, #1847, #3289, .T. ) ;
#6531 = EDGE_CURVE ( 'NONE', #4467, #2601, #2013, .T. ) ;
#6532 = LINE ( 'NONE', #6488, #3218 ) ;
#6533 = VERTEX_POINT ( 'NONE', #3324 ) ;
#6534 = DIRECTION ( 'NONE',  ( 0.000000000000000000, 0.000000000000000000, -1.000000000000000000 ) ) ;
#6535 = ORIENTED_EDGE ( 'NONE', *, *, #6379, .F. ) ;
#6536 = PLANE ( 'NONE',  #9208 ) ;
#6537 = CARTESIAN_POINT ( 'NONE',  ( -29.99999999999999289, -71.99999999999997158, 2.000000000000000000 ) ) ;
#6538 = CARTESIAN_POINT ( 'NONE',  ( 15.00000000000000711, -71.99999999999997158, 1.999999999999999112 ) ) ;
#6539 = EDGE_CURVE ( 'NONE', #4899, #1403, #6175, .T. ) ;
#6540 = ORIENTED_EDGE ( 'NONE', *, *, #2308, .T. ) ;
#6541 = DIRECTION ( 'NONE',  ( 0.000000000000000000, 0.000000000000000000, 1.000000000000000000 ) ) ;
#6542 = DIRECTION ( 'NONE',  ( 1.000000000000000000, -0.000000000000000000, -0.000000000000000000 ) ) ;
#6543 = ORIENTED_EDGE ( 'NONE', *, *, #2702, .T. ) ;
#6544 = DIRECTION ( 'NONE',  ( 0.000000000000000000, -1.000000000000000000, 0.000000000000000000 ) ) ;
#6545 =( NAMED_UNIT ( * ) PLANE_ANGLE_UNIT ( ) SI_UNIT ( $, .RADIAN. ) );
#6547 = DIRECTION ( 'NONE',  ( 0.000000000000000000, 0.000000000000000000, -1.000000000000000000 ) ) ;
#6546 = AXIS2_PLACEMENT_3D ( 'NONE', #4450, #8907, #1030 ) ;
#6548 = LINE ( 'NONE', #5903, #6899 ) ;
#6549 = ORIENTED_EDGE ( 'NONE', *, *, #7656, .F. ) ;
#6550 = ADVANCED_FACE ( 'NONE', ( #472 ), #8385, .F. ) ;
#6551 = CARTESIAN_POINT ( 'NONE',  ( 74.99999999999998579, 75.00000000000002842, 5.000000000000000000 ) ) ;
#6552 = VECTOR ( 'NONE', #6190, 1000.000000000000000 ) ;
#6553 = CARTESIAN_POINT ( 'NONE',  ( 10.00000000000000178, -71.99999999999997158, 2.000000000000000000 ) ) ;
#6554 = CARTESIAN_POINT ( 'NONE',  ( 60.00000000000000711, -71.99999999999997158, 2.000000000000000000 ) ) ;
#6555 = CARTESIAN_POINT ( 'NONE',  ( 74.99999999999998579, 65.00000000000002842, 5.000000000000000000 ) ) ;
#6556 = DIRECTION ( 'NONE',  ( 1.000000000000000000, 0.000000000000000000, 0.000000000000000000 ) ) ;
#6557 = ORIENTED_EDGE ( 'NONE', *, *, #8351, .T. ) ;
#6558 = ORIENTED_EDGE ( 'NONE', *, *, #5256, .T. ) ;
#6559 = AXIS2_PLACEMENT_3D ( 'NONE', #6134, #6006, #4562 ) ;
#6560 = EDGE_CURVE ( 'NONE', #9178, #7564, #8300, .T. ) ;
#6561 = EDGE_CURVE ( 'NONE', #6429, #2356, #2769, .T. ) ;
#6562 = LINE ( 'NONE', #2880, #4265 ) ;
#6563 = DIRECTION ( 'NONE',  ( -1.000000000000000000, -1.850371707708594070E-16, -0.000000000000000000 ) ) ;
#6564 = PLANE ( 'NONE',  #7044 ) ;
#6565 = VERTEX_POINT ( 'NONE', #1877 ) ;
#6566 = DIRECTION ( 'NONE',  ( -1.000000000000000000, 0.000000000000000000, -1.734723475976807834E-16 ) ) ;
#6567 = CARTESIAN_POINT ( 'NONE',  ( -75.00000000000001421, 75.00000000000002842, 5.000000000000000000 ) ) ;
#6568 = VERTEX_POINT ( 'NONE', #4036 ) ;
#6569 = LINE ( 'NONE', #4743, #1272 ) ;
#6570 = EDGE_LOOP ( 'NONE', ( #6233, #6835, #2231, #5783 ) ) ;
#6571 = ORIENTED_EDGE ( 'NONE', *, *, #4703, .T. ) ;
#6572 = CARTESIAN_POINT ( 'NONE',  ( -38.00000000000002132, 72.00000000000002842, 2.000000000000000000 ) ) ;
#6573 = ADVANCED_FACE ( 'NONE', ( #3459 ), #4166, .F. ) ;
#6574 = LINE ( 'NONE', #172, #7994 ) ;
#6575 = ORIENTED_EDGE ( 'NONE', *, *, #6239, .F. ) ;
#6576 = LINE ( 'NONE', #7243, #7235 ) ;
#6577 = EDGE_LOOP ( 'NONE', ( #7748, #1469, #3903, #7516 ) ) ;
#6578 = EDGE_CURVE ( 'NONE', #8533, #4138, #6133, .T. ) ;
#6579 = FACE_OUTER_BOUND ( 'NONE', #981, .T. ) ;
#6580 = DIRECTION ( 'NONE',  ( 1.000000000000000000, -0.000000000000000000, 1.734723475976808080E-16 ) ) ;
#6581 = VERTEX_POINT ( 'NONE', #2054 ) ;
#6582 = DIRECTION ( 'NONE',  ( -2.312964634635742661E-15, -0.000000000000000000, 1.000000000000000000 ) ) ;
#6583 = VECTOR ( 'NONE', #7597, 1000.000000000000000 ) ;
#6584 = ORIENTED_EDGE ( 'NONE', *, *, #2385, .T. ) ;
#6585 = CARTESIAN_POINT ( 'NONE',  ( -4.999999999999990230, -71.99999999999997158, 1.999999999999999112 ) ) ;
#6586 = ORIENTED_EDGE ( 'NONE', *, *, #562, .T. ) ;
#6587 = CARTESIAN_POINT ( 'NONE',  ( 51.99999999999997868, 72.00000000000002842, 5.000000000000000000 ) ) ;
#6588 = EDGE_CURVE ( 'NONE', #7028, #3689, #8343, .T. ) ;
#6589 = DIRECTION ( 'NONE',  ( 1.000000000000000000, 0.000000000000000000, 0.000000000000000000 ) ) ;
#6590 = ORIENTED_EDGE ( 'NONE', *, *, #8709, .T. ) ;
#6591 = AXIS2_PLACEMENT_3D ( 'NONE', #6327, #7884, #9206 ) ;
#6592 = VERTEX_POINT ( 'NONE', #4740 ) ;
#6593 = CARTESIAN_POINT ( 'NONE',  ( 71.99999999999998579, 65.00000000000002842, 5.000000000000000000 ) ) ;
#6594 = LINE ( 'NONE', #292, #8116 ) ;
#6595 = DIRECTION ( 'NONE',  ( 0.000000000000000000, -0.000000000000000000, 1.000000000000000000 ) ) ;
#6596 = AXIS2_PLACEMENT_3D ( 'NONE', #6744, #8864, #2440 ) ;
#6597 = VECTOR ( 'NONE', #628, 1000.000000000000000 ) ;
#6598 = DIRECTION ( 'NONE',  ( 1.000000000000000000, 1.850371707708594070E-16, -0.000000000000000000 ) ) ;
#6599 = DIRECTION ( 'NONE',  ( -0.000000000000000000, 1.000000000000000000, -0.000000000000000000 ) ) ;
#6600 = CARTESIAN_POINT ( 'NONE',  ( -13.00000000000002487, 75.00000000000002842, 2.000000000000000444 ) ) ;
#6601 = EDGE_CURVE ( 'NONE', #161, #2343, #7750, .T. ) ;
#6602 = PLANE ( 'NONE',  #8374 ) ;
#6603 = CARTESIAN_POINT ( 'NONE',  ( 72.00000000000001421, -49.99999999999997158, 5.000000000000000000 ) ) ;
#6604 = AXIS2_PLACEMENT_3D ( 'NONE', #2947, #8005, #4446 ) ;
#6605 = ORIENTED_EDGE ( 'NONE', *, *, #9146, .T. ) ;
#6606 = VECTOR ( 'NONE', #2489, 1000.000000000000000 ) ;
#6607 = ORIENTED_EDGE ( 'NONE', *, *, #9043, .F. ) ;
#6608 = ORIENTED_EDGE ( 'NONE', *, *, #2906, .T. ) ;
#6609 = FACE_OUTER_BOUND ( 'NONE', #4910, .T. ) ;
#6610 = VECTOR ( 'NONE', #5400, 1000.000000000000000 ) ;
#6611 = DIRECTION ( 'NONE',  ( -0.000000000000000000, -0.000000000000000000, 1.000000000000000000 ) ) ;
#6612 = FACE_OUTER_BOUND ( 'NONE', #2183, .T. ) ;
#6613 = AXIS2_PLACEMENT_3D ( 'NONE', #3400, #9124, #6291 ) ;
#6614 = DIRECTION ( 'NONE',  ( -1.850371707708594316E-16, 1.000000000000000000, -0.000000000000000000 ) ) ;
#6615 = ORIENTED_EDGE ( 'NONE', *, *, #5758, .F. ) ;
#6616 = ADVANCED_FACE ( 'NONE', ( #4782 ), #8435, .F. ) ;
#6617 = DIRECTION ( 'NONE',  ( -1.000000000000000000, -1.850371707708594070E-16, -0.000000000000000000 ) ) ;
#6618 = DIRECTION ( 'NONE',  ( 2.312964634635742661E-15, 0.000000000000000000, -1.000000000000000000 ) ) ;
#6619 = EDGE_CURVE ( 'NONE', #8095, #674, #4080, .T. ) ;
#6620 = VERTEX_POINT ( 'NONE', #9137 ) ;
#6621 = FACE_OUTER_BOUND ( 'NONE', #7120, .T. ) ;
#6622 = VERTEX_POINT ( 'NONE', #6221 ) ;
#6623 = VERTEX_POINT ( 'NONE', #1262 ) ;
#6624 = LINE ( 'NONE', #2939, #3330 ) ;
#6625 = VECTOR ( 'NONE', #283, 1000.000000000000000 ) ;
#6626 = CARTESIAN_POINT ( 'NONE',  ( -34.99999999999999289, -74.99999999999997158, 5.000000000000000000 ) ) ;
#6627 = ORIENTED_EDGE ( 'NONE', *, *, #3151, .T. ) ;
#6628 = VECTOR ( 'NONE', #2001, 1000.000000000000000 ) ;
#6629 = CARTESIAN_POINT ( 'NONE',  ( 3.500000000000003109, 57.99999999999997158, 15.00000000000000000 ) ) ;
#6630 = ADVANCED_FACE ( 'NONE', ( #4126 ), #9002, .T. ) ;
#6631 = VERTEX_POINT ( 'NONE', #6263 ) ;
#6632 = DIRECTION ( 'NONE',  ( -0.000000000000000000, -0.000000000000000000, -1.000000000000000000 ) ) ;
#6633 = DIRECTION ( 'NONE',  ( 1.000000000000000000, 1.850371707708594070E-16, -0.000000000000000000 ) ) ;
#6634 = ORIENTED_EDGE ( 'NONE', *, *, #2561, .F. ) ;
#6635 = ORIENTED_EDGE ( 'NONE', *, *, #2022, .T. ) ;
#6636 = DIRECTION ( 'NONE',  ( -1.000000000000000000, -1.850371707708594070E-16, -0.000000000000000000 ) ) ;
#6637 = VECTOR ( 'NONE', #1472, 1000.000000000000000 ) ;
#6638 = ADVANCED_FACE ( 'NONE', ( #2715 ), #4874, .F. ) ;
#6639 = EDGE_LOOP ( 'NONE', ( #4352, #7760, #6586, #7068 ) ) ;
#6640 = CARTESIAN_POINT ( 'NONE',  ( -5.000000000000000888, 20.00000000000000000, 5.000000000000000000 ) ) ;
#6641 = ORIENTED_EDGE ( 'NONE', *, *, #5648, .T. ) ;
#6642 = CARTESIAN_POINT ( 'NONE',  ( 74.99999999999998579, 55.00000000000002132, 5.000000000000000000 ) ) ;
#6643 = VECTOR ( 'NONE', #8063, 1000.000000000000000 ) ;
#6644 = CARTESIAN_POINT ( 'NONE',  ( 7.500000000000000000, 0.000000000000000000, 10.00000000000000000 ) ) ;
#6645 = ORIENTED_EDGE ( 'NONE', *, *, #7411, .F. ) ;
#6646 = ORIENTED_EDGE ( 'NONE', *, *, #8223, .F. ) ;
#6647 = CARTESIAN_POINT ( 'NONE',  ( -45.00000000000000000, -71.99999999999997158, 5.000000000000000000 ) ) ;
#6648 = CARTESIAN_POINT ( 'NONE',  ( -72.00000000000001421, 68.00000000000001421, 5.000000000000000000 ) ) ;
#6649 = CARTESIAN_POINT ( 'NONE',  ( 71.99999999999998579, 40.00000000000002132, 5.000000000000000000 ) ) ;
#6650 = EDGE_CURVE ( 'NONE', #6285, #6861, #3995, .T. ) ;
#6651 = EDGE_CURVE ( 'NONE', #960, #2744, #2581, .T. ) ;
#6652 = VECTOR ( 'NONE', #9116, 1000.000000000000000 ) ;
#6653 = VECTOR ( 'NONE', #6632, 1000.000000000000000 ) ;
#6654 = DIRECTION ( 'NONE',  ( -0.000000000000000000, -0.000000000000000000, 1.000000000000000000 ) ) ;
#6655 = LINE ( 'NONE', #8163, #7210 ) ;
#6656 = CARTESIAN_POINT ( 'NONE',  ( -4.999999999999990230, -71.99999999999997158, 5.000000000000000000 ) ) ;
#6657 = LINE ( 'NONE', #2401, #7617 ) ;
#6658 = PLANE ( 'NONE',  #6011 ) ;
#6659 = VECTOR ( 'NONE', #2267, 1000.000000000000000 ) ;
#6660 = VERTEX_POINT ( 'NONE', #7960 ) ;
#6661 = ORIENTED_EDGE ( 'NONE', *, *, #3830, .F. ) ;
#6663 = ORIENTED_EDGE ( 'NONE', *, *, #2614, .T. ) ;
#6662 = EDGE_CURVE ( 'NONE', #2572, #1614, #1542, .T. ) ;
#6664 = FACE_BOUND ( 'NONE', #1013, .T. ) ;
#6665 = FACE_OUTER_BOUND ( 'NONE', #3612, .T. ) ;
#6666 = DIRECTION ( 'NONE',  ( 1.000000000000000000, -0.000000000000000000, 1.734723475976808080E-16 ) ) ;
#6667 = DIRECTION ( 'NONE',  ( -0.000000000000000000, 1.000000000000000000, 8.673617379884028076E-17 ) ) ;
#6668 = EDGE_LOOP ( 'NONE', ( #1712, #7233, #179, #6443 ) ) ;
#6669 = CARTESIAN_POINT ( 'NONE',  ( 10.00000000000000178, -71.99999999999997158, 2.000000000000000000 ) ) ;
#6670 = CARTESIAN_POINT ( 'NONE',  ( -72.00000000000000000, -21.99999999999998579, 2.000000000000000000 ) ) ;
#6671 = ORIENTED_EDGE ( 'NONE', *, *, #4416, .F. ) ;
#6672 = ORIENTED_EDGE ( 'NONE', *, *, #2560, .F. ) ;
#6673 = ORIENTED_EDGE ( 'NONE', *, *, #1525, .F. ) ;
#6674 = LINE ( 'NONE', #8892, #2443 ) ;
#6675 = EDGE_CURVE ( 'NONE', #1009, #3343, #8529, .T. ) ;
#6676 = VERTEX_POINT ( 'NONE', #6362 ) ;
#6677 = DIRECTION ( 'NONE',  ( -1.000000000000000000, 0.000000000000000000, -1.734723475976807834E-16 ) ) ;
#6678 = ORIENTED_EDGE ( 'NONE', *, *, #6560, .T. ) ;
#6679 = DIRECTION ( 'NONE',  ( 1.850371707708594070E-16, -1.000000000000000000, 0.000000000000000000 ) ) ;
#6680 = ORIENTED_EDGE ( 'NONE', *, *, #5559, .F. ) ;
#6681 = CARTESIAN_POINT ( 'NONE',  ( 75.00000000000000000, -34.99999999999997868, 2.000000000000000000 ) ) ;
#6682 = DIRECTION ( 'NONE',  ( 1.000000000000000000, -0.000000000000000000, 1.734723475976808080E-16 ) ) ;
#6683 = VERTEX_POINT ( 'NONE', #3603 ) ;
#6684 = ORIENTED_EDGE ( 'NONE', *, *, #4150, .F. ) ;
#6685 = EDGE_CURVE ( 'NONE', #7944, #3211, #9236, .T. ) ;
#6686 = ADVANCED_FACE ( 'NONE', ( #1448 ), #8630, .F. ) ;
#6687 = ORIENTED_EDGE ( 'NONE', *, *, #1485, .F. ) ;
#6688 = DIRECTION ( 'NONE',  ( 0.000000000000000000, 0.000000000000000000, -1.000000000000000000 ) ) ;
#6689 = ORIENTED_EDGE ( 'NONE', *, *, #1510, .F. ) ;
#6690 = CARTESIAN_POINT ( 'NONE',  ( 72.00000000000000000, -24.99999999999998224, 5.000000000000000000 ) ) ;
#6691 = CARTESIAN_POINT ( 'NONE',  ( -75.00000000000000000, -26.99999999999998224, 5.000000000000000000 ) ) ;
#6692 = ORIENTED_EDGE ( 'NONE', *, *, #6192, .T. ) ;
#6693 = VERTEX_POINT ( 'NONE', #7869 ) ;
#6694 = CARTESIAN_POINT ( 'NONE',  ( -72.00000000000001421, 23.00000000000001421, 5.000000000000000000 ) ) ;
#6695 = DIRECTION ( 'NONE',  ( 1.000000000000000000, -0.000000000000000000, 2.312964634635742661E-15 ) ) ;
#6696 = CARTESIAN_POINT ( 'NONE',  ( 72.00000000000000000, 20.00000000000001776, 1.999999999999999556 ) ) ;
#6697 = ADVANCED_FACE ( 'NONE', ( #4410 ), #2992, .F. ) ;
#6698 = CARTESIAN_POINT ( 'NONE',  ( -33.00000000000002842, 72.00000000000002842, 5.000000000000000000 ) ) ;
#6699 = CARTESIAN_POINT ( 'NONE',  ( -72.00000000000001421, 23.00000000000001421, 5.000000000000000000 ) ) ;
#6700 = DIRECTION ( 'NONE',  ( 1.000000000000000000, 0.000000000000000000, 0.000000000000000000 ) ) ;
#6701 = VECTOR ( 'NONE', #4942, 1000.000000000000000 ) ;
#6702 = PLANE ( 'NONE',  #7470 ) ;
#6703 = DIRECTION ( 'NONE',  ( 0.000000000000000000, 0.000000000000000000, 1.000000000000000000 ) ) ;
#6704 = AXIS2_PLACEMENT_3D ( 'NONE', #8170, #3063, #1748 ) ;
#6705 = EDGE_CURVE ( 'NONE', #9196, #2698, #4268, .T. ) ;
#6706 = ORIENTED_EDGE ( 'NONE', *, *, #8268, .F. ) ;
#6707 = VECTOR ( 'NONE', #6599, 1000.000000000000000 ) ;
#6708 = ORIENTED_EDGE ( 'NONE', *, *, #6561, .T. ) ;
#6709 = AXIS2_PLACEMENT_3D ( 'NONE', #5185, #6478, #4340 ) ;
#6710 = CARTESIAN_POINT ( 'NONE',  ( -72.00000000000001421, 68.00000000000001421, 2.000000000000000000 ) ) ;
#6711 = DIRECTION ( 'NONE',  ( -0.000000000000000000, 1.000000000000000000, -0.000000000000000000 ) ) ;
#6712 = DIRECTION ( 'NONE',  ( 0.000000000000000000, 0.000000000000000000, -1.000000000000000000 ) ) ;
#6713 = DIRECTION ( 'NONE',  ( 0.000000000000000000, 0.000000000000000000, -1.000000000000000000 ) ) ;
#6714 = ORIENTED_EDGE ( 'NONE', *, *, #4055, .T. ) ;
#6715 = DIRECTION ( 'NONE',  ( 0.000000000000000000, 0.000000000000000000, -1.000000000000000000 ) ) ;
#6716 = CARTESIAN_POINT ( 'NONE',  ( 6.999999999999978684, 72.00000000000002842, 5.000000000000000000 ) ) ;
#6717 = ORIENTED_EDGE ( 'NONE', *, *, #7632, .F. ) ;
#6718 = VECTOR ( 'NONE', #1922, 1000.000000000000000 ) ;
#6719 = EDGE_CURVE ( 'NONE', #4332, #8842, #3696, .T. ) ;
#6720 = VERTEX_POINT ( 'NONE', #4314 ) ;
#6721 = ORIENTED_EDGE ( 'NONE', *, *, #612, .F. ) ;
#6722 = DIRECTION ( 'NONE',  ( 1.000000000000000000, 0.000000000000000000, 0.000000000000000000 ) ) ;
#6723 = EDGE_LOOP ( 'NONE', ( #6065, #2109, #4475, #973 ) ) ;
#6724 = VECTOR ( 'NONE', #1032, 1000.000000000000000 ) ;
#6725 = DIRECTION ( 'NONE',  ( -1.000000000000000000, 0.000000000000000000, 8.673617379884028076E-17 ) ) ;
#6726 = ORIENTED_EDGE ( 'NONE', *, *, #90, .T. ) ;
#6727 = PLANE ( 'NONE',  #2745 ) ;
#6728 = ORIENTED_EDGE ( 'NONE', *, *, #7245, .F. ) ;
#6729 = EDGE_CURVE ( 'NONE', #8049, #8026, #101, .T. ) ;
#6730 = DIRECTION ( 'NONE',  ( 2.312964634635742661E-15, 0.000000000000000000, -1.000000000000000000 ) ) ;
#6731 = DIRECTION ( 'NONE',  ( -1.000000000000000000, 0.000000000000000000, 8.673617379884028076E-17 ) ) ;
#6732 = ORIENTED_EDGE ( 'NONE', *, *, #6054, .F. ) ;
#6733 = DIRECTION ( 'NONE',  ( 0.000000000000000000, 0.000000000000000000, -1.000000000000000000 ) ) ;
#6734 = ORIENTED_EDGE ( 'NONE', *, *, #3872, .F. ) ;
#6735 = DIRECTION ( 'NONE',  ( -1.000000000000000000, 0.000000000000000000, 8.673617379884028076E-17 ) ) ;
#6736 = ADVANCED_FACE ( 'NONE', ( #2909 ), #1351, .F. ) ;
#6737 = CARTESIAN_POINT ( 'NONE',  ( -45.00000000000000000, -71.99999999999997158, 5.000000000000000000 ) ) ;
#6738 = VERTEX_POINT ( 'NONE', #7769 ) ;
#6739 = ADVANCED_FACE ( 'NONE', ( #2811 ), #5107, .F. ) ;
#6740 = ORIENTED_EDGE ( 'NONE', *, *, #4358, .F. ) ;
#6741 = DIRECTION ( 'NONE',  ( -1.000000000000000000, 0.000000000000000000, 8.673617379884028076E-17 ) ) ;
#6742 = DIRECTION ( 'NONE',  ( 0.000000000000000000, 1.000000000000000000, 0.000000000000000000 ) ) ;
#6743 = VECTOR ( 'NONE', #6141, 1000.000000000000000 ) ;
#6744 = CARTESIAN_POINT ( 'NONE',  ( -72.00000000000001421, 28.00000000000001776, 5.000000000000000000 ) ) ;
#6745 = LINE ( 'NONE', #5855, #8152 ) ;
#6746 = CARTESIAN_POINT ( 'NONE',  ( 36.99999999999997868, 75.00000000000002842, 5.000000000000000000 ) ) ;
#6747 = DIRECTION ( 'NONE',  ( -0.000000000000000000, -0.000000000000000000, 1.000000000000000000 ) ) ;
#6748 = COLOUR_RGB ( '',0.7921568627450980005, 0.8196078431372548767, 0.9333333333333333481 ) ;
#6749 = DIRECTION ( 'NONE',  ( 0.000000000000000000, -1.000000000000000000, 8.673617379884040402E-17 ) ) ;
#6750 = EDGE_CURVE ( 'NONE', #4896, #8628, #5709, .T. ) ;
#6751 = ORIENTED_EDGE ( 'NONE', *, *, #5939, .T. ) ;
#6752 = EDGE_LOOP ( 'NONE', ( #4105, #9226, #3296, #7937 ) ) ;
#6753 = VECTOR ( 'NONE', #7876, 1000.000000000000000 ) ;
#6754 = VECTOR ( 'NONE', #3152, 1000.000000000000000 ) ;
#6755 = LINE ( 'NONE', #3956, #4264 ) ;
#6756 = EDGE_CURVE ( 'NONE', #4282, #3173, #433, .T. ) ;
#6757 = PLANE ( 'NONE',  #3446 ) ;
#6758 = FACE_OUTER_BOUND ( 'NONE', #919, .T. ) ;
#6759 = DIRECTION ( 'NONE',  ( -0.000000000000000000, -0.000000000000000000, 1.000000000000000000 ) ) ;
#6760 = ORIENTED_EDGE ( 'NONE', *, *, #4798, .F. ) ;
#6761 = VECTOR ( 'NONE', #5530, 1000.000000000000000 ) ;
#6762 = DIRECTION ( 'NONE',  ( 1.000000000000000000, 0.000000000000000000, 0.000000000000000000 ) ) ;
#6764 = EDGE_LOOP ( 'NONE', ( #632, #6673, #1753, #5340, #1948, #3772, #4411, #1709, #6944, #4222 ) ) ;
#6763 = VECTOR ( 'NONE', #119, 1000.000000000000000 ) ;
#6765 = ORIENTED_EDGE ( 'NONE', *, *, #740, .T. ) ;
#6766 = VECTOR ( 'NONE', #894, 1000.000000000000000 ) ;
#6767 = ORIENTED_EDGE ( 'NONE', *, *, #5951, .F. ) ;
#6768 = AXIS2_PLACEMENT_3D ( 'NONE', #4506, #1694, #3751 ) ;
#6769 = VECTOR ( 'NONE', #7954, 1000.000000000000000 ) ;
#6770 = EDGE_LOOP ( 'NONE', ( #4777, #1019, #6454, #1424 ) ) ;
#6771 = EDGE_CURVE ( 'NONE', #6205, #8722, #653, .T. ) ;
#6772 = CARTESIAN_POINT ( 'NONE',  ( -72.00000000000001421, -1.999999999999980460, 2.000000000000000000 ) ) ;
#6773 = ORIENTED_EDGE ( 'NONE', *, *, #5154, .T. ) ;
#6774 = LINE ( 'NONE', #371, #366 ) ;
#6775 = ORIENTED_EDGE ( 'NONE', *, *, #2788, .F. ) ;
#6776 = CIRCLE ( 'NONE', #2590, 19.99999999999999645 ) ;
#6777 = CARTESIAN_POINT ( 'NONE',  ( 6.999999999999978684, 72.00000000000002842, 5.000000000000000000 ) ) ;
#6778 = VECTOR ( 'NONE', #6268, 1000.000000000000000 ) ;
#6779 = CARTESIAN_POINT ( 'NONE',  ( 72.00000000000001421, -44.99999999999997158, 5.000000000000000000 ) ) ;
#6780 = ORIENTED_EDGE ( 'NONE', *, *, #6719, .F. ) ;
#6781 = EDGE_CURVE ( 'NONE', #5199, #5044, #7207, .T. ) ;
#6782 = VECTOR ( 'NONE', #9216, 1000.000000000000000 ) ;
#6783 = VERTEX_POINT ( 'NONE', #703 ) ;
#6784 = FACE_OUTER_BOUND ( 'NONE', #8677, .T. ) ;
#6785 = ORIENTED_EDGE ( 'NONE', *, *, #3895, .F. ) ;
#6786 = CARTESIAN_POINT ( 'NONE',  ( 10.00000000000000178, -71.99999999999997158, 2.000000000000000000 ) ) ;
#6787 = LINE ( 'NONE', #3233, #8927 ) ;
#6788 = VERTEX_POINT ( 'NONE', #6 ) ;
#6789 = DIRECTION ( 'NONE',  ( 0.000000000000000000, -1.000000000000000000, 8.673617379884040402E-17 ) ) ;
#6790 = LINE ( 'NONE', #3191, #8419 ) ;
#6791 = VECTOR ( 'NONE', #7655, 1000.000000000000000 ) ;
#6792 = CARTESIAN_POINT ( 'NONE',  ( 75.00000000000001421, -69.99999999999998579, 1.999999999999999556 ) ) ;
#6793 = EDGE_CURVE ( 'NONE', #2268, #3141, #2857, .T. ) ;
#6794 = FACE_OUTER_BOUND ( 'NONE', #4542, .T. ) ;
#6795 = VECTOR ( 'NONE', #5881, 1000.000000000000000 ) ;
#6796 = CARTESIAN_POINT ( 'NONE',  ( -72.00000000000000000, -56.99999999999997868, 5.000000000000000000 ) ) ;
#6797 = CARTESIAN_POINT ( 'NONE',  ( -59.99999999999999289, -74.99999999999997158, 2.000000000000000000 ) ) ;
#6798 = CARTESIAN_POINT ( 'NONE',  ( -72.00000000000000000, -61.99999999999997868, 5.000000000000000000 ) ) ;
#6799 = LINE ( 'NONE', #3771, #677 ) ;
#6800 = CARTESIAN_POINT ( 'NONE',  ( -72.00000000000001421, 43.00000000000000711, 5.000000000000000000 ) ) ;
#6801 = ORIENTED_EDGE ( 'NONE', *, *, #8001, .F. ) ;
#6802 = ORIENTED_EDGE ( 'NONE', *, *, #6113, .F. ) ;
#6803 = VECTOR ( 'NONE', #1483, 1000.000000000000000 ) ;
#6804 = VECTOR ( 'NONE', #7851, 1000.000000000000000 ) ;
#6805 = EDGE_CURVE ( 'NONE', #3681, #9196, #750, .T. ) ;
#6806 = ADVANCED_FACE ( 'NONE', ( #2341 ), #8150, .F. ) ;
#6807 = CARTESIAN_POINT ( 'NONE',  ( 50.00000000000000000, -71.99999999999997158, 2.000000000000000000 ) ) ;
#6808 = CARTESIAN_POINT ( 'NONE',  ( 72.00000000000000000, -4.999999999999977796, 2.000000000000000000 ) ) ;
#6809 = CARTESIAN_POINT ( 'NONE',  ( -7.500000000000000000, 20.00000000000000355, 5.000000000000000000 ) ) ;
#6810 = CARTESIAN_POINT ( 'NONE',  ( 71.99999999999998579, 72.00000000000002842, 2.000000000000000000 ) ) ;
#6811 = ORIENTED_EDGE ( 'NONE', *, *, #2948, .T. ) ;
#6812 = DIRECTION ( 'NONE',  ( -1.000000000000000000, 0.000000000000000000, -1.734723475976807834E-16 ) ) ;
#6813 = ORIENTED_EDGE ( 'NONE', *, *, #2574, .F. ) ;
#6814 = VERTEX_POINT ( 'NONE', #4496 ) ;
#6815 = ORIENTED_EDGE ( 'NONE', *, *, #6901, .F. ) ;
#6816 = ORIENTED_EDGE ( 'NONE', *, *, #2630, .T. ) ;
#6817 = LINE ( 'NONE', #3260, #6346 ) ;
#6818 = ORIENTED_EDGE ( 'NONE', *, *, #1914, .T. ) ;
#6819 = DIRECTION ( 'NONE',  ( 0.000000000000000000, 0.000000000000000000, -1.000000000000000000 ) ) ;
#6820 = ORIENTED_EDGE ( 'NONE', *, *, #4893, .F. ) ;
#6821 = ORIENTED_EDGE ( 'NONE', *, *, #4924, .T. ) ;
#6822 = PLANE ( 'NONE',  #6496 ) ;
#6823 = ADVANCED_FACE ( 'NONE', ( #5249 ), #1733, .F. ) ;
#6824 = DIRECTION ( 'NONE',  ( -0.000000000000000000, -1.000000000000000000, -0.000000000000000000 ) ) ;
#6825 = EDGE_CURVE ( 'NONE', #2757, #1600, #8818, .T. ) ;
#6826 = VERTEX_POINT ( 'NONE', #8101 ) ;
#6827 = ORIENTED_EDGE ( 'NONE', *, *, #344, .T. ) ;
#6828 = FACE_OUTER_BOUND ( 'NONE', #5803, .T. ) ;
#6829 = VERTEX_POINT ( 'NONE', #5943 ) ;
#6830 = CARTESIAN_POINT ( 'NONE',  ( 74.99999999999998579, 75.00000000000002842, 0.000000000000000000 ) ) ;
#6831 = CYLINDRICAL_SURFACE ( 'NONE', #529, 19.99999999999999645 ) ;
#6832 = CYLINDRICAL_SURFACE ( 'NONE', #4871, 1.600000000000006750 ) ;
#6833 = CARTESIAN_POINT ( 'NONE',  ( 72.00000000000000000, 15.00000000000002665, 5.000000000000000000 ) ) ;
#6834 = ADVANCED_FACE ( 'NONE', ( #1632 ), #7400, .F. ) ;
#6835 = ORIENTED_EDGE ( 'NONE', *, *, #8432, .F. ) ;
#6836 = DIRECTION ( 'NONE',  ( -0.000000000000000000, 1.000000000000000000, -0.000000000000000000 ) ) ;
#6837 = DIRECTION ( 'NONE',  ( 0.000000000000000000, 0.000000000000000000, -1.000000000000000000 ) ) ;
#6838 = CARTESIAN_POINT ( 'NONE',  ( 74.99999999999998579, 70.00000000000001421, 1.999999999999999556 ) ) ;
#6839 = DIRECTION ( 'NONE',  ( -1.000000000000000000, 0.000000000000000000, 8.673617379884028076E-17 ) ) ;
#6840 = CARTESIAN_POINT ( 'NONE',  ( 74.99999999999998579, 55.00000000000002132, 5.000000000000000000 ) ) ;
#6841 = CARTESIAN_POINT ( 'NONE',  ( -75.00000000000001421, 63.00000000000001421, 5.000000000000000000 ) ) ;
#6842 = DIRECTION ( 'NONE',  ( -1.000000000000000000, -0.000000000000000000, -0.000000000000000000 ) ) ;
#6843 = CARTESIAN_POINT ( 'NONE',  ( -75.00000000000000000, -46.99999999999998579, 1.999999999999999556 ) ) ;
#6844 = ADVANCED_FACE ( 'NONE', ( #4548 ), #8856, .F. ) ;
#6845 = ORIENTED_EDGE ( 'NONE', *, *, #9204, .T. ) ;
#6846 = PLANE ( 'NONE',  #2668 ) ;
#6847 = CARTESIAN_POINT ( 'NONE',  ( -15.00000000000000000, -71.99999999999997158, 5.000000000000000000 ) ) ;
#6848 = LINE ( 'NONE', #8261, #195 ) ;
#6849 = LINE ( 'NONE', #1102, #1819 ) ;
#6850 = FACE_OUTER_BOUND ( 'NONE', #577, .T. ) ;
#6851 = VERTEX_POINT ( 'NONE', #2388 ) ;
#6852 = EDGE_CURVE ( 'NONE', #898, #5598, #8810, .T. ) ;
#6853 = ORIENTED_EDGE ( 'NONE', *, *, #155, .T. ) ;
#6854 = EDGE_CURVE ( 'NONE', #4932, #1095, #4636, .T. ) ;
#6855 = ORIENTED_EDGE ( 'NONE', *, *, #3872, .T. ) ;
#6856 = VECTOR ( 'NONE', #1682, 1000.000000000000000 ) ;
#6857 = CARTESIAN_POINT ( 'NONE',  ( -72.00000000000001421, 43.00000000000000711, 1.999999999999999556 ) ) ;
#6858 = ORIENTED_EDGE ( 'NONE', *, *, #5843, .T. ) ;
#6859 = AXIS2_PLACEMENT_3D ( 'NONE', #3719, #8034, #6566 ) ;
#6860 = FACE_OUTER_BOUND ( 'NONE', #5294, .T. ) ;
#6861 = VERTEX_POINT ( 'NONE', #6642 ) ;
#6862 = ORIENTED_EDGE ( 'NONE', *, *, #2286, .T. ) ;
#6863 = CARTESIAN_POINT ( 'NONE',  ( -75.00000000000001421, 75.00000000000002842, 5.000000000000000000 ) ) ;
#6864 = EDGE_CURVE ( 'NONE', #3797, #2370, #987, .T. ) ;
#6865 = CARTESIAN_POINT ( 'NONE',  ( -50.00000000000000000, -71.99999999999997158, 5.000000000000000000 ) ) ;
#6866 = ORIENTED_EDGE ( 'NONE', *, *, #4807, .F. ) ;
#6867 = VECTOR ( 'NONE', #4283, 1000.000000000000000 ) ;
#6868 = EDGE_CURVE ( 'NONE', #7950, #6788, #2434, .T. ) ;
#6869 = VERTEX_POINT ( 'NONE', #3887 ) ;
#6870 = EDGE_CURVE ( 'NONE', #928, #2292, #8769, .T. ) ;
#6871 = CARTESIAN_POINT ( 'NONE',  ( 25.00000000000000711, -71.99999999999997158, 5.000000000000000000 ) ) ;
#6872 = VERTEX_POINT ( 'NONE', #285 ) ;
#6873 = DIRECTION ( 'NONE',  ( 0.000000000000000000, 0.000000000000000000, -1.000000000000000000 ) ) ;
#6874 = DIRECTION ( 'NONE',  ( -1.000000000000000000, -1.850371707708594070E-16, -0.000000000000000000 ) ) ;
#6875 = CARTESIAN_POINT ( 'NONE',  ( -100.0000000000000000, -71.99999999999997158, 0.000000000000000000 ) ) ;
#6876 = DIRECTION ( 'NONE',  ( 0.000000000000000000, -1.000000000000000000, 8.673617379884040402E-17 ) ) ;
#6877 = ADVANCED_FACE ( 'NONE', ( #380 ), #3232, .T. ) ;
#6878 = PLANE ( 'NONE',  #4323 ) ;
#6879 = LINE ( 'NONE', #8920, #7825 ) ;
#6880 = DIRECTION ( 'NONE',  ( 1.604941620322697548E-32, -8.673617379884039170E-17, -1.000000000000000000 ) ) ;
#6881 = DIRECTION ( 'NONE',  ( -0.000000000000000000, -0.000000000000000000, 1.000000000000000000 ) ) ;
#6882 = CARTESIAN_POINT ( 'NONE',  ( -10.00000000000000178, -71.99999999999997158, 2.000000000000000000 ) ) ;
#6883 = LINE ( 'NONE', #8388, #3228 ) ;
#6884 = DIRECTION ( 'NONE',  ( 0.000000000000000000, -0.000000000000000000, 1.000000000000000000 ) ) ;
#6885 = PLANE ( 'NONE',  #6469 ) ;
#6886 = ORIENTED_EDGE ( 'NONE', *, *, #6651, .F. ) ;
#6887 = VECTOR ( 'NONE', #1226, 1000.000000000000000 ) ;
#6888 = LINE ( 'NONE', #6140, #2575 ) ;
#6889 = ADVANCED_FACE ( 'NONE', ( #7296 ), #188, .F. ) ;
#6890 = DIRECTION ( 'NONE',  ( 1.000000000000000000, 0.000000000000000000, 0.000000000000000000 ) ) ;
#6891 = CARTESIAN_POINT ( 'NONE',  ( 7.500000000000000000, 20.00000000000000355, 5.000000000000000000 ) ) ;
#6892 = PLANE ( 'NONE',  #480 ) ;
#6893 = LINE ( 'NONE', #5632, #7756 ) ;
#6894 = ORIENTED_EDGE ( 'NONE', *, *, #7841, .T. ) ;
#6895 = ORIENTED_EDGE ( 'NONE', *, *, #322, .F. ) ;
#6896 = AXIS2_PLACEMENT_3D ( 'NONE', #7415, #4463, #897 ) ;
#6897 = ORIENTED_EDGE ( 'NONE', *, *, #7899, .T. ) ;
#6898 = EDGE_CURVE ( 'NONE', #6148, #2601, #885, .T. ) ;
#6899 = VECTOR ( 'NONE', #7262, 1000.000000000000000 ) ;
#6900 = CARTESIAN_POINT ( 'NONE',  ( -54.99999999999999289, -71.99999999999997158, 5.000000000000000000 ) ) ;
#6901 = EDGE_CURVE ( 'NONE', #8221, #2356, #8009, .T. ) ;
#6902 = VERTEX_POINT ( 'NONE', #5896 ) ;
#6903 = DIRECTION ( 'NONE',  ( -0.000000000000000000, -0.000000000000000000, -1.000000000000000000 ) ) ;
#6904 = ORIENTED_EDGE ( 'NONE', *, *, #7946, .F. ) ;
#6905 = ORIENTED_EDGE ( 'NONE', *, *, #3830, .T. ) ;
#6906 = DIRECTION ( 'NONE',  ( -0.000000000000000000, -1.000000000000000000, -0.000000000000000000 ) ) ;
#6907 = ORIENTED_EDGE ( 'NONE', *, *, #8793, .T. ) ;
#6908 = CARTESIAN_POINT ( 'NONE',  ( -38.00000000000002132, 72.00000000000002842, 2.000000000000000000 ) ) ;
#6909 = VECTOR ( 'NONE', #9142, 1000.000000000000000 ) ;
#6910 = CIRCLE ( 'NONE', #2881, 18.00000000000000000 ) ;
#6911 = ADVANCED_FACE ( 'NONE', ( #462 ), #1123, .T. ) ;
#6912 = EDGE_CURVE ( 'NONE', #2292, #6622, #7846, .T. ) ;
#6913 = ORIENTED_EDGE ( 'NONE', *, *, #5056, .T. ) ;
#6914 = CIRCLE ( 'NONE', #7369, 1.600000000000004086 ) ;
#6915 = DIRECTION ( 'NONE',  ( 1.000000000000000000, 0.000000000000000000, 0.000000000000000000 ) ) ;
#6916 = VECTOR ( 'NONE', #4347, 1000.000000000000000 ) ;
#6917 = ORIENTED_EDGE ( 'NONE', *, *, #7829, .T. ) ;
#6918 = LINE ( 'NONE', #3984, #6701 ) ;
#6919 = CARTESIAN_POINT ( 'NONE',  ( 65.00000000000002842, 64.99999999999998579, 2.000000000000000000 ) ) ;
#6920 = DIRECTION ( 'NONE',  ( 0.000000000000000000, -0.000000000000000000, 1.000000000000000000 ) ) ;
#6921 = CARTESIAN_POINT ( 'NONE',  ( 72.00000000000000000, -9.999999999999980460, 5.000000000000000000 ) ) ;
#6922 = EDGE_CURVE ( 'NONE', #4564, #7978, #6918, .T. ) ;
#6923 = VECTOR ( 'NONE', #8958, 1000.000000000000000 ) ;
#6924 = CARTESIAN_POINT ( 'NONE',  ( -15.00000000000000000, -71.99999999999997158, 5.000000000000000000 ) ) ;
#6925 = CARTESIAN_POINT ( 'NONE',  ( -40.00000000000000000, -71.99999999999997158, 2.000000000000000000 ) ) ;
#6926 = DIRECTION ( 'NONE',  ( 1.000000000000000000, 0.000000000000000000, 0.000000000000000000 ) ) ;
#6927 = DIRECTION ( 'NONE',  ( -1.000000000000000000, -1.850371707708594070E-16, -0.000000000000000000 ) ) ;
#6928 = VECTOR ( 'NONE', #8227, 1000.000000000000000 ) ;
#6929 = CARTESIAN_POINT ( 'NONE',  ( -72.00000000000000000, -31.99999999999997868, 5.000000000000000000 ) ) ;
#6930 = LINE ( 'NONE', #6506, #5770 ) ;
#6931 = LINE ( 'NONE', #9052, #8711 ) ;
#6932 = LINE ( 'NONE', #1179, #8126 ) ;
#6933 = EDGE_CURVE ( 'NONE', #3173, #4282, #8211, .T. ) ;
#6934 = VERTEX_POINT ( 'NONE', #6212 ) ;
#6935 = EDGE_CURVE ( 'NONE', #7882, #2104, #7579, .T. ) ;
#6936 = VECTOR ( 'NONE', #8081, 1000.000000000000000 ) ;
#6937 = DIRECTION ( 'NONE',  ( -1.000000000000000000, -1.850371707708594070E-16, -0.000000000000000000 ) ) ;
#6938 = LINE ( 'NONE', #4750, #169 ) ;
#6939 = DIRECTION ( 'NONE',  ( 0.000000000000000000, 0.000000000000000000, -1.000000000000000000 ) ) ;
#6940 = ORIENTED_EDGE ( 'NONE', *, *, #4837, .F. ) ;
#6941 = FACE_OUTER_BOUND ( 'NONE', #7347, .T. ) ;
#6942 = ORIENTED_EDGE ( 'NONE', *, *, #249, .T. ) ;
#6943 = VECTOR ( 'NONE', #2653, 1000.000000000000000 ) ;
#6944 = ORIENTED_EDGE ( 'NONE', *, *, #3553, .F. ) ;
#6945 = VERTEX_POINT ( 'NONE', #509 ) ;
#6946 = EDGE_CURVE ( 'NONE', #1926, #3436, #1206, .T. ) ;
#6947 = VECTOR ( 'NONE', #7568, 1000.000000000000000 ) ;
#6948 = AXIS2_PLACEMENT_3D ( 'NONE', #866, #3723, #2718 ) ;
#6949 = CARTESIAN_POINT ( 'NONE',  ( 41.99999999999997868, 72.00000000000002842, 2.000000000000000000 ) ) ;
#6950 = ORIENTED_EDGE ( 'NONE', *, *, #6128, .F. ) ;
#6951 = DIRECTION ( 'NONE',  ( -1.000000000000000000, -1.850371707708594070E-16, 0.000000000000000000 ) ) ;
#6952 = ORIENTED_EDGE ( 'NONE', *, *, #6446, .T. ) ;
#6953 = VERTEX_POINT ( 'NONE', #4242 ) ;
#6954 = CARTESIAN_POINT ( 'NONE',  ( -72.00000000000000000, -41.99999999999998579, 5.000000000000000000 ) ) ;
#6955 = ORIENTED_EDGE ( 'NONE', *, *, #2186, .T. ) ;
#6956 = DIRECTION ( 'NONE',  ( -2.312964634635742661E-15, -0.000000000000000000, 1.000000000000000000 ) ) ;
#6957 = EDGE_CURVE ( 'NONE', #9229, #7143, #3361, .T. ) ;
#6958 = VECTOR ( 'NONE', #2201, 1000.000000000000000 ) ;
#6959 = ORIENTED_EDGE ( 'NONE', *, *, #3656, .F. ) ;
#6960 = DIRECTION ( 'NONE',  ( 0.000000000000000000, 0.000000000000000000, -1.000000000000000000 ) ) ;
#6961 = ORIENTED_EDGE ( 'NONE', *, *, #1300, .F. ) ;
#6962 = CARTESIAN_POINT ( 'NONE',  ( 66.99999999999997158, 75.00000000000002842, 2.000000000000000444 ) ) ;
#6963 = CARTESIAN_POINT ( 'NONE',  ( -72.00000000000001421, 68.00000000000001421, 2.000000000000000000 ) ) ;
#6964 = EDGE_CURVE ( 'NONE', #1563, #5692, #1907, .T. ) ;
#6965 = ADVANCED_FACE ( 'NONE', ( #2661 ), #7134, .F. ) ;
#6966 = LINE ( 'NONE', #4821, #8706 ) ;
#6967 = LINE ( 'NONE', #8433, #2310 ) ;
#6968 = DIRECTION ( 'NONE',  ( -1.000000000000000000, 0.000000000000000000, 0.000000000000000000 ) ) ;
#6969 = DIRECTION ( 'NONE',  ( 0.000000000000000000, 1.000000000000000000, 0.000000000000000000 ) ) ;
#6970 = FACE_OUTER_BOUND ( 'NONE', #574, .T. ) ;
#6971 = DIRECTION ( 'NONE',  ( 0.000000000000000000, 1.000000000000000000, -8.673617379884039170E-17 ) ) ;
#6972 = FACE_OUTER_BOUND ( 'NONE', #688, .T. ) ;
#6973 = CARTESIAN_POINT ( 'NONE',  ( 61.99999999999997868, 72.00000000000002842, 5.000000000000000000 ) ) ;
#6974 = EDGE_CURVE ( 'NONE', #5313, #4217, #7792, .T. ) ;
#6975 = CARTESIAN_POINT ( 'NONE',  ( -72.00000000000000000, -26.99999999999998224, 5.000000000000000000 ) ) ;
#6976 = ORIENTED_EDGE ( 'NONE', *, *, #7787, .T. ) ;
#6977 = ORIENTED_EDGE ( 'NONE', *, *, #74, .F. ) ;
#6978 = DIRECTION ( 'NONE',  ( -0.000000000000000000, 1.000000000000000000, -0.000000000000000000 ) ) ;
#6979 = CARTESIAN_POINT ( 'NONE',  ( -18.00000000000001421, 75.00000000000002842, 5.000000000000000000 ) ) ;
#6980 = DIRECTION ( 'NONE',  ( 1.000000000000000000, -0.000000000000000000, 2.312964634635742661E-15 ) ) ;
#6981 = ORIENTED_EDGE ( 'NONE', *, *, #7167, .T. ) ;
#6982 = EDGE_CURVE ( 'NONE', #4472, #7944, #681, .T. ) ;
#6983 = PLANE ( 'NONE',  #7911 ) ;
#6984 = LINE ( 'NONE', #7784, #4063 ) ;
#6985 = ORIENTED_EDGE ( 'NONE', *, *, #8068, .F. ) ;
#6986 = ORIENTED_EDGE ( 'NONE', *, *, #6868, .F. ) ;
#6987 = DIRECTION ( 'NONE',  ( 0.000000000000000000, 0.000000000000000000, -1.000000000000000000 ) ) ;
#6988 = DIRECTION ( 'NONE',  ( -0.000000000000000000, -1.000000000000000000, -0.000000000000000000 ) ) ;
#6989 = ORIENTED_EDGE ( 'NONE', *, *, #6935, .F. ) ;
#6990 = EDGE_CURVE ( 'NONE', #8375, #9110, #6122, .T. ) ;
#6991 = DIRECTION ( 'NONE',  ( 0.000000000000000000, 1.000000000000000000, 0.000000000000000000 ) ) ;
#6992 = ORIENTED_EDGE ( 'NONE', *, *, #4703, .F. ) ;
#6993 = VECTOR ( 'NONE', #6405, 1000.000000000000000 ) ;
#6994 = LINE ( 'NONE', #5551, #1565 ) ;
#6995 = ORIENTED_EDGE ( 'NONE', *, *, #1389, .T. ) ;
#6996 = CARTESIAN_POINT ( 'NONE',  ( -64.99999999999997158, 64.99999999999998579, 2.000000000000000000 ) ) ;
#6997 = VECTOR ( 'NONE', #8990, 1000.000000000000000 ) ;
#6998 = DIRECTION ( 'NONE',  ( -0.000000000000000000, -0.000000000000000000, -1.000000000000000000 ) ) ;
#6999 = ORIENTED_EDGE ( 'NONE', *, *, #2173, .T. ) ;
#7000 = EDGE_CURVE ( 'NONE', #6622, #914, #6383, .T. ) ;
#7001 = CARTESIAN_POINT ( 'NONE',  ( -80.00000000000000000, 72.00000000000002842, 0.000000000000000000 ) ) ;
#7002 = VERTEX_POINT ( 'NONE', #9036 ) ;
#7003 = CARTESIAN_POINT ( 'NONE',  ( -72.00000000000001421, 23.00000000000001421, 5.000000000000000000 ) ) ;
#7004 = EDGE_LOOP ( 'NONE', ( #4058, #6780, #9163, #7366 ) ) ;
#7006 = DIRECTION ( 'NONE',  ( 1.000000000000000000, -0.000000000000000000, 1.734723475976808080E-16 ) ) ;
#7005 = VECTOR ( 'NONE', #5033, 1000.000000000000000 ) ;
#7007 = DIRECTION ( 'NONE',  ( -8.673617379884028076E-17, 0.000000000000000000, -1.000000000000000000 ) ) ;
#7008 = ADVANCED_FACE ( 'NONE', ( #3272 ), #727, .F. ) ;
#7009 = DIRECTION ( 'NONE',  ( -1.000000000000000000, 0.000000000000000000, 0.000000000000000000 ) ) ;
#7010 = LINE ( 'NONE', #2907, #5879 ) ;
#7011 = EDGE_CURVE ( 'NONE', #2964, #5625, #8950, .T. ) ;
#7012 = DIRECTION ( 'NONE',  ( 0.000000000000000000, 0.000000000000000000, -1.000000000000000000 ) ) ;
#7013 = LINE ( 'NONE', #4215, #513 ) ;
#7014 = CARTESIAN_POINT ( 'NONE',  ( -3.000000000000030198, 72.00000000000002842, 2.000000000000000444 ) ) ;
#7015 = CARTESIAN_POINT ( 'NONE',  ( 7.500000000000000000, 20.00000000000000355, 5.000000000000000000 ) ) ;
#7016 = PLANE ( 'NONE',  #8264 ) ;
#7017 = CARTESIAN_POINT ( 'NONE',  ( 72.00000000000000000, 20.00000000000001776, 1.999999999999999556 ) ) ;
#7018 = ORIENTED_EDGE ( 'NONE', *, *, #4113, .T. ) ;
#7019 = EDGE_LOOP ( 'NONE', ( #8949, #321, #2830, #5231 ) ) ;
#7020 = DIRECTION ( 'NONE',  ( -0.000000000000000000, 1.000000000000000000, -0.000000000000000000 ) ) ;
#7021 = LINE ( 'NONE', #4886, #6281 ) ;
#7022 = CARTESIAN_POINT ( 'NONE',  ( 71.99999999999998579, 55.00000000000002132, 2.000000000000000000 ) ) ;
#7023 = ADVANCED_FACE ( 'NONE', ( #1815 ), #4684, .T. ) ;
#7024 = ORIENTED_EDGE ( 'NONE', *, *, #6490, .F. ) ;
#7025 = DIRECTION ( 'NONE',  ( 1.000000000000000000, 1.850371707708594070E-16, -0.000000000000000000 ) ) ;
#7026 = LINE ( 'NONE', #5034, #2562 ) ;
#7027 = ORIENTED_EDGE ( 'NONE', *, *, #4503, .F. ) ;
#7028 = VERTEX_POINT ( 'NONE', #4024 ) ;
#7029 = VECTOR ( 'NONE', #2727, 1000.000000000000000 ) ;
#7030 = EDGE_CURVE ( 'NONE', #3141, #1474, #7537, .T. ) ;
#7031 = CARTESIAN_POINT ( 'NONE',  ( -3.500000000000003109, -57.99999999999997158, 5.000000000000000888 ) ) ;
#7032 = CARTESIAN_POINT ( 'NONE',  ( 75.00000000000000000, -39.99999999999997868, 5.000000000000000000 ) ) ;
#7033 = ORIENTED_EDGE ( 'NONE', *, *, #5791, .F. ) ;
#7034 = DIRECTION ( 'NONE',  ( -2.312964634635742661E-15, -0.000000000000000000, 1.000000000000000000 ) ) ;
#7036 = ORIENTED_EDGE ( 'NONE', *, *, #3062, .F. ) ;
#7035 = VECTOR ( 'NONE', #5860, 1000.000000000000000 ) ;
#7037 = ORIENTED_EDGE ( 'NONE', *, *, #4169, .T. ) ;
#7038 = DIRECTION ( 'NONE',  ( -1.000000000000000000, 0.000000000000000000, -0.000000000000000000 ) ) ;
#7039 = EDGE_LOOP ( 'NONE', ( #6194, #2509, #5644, #1012 ) ) ;
#7040 = EDGE_LOOP ( 'NONE', ( #508, #930, #6734, #238 ) ) ;
#7041 = CARTESIAN_POINT ( 'NONE',  ( -75.00000000000001421, 28.00000000000001776, 5.000000000000000000 ) ) ;
#7042 = EDGE_CURVE ( 'NONE', #7075, #3738, #4473, .T. ) ;
#7043 = AXIS2_PLACEMENT_3D ( 'NONE', #4309, #7007, #2710 ) ;
#7044 = AXIS2_PLACEMENT_3D ( 'NONE', #5870, #2315, #8078 ) ;
#7045 = LINE ( 'NONE', #1293, #3357 ) ;
#7046 = ORIENTED_EDGE ( 'NONE', *, *, #1350, .F. ) ;
#7047 = CARTESIAN_POINT ( 'NONE',  ( 31.99999999999997868, 72.00000000000002842, 5.000000000000000000 ) ) ;
#7048 = ORIENTED_EDGE ( 'NONE', *, *, #6530, .F. ) ;
#7049 = AXIS2_PLACEMENT_3D ( 'NONE', #8389, #3287, #8254 ) ;
#7050 = CARTESIAN_POINT ( 'NONE',  ( 75.00000000000000000, 5.000000000000018652, 5.000000000000000000 ) ) ;
#7051 = AXIS2_PLACEMENT_3D ( 'NONE', #4689, #6742, #6126 ) ;
#7052 = PLANE ( 'NONE',  #9171 ) ;
#7053 = DIRECTION ( 'NONE',  ( -1.000000000000000000, 0.000000000000000000, 0.000000000000000000 ) ) ;
#7054 = VECTOR ( 'NONE', #2493, 1000.000000000000000 ) ;
#7055 = ADVANCED_FACE ( 'NONE', ( #7892 ), #214, .T. ) ;
#7056 = VECTOR ( 'NONE', #6420, 1000.000000000000000 ) ;
#7057 = VECTOR ( 'NONE', #4394, 1000.000000000000000 ) ;
#7058 = LINE ( 'NONE', #4211, #8752 ) ;
#7059 = LINE ( 'NONE', #5061, #5732 ) ;
#7060 = DIRECTION ( 'NONE',  ( 1.000000000000000000, 0.000000000000000000, 0.000000000000000000 ) ) ;
#7061 = PLANE ( 'NONE',  #8600 ) ;
#7062 = LINE ( 'NONE', #655, #3138 ) ;
#7063 = ORIENTED_EDGE ( 'NONE', *, *, #4423, .F. ) ;
#7064 = LINE ( 'NONE', #7823, #4581 ) ;
#7065 = CARTESIAN_POINT ( 'NONE',  ( -45.00000000000000000, -71.99999999999997158, 1.999999999999999112 ) ) ;
#7066 = VECTOR ( 'NONE', #1918, 1000.000000000000000 ) ;
#7067 = DIRECTION ( 'NONE',  ( -0.000000000000000000, 1.000000000000000000, 8.673617379884028076E-17 ) ) ;
#7068 = ORIENTED_EDGE ( 'NONE', *, *, #6729, .T. ) ;
#7069 = ORIENTED_EDGE ( 'NONE', *, *, #811, .T. ) ;
#7070 = ADVANCED_FACE ( 'NONE', ( #823 ), #3677, .F. ) ;
#7071 = DIRECTION ( 'NONE',  ( 1.000000000000000000, 0.000000000000000000, 0.000000000000000000 ) ) ;
#7072 = AXIS2_PLACEMENT_3D ( 'NONE', #4728, #378, #5473 ) ;
#7073 = LINE ( 'NONE', #666, #633 ) ;
#7074 = CARTESIAN_POINT ( 'NONE',  ( 56.40000000000000568, 3.500000000000003109, 15.00000000000000000 ) ) ;
#7075 = VERTEX_POINT ( 'NONE', #3070 ) ;
#7076 = CARTESIAN_POINT ( 'NONE',  ( 72.00000000000000000, -24.99999999999998224, 5.000000000000000000 ) ) ;
#7077 = PLANE ( 'NONE',  #5265 ) ;
#7078 = VERTEX_POINT ( 'NONE', #1610 ) ;
#7079 = ORIENTED_EDGE ( 'NONE', *, *, #791, .F. ) ;
#7080 = EDGE_CURVE ( 'NONE', #1600, #2473, #7180, .T. ) ;
#7081 = AXIS2_PLACEMENT_3D ( 'NONE', #5186, #3767, #6618 ) ;
#7082 = EDGE_CURVE ( 'NONE', #6425, #7418, #863, .T. ) ;
#7083 = CARTESIAN_POINT ( 'NONE',  ( 66.99999999999997158, 72.00000000000002842, 5.000000000000000000 ) ) ;
#7084 = LINE ( 'NONE', #2694, #1811 ) ;
#7085 = EDGE_LOOP ( 'NONE', ( #3441, #1163, #912, #825 ) ) ;
#7086 = VECTOR ( 'NONE', #8918, 1000.000000000000000 ) ;
#7087 = CARTESIAN_POINT ( 'NONE',  ( -58.00000000000002132, 72.00000000000002842, 5.000000000000000000 ) ) ;
#7088 = FACE_OUTER_BOUND ( 'NONE', #2298, .T. ) ;
#7089 = EDGE_LOOP ( 'NONE', ( #7271, #3217, #5710, #1942 ) ) ;
#7090 = EDGE_LOOP ( 'NONE', ( #6331, #1571, #7156, #8643 ) ) ;
#7091 = AXIS2_PLACEMENT_3D ( 'NONE', #3510, #400, #1603 ) ;
#7092 = FACE_OUTER_BOUND ( 'NONE', #182, .T. ) ;
#7093 = VERTEX_POINT ( 'NONE', #4388 ) ;
#7094 = ORIENTED_EDGE ( 'NONE', *, *, #9031, .F. ) ;
#7095 = LINE ( 'NONE', #9223, #6165 ) ;
#7096 = ORIENTED_EDGE ( 'NONE', *, *, #2920, .T. ) ;
#7097 = VECTOR ( 'NONE', #904, 1000.000000000000000 ) ;
#7098 = VECTOR ( 'NONE', #1243, 1000.000000000000000 ) ;
#7099 = CARTESIAN_POINT ( 'NONE',  ( -72.00000000000001421, -10.00000000000000000, 0.000000000000000000 ) ) ;
#7100 = VERTEX_POINT ( 'NONE', #908 ) ;
#7101 = DIRECTION ( 'NONE',  ( -1.000000000000000000, 0.000000000000000000, 8.673617379884028076E-17 ) ) ;
#7102 = ORIENTED_EDGE ( 'NONE', *, *, #6161, .T. ) ;
#7103 = EDGE_CURVE ( 'NONE', #5025, #4953, #7322, .T. ) ;
#7104 = EDGE_CURVE ( 'NONE', #7566, #2384, #2365, .T. ) ;
#7105 = VECTOR ( 'NONE', #3020, 1000.000000000000000 ) ;
#7106 = CARTESIAN_POINT ( 'NONE',  ( 5.100000000000009415, 57.99999999999997158, 5.000000000000000888 ) ) ;
#7107 = DIRECTION ( 'NONE',  ( -0.000000000000000000, -0.000000000000000000, -1.000000000000000000 ) ) ;
#7108 = DIRECTION ( 'NONE',  ( -0.000000000000000000, -0.000000000000000000, 1.000000000000000000 ) ) ;
#7109 = VECTOR ( 'NONE', #1737, 1000.000000000000000 ) ;
#7110 = FACE_OUTER_BOUND ( 'NONE', #8658, .T. ) ;
#7111 = CARTESIAN_POINT ( 'NONE',  ( 72.00000000000001421, -54.99999999999997868, 5.000000000000000000 ) ) ;
#7112 = DIRECTION ( 'NONE',  ( -1.000000000000000000, 0.000000000000000000, 8.673617379884028076E-17 ) ) ;
#7113 = EDGE_CURVE ( 'NONE', #2334, #1758, #5229, .T. ) ;
#7114 = DIRECTION ( 'NONE',  ( 1.000000000000000000, 1.850371707708594070E-16, -0.000000000000000000 ) ) ;
#7115 = ORIENTED_EDGE ( 'NONE', *, *, #5495, .F. ) ;
#7116 = SURFACE_SIDE_STYLE ('',( #2954 ) ) ;
#7117 = CARTESIAN_POINT ( 'NONE',  ( 6.999999999999978684, 72.00000000000002842, 5.000000000000000000 ) ) ;
#7118 = DIRECTION ( 'NONE',  ( 0.000000000000000000, 0.000000000000000000, -1.000000000000000000 ) ) ;
#7119 = VERTEX_POINT ( 'NONE', #162 ) ;
#7120 = EDGE_LOOP ( 'NONE', ( #3631, #8326, #5661, #126 ) ) ;
#7121 = DIRECTION ( 'NONE',  ( -0.000000000000000000, 1.000000000000000000, -0.000000000000000000 ) ) ;
#7122 = DIRECTION ( 'NONE',  ( -0.000000000000000000, -0.000000000000000000, 1.000000000000000000 ) ) ;
#7123 = FACE_OUTER_BOUND ( 'NONE', #7612, .T. ) ;
#7124 = VERTEX_POINT ( 'NONE', #8741 ) ;
#7125 = EDGE_CURVE ( 'NONE', #7902, #3953, #7231, .T. ) ;
#7126 = CARTESIAN_POINT ( 'NONE',  ( -72.00000000000000000, -56.99999999999997868, 5.000000000000000000 ) ) ;
#7127 = PLANE ( 'NONE',  #471 ) ;
#7128 = ORIENTED_EDGE ( 'NONE', *, *, #8923, .F. ) ;
#7129 = ORIENTED_EDGE ( 'NONE', *, *, #6852, .T. ) ;
#7130 = CARTESIAN_POINT ( 'NONE',  ( 74.99999999999998579, 45.00000000000002842, 2.000000000000000000 ) ) ;
#7131 = PLANE ( 'NONE',  #2119 ) ;
#7132 = ORIENTED_EDGE ( 'NONE', *, *, #8201, .F. ) ;
#7133 = EDGE_CURVE ( 'NONE', #2384, #6270, #1656, .T. ) ;
#7134 = PLANE ( 'NONE',  #8965 ) ;
#7135 = LINE ( 'NONE', #3581, #7240 ) ;
#7136 = EDGE_CURVE ( 'NONE', #8054, #7615, #5872, .T. ) ;
#7137 = ORIENTED_EDGE ( 'NONE', *, *, #5680, .T. ) ;
#7138 = VERTEX_POINT ( 'NONE', #4522 ) ;
#7139 = LINE ( 'NONE', #7184, #3521 ) ;
#7140 = ORIENTED_EDGE ( 'NONE', *, *, #5325, .F. ) ;
#7141 = ORIENTED_EDGE ( 'NONE', *, *, #1698, .T. ) ;
#7142 = DIRECTION ( 'NONE',  ( 0.000000000000000000, 0.000000000000000000, -1.000000000000000000 ) ) ;
#7143 = VERTEX_POINT ( 'NONE', #7985 ) ;
#7144 = DIRECTION ( 'NONE',  ( 1.000000000000000000, 1.850371707708594070E-16, 0.000000000000000000 ) ) ;
#7145 = ORIENTED_EDGE ( 'NONE', *, *, #2070, .T. ) ;
#7146 = VECTOR ( 'NONE', #5341, 1000.000000000000000 ) ;
#7147 = CARTESIAN_POINT ( 'NONE',  ( -49.99999999999999289, -71.99999999999997158, 2.000000000000000000 ) ) ;
#7148 = EDGE_CURVE ( 'NONE', #2706, #6205, #7375, .T. ) ;
#7149 = EDGE_LOOP ( 'NONE', ( #6195, #6680, #4927, #4545 ) ) ;
#7150 = CARTESIAN_POINT ( 'NONE',  ( -72.00000000000000000, -80.00000000000000000, 0.000000000000000000 ) ) ;
#7151 = VECTOR ( 'NONE', #8247, 1000.000000000000000 ) ;
#7152 = DIRECTION ( 'NONE',  ( -0.000000000000000000, 1.000000000000000000, -0.000000000000000000 ) ) ;
#7153 = DIRECTION ( 'NONE',  ( 0.000000000000000000, 0.000000000000000000, -1.000000000000000000 ) ) ;
#7154 = AXIS2_PLACEMENT_3D ( 'NONE', #4658, #6762, #6715 ) ;
#7155 = EDGE_CURVE ( 'NONE', #7902, #6344, #2263, .T. ) ;
#7156 = ORIENTED_EDGE ( 'NONE', *, *, #2540, .T. ) ;
#7157 = CARTESIAN_POINT ( 'NONE',  ( 65.00000000000002842, 64.99999999999998579, 2.000000000000000000 ) ) ;
#7158 = CARTESIAN_POINT ( 'NONE',  ( 41.99999999999997868, 72.00000000000002842, 5.000000000000000000 ) ) ;
#7159 = VERTEX_POINT ( 'NONE', #962 ) ;
#7160 = VECTOR ( 'NONE', #771, 1000.000000000000000 ) ;
#7161 = CARTESIAN_POINT ( 'NONE',  ( -74.99999999999998579, -74.99999999999997158, 5.000000000000000000 ) ) ;
#7162 = DIRECTION ( 'NONE',  ( -1.000000000000000000, 0.000000000000000000, 8.673617379884028076E-17 ) ) ;
#7163 = LINE ( 'NONE', #5716, #6158 ) ;
#7164 = CARTESIAN_POINT ( 'NONE',  ( 75.00000000000000000, 30.00000000000002132, 5.000000000000000000 ) ) ;
#7165 = VERTEX_POINT ( 'NONE', #7278 ) ;
#7166 = AXIS2_PLACEMENT_3D ( 'NONE', #3417, #4784, #7728 ) ;
#7167 = EDGE_CURVE ( 'NONE', #5829, #3094, #6430, .T. ) ;
#7168 = LINE ( 'NONE', #7779, #3964 ) ;
#7169 = CARTESIAN_POINT ( 'NONE',  ( -72.00000000000001421, 38.00000000000002132, 5.000000000000000000 ) ) ;
#7170 = DIRECTION ( 'NONE',  ( -8.673617379884028076E-17, 0.000000000000000000, -1.000000000000000000 ) ) ;
#7171 = VERTEX_POINT ( 'NONE', #2885 ) ;
#7172 = LINE ( 'NONE', #8596, #143 ) ;
#7173 = DIRECTION ( 'NONE',  ( 1.000000000000000000, -0.000000000000000000, -0.000000000000000000 ) ) ;
#7174 = ORIENTED_EDGE ( 'NONE', *, *, #481, .F. ) ;
#7175 = ORIENTED_EDGE ( 'NONE', *, *, #9180, .F. ) ;
#7176 = EDGE_CURVE ( 'NONE', #3857, #6869, #5042, .T. ) ;
#7177 = CARTESIAN_POINT ( 'NONE',  ( 5.000000000000004441, -71.99999999999997158, 5.000000000000000000 ) ) ;
#7178 = DIRECTION ( 'NONE',  ( 0.000000000000000000, 0.000000000000000000, -1.000000000000000000 ) ) ;
#7179 = VERTEX_POINT ( 'NONE', #8606 ) ;
#7180 = LINE ( 'NONE', #4432, #3574 ) ;
#7181 = DIRECTION ( 'NONE',  ( 0.000000000000000000, 1.000000000000000000, 8.673617379884028076E-17 ) ) ;
#7182 = ORIENTED_EDGE ( 'NONE', *, *, #3526, .T. ) ;
#7183 = VERTEX_POINT ( 'NONE', #7938 ) ;
#7184 = CARTESIAN_POINT ( 'NONE',  ( -72.00000000000001421, 48.00000000000001421, 2.000000000000000000 ) ) ;
#7185 = EDGE_LOOP ( 'NONE', ( #686, #4844, #5234, #5779, #8611, #9219, #3769, #3252, #3449, #5284, #4892, #4143, #1269, #1667, #6895, #3601, #8187, #8620, #2363, #3185, #4973, #8789, #3489, #4760, #5320, #3163, #7870, #5036, #8338, #361, #8237, #1071, #662, #5278, #8100, #4936, #5642, #9112, #3826, #8270, #4659, #4012, #8369, #8589, #2098, #5671, #8024, #406, #2037, #7523, #3381, #7140, #8142, #8765, #1449, #5002, #1197, #2556, #5645, #4230, #7518, #3712 ) ) ;
#7186 = ORIENTED_EDGE ( 'NONE', *, *, #7136, .F. ) ;
#7187 = DIRECTION ( 'NONE',  ( -0.000000000000000000, -0.000000000000000000, -1.000000000000000000 ) ) ;
#7188 = EDGE_LOOP ( 'NONE', ( #4588, #1655, #8426, #2842 ) ) ;
#7189 = EDGE_CURVE ( 'NONE', #3969, #1976, #5088, .T. ) ;
#7190 = ADVANCED_FACE ( 'NONE', ( #6850 ), #3865, .F. ) ;
#7191 = CARTESIAN_POINT ( 'NONE',  ( -75.00000000000000000, -21.99999999999998579, 5.000000000000000000 ) ) ;
#7192 = AXIS2_PLACEMENT_3D ( 'NONE', #3425, #2638, #6890 ) ;
#7193 = VERTEX_POINT ( 'NONE', #1844 ) ;
#7194 = DIRECTION ( 'NONE',  ( 1.000000000000000000, 1.850371707708594070E-16, -0.000000000000000000 ) ) ;
#7195 = VERTEX_POINT ( 'NONE', #7563 ) ;
#7196 = DIRECTION ( 'NONE',  ( 1.000000000000000000, 1.850371707708594070E-16, 0.000000000000000000 ) ) ;
#7197 = CARTESIAN_POINT ( 'NONE',  ( -38.00000000000002132, 75.00000000000002842, 2.000000000000000000 ) ) ;
#7198 = CIRCLE ( 'NONE', #621, 3.500000000000000888 ) ;
#7199 = VECTOR ( 'NONE', #5262, 1000.000000000000000 ) ;
#7200 = CARTESIAN_POINT ( 'NONE',  ( 71.99999999999998579, 45.00000000000002842, 2.000000000000000000 ) ) ;
#7201 = ADVANCED_FACE ( 'NONE', ( #5362 ), #1104, .F. ) ;
#7202 = ADVANCED_FACE ( 'NONE', ( #7468 ), #1055, .F. ) ;
#7203 = ORIENTED_EDGE ( 'NONE', *, *, #5464, .F. ) ;
#7204 = VECTOR ( 'NONE', #1454, 1000.000000000000000 ) ;
#7205 = DIRECTION ( 'NONE',  ( 0.000000000000000000, 0.000000000000000000, -1.000000000000000000 ) ) ;
#7206 = VECTOR ( 'NONE', #4991, 1000.000000000000000 ) ;
#7207 = LINE ( 'NONE', #7111, #5657 ) ;
#7208 = VERTEX_POINT ( 'NONE', #4617 ) ;
#7209 = CARTESIAN_POINT ( 'NONE',  ( 72.00000000000000000, 15.00000000000002665, 5.000000000000000000 ) ) ;
#7210 = VECTOR ( 'NONE', #8870, 1000.000000000000000 ) ;
#7211 = FACE_BOUND ( 'NONE', #2003, .T. ) ;
#7212 = DIRECTION ( 'NONE',  ( 2.312964634635742661E-15, 0.000000000000000000, -1.000000000000000000 ) ) ;
#7213 = DIRECTION ( 'NONE',  ( 0.000000000000000000, 0.000000000000000000, -1.000000000000000000 ) ) ;
#7214 = VERTEX_POINT ( 'NONE', #8932 ) ;
#7215 = AXIS2_PLACEMENT_3D ( 'NONE', #2303, #7267, #1596 ) ;
#7216 = AXIS2_PLACEMENT_3D ( 'NONE', #386, #1821, #2527 ) ;
#7217 = DIRECTION ( 'NONE',  ( 1.000000000000000000, 0.000000000000000000, 0.000000000000000000 ) ) ;
#7218 = DIRECTION ( 'NONE',  ( 0.000000000000000000, 0.000000000000000000, -1.000000000000000000 ) ) ;
#7219 = VECTOR ( 'NONE', #6003, 1000.000000000000000 ) ;
#7220 = FACE_OUTER_BOUND ( 'NONE', #4908, .T. ) ;
#7222 = CYLINDRICAL_SURFACE ( 'NONE', #4811, 17.99999999999999645 ) ;
#7221 = AXIS2_PLACEMENT_3D ( 'NONE', #4133, #2721, #9143 ) ;
#7223 = ADVANCED_FACE ( 'NONE', ( #8887 ), #362, .F. ) ;
#7224 = EDGE_CURVE ( 'NONE', #9145, #4185, #3912, .T. ) ;
#7225 = EDGE_LOOP ( 'NONE', ( #6389, #3189, #8025, #6635 ) ) ;
#7226 = EDGE_LOOP ( 'NONE', ( #8491, #3342, #7381, #527 ) ) ;
#7227 = VECTOR ( 'NONE', #6309, 1000.000000000000000 ) ;
#7228 = DIRECTION ( 'NONE',  ( 0.000000000000000000, -1.000000000000000000, 8.673617379884040402E-17 ) ) ;
#7229 = LINE ( 'NONE', #1654, #8868 ) ;
#7230 = ORIENTED_EDGE ( 'NONE', *, *, #6128, .T. ) ;
#7231 = LINE ( 'NONE', #3628, #1181 ) ;
#7232 = DIRECTION ( 'NONE',  ( 1.734723475976807834E-16, 0.000000000000000000, -1.000000000000000000 ) ) ;
#7233 = ORIENTED_EDGE ( 'NONE', *, *, #7103, .T. ) ;
#7234 = ADVANCED_FACE ( 'NONE', ( #7513 ), #6017, .F. ) ;
#7235 = VECTOR ( 'NONE', #5835, 1000.000000000000000 ) ;
#7236 = DIRECTION ( 'NONE',  ( -8.673617379884028076E-17, 0.000000000000000000, -1.000000000000000000 ) ) ;
#7237 = ORIENTED_EDGE ( 'NONE', *, *, #4252, .T. ) ;
#7238 = ORIENTED_EDGE ( 'NONE', *, *, #7751, .F. ) ;
#7239 = DIRECTION ( 'NONE',  ( -0.000000000000000000, 6.938893903907227392E-16, -1.000000000000000000 ) ) ;
#7240 = VECTOR ( 'NONE', #586, 1000.000000000000000 ) ;
#7241 = FACE_OUTER_BOUND ( 'NONE', #7085, .T. ) ;
#7242 = EDGE_LOOP ( 'NONE', ( #8421, #4365, #8733, #2045 ) ) ;
#7243 = CARTESIAN_POINT ( 'NONE',  ( -45.00000000000000000, -74.99999999999997158, 5.000000000000000000 ) ) ;
#7244 = ORIENTED_EDGE ( 'NONE', *, *, #1142, .T. ) ;
#7245 = EDGE_CURVE ( 'NONE', #7705, #7418, #1010, .T. ) ;
#7246 = CARTESIAN_POINT ( 'NONE',  ( -75.00000000000001421, 58.00000000000001421, 5.000000000000000000 ) ) ;
#7247 = LINE ( 'NONE', #837, #8266 ) ;
#7248 = AXIS2_PLACEMENT_3D ( 'NONE', #40, #7286, #225 ) ;
#7249 = AXIS2_PLACEMENT_3D ( 'NONE', #3084, #3733, #8144 ) ;
#7250 = CARTESIAN_POINT ( 'NONE',  ( -65.00000000000002842, -65.00000000000001421, 2.000000000000000000 ) ) ;
#7251 = VERTEX_POINT ( 'NONE', #2546 ) ;
#7252 = MECHANICAL_DESIGN_GEOMETRIC_PRESENTATION_REPRESENTATION (  '', ( #89 ), #2777 ) ;
#7253 = DIRECTION ( 'NONE',  ( -0.000000000000000000, -0.000000000000000000, 1.000000000000000000 ) ) ;
#7254 = DIRECTION ( 'NONE',  ( 0.000000000000000000, 1.000000000000000000, 0.000000000000000000 ) ) ;
#7255 = ORIENTED_EDGE ( 'NONE', *, *, #6750, .F. ) ;
#7256 = EDGE_CURVE ( 'NONE', #6861, #1728, #6064, .T. ) ;
#7257 = DIRECTION ( 'NONE',  ( -0.000000000000000000, -0.000000000000000000, -1.000000000000000000 ) ) ;
#7258 = ADVANCED_FACE ( 'NONE', ( #8265 ), #1148, .F. ) ;
#7259 = ORIENTED_EDGE ( 'NONE', *, *, #9031, .T. ) ;
#7260 = PRESENTATION_STYLE_ASSIGNMENT (( #5067 ) ) ;
#7261 = FACE_OUTER_BOUND ( 'NONE', #4155, .T. ) ;
#7262 = DIRECTION ( 'NONE',  ( -0.000000000000000000, 1.000000000000000000, 8.673617379884028076E-17 ) ) ;
#7263 = ORIENTED_EDGE ( 'NONE', *, *, #8291, .T. ) ;
#7264 = VECTOR ( 'NONE', #6741, 1000.000000000000000 ) ;
#7265 = CARTESIAN_POINT ( 'NONE',  ( -10.00000000000000000, -71.99999999999997158, 0.000000000000000000 ) ) ;
#7266 = CARTESIAN_POINT ( 'NONE',  ( 75.00000000000001421, -74.99999999999997158, 5.000000000000000000 ) ) ;
#7267 = DIRECTION ( 'NONE',  ( -1.850371707708594070E-16, 1.000000000000000000, 0.000000000000000000 ) ) ;
#7268 = LINE ( 'NONE', #5911, #297 ) ;
#7269 = EDGE_CURVE ( 'NONE', #2387, #3479, #138, .T. ) ;
#7270 = CARTESIAN_POINT ( 'NONE',  ( -75.00000000000001421, 53.00000000000001421, 1.999999999999999556 ) ) ;
#7271 = ORIENTED_EDGE ( 'NONE', *, *, #3334, .T. ) ;
#7272 = ORIENTED_EDGE ( 'NONE', *, *, #6172, .F. ) ;
#7273 = PRODUCT_RELATED_PRODUCT_CATEGORY ( 'part', '', ( #7649 ) ) ;
#7274 = EDGE_CURVE ( 'NONE', #7800, #25, #6144, .T. ) ;
#7275 = DIRECTION ( 'NONE',  ( -0.000000000000000000, -1.000000000000000000, -0.000000000000000000 ) ) ;
#7276 = CARTESIAN_POINT ( 'NONE',  ( 74.99999999999998579, 75.00000000000002842, 5.000000000000000000 ) ) ;
#7277 = ORIENTED_EDGE ( 'NONE', *, *, #1851, .T. ) ;
#7278 = CARTESIAN_POINT ( 'NONE',  ( -54.99999999999999289, -71.99999999999997158, 5.000000000000000000 ) ) ;
#7279 = CARTESIAN_POINT ( 'NONE',  ( -74.99999999999998579, -74.99999999999997158, 5.000000000000000000 ) ) ;
#7280 = ORIENTED_EDGE ( 'NONE', *, *, #8601, .T. ) ;
#7281 = DIRECTION ( 'NONE',  ( -0.000000000000000000, -0.000000000000000000, 1.000000000000000000 ) ) ;
#7282 = ORIENTED_EDGE ( 'NONE', *, *, #2031, .F. ) ;
#7283 = VERTEX_POINT ( 'NONE', #2594 ) ;
#7284 = LINE ( 'NONE', #5192, #3638 ) ;
#7285 = ADVANCED_FACE ( 'NONE', ( #1796 ), #5455, .F. ) ;
#7286 = DIRECTION ( 'NONE',  ( 1.000000000000000000, 0.000000000000000000, 0.000000000000000000 ) ) ;
#7287 = FACE_OUTER_BOUND ( 'NONE', #7089, .T. ) ;
#7288 = ORIENTED_EDGE ( 'NONE', *, *, #5224, .F. ) ;
#7289 = FACE_OUTER_BOUND ( 'NONE', #6290, .T. ) ;
#7290 = LINE ( 'NONE', #7197, #3321 ) ;
#7291 = ORIENTED_EDGE ( 'NONE', *, *, #5880, .F. ) ;
#7292 = CARTESIAN_POINT ( 'NONE',  ( -34.99999999999999289, -71.99999999999997158, 5.000000000000000000 ) ) ;
#7293 = EDGE_CURVE ( 'NONE', #9075, #8290, #7600, .T. ) ;
#7294 = ORIENTED_EDGE ( 'NONE', *, *, #4672, .F. ) ;
#7295 = DIRECTION ( 'NONE',  ( 1.000000000000000000, 1.850371707708594070E-16, -0.000000000000000000 ) ) ;
#7296 = FACE_OUTER_BOUND ( 'NONE', #5973, .T. ) ;
#7297 = DIRECTION ( 'NONE',  ( 0.000000000000000000, 0.000000000000000000, -1.000000000000000000 ) ) ;
#7298 = ORIENTED_EDGE ( 'NONE', *, *, #6685, .F. ) ;
#7299 = ORIENTED_EDGE ( 'NONE', *, *, #6675, .T. ) ;
#7300 = FACE_BOUND ( 'NONE', #8829, .T. ) ;
#7302 = CARTESIAN_POINT ( 'NONE',  ( 35.00000000000000000, -74.99999999999997158, 5.000000000000000000 ) ) ;
#7301 = VECTOR ( 'NONE', #7639, 1000.000000000000000 ) ;
#7303 = CARTESIAN_POINT ( 'NONE',  ( -72.00000000000001421, 33.00000000000001421, 1.999999999999999556 ) ) ;
#7304 = EDGE_CURVE ( 'NONE', #4014, #4051, #3114, .T. ) ;
#7305 = EDGE_CURVE ( 'NONE', #4294, #711, #4574, .T. ) ;
#7306 = LINE ( 'NONE', #8821, #5755 ) ;
#7307 = VECTOR ( 'NONE', #9015, 1000.000000000000000 ) ;
#7308 = DIRECTION ( 'NONE',  ( 1.000000000000000000, 0.000000000000000000, 0.000000000000000000 ) ) ;
#7309 = DIRECTION ( 'NONE',  ( 0.000000000000000000, 0.000000000000000000, -1.000000000000000000 ) ) ;
#7310 = LINE ( 'NONE', #6422, #9119 ) ;
#7311 = FACE_OUTER_BOUND ( 'NONE', #774, .T. ) ;
#7312 = ORIENTED_EDGE ( 'NONE', *, *, #3931, .T. ) ;
#7313 = ORIENTED_EDGE ( 'NONE', *, *, #7875, .T. ) ;
#7314 = AXIS2_PLACEMENT_3D ( 'NONE', #4508, #4696, #3285 ) ;
#7315 = ORIENTED_EDGE ( 'NONE', *, *, #8803, .T. ) ;
#7316 = EDGE_CURVE ( 'NONE', #25, #928, #575, .T. ) ;
#7317 = DIRECTION ( 'NONE',  ( 0.000000000000000000, 1.000000000000000000, 8.673617379884028076E-17 ) ) ;
#7318 = DIRECTION ( 'NONE',  ( -0.000000000000000000, 0.000000000000000000, 1.000000000000000000 ) ) ;
#7319 = DIRECTION ( 'NONE',  ( -0.000000000000000000, -0.000000000000000000, -1.000000000000000000 ) ) ;
#7320 = LINE ( 'NONE', #959, #8407 ) ;
#7321 = ORIENTED_EDGE ( 'NONE', *, *, #7337, .T. ) ;
#7322 = LINE ( 'NONE', #3766, #7160 ) ;
#7323 = DIRECTION ( 'NONE',  ( 0.000000000000000000, 0.000000000000000000, -1.000000000000000000 ) ) ;
#7324 = VERTEX_POINT ( 'NONE', #3527 ) ;
#7325 = DIRECTION ( 'NONE',  ( -0.000000000000000000, 1.000000000000000000, -0.000000000000000000 ) ) ;
#7326 = ORIENTED_EDGE ( 'NONE', *, *, #3590, .F. ) ;
#7327 = ORIENTED_EDGE ( 'NONE', *, *, #2031, .T. ) ;
#7328 = CARTESIAN_POINT ( 'NONE',  ( -58.00000000000002132, 75.00000000000002842, 2.000000000000000000 ) ) ;
#7329 = EDGE_CURVE ( 'NONE', #7950, #3022, #6375, .T. ) ;
#7330 = DIRECTION ( 'NONE',  ( 1.000000000000000000, -1.301042606982605321E-16, 0.000000000000000000 ) ) ;
#7331 = EDGE_LOOP ( 'NONE', ( #4598, #8197, #8169, #3499 ) ) ;
#7332 = CYLINDRICAL_SURFACE ( 'NONE', #5741, 1.600000000000005196 ) ;
#7333 = ORIENTED_EDGE ( 'NONE', *, *, #1097, .F. ) ;
#7334 = DIRECTION ( 'NONE',  ( 0.000000000000000000, 0.000000000000000000, -1.000000000000000000 ) ) ;
#7335 = ADVANCED_FACE ( 'NONE', ( #4842 ), #4139, .F. ) ;
#7336 = LINE ( 'NONE', #5058, #6025 ) ;
#7337 = EDGE_CURVE ( 'NONE', #3399, #1377, #7783, .T. ) ;
#7338 = ORIENTED_EDGE ( 'NONE', *, *, #648, .T. ) ;
#7339 = ORIENTED_EDGE ( 'NONE', *, *, #9147, .F. ) ;
#7340 = DIRECTION ( 'NONE',  ( -1.000000000000000000, 0.000000000000000000, 8.673617379884028076E-17 ) ) ;
#7341 =( GEOMETRIC_REPRESENTATION_CONTEXT ( 3 ) GLOBAL_UNCERTAINTY_ASSIGNED_CONTEXT ( ( #9269 ) ) GLOBAL_UNIT_ASSIGNED_CONTEXT ( ( #1503, #2870, #809 ) ) REPRESENTATION_CONTEXT ( 'NONE', 'WORKASPACE' ) );
#7342 = VERTEX_POINT ( 'NONE', #619 ) ;
#7343 = DIRECTION ( 'NONE',  ( -0.000000000000000000, -1.000000000000000000, -0.000000000000000000 ) ) ;
#7344 = ORIENTED_EDGE ( 'NONE', *, *, #4285, .T. ) ;
#7345 = CARTESIAN_POINT ( 'NONE',  ( 72.00000000000000000, -9.999999999999980460, 5.000000000000000000 ) ) ;
#7346 = LINE ( 'NONE', #1774, #5086 ) ;
#7347 = EDGE_LOOP ( 'NONE', ( #5888, #7917, #5924, #6450 ) ) ;
#7348 = AXIS2_PLACEMENT_3D ( 'NONE', #8115, #8641, #2305 ) ;
#7349 = ORIENTED_EDGE ( 'NONE', *, *, #3618, .F. ) ;
#7350 = CARTESIAN_POINT ( 'NONE',  ( -59.99999999999999289, -71.99999999999997158, 5.000000000000000000 ) ) ;
#7351 = CARTESIAN_POINT ( 'NONE',  ( -72.00000000000000000, -46.99999999999998579, 5.000000000000000000 ) ) ;
#7352 = EDGE_CURVE ( 'NONE', #2238, #4014, #6326, .T. ) ;
#7353 = DIRECTION ( 'NONE',  ( -2.312964634635742661E-15, -0.000000000000000000, 1.000000000000000000 ) ) ;
#7354 = VECTOR ( 'NONE', #3507, 1000.000000000000000 ) ;
#7355 = AXIS2_PLACEMENT_3D ( 'NONE', #6061, #3251, #1752 ) ;
#7356 = CARTESIAN_POINT ( 'NONE',  ( -75.00000000000000000, -11.99999999999998934, 5.000000000000000000 ) ) ;
#7357 = DIRECTION ( 'NONE',  ( -1.000000000000000000, -1.850371707708594070E-16, -0.000000000000000000 ) ) ;
#7358 = CARTESIAN_POINT ( 'NONE',  ( 5.100000000000008527, 57.99999999999997158, 15.00000000000000000 ) ) ;
#7359 = CARTESIAN_POINT ( 'NONE',  ( -72.00000000000000000, -16.99999999999998579, 1.999999999999999556 ) ) ;
#7360 = LINE ( 'NONE', #5172, #1666 ) ;
#7361 = ADVANCED_FACE ( 'NONE', ( #8357 ), #9065, .F. ) ;
#7362 = VECTOR ( 'NONE', #6978, 1000.000000000000000 ) ;
#7363 = VECTOR ( 'NONE', #5799, 1000.000000000000000 ) ;
#7364 = ORIENTED_EDGE ( 'NONE', *, *, #4423, .T. ) ;
#7365 = VECTOR ( 'NONE', #4820, 1000.000000000000000 ) ;
#7366 = ORIENTED_EDGE ( 'NONE', *, *, #128, .T. ) ;
#7367 = ORIENTED_EDGE ( 'NONE', *, *, #1399, .F. ) ;
#7368 = CARTESIAN_POINT ( 'NONE',  ( 51.99999999999997868, 75.00000000000002842, 2.000000000000000000 ) ) ;
#7369 = AXIS2_PLACEMENT_3D ( 'NONE', #3111, #261, #1052 ) ;
#7370 = FACE_OUTER_BOUND ( 'NONE', #9102, .T. ) ;
#7371 = CARTESIAN_POINT ( 'NONE',  ( -58.00000000000000711, -3.500000000000003109, 5.000000000000000888 ) ) ;
#7372 = VECTOR ( 'NONE', #4109, 1000.000000000000000 ) ;
#7373 = DIRECTION ( 'NONE',  ( 1.000000000000000000, -0.000000000000000000, 1.734723475976808080E-16 ) ) ;
#7374 = ORIENTED_EDGE ( 'NONE', *, *, #5217, .F. ) ;
#7375 = LINE ( 'NONE', #2319, #3416 ) ;
#7376 = CARTESIAN_POINT ( 'NONE',  ( 58.00000000000000711, -3.500000000000003109, 2.000000000000000000 ) ) ;
#7377 = ORIENTED_EDGE ( 'NONE', *, *, #8370, .T. ) ;
#7378 = EDGE_CURVE ( 'NONE', #7165, #3687, #1367, .T. ) ;
#7379 = ORIENTED_EDGE ( 'NONE', *, *, #6854, .F. ) ;
#7380 = EDGE_CURVE ( 'NONE', #7754, #8420, #3340, .T. ) ;
#7381 = ORIENTED_EDGE ( 'NONE', *, *, #1211, .F. ) ;
#7382 = PLANE ( 'NONE',  #2894 ) ;
#7383 = AXIS2_PLACEMENT_3D ( 'NONE', #3135, #1679, #4494 ) ;
#7384 = ORIENTED_EDGE ( 'NONE', *, *, #9271, .F. ) ;
#7385 = CARTESIAN_POINT ( 'NONE',  ( -72.00000000000001421, 33.00000000000001421, 5.000000000000000000 ) ) ;
#7386 = ORIENTED_EDGE ( 'NONE', *, *, #7613, .F. ) ;
#7387 = AXIS2_PLACEMENT_3D ( 'NONE', #173, #4400, #6534 ) ;
#7388 = CARTESIAN_POINT ( 'NONE',  ( -24.99999999999999289, -71.99999999999997158, 5.000000000000000000 ) ) ;
#7389 = ORIENTED_EDGE ( 'NONE', *, *, #5217, .T. ) ;
#7390 = CARTESIAN_POINT ( 'NONE',  ( -68.00000000000002842, 72.00000000000002842, 2.000000000000000000 ) ) ;
#7391 = ADVANCED_FACE ( 'NONE', ( #6941 ), #535, .F. ) ;
#7392 = PLANE ( 'NONE',  #3934 ) ;
#7393 = EDGE_LOOP ( 'NONE', ( #5343, #8058, #2782, #4864 ) ) ;
#7394 = VERTEX_POINT ( 'NONE', #3429 ) ;
#7395 = VECTOR ( 'NONE', #3557, 1000.000000000000000 ) ;
#7396 = ORIENTED_EDGE ( 'NONE', *, *, #5830, .F. ) ;
#7397 = ADVANCED_FACE ( 'NONE', ( #8398 ), #6983, .F. ) ;
#7398 = CARTESIAN_POINT ( 'NONE',  ( -75.00000000000001421, -1.999999999999980904, 5.000000000000000000 ) ) ;
#7399 = ORIENTED_EDGE ( 'NONE', *, *, #7912, .T. ) ;
#7400 = PLANE ( 'NONE',  #874 ) ;
#7401 = VECTOR ( 'NONE', #7453, 1000.000000000000000 ) ;
#7402 = LINE ( 'NONE', #8858, #3888 ) ;
#7403 = VERTEX_POINT ( 'NONE', #6277 ) ;
#7404 = VERTEX_POINT ( 'NONE', #5677 ) ;
#7405 = FACE_OUTER_BOUND ( 'NONE', #4426, .T. ) ;
#7406 = CARTESIAN_POINT ( 'NONE',  ( -72.00000000000000000, -90.00000000000000000, 0.000000000000000000 ) ) ;
#7407 = DIRECTION ( 'NONE',  ( -1.000000000000000000, -1.850371707708594070E-16, 0.000000000000000000 ) ) ;
#7408 = VECTOR ( 'NONE', #5980, 1000.000000000000000 ) ;
#7409 = VECTOR ( 'NONE', #8280, 1000.000000000000000 ) ;
#7410 = PLANE ( 'NONE',  #6055 ) ;
#7411 = EDGE_CURVE ( 'NONE', #7214, #7251, #9153, .T. ) ;
#7412 = CARTESIAN_POINT ( 'NONE',  ( -75.00000000000000000, -66.99999999999998579, 5.000000000000000000 ) ) ;
#7413 = DIRECTION ( 'NONE',  ( 0.000000000000000000, 0.000000000000000000, -1.000000000000000000 ) ) ;
#7414 = FACE_OUTER_BOUND ( 'NONE', #4882, .T. ) ;
#7415 = CARTESIAN_POINT ( 'NONE',  ( -30.00000000000000000, -71.99999999999997158, 0.000000000000000000 ) ) ;
#7416 = VECTOR ( 'NONE', #1435, 1000.000000000000000 ) ;
#7417 = ORIENTED_EDGE ( 'NONE', *, *, #1966, .F. ) ;
#7418 = VERTEX_POINT ( 'NONE', #9205 ) ;
#7419 = LINE ( 'NONE', #3860, #4764 ) ;
#7420 = EDGE_CURVE ( 'NONE', #7195, #8443, #6893, .T. ) ;
#7421 = DIRECTION ( 'NONE',  ( 0.000000000000000000, 0.000000000000000000, -1.000000000000000000 ) ) ;
#7422 = DIRECTION ( 'NONE',  ( 0.000000000000000000, 0.000000000000000000, -1.000000000000000000 ) ) ;
#7423 = FACE_OUTER_BOUND ( 'NONE', #775, .T. ) ;
#7424 = ORIENTED_EDGE ( 'NONE', *, *, #2584, .F. ) ;
#7425 = DIRECTION ( 'NONE',  ( 1.000000000000000000, 0.000000000000000000, 0.000000000000000000 ) ) ;
#7426 = CARTESIAN_POINT ( 'NONE',  ( -72.00000000000001421, 58.00000000000001421, 5.000000000000000000 ) ) ;
#7427 = ORIENTED_EDGE ( 'NONE', *, *, #4, .T. ) ;
#7428 = VERTEX_POINT ( 'NONE', #8497 ) ;
#7429 = EDGE_LOOP ( 'NONE', ( #622, #6886, #8898, #7018 ) ) ;
#7430 = DIRECTION ( 'NONE',  ( -0.000000000000000000, -1.000000000000000000, -0.000000000000000000 ) ) ;
#7431 = ORIENTED_EDGE ( 'NONE', *, *, #8120, .F. ) ;
#7432 = EDGE_CURVE ( 'NONE', #6241, #7648, #2068, .T. ) ;
#7433 = CARTESIAN_POINT ( 'NONE',  ( -53.00000000000002132, 75.00000000000002842, 5.000000000000000000 ) ) ;
#7434 = EDGE_CURVE ( 'NONE', #25, #8477, #1186, .T. ) ;
#7435 = ORIENTED_EDGE ( 'NONE', *, *, #3467, .T. ) ;
#7436 = DIRECTION ( 'NONE',  ( 1.000000000000000000, 1.850371707708594070E-16, -0.000000000000000000 ) ) ;
#7437 = EDGE_LOOP ( 'NONE', ( #2807, #7807, #697, #7259 ) ) ;
#7438 = CARTESIAN_POINT ( 'NONE',  ( -30.00000000000000000, -71.99999999999997158, 5.000000000000000000 ) ) ;
#7439 = CARTESIAN_POINT ( 'NONE',  ( -37.50000000000002842, -45.00000000000001421, 12.00000000000000000 ) ) ;
#7440 = ORIENTED_EDGE ( 'NONE', *, *, #8945, .F. ) ;
#7441 = ADVANCED_FACE ( 'NONE', ( #2641 ), #5497, .F. ) ;
#7442 = ORIENTED_EDGE ( 'NONE', *, *, #4585, .T. ) ;
#7443 = DIRECTION ( 'NONE',  ( -0.000000000000000000, -0.000000000000000000, 1.000000000000000000 ) ) ;
#7444 = ORIENTED_EDGE ( 'NONE', *, *, #7723, .T. ) ;
#7445 = DIRECTION ( 'NONE',  ( 1.604941620322697548E-32, -8.673617379884039170E-17, -1.000000000000000000 ) ) ;
#7446 = CARTESIAN_POINT ( 'NONE',  ( -72.00000000000001421, 53.00000000000001421, 5.000000000000000000 ) ) ;
#7447 = ORIENTED_EDGE ( 'NONE', *, *, #2002, .T. ) ;
#7448 = ORIENTED_EDGE ( 'NONE', *, *, #833, .T. ) ;
#7449 = DIRECTION ( 'NONE',  ( -0.000000000000000000, 1.000000000000000000, -0.000000000000000000 ) ) ;
#7450 = CARTESIAN_POINT ( 'NONE',  ( 3.500000000000003109, 57.99999999999997158, 2.000000000000000000 ) ) ;
#7451 = DIRECTION ( 'NONE',  ( 1.000000000000000000, 1.850371707708594070E-16, -0.000000000000000000 ) ) ;
#7452 = ADVANCED_FACE ( 'NONE', ( #5859 ), #113, .T. ) ;
#7453 = DIRECTION ( 'NONE',  ( -0.000000000000000000, 1.000000000000000000, 8.673617379884028076E-17 ) ) ;
#7454 = DIRECTION ( 'NONE',  ( 1.604941620322697548E-32, -8.673617379884039170E-17, -1.000000000000000000 ) ) ;
#7455 = CARTESIAN_POINT ( 'NONE',  ( -75.00000000000001421, 48.00000000000001421, 5.000000000000000000 ) ) ;
#7456 = VECTOR ( 'NONE', #3470, 1000.000000000000000 ) ;
#7457 = DIRECTION ( 'NONE',  ( -1.000000000000000000, 0.000000000000000000, 0.000000000000000000 ) ) ;
#7458 = CARTESIAN_POINT ( 'NONE',  ( 65.00000000000000000, -71.99999999999997158, 4.999999999999999112 ) ) ;
#7459 = ORIENTED_EDGE ( 'NONE', *, *, #3355, .T. ) ;
#7460 = ORIENTED_EDGE ( 'NONE', *, *, #7885, .T. ) ;
#7461 = EDGE_CURVE ( 'NONE', #5946, #7882, #68, .T. ) ;
#7462 = VECTOR ( 'NONE', #3212, 1000.000000000000000 ) ;
#7463 = CARTESIAN_POINT ( 'NONE',  ( -75.00000000000001421, 48.00000000000001421, 2.000000000000000000 ) ) ;
#7464 = LINE ( 'NONE', #7558, #1660 ) ;
#7465 = LINE ( 'NONE', #5966, #4231 ) ;
#7466 = CARTESIAN_POINT ( 'NONE',  ( -72.00000000000000000, -6.999999999999991118, 1.999999999999999556 ) ) ;
#7467 = ORIENTED_EDGE ( 'NONE', *, *, #8525, .T. ) ;
#7468 = FACE_OUTER_BOUND ( 'NONE', #7979, .T. ) ;
#7469 = CARTESIAN_POINT ( 'NONE',  ( 71.99999999999998579, 55.00000000000002132, 5.000000000000000000 ) ) ;
#7470 = AXIS2_PLACEMENT_3D ( 'NONE', #2448, #8250, #1744 ) ;
#7471 = ORIENTED_EDGE ( 'NONE', *, *, #8184, .F. ) ;
#7472 = ORIENTED_EDGE ( 'NONE', *, *, #3840, .T. ) ;
#7473 = EDGE_CURVE ( 'NONE', #2029, #4947, #7268, .T. ) ;
#7474 = ORIENTED_EDGE ( 'NONE', *, *, #8986, .T. ) ;
#7475 = CARTESIAN_POINT ( 'NONE',  ( 40.00000000000000711, -74.99999999999997158, 2.000000000000000000 ) ) ;
#7476 = EDGE_LOOP ( 'NONE', ( #3074, #3304, #8598, #5111 ) ) ;
#7477 = CARTESIAN_POINT ( 'NONE',  ( 6.938893903907228378E-15, -71.99999999999997158, 5.000000000000000000 ) ) ;
#7478 = ORIENTED_EDGE ( 'NONE', *, *, #3653, .T. ) ;
#7479 = DIRECTION ( 'NONE',  ( -8.673617379884028076E-17, 0.000000000000000000, -1.000000000000000000 ) ) ;
#7480 = CYLINDRICAL_SURFACE ( 'NONE', #4540, 7.500000000000000000 ) ;
#7481 = EDGE_CURVE ( 'NONE', #5579, #2324, #4376, .T. ) ;
#7482 = ORIENTED_EDGE ( 'NONE', *, *, #5636, .F. ) ;
#7483 = CARTESIAN_POINT ( 'NONE',  ( 1.999999999999974021, 75.00000000000002842, 5.000000000000000000 ) ) ;
#7484 = VERTEX_POINT ( 'NONE', #1597 ) ;
#7485 = DIRECTION ( 'NONE',  ( -1.000000000000000000, 0.000000000000000000, 8.673617379884028076E-17 ) ) ;
#7486 = LINE ( 'NONE', #8813, #5523 ) ;
#7487 = ORIENTED_EDGE ( 'NONE', *, *, #7534, .T. ) ;
#7488 = FACE_OUTER_BOUND ( 'NONE', #5995, .T. ) ;
#7489 = DIRECTION ( 'NONE',  ( 0.000000000000000000, 1.000000000000000000, 0.000000000000000000 ) ) ;
#7490 = EDGE_CURVE ( 'NONE', #116, #1095, #1505, .T. ) ;
#7491 = EDGE_CURVE ( 'NONE', #3143, #3333, #7172, .T. ) ;
#7492 = AXIS2_PLACEMENT_3D ( 'NONE', #158, #2313, #4469 ) ;
#7493 = PLANE ( 'NONE',  #1960 ) ;
#7494 = FACE_OUTER_BOUND ( 'NONE', #5836, .T. ) ;
#7495 = DIRECTION ( 'NONE',  ( 0.000000000000000000, 1.000000000000000000, -8.673617379884039170E-17 ) ) ;
#7496 = LINE ( 'NONE', #3947, #1994 ) ;
#7497 = VECTOR ( 'NONE', #9213, 1000.000000000000000 ) ;
#7498 = CARTESIAN_POINT ( 'NONE',  ( -58.00000000000000711, -3.500000000000003109, 5.000000000000000888 ) ) ;
#7499 = FACE_OUTER_BOUND ( 'NONE', #93, .T. ) ;
#7500 = CARTESIAN_POINT ( 'NONE',  ( -3.000000000000030198, 75.00000000000002842, 5.000000000000000000 ) ) ;
#7501 = ORIENTED_EDGE ( 'NONE', *, *, #6750, .T. ) ;
#7502 = ORIENTED_EDGE ( 'NONE', *, *, #109, .T. ) ;
#7503 = VECTOR ( 'NONE', #4321, 1000.000000000000000 ) ;
#7504 = VECTOR ( 'NONE', #443, 1000.000000000000000 ) ;
#7505 = CARTESIAN_POINT ( 'NONE',  ( 19.99999999999999645, -71.99999999999997158, 5.000000000000000000 ) ) ;
#7506 = DIRECTION ( 'NONE',  ( -0.000000000000000000, -0.000000000000000000, -1.000000000000000000 ) ) ;
#7507 = LINE ( 'NONE', #532, #6610 ) ;
#7508 = EDGE_CURVE ( 'NONE', #4346, #3969, #8778, .T. ) ;
#7509 = DIRECTION ( 'NONE',  ( -0.000000000000000000, -0.000000000000000000, 1.000000000000000000 ) ) ;
#7510 = VERTEX_POINT ( 'NONE', #3665 ) ;
#7511 = ADVANCED_FACE ( 'NONE', ( #4424 ), #6602, .T. ) ;
#7512 = VECTOR ( 'NONE', #658, 1000.000000000000000 ) ;
#7513 = FACE_OUTER_BOUND ( 'NONE', #2133, .T. ) ;
#7515 = ORIENTED_EDGE ( 'NONE', *, *, #2417, .T. ) ;
#7514 = VECTOR ( 'NONE', #6356, 1000.000000000000000 ) ;
#7516 = ORIENTED_EDGE ( 'NONE', *, *, #7411, .T. ) ;
#7517 = VECTOR ( 'NONE', #1595, 1000.000000000000000 ) ;
#7518 = ORIENTED_EDGE ( 'NONE', *, *, #9008, .F. ) ;
#7519 = VECTOR ( 'NONE', #6939, 1000.000000000000000 ) ;
#7520 = AXIS2_PLACEMENT_3D ( 'NONE', #1616, #7187, #6437 ) ;
#7521 = VERTEX_POINT ( 'NONE', #3616 ) ;
#7522 = CARTESIAN_POINT ( 'NONE',  ( 65.00000000000002842, 64.99999999999998579, 2.000000000000000000 ) ) ;
#7523 = ORIENTED_EDGE ( 'NONE', *, *, #8662, .F. ) ;
#7524 = ADVANCED_FACE ( 'NONE', ( #20 ), #1554, .F. ) ;
#7525 = LINE ( 'NONE', #6072, #5147 ) ;
#7526 = EDGE_LOOP ( 'NONE', ( #2759, #5312, #6687, #5978, #6853, #7608, #4761, #8282, #6765, #4149, #4418, #5051, #6424, #5593, #596, #5852, #1500, #8583, #5610, #1685, #4465, #2256, #1003, #6073, #6913, #8219, #6992, #3938, #642, #4120, #3549, #1002, #8816, #4721, #618, #1988, #1239, #2403, #5786, #8331, #598, #5176, #4888, #2188, #1767, #5337, #970, #8286, #5746, #5429, #9123, #7291, #3474, #4594, #1370, #1048, #2819, #2654, #2134, #289, #7877, #2316, #6584, #7894, #258, #5009, #2498, #9081, #8964, #2127, #8551, #6095, #3116, #130, #4250, #5688, #4434, #862, #7861, #8735, #8849, #2618, #3247, #2436, #8397, #6489, #3593, #4619, #6634, #8622, #8104, #2071, #4479, #986, #5276, #6269, #2549, #8367, #8941, #4031, #5940, #910, #8904, #8098, #7601, #6029, #8181, #1677, #1103, #4668, #7129, #8580, #4269, #3652, #331, #7888, #1982, #4176, #3961, #8147, #490, #5932, #5589, #4729, #2081, #24, #4248, #1720, #3533, #3916, #5045, #1221, #3295, #2747, #1061, #7839, #5541, #5286, #7389, #7427, #5191, #4657, #102, #867, #1335, #760, #213, #3466, #1333, #2868, #2141, #8193, #8539, #1359, #1996, #3525, #304, #2130, #6243, #4196, #8235, #5344, #6121, #2791, #4845, #3724, #9076, #6708, #1549, #2373, #4940, #6154, #1205, #4867, #8782, #3132, #1659, #4956, #953, #7805, #719, #5542, #8983, #6439, #3981, #6244, #7063, #4059, #5743, #7024, #2862, #7746, #623, #3443, #3703, #2487, #6894, #5650, #4241, #1806, #511, #6297, #6069, #2171, #2414, #7384, #7094, #7501, #9129, #1033, #3589, #1648, #5641, #5365, #7942, #2559, #107, #2255, #8460, #8861, #6094, #8559, #8771, #3627, #5491, #3868, #6349, #6216, #2895, #5676, #2850, #3166 ) ) ;
#7527 = EDGE_LOOP ( 'NONE', ( #2233, #7128, #2891, #6950 ) ) ;
#7528 = VECTOR ( 'NONE', #749, 1000.000000000000000 ) ;
#7529 = DIRECTION ( 'NONE',  ( -0.000000000000000000, 1.000000000000000000, -0.000000000000000000 ) ) ;
#7530 = VECTOR ( 'NONE', #7945, 1000.000000000000000 ) ;
#7531 = LINE ( 'NONE', #7439, #5143 ) ;
#7532 = VECTOR ( 'NONE', #3834, 1000.000000000000000 ) ;
#7533 = EDGE_LOOP ( 'NONE', ( #5876, #4815, #8703, #1360 ) ) ;
#7534 = EDGE_CURVE ( 'NONE', #6202, #5467, #1462, .T. ) ;
#7535 = CARTESIAN_POINT ( 'NONE',  ( -74.99999999999998579, -74.99999999999997158, 5.000000000000000000 ) ) ;
#7536 = VERTEX_POINT ( 'NONE', #3005 ) ;
#7537 = LINE ( 'NONE', #1864, #6997 ) ;
#7538 = CARTESIAN_POINT ( 'NONE',  ( -65.00000000000002842, -65.00000000000001421, 2.000000000000000000 ) ) ;
#7539 = ORIENTED_EDGE ( 'NONE', *, *, #7993, .T. ) ;
#7540 = CARTESIAN_POINT ( 'NONE',  ( -53.00000000000002132, 72.00000000000002842, 2.000000000000000444 ) ) ;
#7541 = CARTESIAN_POINT ( 'NONE',  ( -29.99999999999999289, -74.99999999999997158, 2.000000000000000000 ) ) ;
#7542 = VECTOR ( 'NONE', #6881, 1000.000000000000000 ) ;
#7543 = CARTESIAN_POINT ( 'NONE',  ( 72.00000000000001421, -59.99999999999998579, 5.000000000000000000 ) ) ;
#7544 = DIRECTION ( 'NONE',  ( 0.000000000000000000, 0.000000000000000000, -1.000000000000000000 ) ) ;
#7545 = EDGE_CURVE ( 'NONE', #3028, #3143, #8730, .T. ) ;
#7546 = VECTOR ( 'NONE', #8162, 1000.000000000000000 ) ;
#7547 = DIRECTION ( 'NONE',  ( 1.850371707708594316E-16, -1.000000000000000000, 0.000000000000000000 ) ) ;
#7548 = CARTESIAN_POINT ( 'NONE',  ( -8.000000000000021316, 72.00000000000002842, 2.000000000000000000 ) ) ;
#7549 = ADVANCED_FACE ( 'NONE', ( #3753 ), #1419, .F. ) ;
#7550 = DIRECTION ( 'NONE',  ( 1.850371707708594070E-16, -1.000000000000000000, 0.000000000000000000 ) ) ;
#7551 = FACE_OUTER_BOUND ( 'NONE', #7226, .T. ) ;
#7552 = DIRECTION ( 'NONE',  ( 0.000000000000000000, -1.000000000000000000, 8.673617379884040402E-17 ) ) ;
#7553 = DIRECTION ( 'NONE',  ( -0.000000000000000000, 1.000000000000000000, 8.673617379884028076E-17 ) ) ;
#7554 = ORIENTED_EDGE ( 'NONE', *, *, #1769, .T. ) ;
#7555 = CIRCLE ( 'NONE', #6500, 1.600000000000006750 ) ;
#7556 = AXIS2_PLACEMENT_3D ( 'NONE', #7150, #743, #2093 ) ;
#7557 = CARTESIAN_POINT ( 'NONE',  ( -18.00000000000001421, 75.00000000000002842, 5.000000000000000000 ) ) ;
#7558 = CARTESIAN_POINT ( 'NONE',  ( -72.00000000000001421, 28.00000000000001776, 5.000000000000000000 ) ) ;
#7559 = CARTESIAN_POINT ( 'NONE',  ( -72.00000000000000000, -66.99999999999998579, 1.999999999999999556 ) ) ;
#7560 = ADVANCED_FACE ( 'NONE', ( #7220 ), #761, .T. ) ;
#7561 = PLANE ( 'NONE',  #3316 ) ;
#7562 = VECTOR ( 'NONE', #2936, 1000.000000000000000 ) ;
#7563 = CARTESIAN_POINT ( 'NONE',  ( 75.00000000000000000, -19.99999999999997513, 1.999999999999999556 ) ) ;
#7564 = VERTEX_POINT ( 'NONE', #2253 ) ;
#7565 = ORIENTED_EDGE ( 'NONE', *, *, #5408, .T. ) ;
#7566 = VERTEX_POINT ( 'NONE', #717 ) ;
#7567 = EDGE_CURVE ( 'NONE', #7324, #1190, #7310, .T. ) ;
#7568 = DIRECTION ( 'NONE',  ( -0.000000000000000000, 6.938893903907227392E-16, 1.000000000000000000 ) ) ;
#7569 = EDGE_LOOP ( 'NONE', ( #4536, #2367, #4359, #1161 ) ) ;
#7570 = CARTESIAN_POINT ( 'NONE',  ( -72.00000000000001421, 18.00000000000001421, 2.000000000000000000 ) ) ;
#7571 = ORIENTED_EDGE ( 'NONE', *, *, #8268, .T. ) ;
#7572 = ORIENTED_EDGE ( 'NONE', *, *, #9040, .F. ) ;
#7573 = CARTESIAN_POINT ( 'NONE',  ( 72.00000000000000000, -34.99999999999997868, 5.000000000000000000 ) ) ;
#7574 = CARTESIAN_POINT ( 'NONE',  ( 51.99999999999997868, 72.00000000000002842, 2.000000000000000000 ) ) ;
#7575 = ADVANCED_FACE ( 'NONE', ( #3057 ), #7836, .F. ) ;
#7576 = EDGE_LOOP ( 'NONE', ( #7460, #5066, #1559, #3386 ) ) ;
#7577 = CARTESIAN_POINT ( 'NONE',  ( -48.00000000000001421, 72.00000000000002842, 5.000000000000000000 ) ) ;
#7578 = ORIENTED_EDGE ( 'NONE', *, *, #4274, .T. ) ;
#7579 = LINE ( 'NONE', #6830, #4625 ) ;
#7580 = LINE ( 'NONE', #8570, #4112 ) ;
#7581 = FACE_OUTER_BOUND ( 'NONE', #3541, .T. ) ;
#7582 = VERTEX_POINT ( 'NONE', #2167 ) ;
#7583 = CARTESIAN_POINT ( 'NONE',  ( -5.000000000000000888, 20.00000000000000000, 2.000000000000000000 ) ) ;
#7584 = EDGE_CURVE ( 'NONE', #7718, #6631, #8872, .T. ) ;
#7585 = LINE ( 'NONE', #6219, #724 ) ;
#7586 = CARTESIAN_POINT ( 'NONE',  ( 65.00000000000002842, 64.99999999999998579, 2.000000000000000000 ) ) ;
#7587 = DIRECTION ( 'NONE',  ( -1.000000000000000000, 0.000000000000000000, 0.000000000000000000 ) ) ;
#7588 = CARTESIAN_POINT ( 'NONE',  ( -24.99999999999999289, -74.99999999999997158, 5.000000000000000000 ) ) ;
#7589 = CARTESIAN_POINT ( 'NONE',  ( 60.00000000000000000, -71.99999999999997158, 5.000000000000000000 ) ) ;
#7590 = CARTESIAN_POINT ( 'NONE',  ( 75.00000000000000000, -9.999999999999980460, 1.999999999999999556 ) ) ;
#7591 = LINE ( 'NONE', #6800, #625 ) ;
#7592 = DIRECTION ( 'NONE',  ( -0.000000000000000000, 1.000000000000000000, -0.000000000000000000 ) ) ;
#7593 = ORIENTED_EDGE ( 'NONE', *, *, #5378, .F. ) ;
#7594 = EDGE_CURVE ( 'NONE', #5693, #2261, #9003, .T. ) ;
#7595 = ADVANCED_FACE ( 'NONE', ( #5958 ), #1831, .F. ) ;
#7596 = DIRECTION ( 'NONE',  ( 1.000000000000000000, -0.000000000000000000, -0.000000000000000000 ) ) ;
#7597 = DIRECTION ( 'NONE',  ( -1.850371707708594316E-16, 1.000000000000000000, -0.000000000000000000 ) ) ;
#7598 = DIRECTION ( 'NONE',  ( 0.000000000000000000, 0.000000000000000000, -1.000000000000000000 ) ) ;
#7599 = LINE ( 'NONE', #1147, #4524 ) ;
#7600 = LINE ( 'NONE', #6669, #1325 ) ;
#7601 = ORIENTED_EDGE ( 'NONE', *, *, #3644, .F. ) ;
#7602 = EDGE_LOOP ( 'NONE', ( #6952, #8224, #6785, #6201 ) ) ;
#7603 = VERTEX_POINT ( 'NONE', #6841 ) ;
#7604 = AXIS2_PLACEMENT_3D ( 'NONE', #9103, #1314, #2684 ) ;
#7605 = EDGE_CURVE ( 'NONE', #8324, #9165, #744, .T. ) ;
#7606 = ADVANCED_FACE ( 'NONE', ( #3855 ), #8166, .F. ) ;
#7607 = DIRECTION ( 'NONE',  ( -1.000000000000000000, -0.000000000000000000, -0.000000000000000000 ) ) ;
#7608 = ORIENTED_EDGE ( 'NONE', *, *, #198, .T. ) ;
#7609 = VECTOR ( 'NONE', #2304, 1000.000000000000000 ) ;
#7610 = LINE ( 'NONE', #7570, #2904 ) ;
#7611 = ORIENTED_EDGE ( 'NONE', *, *, #5454, .T. ) ;
#7612 = EDGE_LOOP ( 'NONE', ( #9007, #8670, #2510, #2379 ) ) ;
#7613 = EDGE_CURVE ( 'NONE', #1674, #3607, #6657, .T. ) ;
#7614 = LINE ( 'NONE', #4151, #5016 ) ;
#7615 = VERTEX_POINT ( 'NONE', #8960 ) ;
#7616 = CARTESIAN_POINT ( 'NONE',  ( -72.00000000000001421, 63.00000000000001421, 5.000000000000000000 ) ) ;
#7617 = VECTOR ( 'NONE', #5261, 1000.000000000000000 ) ;
#7618 = VERTEX_POINT ( 'NONE', #1696 ) ;
#7619 = DIRECTION ( 'NONE',  ( 0.000000000000000000, 0.000000000000000000, -1.000000000000000000 ) ) ;
#7620 = ORIENTED_EDGE ( 'NONE', *, *, #5205, .F. ) ;
#7621 = DIRECTION ( 'NONE',  ( 1.604941620322697548E-32, -8.673617379884039170E-17, -1.000000000000000000 ) ) ;
#7622 = EDGE_CURVE ( 'NONE', #7672, #4442, #435, .T. ) ;
#7623 = EDGE_CURVE ( 'NONE', #4277, #4051, #8114, .T. ) ;
#7624 = LINE ( 'NONE', #4866, #1125 ) ;
#7625 = CARTESIAN_POINT ( 'NONE',  ( 4.137854692725198016E-15, -20.00000000000000000, 2.000000000000000000 ) ) ;
#7626 = ORIENTED_EDGE ( 'NONE', *, *, #1888, .T. ) ;
#7627 = DIRECTION ( 'NONE',  ( 1.850371707708594316E-16, -1.000000000000000000, 0.000000000000000000 ) ) ;
#7628 = DIRECTION ( 'NONE',  ( 1.000000000000000000, 1.850371707708594070E-16, -0.000000000000000000 ) ) ;
#7629 = CARTESIAN_POINT ( 'NONE',  ( 45.00000000000002842, -45.00000000000001421, 2.000000000000000000 ) ) ;
#7630 = CARTESIAN_POINT ( 'NONE',  ( 45.00000000000000711, -71.99999999999997158, 5.000000000000000000 ) ) ;
#7631 = CARTESIAN_POINT ( 'NONE',  ( 30.00000000000000000, -74.99999999999997158, 5.000000000000000000 ) ) ;
#7632 = EDGE_CURVE ( 'NONE', #6851, #7853, #1000, .T. ) ;
#7633 = DIRECTION ( 'NONE',  ( 1.000000000000000000, -0.000000000000000000, 2.312964634635742661E-15 ) ) ;
#7634 = CARTESIAN_POINT ( 'NONE',  ( 74.99999999999998579, 75.00000000000002842, 2.000000000000000000 ) ) ;
#7635 = FACE_OUTER_BOUND ( 'NONE', #7852, .T. ) ;
#7636 = DIRECTION ( 'NONE',  ( 0.000000000000000000, 0.000000000000000000, 1.000000000000000000 ) ) ;
#7637 = ORIENTED_EDGE ( 'NONE', *, *, #7613, .T. ) ;
#7638 = AXIS2_PLACEMENT_3D ( 'NONE', #3064, #3110, #5399 ) ;
#7639 = DIRECTION ( 'NONE',  ( -0.000000000000000000, 1.000000000000000000, -0.000000000000000000 ) ) ;
#7640 = DIRECTION ( 'NONE',  ( -0.000000000000000000, -1.000000000000000000, -0.000000000000000000 ) ) ;
#7641 = CARTESIAN_POINT ( 'NONE',  ( 59.60000000000001563, -3.500000000000003109, 5.000000000000000888 ) ) ;
#7642 = LINE ( 'NONE', #8970, #7959 ) ;
#7643 = ADVANCED_FACE ( 'NONE', ( #7551 ), #3150, .F. ) ;
#7644 = DIRECTION ( 'NONE',  ( 1.000000000000000000, 1.850371707708594070E-16, 0.000000000000000000 ) ) ;
#7645 = CARTESIAN_POINT ( 'NONE',  ( -72.00000000000001421, 58.00000000000001421, 5.000000000000000000 ) ) ;
#7646 = ORIENTED_EDGE ( 'NONE', *, *, #4660, .T. ) ;
#7647 = AXIS2_PLACEMENT_3D ( 'NONE', #1935, #4754, #3341 ) ;
#7648 = VERTEX_POINT ( 'NONE', #2535 ) ;
#7649 = PRODUCT ( 'top part', 'top part', '', ( #1344 ) ) ;
#7650 = VECTOR ( 'NONE', #2060, 1000.000000000000000 ) ;
#7651 = LINE ( 'NONE', #1326, #2926 ) ;
#7652 = VECTOR ( 'NONE', #8788, 1000.000000000000000 ) ;
#7653 = ORIENTED_EDGE ( 'NONE', *, *, #9095, .F. ) ;
#7654 = ADVANCED_FACE ( 'NONE', ( #7414 ), #6702, .T. ) ;
#7655 = DIRECTION ( 'NONE',  ( 0.000000000000000000, 0.000000000000000000, -1.000000000000000000 ) ) ;
#7656 = EDGE_CURVE ( 'NONE', #6378, #1530, #4607, .T. ) ;
#7657 = ORIENTED_EDGE ( 'NONE', *, *, #8852, .T. ) ;
#7658 = DIRECTION ( 'NONE',  ( -1.000000000000000000, 0.000000000000000000, 8.673617379884028076E-17 ) ) ;
#7659 = ORIENTED_EDGE ( 'NONE', *, *, #6561, .F. ) ;
#7660 = LINE ( 'NONE', #2086, #1101 ) ;
#7661 = VECTOR ( 'NONE', #6666, 1000.000000000000000 ) ;
#7662 = VECTOR ( 'NONE', #464, 1000.000000000000000 ) ;
#7663 = ORIENTED_EDGE ( 'NONE', *, *, #5939, .F. ) ;
#7664 = PRODUCT_DEFINITION_CONTEXT ( 'detailed design', #3284, 'design' ) ;
#7665 = EDGE_LOOP ( 'NONE', ( #8032, #7238, #1868, #8455, #6728, #7478 ) ) ;
#7666 = AXIS2_PLACEMENT_3D ( 'NONE', #8542, #7170, #5030 ) ;
#7667 = DIRECTION ( 'NONE',  ( -0.000000000000000000, -1.000000000000000000, -0.000000000000000000 ) ) ;
#7668 = EDGE_CURVE ( 'NONE', #2177, #5146, #3807, .T. ) ;
#7669 = VECTOR ( 'NONE', #8613, 1000.000000000000000 ) ;
#7670 = VERTEX_POINT ( 'NONE', #253 ) ;
#7671 = LINE ( 'NONE', #553, #3509 ) ;
#7672 = VERTEX_POINT ( 'NONE', #7359 ) ;
#7673 = CARTESIAN_POINT ( 'NONE',  ( -28.00000000000002487, 72.00000000000002842, 5.000000000000000000 ) ) ;
#7674 = LINE ( 'NONE', #1255, #8713 ) ;
#7675 = FACE_OUTER_BOUND ( 'NONE', #2067, .T. ) ;
#7676 = AXIS2_PLACEMENT_3D ( 'NONE', #6210, #421, #9034 ) ;
#7677 = EDGE_CURVE ( 'NONE', #9231, #6945, #5391, .T. ) ;
#7678 = LINE ( 'NONE', #1260, #8811 ) ;
#7679 = DIRECTION ( 'NONE',  ( 0.000000000000000000, 1.000000000000000000, 8.673617379884028076E-17 ) ) ;
#7680 = DIRECTION ( 'NONE',  ( -1.000000000000000000, 0.000000000000000000, 0.000000000000000000 ) ) ;
#7681 = DIRECTION ( 'NONE',  ( 0.000000000000000000, 0.000000000000000000, -1.000000000000000000 ) ) ;
#7682 = VECTOR ( 'NONE', #7619, 1000.000000000000000 ) ;
#7683 = DIRECTION ( 'NONE',  ( 1.850371707708594070E-16, -1.000000000000000000, 0.000000000000000000 ) ) ;
#7684 = CARTESIAN_POINT ( 'NONE',  ( -72.00000000000001421, 72.00000000000002842, 5.000000000000000000 ) ) ;
#7685 = DIRECTION ( 'NONE',  ( -0.000000000000000000, -0.000000000000000000, 1.000000000000000000 ) ) ;
#7686 = CARTESIAN_POINT ( 'NONE',  ( 72.00000000000000000, -4.999999999999977796, 5.000000000000000000 ) ) ;
#7687 = EDGE_LOOP ( 'NONE', ( #5975, #3858, #4862, #3847 ) ) ;
#7688 = EDGE_CURVE ( 'NONE', #7193, #2334, #8207, .T. ) ;
#7689 = VECTOR ( 'NONE', #7793, 1000.000000000000000 ) ;
#7690 = CARTESIAN_POINT ( 'NONE',  ( 37.50000000000002842, -45.00000000000001421, 5.000000000000000000 ) ) ;
#7691 = DIRECTION ( 'NONE',  ( 0.000000000000000000, -1.000000000000000000, 8.673617379884040402E-17 ) ) ;
#7692 = DIRECTION ( 'NONE',  ( -1.000000000000000000, -1.850371707708594070E-16, -0.000000000000000000 ) ) ;
#7693 = ORIENTED_EDGE ( 'NONE', *, *, #3156, .F. ) ;
#7694 = CARTESIAN_POINT ( 'NONE',  ( 72.00000000000000000, 20.00000000000001776, 5.000000000000000000 ) ) ;
#7695 = DIRECTION ( 'NONE',  ( 0.000000000000000000, 0.000000000000000000, -1.000000000000000000 ) ) ;
#7696 = VECTOR ( 'NONE', #3802, 1000.000000000000000 ) ;
#7697 = AXIS2_PLACEMENT_3D ( 'NONE', #7390, #7479, #3837 ) ;
#7698 = ORIENTED_EDGE ( 'NONE', *, *, #7980, .T. ) ;
#7699 = ORIENTED_EDGE ( 'NONE', *, *, #5432, .F. ) ;
#7700 = ADVANCED_FACE ( 'NONE', ( #3242 ), #6091, .F. ) ;
#7701 = VECTOR ( 'NONE', #4053, 1000.000000000000000 ) ;
#7702 = VECTOR ( 'NONE', #7325, 1000.000000000000000 ) ;
#7703 = DIRECTION ( 'NONE',  ( 1.850371707708594316E-16, -1.000000000000000000, 0.000000000000000000 ) ) ;
#7704 = LINE ( 'NONE', #8459, #7497 ) ;
#7705 = VERTEX_POINT ( 'NONE', #2015 ) ;
#7706 = PLANE ( 'NONE',  #3949 ) ;
#7707 = ORIENTED_EDGE ( 'NONE', *, *, #6756, .T. ) ;
#7708 = ORIENTED_EDGE ( 'NONE', *, *, #7113, .F. ) ;
#7709 = FACE_OUTER_BOUND ( 'NONE', #1615, .T. ) ;
#7710 = EDGE_LOOP ( 'NONE', ( #1423, #1107, #967, #7448 ) ) ;
#7711 = DIRECTION ( 'NONE',  ( 0.000000000000000000, 0.000000000000000000, -1.000000000000000000 ) ) ;
#7712 = ADVANCED_FACE ( 'NONE', ( #9139 ), #563, .F. ) ;
#7713 = ADVANCED_FACE ( 'NONE', ( #5528 ), #2629, .F. ) ;
#7714 = FACE_OUTER_BOUND ( 'NONE', #2563, .T. ) ;
#7715 = ORIENTED_EDGE ( 'NONE', *, *, #2748, .F. ) ;
#7716 = AXIS2_PLACEMENT_3D ( 'NONE', #6644, #6589, #189 ) ;
#7717 = CARTESIAN_POINT ( 'NONE',  ( -72.00000000000001421, 28.00000000000001776, 5.000000000000000000 ) ) ;
#7718 = VERTEX_POINT ( 'NONE', #8387 ) ;
#7719 = DIRECTION ( 'NONE',  ( -1.850371707708594316E-16, 1.000000000000000000, -0.000000000000000000 ) ) ;
#7720 = ORIENTED_EDGE ( 'NONE', *, *, #312, .T. ) ;
#7721 = DIRECTION ( 'NONE',  ( -1.000000000000000000, -0.000000000000000000, -0.000000000000000000 ) ) ;
#7722 = DIRECTION ( 'NONE',  ( 1.000000000000000000, 1.850371707708594070E-16, -0.000000000000000000 ) ) ;
#7723 = EDGE_CURVE ( 'NONE', #7283, #3917, #522, .T. ) ;
#7724 = DIRECTION ( 'NONE',  ( 0.000000000000000000, -1.000000000000000000, 0.000000000000000000 ) ) ;
#7725 = CARTESIAN_POINT ( 'NONE',  ( -1.899999999999996358, 57.99999999999997158, 5.000000000000000888 ) ) ;
#7726 = CARTESIAN_POINT ( 'NONE',  ( -72.00000000000000000, -11.99999999999998934, 5.000000000000000000 ) ) ;
#7727 = CARTESIAN_POINT ( 'NONE',  ( 71.99999999999998579, 60.00000000000002132, 5.000000000000000000 ) ) ;
#7728 = DIRECTION ( 'NONE',  ( 1.000000000000000000, 1.850371707708594070E-16, 0.000000000000000000 ) ) ;
#7729 = DIRECTION ( 'NONE',  ( -0.000000000000000000, 1.000000000000000000, -0.000000000000000000 ) ) ;
#7730 = EDGE_CURVE ( 'NONE', #883, #5085, #6265, .T. ) ;
#7731 = CARTESIAN_POINT ( 'NONE',  ( 71.99999999999998579, 45.00000000000002842, 5.000000000000000000 ) ) ;
#7732 = DIRECTION ( 'NONE',  ( 0.000000000000000000, -1.000000000000000000, 0.000000000000000000 ) ) ;
#7733 = ORIENTED_EDGE ( 'NONE', *, *, #3051, .T. ) ;
#7734 = ORIENTED_EDGE ( 'NONE', *, *, #9053, .T. ) ;
#7735 = CARTESIAN_POINT ( 'NONE',  ( -23.00000000000002132, 72.00000000000002842, 2.000000000000000444 ) ) ;
#7736 = LINE ( 'NONE', #3472, #8243 ) ;
#7737 = DIRECTION ( 'NONE',  ( 0.000000000000000000, 0.000000000000000000, -1.000000000000000000 ) ) ;
#7738 = ORIENTED_EDGE ( 'NONE', *, *, #3815, .T. ) ;
#7739 = CARTESIAN_POINT ( 'NONE',  ( -29.99999999999999289, -71.99999999999997158, 2.000000000000000000 ) ) ;
#7740 = CARTESIAN_POINT ( 'NONE',  ( 72.00000000000000000, -4.999999999999977796, 2.000000000000000000 ) ) ;
#7741 = EDGE_CURVE ( 'NONE', #7900, #2520, #2717, .T. ) ;
#7742 = EDGE_LOOP ( 'NONE', ( #9027, #3083, #8226, #2929 ) ) ;
#7743 = ORIENTED_EDGE ( 'NONE', *, *, #882, .F. ) ;
#7744 = FACE_OUTER_BOUND ( 'NONE', #8937, .T. ) ;
#7745 = DIRECTION ( 'NONE',  ( 1.000000000000000000, 0.000000000000000000, 0.000000000000000000 ) ) ;
#7746 = ORIENTED_EDGE ( 'NONE', *, *, #8492, .T. ) ;
#7747 = LINE ( 'NONE', #4147, #2602 ) ;
#7748 = ORIENTED_EDGE ( 'NONE', *, *, #4813, .T. ) ;
#7749 = ORIENTED_EDGE ( 'NONE', *, *, #7830, .F. ) ;
#7750 = CIRCLE ( 'NONE', #5957, 7.500000000000000000 ) ;
#7751 = EDGE_CURVE ( 'NONE', #8221, #1681, #1967, .T. ) ;
#7752 = LINE ( 'NONE', #5691, #2918 ) ;
#7753 = ORIENTED_EDGE ( 'NONE', *, *, #3410, .T. ) ;
#7754 = VERTEX_POINT ( 'NONE', #5573 ) ;
#7755 = CARTESIAN_POINT ( 'NONE',  ( 7.500000000000000000, 19.99999999999999645, 10.00000000000000355 ) ) ;
#7756 = VECTOR ( 'NONE', #8545, 1000.000000000000000 ) ;
#7757 = DIRECTION ( 'NONE',  ( -0.000000000000000000, -0.000000000000000000, 1.000000000000000000 ) ) ;
#7758 = ORIENTED_EDGE ( 'NONE', *, *, #1698, .F. ) ;
#7759 = DIRECTION ( 'NONE',  ( -1.604941620322695085E-32, 8.673617379884028076E-17, -1.000000000000000000 ) ) ;
#7760 = ORIENTED_EDGE ( 'NONE', *, *, #5434, .T. ) ;
#7761 = ADVANCED_FACE ( 'NONE', ( #8438 ), #5487, .F. ) ;
#7762 = CARTESIAN_POINT ( 'NONE',  ( 21.99999999999997868, 72.00000000000002842, 5.000000000000000000 ) ) ;
#7763 = ORIENTED_EDGE ( 'NONE', *, *, #3482, .F. ) ;
#7765 = CARTESIAN_POINT ( 'NONE',  ( -10.00000000000000178, -71.99999999999997158, 5.000000000000000000 ) ) ;
#7764 = VECTOR ( 'NONE', #4039, 1000.000000000000000 ) ;
#7766 = DIRECTION ( 'NONE',  ( -1.000000000000000000, -1.850371707708594070E-16, 0.000000000000000000 ) ) ;
#7767 = PLANE ( 'NONE',  #4712 ) ;
#7768 = LINE ( 'NONE', #6404, #2898 ) ;
#7769 = CARTESIAN_POINT ( 'NONE',  ( -75.00000000000001421, 38.00000000000002132, 5.000000000000000000 ) ) ;
#7770 = DIRECTION ( 'NONE',  ( -0.000000000000000000, -0.000000000000000000, 1.000000000000000000 ) ) ;
#7771 = ADVANCED_FACE ( 'NONE', ( #4876 ), #4216, .F. ) ;
#7772 = CARTESIAN_POINT ( 'NONE',  ( 7.500000000000000000, 0.000000000000000000, 10.00000000000000000 ) ) ;
#7773 = ADVANCED_FACE ( 'NONE', ( #1217 ), #1175, .F. ) ;
#7774 = DIRECTION ( 'NONE',  ( -1.000000000000000000, 0.000000000000000000, 0.000000000000000000 ) ) ;
#7775 = CARTESIAN_POINT ( 'NONE',  ( 75.00000000000000000, -4.999999999999976907, 5.000000000000000000 ) ) ;
#7776 = CARTESIAN_POINT ( 'NONE',  ( -34.99999999999999289, -71.99999999999997158, 1.999999999999999112 ) ) ;
#7777 = EDGE_LOOP ( 'NONE', ( #7637, #3188, #3231, #2019 ) ) ;
#7778 = VERTEX_POINT ( 'NONE', #6312 ) ;
#7779 = CARTESIAN_POINT ( 'NONE',  ( -19.99999999999999645, -71.99999999999997158, 2.000000000000000000 ) ) ;
#7780 = CARTESIAN_POINT ( 'NONE',  ( 51.99999999999997868, 72.00000000000002842, 2.000000000000000000 ) ) ;
#7781 = CARTESIAN_POINT ( 'NONE',  ( 5.100000000000009415, -57.99999999999997158, 2.000000000000000000 ) ) ;
#7782 = VERTEX_POINT ( 'NONE', #7014 ) ;
#7783 = LINE ( 'NONE', #1229, #6552 ) ;
#7784 = CARTESIAN_POINT ( 'NONE',  ( -38.00000000000002132, 72.00000000000002842, 5.000000000000000000 ) ) ;
#7785 = EDGE_LOOP ( 'NONE', ( #1764, #8217, #9087, #7280 ) ) ;
#7786 = EDGE_LOOP ( 'NONE', ( #6608, #7244, #3809, #533, #5364, #2749, #5300, #4996, #8548, #2433 ) ) ;
#7787 = EDGE_CURVE ( 'NONE', #52, #3356, #606, .T. ) ;
#7788 = ADVANCED_FACE ( 'NONE', ( #4082 ), #3461, .F. ) ;
#7789 = LINE ( 'NONE', #1374, #5321 ) ;
#7790 = LINE ( 'NONE', #7936, #4380 ) ;
#7791 = ORIENTED_EDGE ( 'NONE', *, *, #5559, .T. ) ;
#7792 = LINE ( 'NONE', #7087, #8362 ) ;
#7793 = DIRECTION ( 'NONE',  ( -2.135044278125300850E-16, -1.000000000000000000, 0.000000000000000000 ) ) ;
#7794 = ORIENTED_EDGE ( 'NONE', *, *, #4860, .T. ) ;
#7795 = VERTEX_POINT ( 'NONE', #2771 ) ;
#7796 = CARTESIAN_POINT ( 'NONE',  ( 11.99999999999998224, 75.00000000000002842, 2.000000000000000000 ) ) ;
#7797 = VERTEX_POINT ( 'NONE', #9098 ) ;
#7798 = ORIENTED_EDGE ( 'NONE', *, *, #2400, .T. ) ;
#7799 = CARTESIAN_POINT ( 'NONE',  ( 71.99999999999998579, 70.00000000000001421, 5.000000000000000000 ) ) ;
#7800 = VERTEX_POINT ( 'NONE', #8485 ) ;
#7801 = AXIS2_PLACEMENT_3D ( 'NONE', #4914, #6449, #7766 ) ;
#7802 = VECTOR ( 'NONE', #1933, 1000.000000000000000 ) ;
#7803 = EDGE_CURVE ( 'NONE', #8511, #8963, #2056, .T. ) ;
#7804 = LINE ( 'NONE', #1391, #2009 ) ;
#7805 = ORIENTED_EDGE ( 'NONE', *, *, #6113, .T. ) ;
#7806 = DIRECTION ( 'NONE',  ( 0.000000000000000000, -0.000000000000000000, 1.000000000000000000 ) ) ;
#7807 = ORIENTED_EDGE ( 'NONE', *, *, #5830, .T. ) ;
#7808 = VECTOR ( 'NONE', #8158, 1000.000000000000000 ) ;
#7809 = CARTESIAN_POINT ( 'NONE',  ( -70.00000000000000000, -74.99999999999997158, 5.000000000000000000 ) ) ;
#7810 = VECTOR ( 'NONE', #2988, 1000.000000000000000 ) ;
#7811 = ORIENTED_EDGE ( 'NONE', *, *, #3575, .F. ) ;
#7812 = CARTESIAN_POINT ( 'NONE',  ( 6.938893903907228378E-15, -71.99999999999997158, 2.000000000000000000 ) ) ;
#7813 = CARTESIAN_POINT ( 'NONE',  ( -38.00000000000002132, 75.00000000000002842, 5.000000000000000000 ) ) ;
#7814 = EDGE_CURVE ( 'NONE', #2900, #960, #7062, .T. ) ;
#7815 = AXIS2_PLACEMENT_3D ( 'NONE', #2825, #4979, #667 ) ;
#7816 = VECTOR ( 'NONE', #779, 1000.000000000000000 ) ;
#7817 = CARTESIAN_POINT ( 'NONE',  ( 5.100000000000009415, 57.99999999999997158, 2.000000000000000000 ) ) ;
#7818 = DIRECTION ( 'NONE',  ( -0.000000000000000000, 0.000000000000000000, 1.000000000000000000 ) ) ;
#7819 = ORIENTED_EDGE ( 'NONE', *, *, #3195, .F. ) ;
#7820 = DIRECTION ( 'NONE',  ( 1.000000000000000000, -0.000000000000000000, -0.000000000000000000 ) ) ;
#7821 = CARTESIAN_POINT ( 'NONE',  ( -72.00000000000000000, -66.99999999999998579, 1.999999999999999556 ) ) ;
#7822 = VERTEX_POINT ( 'NONE', #1879 ) ;
#7823 = CARTESIAN_POINT ( 'NONE',  ( -28.00000000000002487, 72.00000000000002842, 5.000000000000000000 ) ) ;
#7824 = CARTESIAN_POINT ( 'NONE',  ( 72.00000000000000000, 30.00000000000002132, 1.999999999999999556 ) ) ;
#7825 = VECTOR ( 'NONE', #3323, 1000.000000000000000 ) ;
#7826 = CARTESIAN_POINT ( 'NONE',  ( 0.000000000000000000, -45.00000000000001421, 12.00000000000000000 ) ) ;
#7827 = ORIENTED_EDGE ( 'NONE', *, *, #7508, .T. ) ;
#7828 = ORIENTED_EDGE ( 'NONE', *, *, #9190, .T. ) ;
#7829 = EDGE_CURVE ( 'NONE', #4819, #7075, #4742, .T. ) ;
#7830 = EDGE_CURVE ( 'NONE', #3497, #8684, #9050, .T. ) ;
#7831 = DIRECTION ( 'NONE',  ( 0.000000000000000000, 1.000000000000000000, -8.673617379884039170E-17 ) ) ;
#7832 = AXIS2_PLACEMENT_3D ( 'NONE', #42, #644, #4257 ) ;
#7833 = DIRECTION ( 'NONE',  ( 1.604941620322697548E-32, -8.673617379884039170E-17, -1.000000000000000000 ) ) ;
#7834 = CARTESIAN_POINT ( 'NONE',  ( -72.00000000000000000, -41.99999999999998579, 5.000000000000000000 ) ) ;
#7835 = EDGE_LOOP ( 'NONE', ( #1772, #2735, #9244, #684 ) ) ;
#7836 = PLANE ( 'NONE',  #3133 ) ;
#7837 = DIRECTION ( 'NONE',  ( -1.850371707708594316E-16, 1.000000000000000000, -0.000000000000000000 ) ) ;
#7838 = ORIENTED_EDGE ( 'NONE', *, *, #147, .T. ) ;
#7839 = ORIENTED_EDGE ( 'NONE', *, *, #5055, .T. ) ;
#7840 = AXIS2_PLACEMENT_3D ( 'NONE', #8840, #3162, #4875 ) ;
#7841 = EDGE_CURVE ( 'NONE', #2324, #4108, #4451, .T. ) ;
#7842 = CARTESIAN_POINT ( 'NONE',  ( -72.00000000000001421, 13.00000000000001066, 1.999999999999999556 ) ) ;
#7843 = DIRECTION ( 'NONE',  ( -0.000000000000000000, -0.000000000000000000, 1.000000000000000000 ) ) ;
#7844 = VERTEX_POINT ( 'NONE', #2814 ) ;
#7845 = VECTOR ( 'NONE', #5773, 1000.000000000000000 ) ;
#7846 = LINE ( 'NONE', #3312, #5507 ) ;
#7847 = FACE_OUTER_BOUND ( 'NONE', #9108, .T. ) ;
#7848 = ORIENTED_EDGE ( 'NONE', *, *, #3564, .F. ) ;
#7849 = ORIENTED_EDGE ( 'NONE', *, *, #7980, .F. ) ;
#7850 = AXIS2_PLACEMENT_3D ( 'NONE', #1702, #4516, #7317 ) ;
#7851 = DIRECTION ( 'NONE',  ( -0.000000000000000000, -1.000000000000000000, -0.000000000000000000 ) ) ;
#7852 = EDGE_LOOP ( 'NONE', ( #4096, #2820, #6820, #2565 ) ) ;
#7853 = VERTEX_POINT ( 'NONE', #2995 ) ;
#7854 = LINE ( 'NONE', #7799, #8272 ) ;
#7855 = EDGE_CURVE ( 'NONE', #828, #2944, #5021, .T. ) ;
#7856 = ORIENTED_EDGE ( 'NONE', *, *, #4431, .F. ) ;
#7857 = AXIS2_PLACEMENT_3D ( 'NONE', #7083, #9071, #5637 ) ;
#7858 = VECTOR ( 'NONE', #4402, 1000.000000000000000 ) ;
#7859 = CARTESIAN_POINT ( 'NONE',  ( 6.938893903907228378E-15, -74.99999999999997158, 2.000000000000000000 ) ) ;
#7860 = DIRECTION ( 'NONE',  ( 0.000000000000000000, 0.000000000000000000, -1.000000000000000000 ) ) ;
#7861 = ORIENTED_EDGE ( 'NONE', *, *, #3591, .T. ) ;
#7862 = VECTOR ( 'NONE', #3680, 1000.000000000000000 ) ;
#7863 = CARTESIAN_POINT ( 'NONE',  ( 71.99999999999998579, 55.00000000000002132, 5.000000000000000000 ) ) ;
#7864 = FACE_OUTER_BOUND ( 'NONE', #4671, .T. ) ;
#7865 = EDGE_CURVE ( 'NONE', #1076, #8515, #6505, .T. ) ;
#7866 = CARTESIAN_POINT ( 'NONE',  ( 71.99999999999998579, 65.00000000000002842, 2.000000000000000000 ) ) ;
#7867 = VECTOR ( 'NONE', #801, 1000.000000000000000 ) ;
#7868 = DIRECTION ( 'NONE',  ( 0.000000000000000000, -1.387778780781445478E-15, 1.000000000000000000 ) ) ;
#7869 = CARTESIAN_POINT ( 'NONE',  ( -72.00000000000001421, 53.00000000000001421, 1.999999999999999556 ) ) ;
#7870 = ORIENTED_EDGE ( 'NONE', *, *, #1556, .F. ) ;
#7871 = LINE ( 'NONE', #1352, #4103 ) ;
#7872 = DIRECTION ( 'NONE',  ( -1.000000000000000000, -0.000000000000000000, -0.000000000000000000 ) ) ;
#7873 = CARTESIAN_POINT ( 'NONE',  ( -59.99999999999999289, -74.99999999999997158, 2.000000000000000000 ) ) ;
#7874 = LINE ( 'NONE', #6267, #7204 ) ;
#7875 = EDGE_CURVE ( 'NONE', #6783, #6344, #2860, .T. ) ;
#7876 = DIRECTION ( 'NONE',  ( 1.000000000000000000, -0.000000000000000000, -0.000000000000000000 ) ) ;
#7877 = ORIENTED_EDGE ( 'NONE', *, *, #2333, .F. ) ;
#7878 = VERTEX_POINT ( 'NONE', #2243 ) ;
#7879 = CARTESIAN_POINT ( 'NONE',  ( -72.00000000000000000, -16.99999999999998579, 5.000000000000000000 ) ) ;
#7880 = LINE ( 'NONE', #852, #3471 ) ;
#7881 = CARTESIAN_POINT ( 'NONE',  ( -72.00000000000000000, -56.99999999999997868, 1.999999999999999556 ) ) ;
#7882 = VERTEX_POINT ( 'NONE', #6455 ) ;
#7883 = DIRECTION ( 'NONE',  ( 0.000000000000000000, 0.000000000000000000, -1.000000000000000000 ) ) ;
#7884 = DIRECTION ( 'NONE',  ( -0.000000000000000000, 0.000000000000000000, 1.000000000000000000 ) ) ;
#7885 = EDGE_CURVE ( 'NONE', #241, #5831, #751, .T. ) ;
#7886 = ORIENTED_EDGE ( 'NONE', *, *, #8526, .F. ) ;
#7887 = EDGE_CURVE ( 'NONE', #3432, #1631, #5713, .T. ) ;
#7888 = ORIENTED_EDGE ( 'NONE', *, *, #2884, .T. ) ;
#7889 = FACE_OUTER_BOUND ( 'NONE', #5433, .T. ) ;
#7890 = CARTESIAN_POINT ( 'NONE',  ( 75.00000000000000000, -24.99999999999998224, 5.000000000000000000 ) ) ;
#7891 = EDGE_LOOP ( 'NONE', ( #3215, #4944, #690, #4515 ) ) ;
#7892 = FACE_OUTER_BOUND ( 'NONE', #1430, .T. ) ;
#7893 = CYLINDRICAL_SURFACE ( 'NONE', #3654, 5.000000000000002665 ) ;
#7894 = ORIENTED_EDGE ( 'NONE', *, *, #601, .F. ) ;
#7895 = ORIENTED_EDGE ( 'NONE', *, *, #6870, .T. ) ;
#7896 = ADVANCED_FACE ( 'NONE', ( #5159 ), #8631, .F. ) ;
#7897 = FACE_OUTER_BOUND ( 'NONE', #2643, .T. ) ;
#7898 = ORIENTED_EDGE ( 'NONE', *, *, #8923, .T. ) ;
#7899 = EDGE_CURVE ( 'NONE', #6522, #3786, #57, .T. ) ;
#7900 = VERTEX_POINT ( 'NONE', #1406 ) ;
#7901 = DIRECTION ( 'NONE',  ( -0.000000000000000000, 1.000000000000000000, -0.000000000000000000 ) ) ;
#7902 = VERTEX_POINT ( 'NONE', #3698 ) ;
#7903 = CARTESIAN_POINT ( 'NONE',  ( 75.00000000000000000, 25.00000000000002132, 2.000000000000000000 ) ) ;
#7904 = VECTOR ( 'NONE', #2673, 1000.000000000000000 ) ;
#7905 = CARTESIAN_POINT ( 'NONE',  ( 72.00000000000000000, 35.00000000000002132, 5.000000000000000000 ) ) ;
#7906 = ORIENTED_EDGE ( 'NONE', *, *, #6530, .T. ) ;
#7907 = CARTESIAN_POINT ( 'NONE',  ( 72.00000000000000000, -100.0000000000000000, 0.000000000000000000 ) ) ;
#7908 = AXIS2_PLACEMENT_3D ( 'NONE', #1170, #9186, #1961 ) ;
#7909 = DIRECTION ( 'NONE',  ( -1.000000000000000000, -0.000000000000000000, -0.000000000000000000 ) ) ;
#7910 = CARTESIAN_POINT ( 'NONE',  ( 6.999999999999978684, 75.00000000000002842, 2.000000000000000444 ) ) ;
#7911 = AXIS2_PLACEMENT_3D ( 'NONE', #2827, #1979, #4934 ) ;
#7912 = EDGE_CURVE ( 'NONE', #1328, #934, #6409, .T. ) ;
#7913 = ORIENTED_EDGE ( 'NONE', *, *, #2764, .F. ) ;
#7914 = EDGE_CURVE ( 'NONE', #1442, #6720, #5065, .T. ) ;
#7915 = DIRECTION ( 'NONE',  ( 0.000000000000000000, 0.000000000000000000, -1.000000000000000000 ) ) ;
#7916 = CARTESIAN_POINT ( 'NONE',  ( -72.00000000000000000, -36.99999999999999289, 5.000000000000000000 ) ) ;
#7917 = ORIENTED_EDGE ( 'NONE', *, *, #3644, .T. ) ;
#7918 = VECTOR ( 'NONE', #8582, 1000.000000000000000 ) ;
#7919 = CARTESIAN_POINT ( 'NONE',  ( -72.00000000000000000, -21.99999999999998579, 5.000000000000000000 ) ) ;
#7920 = ORIENTED_EDGE ( 'NONE', *, *, #6415, .F. ) ;
#7921 = CARTESIAN_POINT ( 'NONE',  ( -28.00000000000002487, 75.00000000000002842, 2.000000000000000000 ) ) ;
#7922 = DIRECTION ( 'NONE',  ( 0.000000000000000000, -0.000000000000000000, 1.000000000000000000 ) ) ;
#7923 = CARTESIAN_POINT ( 'NONE',  ( 74.99999999999998579, 75.00000000000002842, 2.000000000000000000 ) ) ;
#7924 = EDGE_LOOP ( 'NONE', ( #1296, #2776, #7515, #1762 ) ) ;
#7925 = VECTOR ( 'NONE', #4550, 1000.000000000000000 ) ;
#7926 = CARTESIAN_POINT ( 'NONE',  ( 10.00000000000000178, -71.99999999999997158, 5.000000000000000000 ) ) ;
#7927 = EDGE_CURVE ( 'NONE', #1992, #6660, #4317, .T. ) ;
#7928 = CARTESIAN_POINT ( 'NONE',  ( -3.000000000000030198, 72.00000000000002842, 2.000000000000000444 ) ) ;
#7929 = LINE ( 'NONE', #4375, #943 ) ;
#7930 = DIRECTION ( 'NONE',  ( 1.000000000000000000, 0.000000000000000000, 0.000000000000000000 ) ) ;
#7931 = CARTESIAN_POINT ( 'NONE',  ( -75.00000000000001421, 75.00000000000002842, 5.000000000000000000 ) ) ;
#7932 = ORIENTED_EDGE ( 'NONE', *, *, #5951, .T. ) ;
#7933 = VERTEX_POINT ( 'NONE', #5764 ) ;
#7934 = EDGE_CURVE ( 'NONE', #6533, #8511, #447, .T. ) ;
#7935 = DIRECTION ( 'NONE',  ( -0.000000000000000000, -1.000000000000000000, -0.000000000000000000 ) ) ;
#7936 = CARTESIAN_POINT ( 'NONE',  ( 75.00000000000001421, -64.99999999999998579, 2.000000000000000000 ) ) ;
#7937 = ORIENTED_EDGE ( 'NONE', *, *, #8043, .T. ) ;
#7938 = CARTESIAN_POINT ( 'NONE',  ( 11.99999999999998224, 75.00000000000002842, 5.000000000000000000 ) ) ;
#7939 = PLANE ( 'NONE',  #1405 ) ;
#7940 = ORIENTED_EDGE ( 'NONE', *, *, #6619, .T. ) ;
#7941 = LINE ( 'NONE', #4998, #6804 ) ;
#7942 = ORIENTED_EDGE ( 'NONE', *, *, #6438, .F. ) ;
#7943 = PRESENTATION_LAYER_ASSIGNMENT (  '', '', ( #2103 ) ) ;
#7944 = VERTEX_POINT ( 'NONE', #1587 ) ;
#7945 = DIRECTION ( 'NONE',  ( 0.000000000000000000, 0.000000000000000000, -1.000000000000000000 ) ) ;
#7946 = EDGE_CURVE ( 'NONE', #4442, #7171, #2200, .T. ) ;
#7947 = CARTESIAN_POINT ( 'NONE',  ( 66.99999999999997158, 72.00000000000002842, 2.000000000000000444 ) ) ;
#7948 = EDGE_CURVE ( 'NONE', #8090, #1649, #706, .T. ) ;
#7949 = VECTOR ( 'NONE', #7695, 1000.000000000000000 ) ;
#7950 = VERTEX_POINT ( 'NONE', #887 ) ;
#7951 = DIRECTION ( 'NONE',  ( -1.000000000000000000, 0.000000000000000000, 0.000000000000000000 ) ) ;
#7952 = EDGE_LOOP ( 'NONE', ( #7895, #5330, #2840, #1027 ) ) ;
#7953 = LINE ( 'NONE', #696, #4573 ) ;
#7954 = DIRECTION ( 'NONE',  ( -1.000000000000000000, -1.850371707708594070E-16, -0.000000000000000000 ) ) ;
#7955 = DIRECTION ( 'NONE',  ( 0.000000000000000000, 0.000000000000000000, -1.000000000000000000 ) ) ;
#7956 = ORIENTED_EDGE ( 'NONE', *, *, #4713, .T. ) ;
#7957 = AXIS2_PLACEMENT_3D ( 'NONE', #247, #2997, #5850 ) ;
#7958 = DIRECTION ( 'NONE',  ( 1.000000000000000000, 0.000000000000000000, 0.000000000000000000 ) ) ;
#7959 = VECTOR ( 'NONE', #6759, 1000.000000000000000 ) ;
#7960 = CARTESIAN_POINT ( 'NONE',  ( 75.00000000000001421, -59.99999999999998579, 1.999999999999999556 ) ) ;
#7961 = ORIENTED_EDGE ( 'NONE', *, *, #4697, .T. ) ;
#7962 = CARTESIAN_POINT ( 'NONE',  ( -19.99999999999999645, -71.99999999999997158, 2.000000000000000000 ) ) ;
#7963 = VECTOR ( 'NONE', #5350, 1000.000000000000000 ) ;
#7964 = FACE_BOUND ( 'NONE', #983, .T. ) ;
#7965 = CARTESIAN_POINT ( 'NONE',  ( 30.00000000000000000, -71.99999999999997158, 5.000000000000000000 ) ) ;
#7966 = DIRECTION ( 'NONE',  ( -1.000000000000000000, 0.000000000000000000, 0.000000000000000000 ) ) ;
#7967 = ORIENTED_EDGE ( 'NONE', *, *, #165, .T. ) ;
#7968 = EDGE_CURVE ( 'NONE', #3021, #4019, #3579, .T. ) ;
#7969 = VECTOR ( 'NONE', #7309, 1000.000000000000000 ) ;
#7970 = VECTOR ( 'NONE', #1623, 1000.000000000000000 ) ;
#7971 = FACE_OUTER_BOUND ( 'NONE', #170, .T. ) ;
#7972 = PLANE ( 'NONE',  #3165 ) ;
#7973 = DIRECTION ( 'NONE',  ( -0.000000000000000000, -0.000000000000000000, 1.000000000000000000 ) ) ;
#7974 = VECTOR ( 'NONE', #2150, 1000.000000000000000 ) ;
#7975 = CARTESIAN_POINT ( 'NONE',  ( 72.00000000000001421, -69.99999999999998579, 5.000000000000000000 ) ) ;
#7977 = DIRECTION ( 'NONE',  ( -1.000000000000000000, -0.000000000000000000, -0.000000000000000000 ) ) ;
#7976 = VECTOR ( 'NONE', #1499, 1000.000000000000000 ) ;
#7978 = VERTEX_POINT ( 'NONE', #2101 ) ;
#7979 = EDGE_LOOP ( 'NONE', ( #6374, #1339, #4510, #7182 ) ) ;
#7980 = EDGE_CURVE ( 'NONE', #2900, #7283, #4968, .T. ) ;
#7981 = VECTOR ( 'NONE', #6384, 1000.000000000000000 ) ;
#7982 = CARTESIAN_POINT ( 'NONE',  ( -40.00000000000000000, 72.00000000000002842, 0.000000000000000000 ) ) ;
#7983 = CARTESIAN_POINT ( 'NONE',  ( -72.00000000000001421, 38.00000000000002132, 5.000000000000000000 ) ) ;
#7984 = ORIENTED_EDGE ( 'NONE', *, *, #8390, .F. ) ;
#7985 = CARTESIAN_POINT ( 'NONE',  ( -60.00000000000000000, -74.99999999999997158, 5.000000000000000000 ) ) ;
#7986 = CARTESIAN_POINT ( 'NONE',  ( 71.99999999999998579, 45.00000000000002842, 5.000000000000000000 ) ) ;
#7987 = ORIENTED_EDGE ( 'NONE', *, *, #2408, .T. ) ;
#7988 = VECTOR ( 'NONE', #7820, 1000.000000000000000 ) ;
#7989 = PLANE ( 'NONE',  #6948 ) ;
#7990 = ORIENTED_EDGE ( 'NONE', *, *, #3534, .F. ) ;
#7991 = ORIENTED_EDGE ( 'NONE', *, *, #4057, .T. ) ;
#7992 = CARTESIAN_POINT ( 'NONE',  ( 65.00000000000000000, -71.99999999999997158, 4.999999999999999112 ) ) ;
#7993 = EDGE_CURVE ( 'NONE', #5025, #1366, #3558, .T. ) ;
#7994 = VECTOR ( 'NONE', #3026, 1000.000000000000000 ) ;
#7995 = DIRECTION ( 'NONE',  ( -0.000000000000000000, -0.000000000000000000, -1.000000000000000000 ) ) ;
#7996 = VECTOR ( 'NONE', #1050, 1000.000000000000000 ) ;
#7997 = CARTESIAN_POINT ( 'NONE',  ( -18.00000000000001421, 72.00000000000002842, 2.000000000000000000 ) ) ;
#7998 = ORIENTED_EDGE ( 'NONE', *, *, #8390, .T. ) ;
#7999 = DIRECTION ( 'NONE',  ( 0.000000000000000000, 1.000000000000000000, -8.673617379884039170E-17 ) ) ;
#8000 = PLANE ( 'NONE',  #5282 ) ;
#8001 = EDGE_CURVE ( 'NONE', #7566, #7878, #7402, .T. ) ;
#8002 = VECTOR ( 'NONE', #8458, 1000.000000000000000 ) ;
#8003 = VECTOR ( 'NONE', #3985, 1000.000000000000000 ) ;
#8004 = EDGE_CURVE ( 'NONE', #9245, #123, #8056, .T. ) ;
#8005 = DIRECTION ( 'NONE',  ( 0.000000000000000000, 1.000000000000000000, 0.000000000000000000 ) ) ;
#8006 = VERTEX_POINT ( 'NONE', #5898 ) ;
#8007 = VECTOR ( 'NONE', #4946, 1000.000000000000000 ) ;
#8008 = LINE ( 'NONE', #5894, #61 ) ;
#8009 = LINE ( 'NONE', #1585, #1913 ) ;
#8010 = DIRECTION ( 'NONE',  ( 1.000000000000000000, 1.850371707708594070E-16, -0.000000000000000000 ) ) ;
#8011 = ORIENTED_EDGE ( 'NONE', *, *, #9073, .T. ) ;
#8012 = VERTEX_POINT ( 'NONE', #383 ) ;
#8013 = DIRECTION ( 'NONE',  ( -1.000000000000000000, 0.000000000000000000, 8.673617379884028076E-17 ) ) ;
#8014 = CARTESIAN_POINT ( 'NONE',  ( -72.00000000000001421, 58.00000000000001421, 5.000000000000000000 ) ) ;
#8015 = EDGE_CURVE ( 'NONE', #8783, #2387, #3140, .T. ) ;
#8016 = LINE ( 'NONE', #5255, #3170 ) ;
#8017 = ORIENTED_EDGE ( 'NONE', *, *, #2212, .T. ) ;
#8018 = CARTESIAN_POINT ( 'NONE',  ( 49.99999999999999289, -74.99999999999997158, 5.000000000000000000 ) ) ;
#8019 = DIRECTION ( 'NONE',  ( -0.000000000000000000, 0.000000000000000000, -1.000000000000000000 ) ) ;
#8020 = CARTESIAN_POINT ( 'NONE',  ( 16.99999999999997513, 75.00000000000002842, 5.000000000000000000 ) ) ;
#8021 = EDGE_CURVE ( 'NONE', #5105, #2597, #7346, .T. ) ;
#8022 = DIRECTION ( 'NONE',  ( 0.000000000000000000, 0.000000000000000000, -1.000000000000000000 ) ) ;
#8023 = DIRECTION ( 'NONE',  ( 0.000000000000000000, 0.000000000000000000, 1.000000000000000000 ) ) ;
#8024 = ORIENTED_EDGE ( 'NONE', *, *, #2495, .F. ) ;
#8025 = ORIENTED_EDGE ( 'NONE', *, *, #7803, .T. ) ;
#8026 = VERTEX_POINT ( 'NONE', #3187 ) ;
#8027 = CARTESIAN_POINT ( 'NONE',  ( -19.99999999999999645, -74.99999999999997158, 2.000000000000000000 ) ) ;
#8028 = DIRECTION ( 'NONE',  ( 2.312964634635742661E-15, 0.000000000000000000, -1.000000000000000000 ) ) ;
#8029 = CARTESIAN_POINT ( 'NONE',  ( -5.100000000000010303, -57.99999999999997158, 5.000000000000000888 ) ) ;
#8030 = ADVANCED_FACE ( 'NONE', ( #5298 ), #2524, .F. ) ;
#8031 = CARTESIAN_POINT ( 'NONE',  ( -34.99999999999999289, -71.99999999999997158, 5.000000000000000000 ) ) ;
#8032 = ORIENTED_EDGE ( 'NONE', *, *, #9008, .T. ) ;
#8033 = EDGE_CURVE ( 'NONE', #7521, #6826, #1075, .T. ) ;
#8034 = DIRECTION ( 'NONE',  ( 1.734723475976807834E-16, 0.000000000000000000, -1.000000000000000000 ) ) ;
#8035 = CARTESIAN_POINT ( 'NONE',  ( 1.899999999999997913, -57.99999999999997158, 15.00000000000000000 ) ) ;
#8036 = ORIENTED_EDGE ( 'NONE', *, *, #8852, .F. ) ;
#8037 = LINE ( 'NONE', #2322, #4118 ) ;
#8038 = VERTEX_POINT ( 'NONE', #3889 ) ;
#8039 = ORIENTED_EDGE ( 'NONE', *, *, #659, .F. ) ;
#8040 = DIRECTION ( 'NONE',  ( 0.000000000000000000, 0.000000000000000000, -1.000000000000000000 ) ) ;
#8041 = FACE_OUTER_BOUND ( 'NONE', #7040, .T. ) ;
#8042 = ORIENTED_EDGE ( 'NONE', *, *, #8672, .T. ) ;
#8043 = EDGE_CURVE ( 'NONE', #4427, #7093, #5342, .T. ) ;
#8044 = PLANE ( 'NONE',  #505 ) ;
#8045 = ORIENTED_EDGE ( 'NONE', *, *, #8201, .T. ) ;
#8046 = DIRECTION ( 'NONE',  ( -1.000000000000000000, 0.000000000000000000, 0.000000000000000000 ) ) ;
#8047 = DIRECTION ( 'NONE',  ( 1.000000000000000000, 1.850371707708594070E-16, 0.000000000000000000 ) ) ;
#8048 = EDGE_LOOP ( 'NONE', ( #78, #3542, #9055, #6590 ) ) ;
#8049 = VERTEX_POINT ( 'NONE', #4596 ) ;
#8050 = CARTESIAN_POINT ( 'NONE',  ( 74.99999999999998579, 45.00000000000002842, 5.000000000000000000 ) ) ;
#8051 = ORIENTED_EDGE ( 'NONE', *, *, #6898, .T. ) ;
#8052 = EDGE_CURVE ( 'NONE', #8547, #7183, #7486, .T. ) ;
#8053 = CARTESIAN_POINT ( 'NONE',  ( -74.99999999999998579, -74.99999999999997158, 5.000000000000000000 ) ) ;
#8054 = VERTEX_POINT ( 'NONE', #7538 ) ;
#8055 = CARTESIAN_POINT ( 'NONE',  ( 60.00000000000000000, -71.99999999999997158, 5.000000000000000000 ) ) ;
#8056 = LINE ( 'NONE', #2485, #1049 ) ;
#8057 = VERTEX_POINT ( 'NONE', #3845 ) ;
#8058 = ORIENTED_EDGE ( 'NONE', *, *, #3968, .T. ) ;
#8059 = DIRECTION ( 'NONE',  ( 1.000000000000000000, -0.000000000000000000, 1.734723475976808080E-16 ) ) ;
#8061 = DIRECTION ( 'NONE',  ( 1.000000000000000000, 1.850371707708594070E-16, 0.000000000000000000 ) ) ;
#8060 = VECTOR ( 'NONE', #1072, 1000.000000000000000 ) ;
#8062 = CARTESIAN_POINT ( 'NONE',  ( -72.00000000000000000, -6.999999999999991118, 5.000000000000000000 ) ) ;
#8063 = DIRECTION ( 'NONE',  ( -0.000000000000000000, -0.000000000000000000, 1.000000000000000000 ) ) ;
#8064 = AXIS2_PLACEMENT_3D ( 'NONE', #7739, #2784, #1321 ) ;
#8065 = EDGE_CURVE ( 'NONE', #2429, #8802, #287, .T. ) ;
#8066 = LINE ( 'NONE', #8823, #3027 ) ;
#8067 = PLANE ( 'NONE',  #6768 ) ;
#8068 = EDGE_CURVE ( 'NONE', #9178, #2706, #6039, .T. ) ;
#8069 = CARTESIAN_POINT ( 'NONE',  ( 72.00000000000000000, -24.99999999999998224, 2.000000000000000000 ) ) ;
#8070 = CARTESIAN_POINT ( 'NONE',  ( 55.00000000000000711, -71.99999999999997158, 5.000000000000000000 ) ) ;
#8071 = VERTEX_POINT ( 'NONE', #5994 ) ;
#8072 = VERTEX_POINT ( 'NONE', #2342 ) ;
#8073 = VECTOR ( 'NONE', #202, 1000.000000000000000 ) ;
#8074 = VERTEX_POINT ( 'NONE', #3937 ) ;
#8075 = DIRECTION ( 'NONE',  ( 1.000000000000000000, 1.850371707708594070E-16, -0.000000000000000000 ) ) ;
#8076 = CARTESIAN_POINT ( 'NONE',  ( 61.99999999999997868, 72.00000000000002842, 5.000000000000000000 ) ) ;
#8077 = CARTESIAN_POINT ( 'NONE',  ( 3.500000000000000888, -45.00000000000001421, 12.00000000000000000 ) ) ;
#8078 = DIRECTION ( 'NONE',  ( 2.312964634635742661E-15, 0.000000000000000000, -1.000000000000000000 ) ) ;
#8079 = EDGE_LOOP ( 'NONE', ( #2548, #4408, #2846, #8415 ) ) ;
#8080 = DIRECTION ( 'NONE',  ( -1.000000000000000000, -0.000000000000000000, -0.000000000000000000 ) ) ;
#8081 = DIRECTION ( 'NONE',  ( 0.000000000000000000, 0.000000000000000000, -1.000000000000000000 ) ) ;
#8082 = ORIENTED_EDGE ( 'NONE', *, *, #1191, .T. ) ;
#8083 = DIRECTION ( 'NONE',  ( 1.000000000000000000, 0.000000000000000000, 0.000000000000000000 ) ) ;
#8084 = ORIENTED_EDGE ( 'NONE', *, *, #545, .T. ) ;
#8085 = ORIENTED_EDGE ( 'NONE', *, *, #3922, .T. ) ;
#8086 = LINE ( 'NONE', #2979, #6916 ) ;
#8087 = EDGE_CURVE ( 'NONE', #2356, #4624, #6787, .T. ) ;
#8088 = ORIENTED_EDGE ( 'NONE', *, *, #8934, .F. ) ;
#8089 = DIRECTION ( 'NONE',  ( -1.000000000000000000, 0.000000000000000000, 0.000000000000000000 ) ) ;
#8090 = VERTEX_POINT ( 'NONE', #1634 ) ;
#8091 = LINE ( 'NONE', #1668, #8437 ) ;
#8092 = ORIENTED_EDGE ( 'NONE', *, *, #9270, .F. ) ;
#8093 = CARTESIAN_POINT ( 'NONE',  ( 16.99999999999997513, 75.00000000000002842, 2.000000000000000444 ) ) ;
#8094 = DIRECTION ( 'NONE',  ( 0.000000000000000000, -1.387778780781445478E-15, 1.000000000000000000 ) ) ;
#8095 = VERTEX_POINT ( 'NONE', #5945 ) ;
#8096 = EDGE_CURVE ( 'NONE', #4987, #7138, #6082, .T. ) ;
#8097 = VECTOR ( 'NONE', #4092, 1000.000000000000000 ) ;
#8098 = ORIENTED_EDGE ( 'NONE', *, *, #312, .F. ) ;
#8099 = DIRECTION ( 'NONE',  ( -1.000000000000000000, -0.000000000000000000, -0.000000000000000000 ) ) ;
#8100 = ORIENTED_EDGE ( 'NONE', *, *, #7420, .F. ) ;
#8101 = CARTESIAN_POINT ( 'NONE',  ( -75.00000000000000000, -26.99999999999998224, 1.999999999999999556 ) ) ;
#8102 = DIRECTION ( 'NONE',  ( -1.000000000000000000, -1.850371707708594070E-16, 0.000000000000000000 ) ) ;
#8103 = ORIENTED_EDGE ( 'NONE', *, *, #5882, .F. ) ;
#8104 = ORIENTED_EDGE ( 'NONE', *, *, #6531, .T. ) ;
#8105 = LINE ( 'NONE', #1686, #6209 ) ;
#8106 = CARTESIAN_POINT ( 'NONE',  ( -72.00000000000001421, 63.00000000000001421, 1.999999999999999556 ) ) ;
#8107 = DIRECTION ( 'NONE',  ( -0.000000000000000000, -0.000000000000000000, -1.000000000000000000 ) ) ;
#8108 = ADVANCED_FACE ( 'NONE', ( #8239 ), #2390, .F. ) ;
#8109 = VECTOR ( 'NONE', #4073, 1000.000000000000000 ) ;
#8110 = VECTOR ( 'NONE', #3818, 1000.000000000000000 ) ;
#8111 = PLANE ( 'NONE',  #1117 ) ;
#8112 = DIRECTION ( 'NONE',  ( 0.000000000000000000, 0.000000000000000000, -1.000000000000000000 ) ) ;
#8113 = LINE ( 'NONE', #3199, #1092 ) ;
#8114 = LINE ( 'NONE', #2496, #2681 ) ;
#8115 = CARTESIAN_POINT ( 'NONE',  ( 71.99999999999998579, -20.00000000000000000, 0.000000000000000000 ) ) ;
#8116 = VECTOR ( 'NONE', #8720, 1000.000000000000000 ) ;
#8117 = EDGE_LOOP ( 'NONE', ( #4526, #6955, #1540, #4543 ) ) ;
#8118 = AXIS2_PLACEMENT_3D ( 'NONE', #6865, #3266, #2476 ) ;
#8119 = ORIENTED_EDGE ( 'NONE', *, *, #9228, .F. ) ;
#8120 = EDGE_CURVE ( 'NONE', #6518, #1521, #98, .T. ) ;
#8121 = ADVANCED_FACE ( 'NONE', ( #3044 ), #5206, .F. ) ;
#8122 = CARTESIAN_POINT ( 'NONE',  ( 72.00000000000000000, 5.000000000000017764, 5.000000000000000000 ) ) ;
#8123 = VECTOR ( 'NONE', #5919, 1000.000000000000000 ) ;
#8124 = CARTESIAN_POINT ( 'NONE',  ( 72.00000000000000000, 20.00000000000001776, 5.000000000000000000 ) ) ;
#8125 = DIRECTION ( 'NONE',  ( -1.000000000000000000, 0.000000000000000000, 0.000000000000000000 ) ) ;
#8126 = VECTOR ( 'NONE', #526, 1000.000000000000000 ) ;
#8127 = LINE ( 'NONE', #6521, #178 ) ;
#8128 = ORIENTED_EDGE ( 'NONE', *, *, #1109, .T. ) ;
#8129 = DIRECTION ( 'NONE',  ( 0.000000000000000000, 0.000000000000000000, -1.000000000000000000 ) ) ;
#8130 = CARTESIAN_POINT ( 'NONE',  ( 5.100000000000008527, -57.99999999999997158, 15.00000000000000000 ) ) ;
#8131 = ORIENTED_EDGE ( 'NONE', *, *, #7814, .F. ) ;
#8132 = VERTEX_POINT ( 'NONE', #3405 ) ;
#8133 = ORIENTED_EDGE ( 'NONE', *, *, #5544, .F. ) ;
#8134 = PLANE ( 'NONE',  #7221 ) ;
#8135 = AXIS2_PLACEMENT_3D ( 'NONE', #5483, #6968, #5525 ) ;
#8136 = ADVANCED_FACE ( 'NONE', ( #9130 ), #1165, .F. ) ;
#8137 = ORIENTED_EDGE ( 'NONE', *, *, #4326, .T. ) ;
#8138 = LINE ( 'NONE', #3220, #5015 ) ;
#8139 = ORIENTED_EDGE ( 'NONE', *, *, #3704, .T. ) ;
#8140 = VECTOR ( 'NONE', #8801, 1000.000000000000000 ) ;
#8141 = DIRECTION ( 'NONE',  ( -0.000000000000000000, -0.000000000000000000, 1.000000000000000000 ) ) ;
#8142 = ORIENTED_EDGE ( 'NONE', *, *, #4100, .F. ) ;
#8143 = EDGE_CURVE ( 'NONE', #7778, #120, #1283, .T. ) ;
#8144 = DIRECTION ( 'NONE',  ( 0.000000000000000000, 0.000000000000000000, -1.000000000000000000 ) ) ;
#8145 = DIRECTION ( 'NONE',  ( 1.734723475976807834E-16, 0.000000000000000000, -1.000000000000000000 ) ) ;
#8146 = AXIS2_PLACEMENT_3D ( 'NONE', #4081, #8302, #1878 ) ;
#8147 = ORIENTED_EDGE ( 'NONE', *, *, #209, .T. ) ;
#8148 = LINE ( 'NONE', #8808, #3200 ) ;
#8149 = ORIENTED_EDGE ( 'NONE', *, *, #6922, .T. ) ;
#8150 = PLANE ( 'NONE',  #2823 ) ;
#8151 = EDGE_CURVE ( 'NONE', #8759, #2180, #4773, .T. ) ;
#8152 = VECTOR ( 'NONE', #2396, 1000.000000000000000 ) ;
#8153 = VECTOR ( 'NONE', #7334, 1000.000000000000000 ) ;
#8154 = CARTESIAN_POINT ( 'NONE',  ( 72.00000000000001421, -49.99999999999997158, 5.000000000000000000 ) ) ;
#8155 = ORIENTED_EDGE ( 'NONE', *, *, #8312, .T. ) ;
#8156 = ORIENTED_EDGE ( 'NONE', *, *, #3368, .T. ) ;
#8157 = CARTESIAN_POINT ( 'NONE',  ( 45.00000000000000711, -74.99999999999997158, 1.999999999999999112 ) ) ;
#8158 = DIRECTION ( 'NONE',  ( 0.000000000000000000, 0.000000000000000000, -1.000000000000000000 ) ) ;
#8159 = DIRECTION ( 'NONE',  ( 1.000000000000000000, 1.850371707708594070E-16, -0.000000000000000000 ) ) ;
#8160 = AXIS2_PLACEMENT_3D ( 'NONE', #2470, #6151, #8225 ) ;
#8161 = COLOUR_RGB ( '',0.7921568627450980005, 0.8196078431372548767, 0.9333333333333333481 ) ;
#8162 = DIRECTION ( 'NONE',  ( -1.000000000000000000, -0.000000000000000000, -0.000000000000000000 ) ) ;
#8163 = CARTESIAN_POINT ( 'NONE',  ( 19.99999999999999645, -74.99999999999997158, 5.000000000000000000 ) ) ;
#8164 = DIRECTION ( 'NONE',  ( -0.000000000000000000, -1.000000000000000000, -0.000000000000000000 ) ) ;
#8165 = EDGE_CURVE ( 'NONE', #3356, #7143, #2048, .T. ) ;
#8166 = PLANE ( 'NONE',  #7314 ) ;
#8167 = DIRECTION ( 'NONE',  ( 1.850371707708594070E-16, -1.000000000000000000, 0.000000000000000000 ) ) ;
#8168 = ORIENTED_EDGE ( 'NONE', *, *, #6601, .F. ) ;
#8169 = ORIENTED_EDGE ( 'NONE', *, *, #4860, .F. ) ;
#8170 = CARTESIAN_POINT ( 'NONE',  ( 56.99999999999997158, 72.00000000000002842, 5.000000000000000000 ) ) ;
#8171 = AXIS2_PLACEMENT_3D ( 'NONE', #243, #5250, #8102 ) ;
#8172 = DIRECTION ( 'NONE',  ( 1.000000000000000000, 1.850371707708594070E-16, -0.000000000000000000 ) ) ;
#8173 = DIRECTION ( 'NONE',  ( -0.000000000000000000, -0.000000000000000000, 1.000000000000000000 ) ) ;
#8174 = LINE ( 'NONE', #7466, #1083 ) ;
#8175 = ORIENTED_EDGE ( 'NONE', *, *, #5667, .T. ) ;
#8176 = ADVANCED_FACE ( 'NONE', ( #8476 ), #8427, .F. ) ;
#8177 = DIRECTION ( 'NONE',  ( 1.850371707708594070E-16, -1.000000000000000000, 0.000000000000000000 ) ) ;
#8178 = EDGE_CURVE ( 'NONE', #268, #1190, #7624, .T. ) ;
#8179 = ORIENTED_EDGE ( 'NONE', *, *, #5950, .F. ) ;
#8180 = EDGE_LOOP ( 'NONE', ( #4146, #3203, #3439, #2221 ) ) ;
#8181 = ORIENTED_EDGE ( 'NONE', *, *, #6033, .T. ) ;
#8182 = DIRECTION ( 'NONE',  ( -0.000000000000000000, -0.000000000000000000, 1.000000000000000000 ) ) ;
#8183 = VERTEX_POINT ( 'NONE', #3364 ) ;
#8184 = EDGE_CURVE ( 'NONE', #4329, #2238, #1207, .T. ) ;
#8185 = CARTESIAN_POINT ( 'NONE',  ( -40.00000000000000000, -71.99999999999997158, 0.000000000000000000 ) ) ;
#8186 = EDGE_CURVE ( 'NONE', #9118, #6592, #4070, .T. ) ;
#8187 = ORIENTED_EDGE ( 'NONE', *, *, #4861, .F. ) ;
#8188 = CARTESIAN_POINT ( 'NONE',  ( 1.999999999999974021, 72.00000000000002842, 5.000000000000000000 ) ) ;
#8189 = CARTESIAN_POINT ( 'NONE',  ( 25.00000000000000711, -74.99999999999997158, 5.000000000000000000 ) ) ;
#8190 = ORIENTED_EDGE ( 'NONE', *, *, #2002, .F. ) ;
#8191 = VERTEX_POINT ( 'NONE', #6919 ) ;
#8192 = CARTESIAN_POINT ( 'NONE',  ( 39.99999999999999289, -74.99999999999997158, 5.000000000000000000 ) ) ;
#8193 = ORIENTED_EDGE ( 'NONE', *, *, #503, .T. ) ;
#8194 = DIRECTION ( 'NONE',  ( 1.734723475976807834E-16, 0.000000000000000000, -1.000000000000000000 ) ) ;
#8195 = CARTESIAN_POINT ( 'NONE',  ( 1.899999999999997913, 57.99999999999997158, 15.00000000000000000 ) ) ;
#8196 = ORIENTED_EDGE ( 'NONE', *, *, #7133, .F. ) ;
#8197 = ORIENTED_EDGE ( 'NONE', *, *, #6303, .F. ) ;
#8198 = CARTESIAN_POINT ( 'NONE',  ( -72.00000000000000000, -36.99999999999999289, 1.999999999999999556 ) ) ;
#8199 = LINE ( 'NONE', #512, #6606 ) ;
#8200 = CARTESIAN_POINT ( 'NONE',  ( -75.00000000000000000, -36.99999999999999289, 5.000000000000000000 ) ) ;
#8201 = EDGE_CURVE ( 'NONE', #8072, #6429, #5428, .T. ) ;
#8202 = EDGE_CURVE ( 'NONE', #8375, #6236, #1252, .T. ) ;
#8203 = FACE_OUTER_BOUND ( 'NONE', #8079, .T. ) ;
#8204 = CARTESIAN_POINT ( 'NONE',  ( 75.00000000000000000, 35.00000000000002132, 2.000000000000000000 ) ) ;
#8205 = DIRECTION ( 'NONE',  ( 0.000000000000000000, 1.000000000000000000, 8.673617379884028076E-17 ) ) ;
#8206 = AXIS2_PLACEMENT_3D ( 'NONE', #7630, #7680, #6310 ) ;
#8207 = LINE ( 'NONE', #1785, #3423 ) ;
#8208 = CARTESIAN_POINT ( 'NONE',  ( -70.00000000000000000, -71.99999999999997158, 0.000000000000000000 ) ) ;
#8209 = ORIENTED_EDGE ( 'NONE', *, *, #4198, .F. ) ;
#8210 = ORIENTED_EDGE ( 'NONE', *, *, #671, .F. ) ;
#8211 = CIRCLE ( 'NONE', #1627, 7.500000000000000000 ) ;
#8212 = EDGE_CURVE ( 'NONE', #4670, #1251, #6214, .T. ) ;
#8213 = FACE_BOUND ( 'NONE', #85, .T. ) ;
#8214 = CARTESIAN_POINT ( 'NONE',  ( -49.99999999999999289, -74.99999999999997158, 2.000000000000000000 ) ) ;
#8215 = DIRECTION ( 'NONE',  ( -1.000000000000000000, -1.850371707708594070E-16, 0.000000000000000000 ) ) ;
#8216 = CARTESIAN_POINT ( 'NONE',  ( 6.999999999999978684, 72.00000000000002842, 2.000000000000000444 ) ) ;
#8217 = ORIENTED_EDGE ( 'NONE', *, *, #6588, .F. ) ;
#8218 = CARTESIAN_POINT ( 'NONE',  ( 72.00000000000000000, -24.99999999999998224, 2.000000000000000000 ) ) ;
#8219 = ORIENTED_EDGE ( 'NONE', *, *, #5418, .T. ) ;
#8220 = VECTOR ( 'NONE', #6749, 1000.000000000000000 ) ;
#8221 = VERTEX_POINT ( 'NONE', #6962 ) ;
#8222 = VERTEX_POINT ( 'NONE', #2758 ) ;
#8223 = EDGE_CURVE ( 'NONE', #8319, #459, #2662, .T. ) ;
#8224 = ORIENTED_EDGE ( 'NONE', *, *, #841, .F. ) ;
#8225 = DIRECTION ( 'NONE',  ( 0.000000000000000000, -0.000000000000000000, -1.000000000000000000 ) ) ;
#8226 = ORIENTED_EDGE ( 'NONE', *, *, #7948, .F. ) ;
#8227 = DIRECTION ( 'NONE',  ( 1.850371707708594316E-16, -1.000000000000000000, 0.000000000000000000 ) ) ;
#8228 = EDGE_LOOP ( 'NONE', ( #7707, #5361, #1812, #3621 ) ) ;
#8229 = CARTESIAN_POINT ( 'NONE',  ( 75.00000000000000000, 1.387778780781445676E-14, 1.999999999999999556 ) ) ;
#8230 = FACE_OUTER_BOUND ( 'NONE', #6079, .T. ) ;
#8231 = UNCERTAINTY_MEASURE_WITH_UNIT (LENGTH_MEASURE( 1.000000000000000082E-05 ), #9089, 'distance_accuracy_value', 'NONE');
#8232 = EDGE_CURVE ( 'NONE', #4551, #8090, #7671, .T. ) ;
#8233 = EDGE_CURVE ( 'NONE', #7171, #5222, #1908, .T. ) ;
#8234 = ADVANCED_BREP_SHAPE_REPRESENTATION ( 'top part', ( #9067, #5944, #4589 ), #1277 ) ;
#8235 = ORIENTED_EDGE ( 'NONE', *, *, #4512, .F. ) ;
#8236 = DIRECTION ( 'NONE',  ( 0.000000000000000000, 0.000000000000000000, -1.000000000000000000 ) ) ;
#8237 = ORIENTED_EDGE ( 'NONE', *, *, #2361, .F. ) ;
#8238 = DIRECTION ( 'NONE',  ( -1.000000000000000000, -1.850371707708594070E-16, -0.000000000000000000 ) ) ;
#8239 = FACE_OUTER_BOUND ( 'NONE', #542, .T. ) ;
#8240 = ORIENTED_EDGE ( 'NONE', *, *, #537, .T. ) ;
#8241 = DIRECTION ( 'NONE',  ( -1.000000000000000000, 0.000000000000000000, 0.000000000000000000 ) ) ;
#8242 = CARTESIAN_POINT ( 'NONE',  ( -58.00000000000000711, -3.500000000000003109, 2.000000000000000000 ) ) ;
#8243 = VECTOR ( 'NONE', #8313, 1000.000000000000000 ) ;
#8244 = DIRECTION ( 'NONE',  ( -1.000000000000000000, -1.850371707708594070E-16, 0.000000000000000000 ) ) ;
#8245 = ADVANCED_FACE ( 'NONE', ( #1867 ), #6831, .T. ) ;
#8246 = CARTESIAN_POINT ( 'NONE',  ( -5.100000000000010303, -57.99999999999997158, 15.00000000000000000 ) ) ;
#8247 = DIRECTION ( 'NONE',  ( -0.000000000000000000, 1.000000000000000000, -0.000000000000000000 ) ) ;
#8248 = FACE_OUTER_BOUND ( 'NONE', #7665, .T. ) ;
#8249 = VECTOR ( 'NONE', #4234, 1000.000000000000000 ) ;
#8250 = DIRECTION ( 'NONE',  ( 1.000000000000000000, 0.000000000000000000, 0.000000000000000000 ) ) ;
#8251 = EDGE_CURVE ( 'NONE', #1863, #412, #5476, .T. ) ;
#8252 = DIRECTION ( 'NONE',  ( 1.000000000000000000, 0.000000000000000000, 0.000000000000000000 ) ) ;
#8253 = EDGE_CURVE ( 'NONE', #8358, #72, #9037, .T. ) ;
#8254 = DIRECTION ( 'NONE',  ( -0.000000000000000000, 0.000000000000000000, 1.000000000000000000 ) ) ;
#8255 = ORIENTED_EDGE ( 'NONE', *, *, #2326, .T. ) ;
#8256 = ORIENTED_EDGE ( 'NONE', *, *, #6675, .F. ) ;
#8257 = VECTOR ( 'NONE', #3453, 1000.000000000000000 ) ;
#8258 = AXIS2_PLACEMENT_3D ( 'NONE', #3763, #4519, #4429 ) ;
#8259 = LINE ( 'NONE', #3382, #6416 ) ;
#8260 = LINE ( 'NONE', #8214, #1354 ) ;
#8261 = CARTESIAN_POINT ( 'NONE',  ( -75.00000000000001421, 18.00000000000001421, 5.000000000000000000 ) ) ;
#8262 = LINE ( 'NONE', #4706, #927 ) ;
#8263 = VERTEX_POINT ( 'NONE', #4731 ) ;
#8264 = AXIS2_PLACEMENT_3D ( 'NONE', #4367, #1408, #7212 ) ;
#8265 = FACE_OUTER_BOUND ( 'NONE', #1047, .T. ) ;
#8267 = ORIENTED_EDGE ( 'NONE', *, *, #9020, .F. ) ;
#8266 = VECTOR ( 'NONE', #8805, 1000.000000000000000 ) ;
#8268 = EDGE_CURVE ( 'NONE', #3028, #7618, #7580, .T. ) ;
#8269 = ORIENTED_EDGE ( 'NONE', *, *, #2637, .F. ) ;
#8270 = ORIENTED_EDGE ( 'NONE', *, *, #7000, .F. ) ;
#8271 = VECTOR ( 'NONE', #8173, 1000.000000000000000 ) ;
#8272 = VECTOR ( 'NONE', #7711, 1000.000000000000000 ) ;
#8273 = CARTESIAN_POINT ( 'NONE',  ( -7.500000000000000000, -18.00000000000000000, 10.00000000000000178 ) ) ;
#8274 = ORIENTED_EDGE ( 'NONE', *, *, #4026, .F. ) ;
#8275 = LINE ( 'NONE', #1195, #8736 ) ;
#8276 = ORIENTED_EDGE ( 'NONE', *, *, #504, .F. ) ;
#8277 = VERTEX_POINT ( 'NONE', #5010 ) ;
#8278 = EDGE_CURVE ( 'NONE', #5165, #9250, #2806, .T. ) ;
#8279 = AXIS2_PLACEMENT_3D ( 'NONE', #7586, #1171, #470 ) ;
#8280 = DIRECTION ( 'NONE',  ( -2.312964634635742661E-15, -0.000000000000000000, 1.000000000000000000 ) ) ;
#8281 = FACE_OUTER_BOUND ( 'NONE', #7777, .T. ) ;
#8282 = ORIENTED_EDGE ( 'NONE', *, *, #4226, .F. ) ;
#8283 = VECTOR ( 'NONE', #2659, 1000.000000000000000 ) ;
#8284 = EDGE_LOOP ( 'NONE', ( #284, #7848, #3175, #8555 ) ) ;
#8285 = LINE ( 'NONE', #7577, #7682 ) ;
#8286 = ORIENTED_EDGE ( 'NONE', *, *, #4576, .F. ) ;
#8287 = CARTESIAN_POINT ( 'NONE',  ( -30.00000000000000000, 72.00000000000002842, 0.000000000000000000 ) ) ;
#8288 = ADVANCED_FACE ( 'NONE', ( #3596 ), #4355, .T. ) ;
#8289 = DIRECTION ( 'NONE',  ( 1.000000000000000000, 0.000000000000000000, 0.000000000000000000 ) ) ;
#8290 = VERTEX_POINT ( 'NONE', #5653 ) ;
#8291 = EDGE_CURVE ( 'NONE', #123, #8695, #7953, .T. ) ;
#8292 = CARTESIAN_POINT ( 'NONE',  ( 72.00000000000001421, -64.99999999999998579, 5.000000000000000000 ) ) ;
#8293 = VECTOR ( 'NONE', #4293, 1000.000000000000000 ) ;
#8294 = VERTEX_POINT ( 'NONE', #7106 ) ;
#8295 = CARTESIAN_POINT ( 'NONE',  ( 72.00000000000001421, -74.99999999999997158, 5.000000000000000000 ) ) ;
#8296 = DIRECTION ( 'NONE',  ( 1.850371707708594070E-16, -1.000000000000000000, 0.000000000000000000 ) ) ;
#8297 = VECTOR ( 'NONE', #831, 1000.000000000000000 ) ;
#8298 = CARTESIAN_POINT ( 'NONE',  ( 72.00000000000000000, -34.99999999999997868, 5.000000000000000000 ) ) ;
#8299 = FACE_OUTER_BOUND ( 'NONE', #9258, .T. ) ;
#8300 = LINE ( 'NONE', #1215, #3267 ) ;
#8301 = VECTOR ( 'NONE', #3207, 1000.000000000000000 ) ;
#8302 = DIRECTION ( 'NONE',  ( -1.000000000000000000, 0.000000000000000000, -0.000000000000000000 ) ) ;
#8303 = DIRECTION ( 'NONE',  ( 0.000000000000000000, -1.000000000000000000, 8.673617379884040402E-17 ) ) ;
#8304 = EDGE_CURVE ( 'NONE', #7795, #1034, #5150, .T. ) ;
#8305 = CARTESIAN_POINT ( 'NONE',  ( 1.899999999999997913, 57.99999999999997158, 5.000000000000000888 ) ) ;
#8306 = LINE ( 'NONE', #6051, #2724 ) ;
#8307 = CARTESIAN_POINT ( 'NONE',  ( 6.938893903907228378E-15, -74.99999999999997158, 2.000000000000000000 ) ) ;
#8308 = VERTEX_POINT ( 'NONE', #8521 ) ;
#8309 = VECTOR ( 'NONE', #5131, 1000.000000000000000 ) ;
#8310 = VECTOR ( 'NONE', #978, 1000.000000000000000 ) ;
#8311 = DIRECTION ( 'NONE',  ( 1.734723475976807834E-16, 0.000000000000000000, -1.000000000000000000 ) ) ;
#8312 = EDGE_CURVE ( 'NONE', #8508, #1735, #3502, .T. ) ;
#8313 = DIRECTION ( 'NONE',  ( -1.000000000000000000, 0.000000000000000000, 8.673617379884028076E-17 ) ) ;
#8314 = LINE ( 'NONE', #6891, #6467 ) ;
#8315 = CARTESIAN_POINT ( 'NONE',  ( 75.00000000000000000, 20.00000000000001776, 5.000000000000000000 ) ) ;
#8316 = VECTOR ( 'NONE', #166, 1000.000000000000000 ) ;
#8317 = CARTESIAN_POINT ( 'NONE',  ( 7.500000000000000000, -18.00000000000000000, 10.00000000000000178 ) ) ;
#8318 = FACE_OUTER_BOUND ( 'NONE', #9018, .T. ) ;
#8319 = VERTEX_POINT ( 'NONE', #4307 ) ;
#8320 = VERTEX_POINT ( 'NONE', #3690 ) ;
#8321 = ADVANCED_FACE ( 'NONE', ( #5057 ), #6536, .F. ) ;
#8322 = ADVANCED_FACE ( 'NONE', ( #5753 ), #5703, .F. ) ;
#8323 = DIRECTION ( 'NONE',  ( -1.000000000000000000, 0.000000000000000000, 0.000000000000000000 ) ) ;
#8324 = VERTEX_POINT ( 'NONE', #2145 ) ;
#8325 = CARTESIAN_POINT ( 'NONE',  ( -64.99999999999998579, -71.99999999999997158, 1.999999999999999112 ) ) ;
#8326 = ORIENTED_EDGE ( 'NONE', *, *, #3413, .F. ) ;
#8327 = ORIENTED_EDGE ( 'NONE', *, *, #6272, .T. ) ;
#8328 = CARTESIAN_POINT ( 'NONE',  ( 72.00000000000001421, -69.99999999999998579, 5.000000000000000000 ) ) ;
#8329 = CARTESIAN_POINT ( 'NONE',  ( 50.00000000000000000, -74.99999999999997158, 2.000000000000000000 ) ) ;
#8330 = EDGE_CURVE ( 'NONE', #35, #6861, #9230, .T. ) ;
#8331 = ORIENTED_EDGE ( 'NONE', *, *, #6238, .F. ) ;
#8332 = DIRECTION ( 'NONE',  ( 1.000000000000000000, 0.000000000000000000, 0.000000000000000000 ) ) ;
#8333 = ORIENTED_EDGE ( 'NONE', *, *, #2484, .T. ) ;
#8334 = DIRECTION ( 'NONE',  ( -0.000000000000000000, 1.000000000000000000, -0.000000000000000000 ) ) ;
#8335 = CARTESIAN_POINT ( 'NONE',  ( -74.99999999999998579, -74.99999999999997158, 5.000000000000000000 ) ) ;
#8336 = ORIENTED_EDGE ( 'NONE', *, *, #4697, .F. ) ;
#8337 = DIRECTION ( 'NONE',  ( -1.000000000000000000, 0.000000000000000000, 0.000000000000000000 ) ) ;
#8338 = ORIENTED_EDGE ( 'NONE', *, *, #5055, .F. ) ;
#8339 = DIRECTION ( 'NONE',  ( -0.000000000000000000, 0.000000000000000000, 1.000000000000000000 ) ) ;
#8340 = EDGE_CURVE ( 'NONE', #2794, #1156, #836, .T. ) ;
#8341 = DIRECTION ( 'NONE',  ( 1.604941620322697548E-32, -8.673617379884039170E-17, -1.000000000000000000 ) ) ;
#8342 = CARTESIAN_POINT ( 'NONE',  ( 7.500000000000000000, 19.99999999999999645, 10.00000000000000355 ) ) ;
#8343 = LINE ( 'NONE', #1964, #3871 ) ;
#8344 = CARTESIAN_POINT ( 'NONE',  ( -63.00000000000002842, 72.00000000000002842, 2.000000000000000444 ) ) ;
#8345 = DIRECTION ( 'NONE',  ( 1.000000000000000000, 1.850371707708594070E-16, -0.000000000000000000 ) ) ;
#8346 = LINE ( 'NONE', #4970, #8917 ) ;
#8347 = PLANE ( 'NONE',  #486 ) ;
#8348 = CARTESIAN_POINT ( 'NONE',  ( 72.00000000000000000, -14.99999999999997158, 2.000000000000000000 ) ) ;
#8349 = ORIENTED_EDGE ( 'NONE', *, *, #1443, .F. ) ;
#8350 = ADVANCED_FACE ( 'NONE', ( #3645 ), #1487, .F. ) ;
#8351 = EDGE_CURVE ( 'NONE', #2794, #5701, #8624, .T. ) ;
#8352 = LINE ( 'NONE', #440, #7456 ) ;
#8353 = VECTOR ( 'NONE', #3374, 1000.000000000000000 ) ;
#8354 = LINE ( 'NONE', #4003, #6743 ) ;
#8355 = CARTESIAN_POINT ( 'NONE',  ( -75.00000000000001421, 8.000000000000014211, 5.000000000000000000 ) ) ;
#8356 = DIRECTION ( 'NONE',  ( 1.000000000000000000, 1.850371707708594070E-16, 0.000000000000000000 ) ) ;
#8357 = FACE_OUTER_BOUND ( 'NONE', #8499, .T. ) ;
#8358 = VERTEX_POINT ( 'NONE', #7809 ) ;
#8359 = AXIS2_PLACEMENT_3D ( 'NONE', #1085, #8019, #4459 ) ;
#8360 = ORIENTED_EDGE ( 'NONE', *, *, #515, .T. ) ;
#8361 = EDGE_LOOP ( 'NONE', ( #3935, #8795, #4571, #907 ) ) ;
#8362 = VECTOR ( 'NONE', #6873, 1000.000000000000000 ) ;
#8363 = EDGE_CURVE ( 'NONE', #2664, #5607, #6354, .T. ) ;
#8364 = DIRECTION ( 'NONE',  ( -1.604941620322695085E-32, 8.673617379884028076E-17, -1.000000000000000000 ) ) ;
#8365 = ORIENTED_EDGE ( 'NONE', *, *, #2606, .F. ) ;
#8366 = CARTESIAN_POINT ( 'NONE',  ( 71.99999999999998579, 50.00000000000001421, 1.999999999999999556 ) ) ;
#8367 = ORIENTED_EDGE ( 'NONE', *, *, #5747, .T. ) ;
#8368 = PLANE ( 'NONE',  #3363 ) ;
#8369 = ORIENTED_EDGE ( 'NONE', *, *, #6343, .F. ) ;
#8370 = EDGE_CURVE ( 'NONE', #4627, #8465, #5837, .T. ) ;
#8371 = DIRECTION ( 'NONE',  ( -1.000000000000000000, 0.000000000000000000, 0.000000000000000000 ) ) ;
#8372 = EDGE_CURVE ( 'NONE', #2421, #3779, #46, .T. ) ;
#8373 = ORIENTED_EDGE ( 'NONE', *, *, #8472, .F. ) ;
#8374 = AXIS2_PLACEMENT_3D ( 'NONE', #855, #7930, #6516 ) ;
#8375 = VERTEX_POINT ( 'NONE', #2192 ) ;
#8376 = DIRECTION ( 'NONE',  ( 0.000000000000000000, 0.000000000000000000, -1.000000000000000000 ) ) ;
#8377 = VERTEX_POINT ( 'NONE', #7050 ) ;
#8378 = DIRECTION ( 'NONE',  ( 0.000000000000000000, -0.000000000000000000, -1.000000000000000000 ) ) ;
#8379 = ORIENTED_EDGE ( 'NONE', *, *, #8681, .F. ) ;
#8380 = PLANE ( 'NONE',  #7051 ) ;
#8381 = EDGE_CURVE ( 'NONE', #2944, #2572, #5101, .T. ) ;
#8382 = DIRECTION ( 'NONE',  ( -1.000000000000000000, 0.000000000000000000, 0.000000000000000000 ) ) ;
#8383 = CARTESIAN_POINT ( 'NONE',  ( -70.00000000000000000, -74.99999999999997158, 2.000000000000000000 ) ) ;
#8384 = CARTESIAN_POINT ( 'NONE',  ( 72.00000000000001421, -64.99999999999998579, 2.000000000000000000 ) ) ;
#8385 = PLANE ( 'NONE',  #2214 ) ;
#8386 = PLANE ( 'NONE',  #816 ) ;
#8387 = CARTESIAN_POINT ( 'NONE',  ( -72.00000000000000000, -61.99999999999997868, 5.000000000000000000 ) ) ;
#8388 = CARTESIAN_POINT ( 'NONE',  ( -43.00000000000002132, 72.00000000000002842, 5.000000000000000000 ) ) ;
#8389 = CARTESIAN_POINT ( 'NONE',  ( -53.00000000000002132, 72.00000000000002842, 5.000000000000000000 ) ) ;
#8390 = EDGE_CURVE ( 'NONE', #2698, #3391, #4628, .T. ) ;
#8391 = LINE ( 'NONE', #9054, #795 ) ;
#8392 = ORIENTED_EDGE ( 'NONE', *, *, #3590, .T. ) ;
#8393 = CIRCLE ( 'NONE', #4364, 3.500000000000000888 ) ;
#8394 = FACE_OUTER_BOUND ( 'NONE', #2932, .T. ) ;
#8395 = LINE ( 'NONE', #5450, #6005 ) ;
#8396 = DIRECTION ( 'NONE',  ( 2.312964634635742661E-15, 0.000000000000000000, -1.000000000000000000 ) ) ;
#8397 = ORIENTED_EDGE ( 'NONE', *, *, #6328, .F. ) ;
#8398 = FACE_OUTER_BOUND ( 'NONE', #8784, .T. ) ;
#8399 = DIRECTION ( 'NONE',  ( -1.000000000000000000, 0.000000000000000000, 0.000000000000000000 ) ) ;
#8400 = EDGE_CURVE ( 'NONE', #6104, #3164, #3224, .T. ) ;
#8401 = VECTOR ( 'NONE', #1959, 1000.000000000000000 ) ;
#8402 = ORIENTED_EDGE ( 'NONE', *, *, #4304, .T. ) ;
#8403 = EDGE_CURVE ( 'NONE', #6683, #711, #6031, .T. ) ;
#8404 = VECTOR ( 'NONE', #8827, 1000.000000000000000 ) ;
#8405 = ORIENTED_EDGE ( 'NONE', *, *, #8526, .T. ) ;
#8406 = CARTESIAN_POINT ( 'NONE',  ( -64.99999999999997158, 64.99999999999998579, 2.000000000000000000 ) ) ;
#8407 = VECTOR ( 'NONE', #3066, 1000.000000000000000 ) ;
#8408 = DIRECTION ( 'NONE',  ( 1.000000000000000000, 1.850371707708594070E-16, 0.000000000000000000 ) ) ;
#8409 = ORIENTED_EDGE ( 'NONE', *, *, #226, .F. ) ;
#8410 = FACE_OUTER_BOUND ( 'NONE', #1722, .T. ) ;
#8411 = VERTEX_POINT ( 'NONE', #8093 ) ;
#8412 = ORIENTED_EDGE ( 'NONE', *, *, #9063, .F. ) ;
#8413 = AXIS2_PLACEMENT_3D ( 'NONE', #3853, #7454, #7495 ) ;
#8414 = CARTESIAN_POINT ( 'NONE',  ( 1.999999999999974021, 75.00000000000002842, 2.000000000000000000 ) ) ;
#8415 = ORIENTED_EDGE ( 'NONE', *, *, #7224, .T. ) ;
#8416 = EDGE_CURVE ( 'NONE', #2437, #8842, #1066, .T. ) ;
#8417 = LINE ( 'NONE', #1997, #5728 ) ;
#8418 = VECTOR ( 'NONE', #2781, 1000.000000000000000 ) ;
#8419 = VECTOR ( 'NONE', #6085, 1000.000000000000000 ) ;
#8420 = VERTEX_POINT ( 'NONE', #6681 ) ;
#8421 = ORIENTED_EDGE ( 'NONE', *, *, #7656, .T. ) ;
#8422 = ADVANCED_FACE ( 'NONE', ( #2380 ), #3783, .F. ) ;
#8423 = AXIS2_PLACEMENT_3D ( 'NONE', #7548, #4739, #6839 ) ;
#8424 = DIRECTION ( 'NONE',  ( -1.850371707708594316E-16, 1.000000000000000000, -0.000000000000000000 ) ) ;
#8425 = VECTOR ( 'NONE', #7430, 1000.000000000000000 ) ;
#8426 = ORIENTED_EDGE ( 'NONE', *, *, #1211, .T. ) ;
#8427 = PLANE ( 'NONE',  #839 ) ;
#8428 = ORIENTED_EDGE ( 'NONE', *, *, #3196, .F. ) ;
#8429 = CARTESIAN_POINT ( 'NONE',  ( 75.00000000000000000, -4.999999999999976907, 5.000000000000000000 ) ) ;
#8430 = CARTESIAN_POINT ( 'NONE',  ( 75.00000000000000000, -39.99999999999997868, 5.000000000000000000 ) ) ;
#8431 = VECTOR ( 'NONE', #7436, 1000.000000000000000 ) ;
#8432 = EDGE_CURVE ( 'NONE', #8277, #7933, #373, .T. ) ;
#8433 = CARTESIAN_POINT ( 'NONE',  ( -72.00000000000000000, -46.99999999999998579, 5.000000000000000000 ) ) ;
#8434 = CARTESIAN_POINT ( 'NONE',  ( -60.00000000000000000, -71.99999999999997158, 5.000000000000000000 ) ) ;
#8435 = PLANE ( 'NONE',  #8206 ) ;
#8436 = FACE_OUTER_BOUND ( 'NONE', #3520, .T. ) ;
#8437 = VECTOR ( 'NONE', #5794, 1000.000000000000000 ) ;
#8438 = FACE_OUTER_BOUND ( 'NONE', #1253, .T. ) ;
#8439 = CARTESIAN_POINT ( 'NONE',  ( -3.500000000000000888, -45.00000000000001421, 2.000000000000000000 ) ) ;
#8440 = DIRECTION ( 'NONE',  ( -0.000000000000000000, 0.000000000000000000, -1.000000000000000000 ) ) ;
#8441 = LINE ( 'NONE', #4880, #3194 ) ;
#8442 = ORIENTED_EDGE ( 'NONE', *, *, #9255, .F. ) ;
#8443 = VERTEX_POINT ( 'NONE', #3033 ) ;
#8444 = VECTOR ( 'NONE', #2412, 1000.000000000000000 ) ;
#8445 = CARTESIAN_POINT ( 'NONE',  ( -72.00000000000001421, 18.00000000000001421, 5.000000000000000000 ) ) ;
#8446 = ADVANCED_FACE ( 'NONE', ( #1022 ), #4539, .F. ) ;
#8447 = LINE ( 'NONE', #6274, #766 ) ;
#8448 = CARTESIAN_POINT ( 'NONE',  ( -58.00000000000002132, 72.00000000000002842, 5.000000000000000000 ) ) ;
#8449 = ORIENTED_EDGE ( 'NONE', *, *, #1977, .F. ) ;
#8450 = CARTESIAN_POINT ( 'NONE',  ( -72.00000000000000000, -11.99999999999998934, 2.000000000000000000 ) ) ;
#8451 = PLANE ( 'NONE',  #918 ) ;
#8452 = VECTOR ( 'NONE', #3778, 1000.000000000000000 ) ;
#8453 = AXIS2_PLACEMENT_3D ( 'NONE', #9166, #4762, #4855 ) ;
#8454 = ORIENTED_EDGE ( 'NONE', *, *, #564, .T. ) ;
#8455 = ORIENTED_EDGE ( 'NONE', *, *, #624, .F. ) ;
#8456 = ADVANCED_FACE ( 'NONE', ( #7289 ), #8899, .F. ) ;
#8457 = VECTOR ( 'NONE', #8694, 1000.000000000000000 ) ;
#8458 = DIRECTION ( 'NONE',  ( -0.000000000000000000, 6.938893903907227392E-16, -1.000000000000000000 ) ) ;
#8459 = CARTESIAN_POINT ( 'NONE',  ( -72.00000000000000000, -56.99999999999997868, 5.000000000000000000 ) ) ;
#8460 = ORIENTED_EDGE ( 'NONE', *, *, #2966, .F. ) ;
#8461 = CARTESIAN_POINT ( 'NONE',  ( -75.00000000000001421, 8.000000000000014211, 2.000000000000000000 ) ) ;
#8462 = ORIENTED_EDGE ( 'NONE', *, *, #4016, .F. ) ;
#8463 = ORIENTED_EDGE ( 'NONE', *, *, #8381, .T. ) ;
#8464 = CYLINDRICAL_SURFACE ( 'NONE', #8766, 19.99999999999999645 ) ;
#8465 = VERTEX_POINT ( 'NONE', #325 ) ;
#8466 = VERTEX_POINT ( 'NONE', #5935 ) ;
#8467 = CARTESIAN_POINT ( 'NONE',  ( 45.00000000000002842, -45.00000000000001421, 2.000000000000000000 ) ) ;
#8468 = VECTOR ( 'NONE', #7162, 1000.000000000000000 ) ;
#8469 = ORIENTED_EDGE ( 'NONE', *, *, #6359, .T. ) ;
#8470 = ADVANCED_FACE ( 'NONE', ( #6579 ), #3925, .F. ) ;
#8471 = DIRECTION ( 'NONE',  ( -0.000000000000000000, 0.000000000000000000, 1.000000000000000000 ) ) ;
#8472 = EDGE_CURVE ( 'NONE', #6019, #3028, #5243, .T. ) ;
#8473 = ORIENTED_EDGE ( 'NONE', *, *, #3791, .F. ) ;
#8474 = CARTESIAN_POINT ( 'NONE',  ( 51.99999999999997868, 72.00000000000002842, 5.000000000000000000 ) ) ;
#8475 = ORIENTED_EDGE ( 'NONE', *, *, #1065, .F. ) ;
#8476 = FACE_OUTER_BOUND ( 'NONE', #9253, .T. ) ;
#8477 = VERTEX_POINT ( 'NONE', #1579 ) ;
#8478 = APPLICATION_PROTOCOL_DEFINITION ( 'draft international standard', 'automotive_design', 1998, #3584 ) ;
#8479 = FACE_OUTER_BOUND ( 'NONE', #4498, .T. ) ;
#8480 = DIRECTION ( 'NONE',  ( 1.850371707708594070E-16, -1.000000000000000000, 0.000000000000000000 ) ) ;
#8481 = DIRECTION ( 'NONE',  ( 1.000000000000000000, 0.000000000000000000, 0.000000000000000000 ) ) ;
#8482 = LINE ( 'NONE', #8434, #5293 ) ;
#8483 = CARTESIAN_POINT ( 'NONE',  ( 72.00000000000000000, -34.99999999999997868, 5.000000000000000000 ) ) ;
#8484 = DIRECTION ( 'NONE',  ( -0.000000000000000000, 0.000000000000000000, 1.000000000000000000 ) ) ;
#8485 = CARTESIAN_POINT ( 'NONE',  ( 72.00000000000000000, -29.99999999999998579, 1.999999999999999556 ) ) ;
#8486 = LINE ( 'NONE', #9241, #2478 ) ;
#8487 = CARTESIAN_POINT ( 'NONE',  ( 3.500000000000003109, -57.99999999999997158, 2.000000000000000000 ) ) ;
#8488 = PLANE ( 'NONE',  #4210 ) ;
#8489 = ADVANCED_FACE ( 'NONE', ( #6075 ), #1765, .F. ) ;
#8490 = ORIENTED_EDGE ( 'NONE', *, *, #6619, .F. ) ;
#8491 = ORIENTED_EDGE ( 'NONE', *, *, #1556, .T. ) ;
#8492 = EDGE_CURVE ( 'NONE', #6829, #1355, #2475, .T. ) ;
#8493 = CARTESIAN_POINT ( 'NONE',  ( -72.00000000000000000, -6.999999999999991118, 1.999999999999999556 ) ) ;
#8494 = LINE ( 'NONE', #441, #6583 ) ;
#8495 = DIRECTION ( 'NONE',  ( -1.850371707708594316E-16, 1.000000000000000000, -0.000000000000000000 ) ) ;
#8496 = ORIENTED_EDGE ( 'NONE', *, *, #6004, .F. ) ;
#8497 = CARTESIAN_POINT ( 'NONE',  ( 72.00000000000000000, 5.000000000000017764, 5.000000000000000000 ) ) ;
#8498 = DIRECTION ( 'NONE',  ( -1.850371707708594070E-16, 1.000000000000000000, 0.000000000000000000 ) ) ;
#8499 = EDGE_LOOP ( 'NONE', ( #5769, #8518, #7396, #6432 ) ) ;
#8500 = VERTEX_POINT ( 'NONE', #3129 ) ;
#8501 = ADVANCED_FACE ( 'NONE', ( #4443 ), #4590, .F. ) ;
#8502 = CARTESIAN_POINT ( 'NONE',  ( 71.99999999999998579, 50.00000000000001421, 5.000000000000000000 ) ) ;
#8503 = CARTESIAN_POINT ( 'NONE',  ( 75.00000000000000000, 30.00000000000002132, 1.999999999999999556 ) ) ;
#8504 = ORIENTED_EDGE ( 'NONE', *, *, #961, .F. ) ;
#8505 = DIRECTION ( 'NONE',  ( 1.000000000000000000, 1.850371707708594070E-16, -0.000000000000000000 ) ) ;
#8506 = DIRECTION ( 'NONE',  ( -1.000000000000000000, 0.000000000000000000, 0.000000000000000000 ) ) ;
#8507 = ORIENTED_EDGE ( 'NONE', *, *, #2484, .F. ) ;
#8508 = VERTEX_POINT ( 'NONE', #8756 ) ;
#8509 = VECTOR ( 'NONE', #6926, 1000.000000000000000 ) ;
#8510 = DIRECTION ( 'NONE',  ( -1.000000000000000000, -1.850371707708594070E-16, 0.000000000000000000 ) ) ;
#8511 = VERTEX_POINT ( 'NONE', #5334 ) ;
#8512 = ORIENTED_EDGE ( 'NONE', *, *, #4881, .F. ) ;
#8513 = DIRECTION ( 'NONE',  ( -4.270088556250601699E-16, -1.000000000000000000, 0.000000000000000000 ) ) ;
#8514 = EDGE_CURVE ( 'NONE', #5332, #9245, #877, .T. ) ;
#8515 = VERTEX_POINT ( 'NONE', #8229 ) ;
#8516 = VECTOR ( 'NONE', #1566, 1000.000000000000000 ) ;
#8517 = CARTESIAN_POINT ( 'NONE',  ( -3.500000000000003109, -57.99999999999997158, 15.00000000000000000 ) ) ;
#8518 = ORIENTED_EDGE ( 'NONE', *, *, #6179, .F. ) ;
#8519 = PLANE ( 'NONE',  #9185 ) ;
#8520 = ORIENTED_EDGE ( 'NONE', *, *, #5452, .F. ) ;
#8521 = CARTESIAN_POINT ( 'NONE',  ( -13.00000000000002487, 72.00000000000002842, 2.000000000000000444 ) ) ;
#8522 = ORIENTED_EDGE ( 'NONE', *, *, #7176, .F. ) ;
#8524 = FACE_OUTER_BOUND ( 'NONE', #8588, .T. ) ;
#8523 = AXIS2_PLACEMENT_3D ( 'NONE', #7126, #5078, #3709 ) ;
#8525 = EDGE_CURVE ( 'NONE', #4217, #4564, #4805, .T. ) ;
#8526 = EDGE_CURVE ( 'NONE', #8695, #5579, #1289, .T. ) ;
#8527 = CARTESIAN_POINT ( 'NONE',  ( -7.500000000000000000, 19.99999999999999645, 10.00000000000000355 ) ) ;
#8528 = CARTESIAN_POINT ( 'NONE',  ( 11.99999999999998224, 72.00000000000002842, 2.000000000000000000 ) ) ;
#8529 = LINE ( 'NONE', #1494, #3409 ) ;
#8530 = ORIENTED_EDGE ( 'NONE', *, *, #4529, .T. ) ;
#8531 = CARTESIAN_POINT ( 'NONE',  ( 58.00000000000000711, -3.500000000000003109, 5.000000000000000888 ) ) ;
#8532 = CARTESIAN_POINT ( 'NONE',  ( 0.000000000000000000, -45.00000000000001421, 5.000000000000000000 ) ) ;
#8533 = VERTEX_POINT ( 'NONE', #7573 ) ;
#8534 = CARTESIAN_POINT ( 'NONE',  ( -72.00000000000001421, 48.00000000000001421, 5.000000000000000000 ) ) ;
#8535 = DIRECTION ( 'NONE',  ( -0.000000000000000000, -1.000000000000000000, -0.000000000000000000 ) ) ;
#8536 = ADVANCED_FACE ( 'NONE', ( #1115 ), #6822, .F. ) ;
#8537 = PLANE ( 'NONE',  #770 ) ;
#8538 = EDGE_LOOP ( 'NONE', ( #3075, #7659, #7132, #4236 ) ) ;
#8539 = ORIENTED_EDGE ( 'NONE', *, *, #1903, .F. ) ;
#8540 = CARTESIAN_POINT ( 'NONE',  ( 72.00000000000000000, -29.99999999999998579, 1.999999999999999556 ) ) ;
#8541 = DIRECTION ( 'NONE',  ( 1.850371707708594070E-16, -1.000000000000000000, 0.000000000000000000 ) ) ;
#8542 = CARTESIAN_POINT ( 'NONE',  ( 1.999999999999974021, 72.00000000000002842, 2.000000000000000000 ) ) ;
#8543 = ORIENTED_EDGE ( 'NONE', *, *, #8233, .T. ) ;
#8544 = ADVANCED_FACE ( 'NONE', ( #3352 ), #4017, .F. ) ;
#8545 = DIRECTION ( 'NONE',  ( -0.000000000000000000, 1.000000000000000000, 8.673617379884028076E-17 ) ) ;
#8546 = CARTESIAN_POINT ( 'NONE',  ( 74.99999999999998579, 75.00000000000002842, 5.000000000000000000 ) ) ;
#8547 = VERTEX_POINT ( 'NONE', #1900 ) ;
#8548 = ORIENTED_EDGE ( 'NONE', *, *, #3433, .T. ) ;
#8549 = CARTESIAN_POINT ( 'NONE',  ( -63.00000000000002842, 72.00000000000002842, 5.000000000000000000 ) ) ;
#8550 = LINE ( 'NONE', #7890, #3452 ) ;
#8551 = ORIENTED_EDGE ( 'NONE', *, *, #5808, .T. ) ;
#8552 = ADVANCED_FACE ( 'NONE', ( #3305 ), #6156, .F. ) ;
#8553 = DIRECTION ( 'NONE',  ( 0.000000000000000000, 1.000000000000000000, -8.673617379884039170E-17 ) ) ;
#8554 = DIRECTION ( 'NONE',  ( -0.000000000000000000, -0.000000000000000000, -1.000000000000000000 ) ) ;
#8555 = ORIENTED_EDGE ( 'NONE', *, *, #5266, .T. ) ;
#8556 = ORIENTED_EDGE ( 'NONE', *, *, #2986, .F. ) ;
#8557 = DIRECTION ( 'NONE',  ( 1.000000000000000000, -0.000000000000000000, 2.312964634635742661E-15 ) ) ;
#8558 = ORIENTED_EDGE ( 'NONE', *, *, #5880, .T. ) ;
#8559 = ORIENTED_EDGE ( 'NONE', *, *, #8709, .F. ) ;
#8560 = FACE_OUTER_BOUND ( 'NONE', #5984, .T. ) ;
#8561 = ORIENTED_EDGE ( 'NONE', *, *, #5349, .T. ) ;
#8562 = VECTOR ( 'NONE', #5212, 1000.000000000000000 ) ;
#8563 = VECTOR ( 'NONE', #1705, 1000.000000000000000 ) ;
#8564 = DIRECTION ( 'NONE',  ( 1.000000000000000000, 0.000000000000000000, 0.000000000000000000 ) ) ;
#8565 = ORIENTED_EDGE ( 'NONE', *, *, #4537, .F. ) ;
#8566 = ADVANCED_FACE ( 'NONE', ( #7709 ), #5508, .F. ) ;
#8567 = LINE ( 'NONE', #595, #4246 ) ;
#8568 = EDGE_LOOP ( 'NONE', ( #1945, #1814, #5988, #6942 ) ) ;
#8569 = VECTOR ( 'NONE', #4320, 1000.000000000000000 ) ;
#8570 = CARTESIAN_POINT ( 'NONE',  ( -72.00000000000000000, -56.99999999999997868, 1.999999999999999556 ) ) ;
#8571 = VECTOR ( 'NONE', #6580, 1000.000000000000000 ) ;
#8572 = LINE ( 'NONE', #1345, #5863 ) ;
#8573 = CARTESIAN_POINT ( 'NONE',  ( 74.99999999999998579, 75.00000000000002842, 0.000000000000000000 ) ) ;
#8574 = AXIS2_PLACEMENT_3D ( 'NONE', #4792, #4751, #7598 ) ;
#8575 = VECTOR ( 'NONE', #7239, 1000.000000000000000 ) ;
#8576 = EDGE_CURVE ( 'NONE', #1860, #2089, #7614, .T. ) ;
#8577 = CARTESIAN_POINT ( 'NONE',  ( -75.00000000000001421, 53.00000000000001421, 1.999999999999999556 ) ) ;
#8578 = EDGE_CURVE ( 'NONE', #4346, #7342, #1947, .T. ) ;
#8579 = CARTESIAN_POINT ( 'NONE',  ( -75.00000000000001421, 75.00000000000002842, 5.000000000000000000 ) ) ;
#8580 = ORIENTED_EDGE ( 'NONE', *, *, #4100, .T. ) ;
#8581 = CARTESIAN_POINT ( 'NONE',  ( -18.00000000000001421, 72.00000000000002842, 5.000000000000000000 ) ) ;
#8582 = DIRECTION ( 'NONE',  ( 1.000000000000000000, 0.000000000000000000, 0.000000000000000000 ) ) ;
#8583 = ORIENTED_EDGE ( 'NONE', *, *, #4503, .T. ) ;
#8584 = PLANE ( 'NONE',  #6353 ) ;
#8585 = LINE ( 'NONE', #3419, #1373 ) ;
#8586 = VECTOR ( 'NONE', #1261, 1000.000000000000000 ) ;
#8587 = DIRECTION ( 'NONE',  ( -0.000000000000000000, -0.000000000000000000, -1.000000000000000000 ) ) ;
#8588 = EDGE_LOOP ( 'NONE', ( #1418, #4453, #3578, #267 ) ) ;
#8589 = ORIENTED_EDGE ( 'NONE', *, *, #2203, .F. ) ;
#8590 = DIRECTION ( 'NONE',  ( -0.000000000000000000, -0.000000000000000000, -1.000000000000000000 ) ) ;
#8591 = EDGE_CURVE ( 'NONE', #6386, #6788, #2607, .T. ) ;
#8592 = AXIS2_PLACEMENT_3D ( 'NONE', #7001, #4955, #7806 ) ;
#8593 = DIRECTION ( 'NONE',  ( -1.000000000000000000, -1.850371707708594070E-16, -0.000000000000000000 ) ) ;
#8594 = EDGE_CURVE ( 'NONE', #3397, #7404, #1198, .T. ) ;
#8595 = VERTEX_POINT ( 'NONE', #4060 ) ;
#8596 = CARTESIAN_POINT ( 'NONE',  ( -72.00000000000000000, -61.99999999999997868, 2.000000000000000000 ) ) ;
#8597 = CARTESIAN_POINT ( 'NONE',  ( 11.99999999999998224, 72.00000000000002842, 2.000000000000000000 ) ) ;
#8598 = ORIENTED_EDGE ( 'NONE', *, *, #5027, .T. ) ;
#8599 = ORIENTED_EDGE ( 'NONE', *, *, #3195, .T. ) ;
#8600 = AXIS2_PLACEMENT_3D ( 'NONE', #8581, #4167, #9189 ) ;
#8601 = EDGE_CURVE ( 'NONE', #9110, #5299, #6994, .T. ) ;
#8602 = LINE ( 'NONE', #817, #3508 ) ;
#8603 = CARTESIAN_POINT ( 'NONE',  ( 72.00000000000000000, -19.99999999999997513, 1.999999999999999556 ) ) ;
#8604 = VERTEX_POINT ( 'NONE', #589 ) ;
#8605 = AXIS2_PLACEMENT_3D ( 'NONE', #8999, #3992, #1827 ) ;
#8606 = CARTESIAN_POINT ( 'NONE',  ( -34.99999999999999289, -74.99999999999997158, 1.999999999999999112 ) ) ;
#8607 = LINE ( 'NONE', #6567, #73 ) ;
#8608 = ORIENTED_EDGE ( 'NONE', *, *, #4512, .T. ) ;
#8609 = ORIENTED_EDGE ( 'NONE', *, *, #8627, .T. ) ;
#8610 = FACE_OUTER_BOUND ( 'NONE', #3315, .T. ) ;
#8611 = ORIENTED_EDGE ( 'NONE', *, *, #7256, .F. ) ;
#8612 = VERTEX_POINT ( 'NONE', #500 ) ;
#8613 = DIRECTION ( 'NONE',  ( -0.000000000000000000, 1.000000000000000000, 8.673617379884028076E-17 ) ) ;
#8614 = ORIENTED_EDGE ( 'NONE', *, *, #8304, .F. ) ;
#8615 = ADVANCED_FACE ( 'NONE', ( #3398 ), #6204, .F. ) ;
#8616 = EDGE_CURVE ( 'NONE', #3833, #6100, #9077, .T. ) ;
#8617 = AXIS2_PLACEMENT_3D ( 'NONE', #4289, #5734, #3761 ) ;
#8618 = AXIS2_PLACEMENT_3D ( 'NONE', #6526, #8557, #8652 ) ;
#8619 = FACE_OUTER_BOUND ( 'NONE', #6570, .T. ) ;
#8620 = ORIENTED_EDGE ( 'NONE', *, *, #3237, .F. ) ;
#8621 = DIRECTION ( 'NONE',  ( -1.000000000000000000, -1.850371707708594070E-16, -0.000000000000000000 ) ) ;
#8622 = ORIENTED_EDGE ( 'NONE', *, *, #2683, .T. ) ;
#8623 = VECTOR ( 'NONE', #4218, 1000.000000000000000 ) ;
#8624 = LINE ( 'NONE', #8663, #7858 ) ;
#8625 = DIRECTION ( 'NONE',  ( 1.000000000000000000, 1.850371707708594316E-16, -0.000000000000000000 ) ) ;
#8626 = CARTESIAN_POINT ( 'NONE',  ( 74.99999999999998579, 40.00000000000002132, 5.000000000000000000 ) ) ;
#8627 = EDGE_CURVE ( 'NONE', #5313, #3141, #4722, .T. ) ;
#8628 = VERTEX_POINT ( 'NONE', #1157 ) ;
#8629 = DIRECTION ( 'NONE',  ( -0.000000000000000000, 1.000000000000000000, -0.000000000000000000 ) ) ;
#8630 = PLANE ( 'NONE',  #1174 ) ;
#8631 = PLANE ( 'NONE',  #4928 ) ;
#8632 = CARTESIAN_POINT ( 'NONE',  ( 31.99999999999997868, 72.00000000000002842, 5.000000000000000000 ) ) ;
#8633 = LINE ( 'NONE', #2202, #8569 ) ;
#8634 = LINE ( 'NONE', #1455, #7503 ) ;
#8635 = ORIENTED_EDGE ( 'NONE', *, *, #1004, .T. ) ;
#8636 = ADVANCED_FACE ( 'NONE', ( #8984 ), #8368, .F. ) ;
#8637 = PLANE ( 'NONE',  #1551 ) ;
#8638 = PRESENTATION_STYLE_ASSIGNMENT (( #17 ) ) ;
#8639 = CARTESIAN_POINT ( 'NONE',  ( -72.00000000000000000, -21.99999999999998579, 2.000000000000000000 ) ) ;
#8640 = CARTESIAN_POINT ( 'NONE',  ( -3.000000000000030198, 75.00000000000002842, 5.000000000000000000 ) ) ;
#8641 = DIRECTION ( 'NONE',  ( 1.000000000000000000, 0.000000000000000000, 0.000000000000000000 ) ) ;
#8642 = ORIENTED_EDGE ( 'NONE', *, *, #3088, .T. ) ;
#8643 = ORIENTED_EDGE ( 'NONE', *, *, #6160, .T. ) ;
#8644 = EDGE_CURVE ( 'NONE', #6146, #629, #7941, .T. ) ;
#8645 = ADVANCED_FACE ( 'NONE', ( #826 ), #5787, .F. ) ;
#8646 = LINE ( 'NONE', #2259, #5906 ) ;
#8647 = CARTESIAN_POINT ( 'NONE',  ( -72.00000000000000000, -56.99999999999997868, 1.999999999999999556 ) ) ;
#8648 = ORIENTED_EDGE ( 'NONE', *, *, #3402, .T. ) ;
#8649 = DIRECTION ( 'NONE',  ( -0.000000000000000000, -1.000000000000000000, -0.000000000000000000 ) ) ;
#8650 = PLANE ( 'NONE',  #7081 ) ;
#8651 = ORIENTED_EDGE ( 'NONE', *, *, #4198, .T. ) ;
#8652 = DIRECTION ( 'NONE',  ( 2.312964634635742661E-15, 0.000000000000000000, -1.000000000000000000 ) ) ;
#8653 = ORIENTED_EDGE ( 'NONE', *, *, #2275, .F. ) ;
#8654 = ORIENTED_EDGE ( 'NONE', *, *, #7176, .T. ) ;
#8655 = CARTESIAN_POINT ( 'NONE',  ( -7.500000000000000000, 18.00000000000000355, 5.000000000000000000 ) ) ;
#8656 = ADVANCED_FACE ( 'NONE', ( #7897 ), #3540, .F. ) ;
#8657 = LINE ( 'NONE', #3639, #2762 ) ;
#8658 = EDGE_LOOP ( 'NONE', ( #865, #8210, #5724, #2775 ) ) ;
#8659 = VECTOR ( 'NONE', #4214, 1000.000000000000000 ) ;
#8660 = CARTESIAN_POINT ( 'NONE',  ( 74.99999999999998579, 50.00000000000001421, 1.999999999999999556 ) ) ;
#8661 = ORIENTED_EDGE ( 'NONE', *, *, #8576, .T. ) ;
#8662 = EDGE_CURVE ( 'NONE', #7933, #5044, #7752, .T. ) ;
#8663 = CARTESIAN_POINT ( 'NONE',  ( 61.99999999999997868, 72.00000000000002842, 5.000000000000000000 ) ) ;
#8664 = CARTESIAN_POINT ( 'NONE',  ( -72.00000000000000000, -51.99999999999998579, 5.000000000000000000 ) ) ;
#8665 = CARTESIAN_POINT ( 'NONE',  ( -72.00000000000001421, -1.999999999999980460, 5.000000000000000000 ) ) ;
#8666 = AXIS2_PLACEMENT_3D ( 'NONE', #4707, #8177, #3822 ) ;
#8667 = ORIENTED_EDGE ( 'NONE', *, *, #1470, .F. ) ;
#8668 = LINE ( 'NONE', #6585, #355 ) ;
#8669 = DIRECTION ( 'NONE',  ( -1.000000000000000000, -1.850371707708594070E-16, -0.000000000000000000 ) ) ;
#8670 = ORIENTED_EDGE ( 'NONE', *, *, #2453, .T. ) ;
#8671 = VECTOR ( 'NONE', #3326, 1000.000000000000000 ) ;
#8672 = EDGE_CURVE ( 'NONE', #7028, #6148, #6387, .T. ) ;
#8673 = DIRECTION ( 'NONE',  ( -0.000000000000000000, 0.000000000000000000, -1.000000000000000000 ) ) ;
#8674 = ORIENTED_EDGE ( 'NONE', *, *, #6251, .F. ) ;
#8675 = DIRECTION ( 'NONE',  ( 2.312964634635742661E-15, 0.000000000000000000, -1.000000000000000000 ) ) ;
#8676 = CARTESIAN_POINT ( 'NONE',  ( -75.00000000000001421, 18.00000000000001421, 5.000000000000000000 ) ) ;
#8677 = EDGE_LOOP ( 'NONE', ( #6254, #4853, #8179, #2552 ) ) ;
#8678 = LINE ( 'NONE', #2248, #5012 ) ;
#8679 = DIRECTION ( 'NONE',  ( -1.000000000000000000, 0.000000000000000000, -1.734723475976807834E-16 ) ) ;
#8680 = LINE ( 'NONE', #4887, #1978 ) ;
#8681 = EDGE_CURVE ( 'NONE', #1029, #7536, #2132, .T. ) ;
#8682 = CARTESIAN_POINT ( 'NONE',  ( 71.99999999999998579, -30.00000000000000000, 0.000000000000000000 ) ) ;
#8683 = DIRECTION ( 'NONE',  ( -0.000000000000000000, -1.000000000000000000, -0.000000000000000000 ) ) ;
#8684 = VERTEX_POINT ( 'NONE', #4391 ) ;
#8685 = ORIENTED_EDGE ( 'NONE', *, *, #5585, .F. ) ;
#8686 = LINE ( 'NONE', #5821, #8758 ) ;
#8687 = CARTESIAN_POINT ( 'NONE',  ( 36.99999999999997868, 72.00000000000002842, 5.000000000000000000 ) ) ;
#8688 = ORIENTED_EDGE ( 'NONE', *, *, #6805, .T. ) ;
#8689 = EDGE_CURVE ( 'NONE', #1141, #587, #2224, .T. ) ;
#8690 = DIRECTION ( 'NONE',  ( -0.000000000000000000, -0.000000000000000000, -1.000000000000000000 ) ) ;
#8691 = CARTESIAN_POINT ( 'NONE',  ( 71.99999999999998579, 40.00000000000002132, 1.999999999999999556 ) ) ;
#8692 = EDGE_CURVE ( 'NONE', #5996, #2306, #34, .T. ) ;
#8693 = EDGE_LOOP ( 'NONE', ( #6388, #5736, #5987, #244 ) ) ;
#8694 = DIRECTION ( 'NONE',  ( 1.000000000000000000, 0.000000000000000000, 0.000000000000000000 ) ) ;
#8695 = VERTEX_POINT ( 'NONE', #5046 ) ;
#8696 = AXIS2_PLACEMENT_3D ( 'NONE', #260, #5493, #531 ) ;
#8697 = ORIENTED_EDGE ( 'NONE', *, *, #4893, .T. ) ;
#8698 = DIRECTION ( 'NONE',  ( 0.000000000000000000, 0.000000000000000000, 1.000000000000000000 ) ) ;
#8699 = CARTESIAN_POINT ( 'NONE',  ( -120.0000000000000000, -71.99999999999997158, 0.000000000000000000 ) ) ;
#8700 = ORIENTED_EDGE ( 'NONE', *, *, #467, .T. ) ;
#8701 = CARTESIAN_POINT ( 'NONE',  ( 75.00000000000001421, -69.99999999999998579, 5.000000000000000000 ) ) ;
#8702 = EDGE_CURVE ( 'NONE', #5730, #6391, #7139, .T. ) ;
#8703 = ORIENTED_EDGE ( 'NONE', *, *, #2630, .F. ) ;
#8704 = CARTESIAN_POINT ( 'NONE',  ( 75.00000000000000000, 15.00000000000002665, 2.000000000000000000 ) ) ;
#8705 = LINE ( 'NONE', #1580, #9016 ) ;
#8706 = VECTOR ( 'NONE', #557, 1000.000000000000000 ) ;
#8707 = VECTOR ( 'NONE', #7843, 1000.000000000000000 ) ;
#8708 = DIRECTION ( 'NONE',  ( -1.604941620322695085E-32, 8.673617379884028076E-17, -1.000000000000000000 ) ) ;
#8709 = EDGE_CURVE ( 'NONE', #8320, #6342, #9220, .T. ) ;
#8710 = ORIENTED_EDGE ( 'NONE', *, *, #6239, .T. ) ;
#8711 = VECTOR ( 'NONE', #2632, 1000.000000000000000 ) ;
#8712 = DIRECTION ( 'NONE',  ( -0.000000000000000000, -1.000000000000000000, -0.000000000000000000 ) ) ;
#8713 = VECTOR ( 'NONE', #4121, 1000.000000000000000 ) ;
#8714 = DIRECTION ( 'NONE',  ( -1.000000000000000000, 0.000000000000000000, 8.673617379884028076E-17 ) ) ;
#8715 = EDGE_LOOP ( 'NONE', ( #1392, #9017, #4379, #6907 ) ) ;
#8716 = CARTESIAN_POINT ( 'NONE',  ( 20.00000000000000355, -74.99999999999997158, 2.000000000000000000 ) ) ;
#8717 = ORIENTED_EDGE ( 'NONE', *, *, #168, .T. ) ;
#8718 = CIRCLE ( 'NONE', #5566, 1.600000000000004086 ) ;
#8719 = DIRECTION ( 'NONE',  ( 1.000000000000000000, 0.000000000000000000, 0.000000000000000000 ) ) ;
#8720 = DIRECTION ( 'NONE',  ( -0.000000000000000000, -0.000000000000000000, 1.000000000000000000 ) ) ;
#8721 = PLANE ( 'NONE',  #6596 ) ;
#8722 = VERTEX_POINT ( 'NONE', #2889 ) ;
#8723 = VECTOR ( 'NONE', #5858, 1000.000000000000000 ) ;
#8724 = VECTOR ( 'NONE', #4528, 1000.000000000000000 ) ;
#8725 = ADVANCED_FACE ( 'NONE', ( #776 ), #3585, .F. ) ;
#8726 = CARTESIAN_POINT ( 'NONE',  ( 41.99999999999997868, 75.00000000000002842, 2.000000000000000000 ) ) ;
#8727 = CARTESIAN_POINT ( 'NONE',  ( -18.00000000000001421, 72.00000000000002842, 2.000000000000000000 ) ) ;
#8728 = DIRECTION ( 'NONE',  ( -1.000000000000000000, -1.850371707708594070E-16, 0.000000000000000000 ) ) ;
#8729 = AXIS2_PLACEMENT_3D ( 'NONE', #2580, #4125, #4694 ) ;
#8730 = LINE ( 'NONE', #4330, #5377 ) ;
#8731 = DIRECTION ( 'NONE',  ( -0.000000000000000000, -0.000000000000000000, -1.000000000000000000 ) ) ;
#8732 = ORIENTED_EDGE ( 'NONE', *, *, #8591, .T. ) ;
#8733 = ORIENTED_EDGE ( 'NONE', *, *, #4066, .F. ) ;
#8735 = ORIENTED_EDGE ( 'NONE', *, *, #5609, .F. ) ;
#8734 = ADVANCED_FACE ( 'NONE', ( #8610 ), #685, .F. ) ;
#8736 = VECTOR ( 'NONE', #4759, 1000.000000000000000 ) ;
#8737 = DIRECTION ( 'NONE',  ( -0.000000000000000000, -1.000000000000000000, -0.000000000000000000 ) ) ;
#8738 = LINE ( 'NONE', #484, #5866 ) ;
#8739 = CARTESIAN_POINT ( 'NONE',  ( -43.00000000000002132, 72.00000000000002842, 5.000000000000000000 ) ) ;
#8740 = ORIENTED_EDGE ( 'NONE', *, *, #1989, .F. ) ;
#8741 = CARTESIAN_POINT ( 'NONE',  ( 59.60000000000001563, 3.500000000000003109, 2.000000000000000000 ) ) ;
#8742 = CARTESIAN_POINT ( 'NONE',  ( 65.00000000000000000, -71.99999999999997158, 1.999999999999999112 ) ) ;
#8743 = ORIENTED_EDGE ( 'NONE', *, *, #2347, .T. ) ;
#8744 = VECTOR ( 'NONE', #215, 1000.000000000000000 ) ;
#8745 = CARTESIAN_POINT ( 'NONE',  ( -75.00000000000000000, -46.99999999999998579, 1.999999999999999556 ) ) ;
#8746 = EDGE_LOOP ( 'NONE', ( #584, #86, #365, #846 ) ) ;
#8747 = VERTEX_POINT ( 'NONE', #2182 ) ;
#8748 = FACE_OUTER_BOUND ( 'NONE', #7527, .T. ) ;
#8749 = EDGE_CURVE ( 'NONE', #1192, #8828, #6483, .T. ) ;
#8750 = AXIS2_PLACEMENT_3D ( 'NONE', #129, #2982, #5096 ) ;
#8751 = CARTESIAN_POINT ( 'NONE',  ( -45.00000000000000000, -74.99999999999997158, 1.999999999999999112 ) ) ;
#8752 = VECTOR ( 'NONE', #2767, 1000.000000000000000 ) ;
#8753 = ORIENTED_EDGE ( 'NONE', *, *, #2637, .T. ) ;
#8754 = DIRECTION ( 'NONE',  ( -1.000000000000000000, 0.000000000000000000, 8.673617379884028076E-17 ) ) ;
#8755 = ORIENTED_EDGE ( 'NONE', *, *, #5484, .T. ) ;
#8756 = CARTESIAN_POINT ( 'NONE',  ( 71.99999999999998579, 60.00000000000002132, 1.999999999999999556 ) ) ;
#8757 = DIRECTION ( 'NONE',  ( -1.000000000000000000, 0.000000000000000000, 8.673617379884028076E-17 ) ) ;
#8758 = VECTOR ( 'NONE', #7228, 1000.000000000000000 ) ;
#8759 = VERTEX_POINT ( 'NONE', #7796 ) ;
#8760 = VECTOR ( 'NONE', #2281, 1000.000000000000000 ) ;
#8761 = VERTEX_POINT ( 'NONE', #5092 ) ;
#8762 = CARTESIAN_POINT ( 'NONE',  ( -7.500000000000000000, 20.00000000000000355, 5.000000000000000000 ) ) ;
#8763 = EDGE_CURVE ( 'NONE', #7853, #7564, #1382, .T. ) ;
#8764 = ADVANCED_FACE ( 'NONE', ( #7092 ), #5600, .F. ) ;
#8765 = ORIENTED_EDGE ( 'NONE', *, *, #554, .F. ) ;
#8766 = AXIS2_PLACEMENT_3D ( 'NONE', #3491, #6842, #911 ) ;
#8767 = DIRECTION ( 'NONE',  ( 0.000000000000000000, 0.000000000000000000, -1.000000000000000000 ) ) ;
#8768 = ORIENTED_EDGE ( 'NONE', *, *, #7305, .T. ) ;
#8769 = LINE ( 'NONE', #6690, #4020 ) ;
#8770 = DIRECTION ( 'NONE',  ( -1.000000000000000000, -0.000000000000000000, -0.000000000000000000 ) ) ;
#8771 = ORIENTED_EDGE ( 'NONE', *, *, #4602, .F. ) ;
#8772 = ORIENTED_EDGE ( 'NONE', *, *, #792, .F. ) ;
#8773 = CARTESIAN_POINT ( 'NONE',  ( -75.00000000000001421, 58.00000000000001421, 2.000000000000000000 ) ) ;
#8774 = CARTESIAN_POINT ( 'NONE',  ( -18.00000000000001421, 75.00000000000002842, 2.000000000000000000 ) ) ;
#8775 = CARTESIAN_POINT ( 'NONE',  ( -64.99999999999997158, 64.99999999999998579, 0.000000000000000000 ) ) ;
#8776 = DIRECTION ( 'NONE',  ( 0.000000000000000000, -1.000000000000000000, 8.673617379884040402E-17 ) ) ;
#8777 = FACE_OUTER_BOUND ( 'NONE', #2504, .T. ) ;
#8778 = LINE ( 'NONE', #7975, #6867 ) ;
#8779 = DIRECTION ( 'NONE',  ( 0.000000000000000000, 0.000000000000000000, -1.000000000000000000 ) ) ;
#8780 = ADVANCED_FACE ( 'NONE', ( #84 ), #8464, .T. ) ;
#8781 = EDGE_CURVE ( 'NONE', #4953, #6208, #3951, .T. ) ;
#8782 = ORIENTED_EDGE ( 'NONE', *, *, #6160, .F. ) ;
#8783 = VERTEX_POINT ( 'NONE', #8305 ) ;
#8784 = EDGE_LOOP ( 'NONE', ( #7277, #5394, #8442, #8155 ) ) ;
#8785 = DIRECTION ( 'NONE',  ( 1.000000000000000000, 1.850371707708594070E-16, 0.000000000000000000 ) ) ;
#8786 = CARTESIAN_POINT ( 'NONE',  ( -3.500000000000003109, 57.99999999999997158, 15.00000000000000000 ) ) ;
#8787 = CARTESIAN_POINT ( 'NONE',  ( -49.99999999999999289, -71.99999999999997158, 2.000000000000000000 ) ) ;
#8788 = DIRECTION ( 'NONE',  ( -0.000000000000000000, -0.000000000000000000, 1.000000000000000000 ) ) ;
#8789 = ORIENTED_EDGE ( 'NONE', *, *, #8943, .F. ) ;
#8790 = DIRECTION ( 'NONE',  ( 0.000000000000000000, 0.000000000000000000, -1.000000000000000000 ) ) ;
#8791 = FACE_OUTER_BOUND ( 'NONE', #594, .T. ) ;
#8792 = ORIENTED_EDGE ( 'NONE', *, *, #8943, .T. ) ;
#8793 = EDGE_CURVE ( 'NONE', #419, #2062, #1090, .T. ) ;
#8794 = DIRECTION ( 'NONE',  ( -1.000000000000000000, 0.000000000000000000, 0.000000000000000000 ) ) ;
#8795 = ORIENTED_EDGE ( 'NONE', *, *, #4549, .F. ) ;
#8796 = ORIENTED_EDGE ( 'NONE', *, *, #226, .T. ) ;
#8797 = CARTESIAN_POINT ( 'NONE',  ( 72.00000000000001421, -74.99999999999997158, 2.000000000000000000 ) ) ;
#8798 = ORIENTED_EDGE ( 'NONE', *, *, #4572, .F. ) ;
#8799 = DIRECTION ( 'NONE',  ( 1.000000000000000000, -0.000000000000000000, 1.734723475976808080E-16 ) ) ;
#8800 = VERTEX_POINT ( 'NONE', #3073 ) ;
#8801 = DIRECTION ( 'NONE',  ( -1.000000000000000000, -0.000000000000000000, -0.000000000000000000 ) ) ;
#8802 = VERTEX_POINT ( 'NONE', #5444 ) ;
#8803 = EDGE_CURVE ( 'NONE', #1728, #1735, #6799, .T. ) ;
#8804 = DIRECTION ( 'NONE',  ( 1.604941620322697548E-32, -8.673617379884039170E-17, -1.000000000000000000 ) ) ;
#8805 = DIRECTION ( 'NONE',  ( 1.000000000000000000, 1.850371707708594070E-16, -0.000000000000000000 ) ) ;
#8806 = ORIENTED_EDGE ( 'NONE', *, *, #3052, .F. ) ;
#8807 = ORIENTED_EDGE ( 'NONE', *, *, #8432, .T. ) ;
#8808 = CARTESIAN_POINT ( 'NONE',  ( 36.99999999999997868, 75.00000000000002842, 5.000000000000000000 ) ) ;
#8809 = ORIENTED_EDGE ( 'NONE', *, *, #5667, .F. ) ;
#8810 = LINE ( 'NONE', #1773, #6856 ) ;
#8811 = VECTOR ( 'NONE', #7628, 1000.000000000000000 ) ;
#8812 = EDGE_CURVE ( 'NONE', #7143, #4670, #6569, .T. ) ;
#8813 = CARTESIAN_POINT ( 'NONE',  ( -75.00000000000001421, 75.00000000000002842, 5.000000000000000000 ) ) ;
#8814 = ORIENTED_EDGE ( 'NONE', *, *, #8834, .F. ) ;
#8815 = EDGE_CURVE ( 'NONE', #4007, #2268, #8037, .T. ) ;
#8816 = ORIENTED_EDGE ( 'NONE', *, *, #5560, .T. ) ;
#8817 = DIRECTION ( 'NONE',  ( -0.000000000000000000, -1.000000000000000000, -0.000000000000000000 ) ) ;
#8819 = CARTESIAN_POINT ( 'NONE',  ( -72.00000000000001421, 38.00000000000002132, 2.000000000000000000 ) ) ;
#8818 = CIRCLE ( 'NONE', #6546, 5.000000000000002665 ) ;
#8820 = CARTESIAN_POINT ( 'NONE',  ( -59.60000000000001563, -3.500000000000003109, 15.00000000000000000 ) ) ;
#8821 = CARTESIAN_POINT ( 'NONE',  ( 75.00000000000000000, 20.00000000000001776, 5.000000000000000000 ) ) ;
#8822 = AXIS2_PLACEMENT_3D ( 'NONE', #8287, #1164, #4730 ) ;
#8823 = CARTESIAN_POINT ( 'NONE',  ( -72.00000000000000000, -31.99999999999997868, 2.000000000000000000 ) ) ;
#8824 = CARTESIAN_POINT ( 'NONE',  ( -75.00000000000001421, 75.00000000000002842, 5.000000000000000000 ) ) ;
#8825 = CARTESIAN_POINT ( 'NONE',  ( 3.500000000000003109, -57.99999999999997158, 15.00000000000000000 ) ) ;
#8826 = EDGE_CURVE ( 'NONE', #6568, #478, #5611, .T. ) ;
#8827 = DIRECTION ( 'NONE',  ( 0.000000000000000000, 0.000000000000000000, -1.000000000000000000 ) ) ;
#8828 = VERTEX_POINT ( 'NONE', #436 ) ;
#8829 = EDGE_LOOP ( 'NONE', ( #6067, #1456 ) ) ;
#8830 = AXIS2_PLACEMENT_3D ( 'NONE', #5804, #8673, #5664 ) ;
#8831 = ORIENTED_EDGE ( 'NONE', *, *, #7490, .F. ) ;
#8832 = LINE ( 'NONE', #8122, #8301 ) ;
#8833 = EDGE_CURVE ( 'NONE', #1377, #6945, #6063, .T. ) ;
#8834 = EDGE_CURVE ( 'NONE', #8500, #2757, #3997, .T. ) ;
#8835 = CARTESIAN_POINT ( 'NONE',  ( -15.00000000000000000, -74.99999999999997158, 1.999999999999999112 ) ) ;
#8836 = LINE ( 'NONE', #8787, #7661 ) ;
#8837 = CARTESIAN_POINT ( 'NONE',  ( 0.000000000000000000, 72.00000000000002842, 0.000000000000000000 ) ) ;
#8838 = VERTEX_POINT ( 'NONE', #6135 ) ;
#8839 = CARTESIAN_POINT ( 'NONE',  ( 46.99999999999997158, 72.00000000000002842, 5.000000000000000000 ) ) ;
#8840 = CARTESIAN_POINT ( 'NONE',  ( 72.00000000000001421, -71.99999999999997158, 5.000000000000000000 ) ) ;
#8841 = ORIENTED_EDGE ( 'NONE', *, *, #7103, .F. ) ;
#8842 = VERTEX_POINT ( 'NONE', #7590 ) ;
#8843 = ORIENTED_EDGE ( 'NONE', *, *, #2408, .F. ) ;
#8844 = DIRECTION ( 'NONE',  ( -1.000000000000000000, 0.000000000000000000, 8.673617379884028076E-17 ) ) ;
#8845 = EDGE_CURVE ( 'NONE', #6872, #4108, #393, .T. ) ;
#8846 = PLANE ( 'NONE',  #8160 ) ;
#8847 = EDGE_LOOP ( 'NONE', ( #4995, #8831, #873, #1684 ) ) ;
#8848 = DIRECTION ( 'NONE',  ( 0.000000000000000000, -0.000000000000000000, 1.000000000000000000 ) ) ;
#8849 = ORIENTED_EDGE ( 'NONE', *, *, #1365, .F. ) ;
#8850 = CARTESIAN_POINT ( 'NONE',  ( -72.00000000000000000, -6.999999999999991118, 1.999999999999999556 ) ) ;
#8851 = CARTESIAN_POINT ( 'NONE',  ( 71.99999999999998579, 50.00000000000001421, 5.000000000000000000 ) ) ;
#8852 = EDGE_CURVE ( 'NONE', #1614, #6738, #2368, .T. ) ;
#8853 = ORIENTED_EDGE ( 'NONE', *, *, #3334, .F. ) ;
#8854 = CARTESIAN_POINT ( 'NONE',  ( 30.00000000000000711, -74.99999999999997158, 2.000000000000000000 ) ) ;
#8855 = ORIENTED_EDGE ( 'NONE', *, *, #8202, .F. ) ;
#8856 = PLANE ( 'NONE',  #6106 ) ;
#8857 = AXIS2_PLACEMENT_3D ( 'NONE', #295, #2998, #7966 ) ;
#8858 = CARTESIAN_POINT ( 'NONE',  ( -72.00000000000000000, -6.999999999999991118, 5.000000000000000000 ) ) ;
#8859 = ORIENTED_EDGE ( 'NONE', *, *, #1372, .F. ) ;
#8860 = VECTOR ( 'NONE', #7837, 1000.000000000000000 ) ;
#8861 = ORIENTED_EDGE ( 'NONE', *, *, #424, .T. ) ;
#8862 = CARTESIAN_POINT ( 'NONE',  ( -43.00000000000002132, 75.00000000000002842, 5.000000000000000000 ) ) ;
#8863 = DIRECTION ( 'NONE',  ( -0.000000000000000000, -0.000000000000000000, 1.000000000000000000 ) ) ;
#8864 = DIRECTION ( 'NONE',  ( 1.850371707708594070E-16, -1.000000000000000000, 0.000000000000000000 ) ) ;
#8865 = EDGE_CURVE ( 'NONE', #796, #5509, #3286, .T. ) ;
#8866 = VECTOR ( 'NONE', #4556, 1000.000000000000000 ) ;
#8867 = ADVANCED_FACE ( 'NONE', ( #7499 ), #4040, .F. ) ;
#8868 = VECTOR ( 'NONE', #1608, 1000.000000000000000 ) ;
#8869 = LINE ( 'NONE', #3197, #2309 ) ;
#8870 = DIRECTION ( 'NONE',  ( -2.312964634635742661E-15, -0.000000000000000000, 1.000000000000000000 ) ) ;
#8871 = FACE_OUTER_BOUND ( 'NONE', #6329, .T. ) ;
#8872 = LINE ( 'NONE', #6798, #8974 ) ;
#8873 = LINE ( 'NONE', #3901, #1068 ) ;
#8874 = VECTOR ( 'NONE', #7340, 1000.000000000000000 ) ;
#8875 = ORIENTED_EDGE ( 'NONE', *, *, #2736, .F. ) ;
#8876 = VECTOR ( 'NONE', #3940, 1000.000000000000000 ) ;
#8877 = ORIENTED_EDGE ( 'NONE', *, *, #6015, .F. ) ;
#8878 = EDGE_CURVE ( 'NONE', #2306, #5514, #124, .T. ) ;
#8879 = ADVANCED_FACE ( 'NONE', ( #6621 ), #218, .F. ) ;
#8880 = LINE ( 'NONE', #2405, #1415 ) ;
#8881 = VECTOR ( 'NONE', #1417, 1000.000000000000000 ) ;
#8882 = DIRECTION ( 'NONE',  ( 1.000000000000000000, 0.000000000000000000, 0.000000000000000000 ) ) ;
#8883 = CARTESIAN_POINT ( 'NONE',  ( 41.99999999999997868, 75.00000000000002842, 5.000000000000000000 ) ) ;
#8884 = VECTOR ( 'NONE', #7901, 1000.000000000000000 ) ;
#8885 = CARTESIAN_POINT ( 'NONE',  ( -72.00000000000001421, 28.00000000000001776, 5.000000000000000000 ) ) ;
#8886 = ORIENTED_EDGE ( 'NONE', *, *, #4572, .T. ) ;
#8887 = FACE_OUTER_BOUND ( 'NONE', #5466, .T. ) ;
#8888 = CARTESIAN_POINT ( 'NONE',  ( 71.99999999999998579, 50.00000000000001421, 5.000000000000000000 ) ) ;
#8889 = ORIENTED_EDGE ( 'NONE', *, *, #8340, .F. ) ;
#8890 = ORIENTED_EDGE ( 'NONE', *, *, #9095, .T. ) ;
#8891 = ORIENTED_EDGE ( 'NONE', *, *, #7432, .F. ) ;
#8892 = CARTESIAN_POINT ( 'NONE',  ( 7.500000000000000000, -19.99999999999999645, 10.00000000000000355 ) ) ;
#8893 = AXIS2_PLACEMENT_3D ( 'NONE', #6871, #2481, #460 ) ;
#8894 = FACE_OUTER_BOUND ( 'NONE', #3824, .T. ) ;
#8895 = EDGE_LOOP ( 'NONE', ( #3301, #729, #6661, #1775 ) ) ;
#8896 = VECTOR ( 'NONE', #5557, 1000.000000000000000 ) ;
#8897 = LINE ( 'NONE', #6112, #3490 ) ;
#8898 = ORIENTED_EDGE ( 'NONE', *, *, #1131, .T. ) ;
#8899 = PLANE ( 'NONE',  #2170 ) ;
#8900 = EDGE_CURVE ( 'NONE', #6720, #7882, #2536, .T. ) ;
#8901 = DIRECTION ( 'NONE',  ( -8.673617379884028076E-17, 0.000000000000000000, -1.000000000000000000 ) ) ;
#8902 = EDGE_CURVE ( 'NONE', #5134, #6382, #5392, .T. ) ;
#8903 = AXIS2_PLACEMENT_3D ( 'NONE', #1920, #6018, #6222 ) ;
#8904 = ORIENTED_EDGE ( 'NONE', *, *, #5892, .T. ) ;
#8905 = CARTESIAN_POINT ( 'NONE',  ( 71.99999999999998579, 70.00000000000001421, 5.000000000000000000 ) ) ;
#8906 = ORIENTED_EDGE ( 'NONE', *, *, #3666, .F. ) ;
#8907 = DIRECTION ( 'NONE',  ( 0.000000000000000000, 0.000000000000000000, -1.000000000000000000 ) ) ;
#8908 = CIRCLE ( 'NONE', #4858, 7.500000000000000000 ) ;
#8909 = VECTOR ( 'NONE', #2234, 1000.000000000000000 ) ;
#8910 = CARTESIAN_POINT ( 'NONE',  ( -4.999999999999990230, -71.99999999999997158, 5.000000000000000000 ) ) ;
#8911 = ORIENTED_EDGE ( 'NONE', *, *, #294, .F. ) ;
#8912 = DIRECTION ( 'NONE',  ( -0.000000000000000000, -0.000000000000000000, -1.000000000000000000 ) ) ;
#8913 = DIRECTION ( 'NONE',  ( -1.000000000000000000, 0.000000000000000000, 0.000000000000000000 ) ) ;
#8914 = ADVANCED_FACE ( 'NONE', ( #5138 ), #7989, .F. ) ;
#8915 = DIRECTION ( 'NONE',  ( -1.000000000000000000, 0.000000000000000000, -1.734723475976807834E-16 ) ) ;
#8916 = VECTOR ( 'NONE', #6333, 1000.000000000000000 ) ;
#8917 = VECTOR ( 'NONE', #7729, 1000.000000000000000 ) ;
#8918 = DIRECTION ( 'NONE',  ( 4.270088556250601699E-16, 1.000000000000000000, -0.000000000000000000 ) ) ;
#8919 = CARTESIAN_POINT ( 'NONE',  ( -72.00000000000001421, 8.000000000000014211, 5.000000000000000000 ) ) ;
#8920 = CARTESIAN_POINT ( 'NONE',  ( 31.99999999999997868, 72.00000000000002842, 5.000000000000000000 ) ) ;
#8921 = CARTESIAN_POINT ( 'NONE',  ( -5.100000000000010303, 57.99999999999997158, 15.00000000000000000 ) ) ;
#8922 = CARTESIAN_POINT ( 'NONE',  ( -7.500000000000000000, -18.00000000000000355, 5.000000000000000000 ) ) ;
#8923 = EDGE_CURVE ( 'NONE', #120, #7778, #3078, .T. ) ;
#8924 = ORIENTED_EDGE ( 'NONE', *, *, #6149, .F. ) ;
#8925 = ORIENTED_EDGE ( 'NONE', *, *, #3575, .T. ) ;
#8926 = FACE_BOUND ( 'NONE', #6385, .T. ) ;
#8927 = VECTOR ( 'NONE', #937, 1000.000000000000000 ) ;
#8928 = CARTESIAN_POINT ( 'NONE',  ( -75.00000000000000000, -51.99999999999998579, 5.000000000000000000 ) ) ;
#8929 = CARTESIAN_POINT ( 'NONE',  ( -5.000000000000000888, 20.00000000000000000, 5.000000000000000000 ) ) ;
#8930 = LINE ( 'NONE', #6810, #3928 ) ;
#8931 = ORIENTED_EDGE ( 'NONE', *, *, #2550, .F. ) ;
#8932 = CARTESIAN_POINT ( 'NONE',  ( -72.00000000000000000, -11.99999999999998934, 2.000000000000000000 ) ) ;
#8933 = ORIENTED_EDGE ( 'NONE', *, *, #601, .T. ) ;
#8934 = EDGE_CURVE ( 'NONE', #7100, #4677, #4785, .T. ) ;
#8935 = ORIENTED_EDGE ( 'NONE', *, *, #1761, .F. ) ;
#8936 = ADVANCED_FACE ( 'NONE', ( #6972 ), #6266, .T. ) ;
#8937 = EDGE_LOOP ( 'NONE', ( #7282, #3307, #6897, #3447 ) ) ;
#8938 = DIRECTION ( 'NONE',  ( 1.000000000000000000, 1.850371707708594070E-16, -0.000000000000000000 ) ) ;
#8939 = EDGE_LOOP ( 'NONE', ( #7913, #7321, #7203, #6145 ) ) ;
#8940 = FACE_OUTER_BOUND ( 'NONE', #2883, .T. ) ;
#8941 = ORIENTED_EDGE ( 'NONE', *, *, #2249, .T. ) ;
#8942 = CARTESIAN_POINT ( 'NONE',  ( 7.500000000000000000, -19.99999999999999645, 10.00000000000000355 ) ) ;
#8943 = EDGE_CURVE ( 'NONE', #8465, #6683, #6226, .T. ) ;
#8944 = PLANE ( 'NONE',  #8118 ) ;
#8945 = EDGE_CURVE ( 'NONE', #9231, #3399, #4278, .T. ) ;
#8946 = ORIENTED_EDGE ( 'NONE', *, *, #8834, .T. ) ;
#8947 = EDGE_CURVE ( 'NONE', #8026, #6355, #8486, .T. ) ;
#8948 = FACE_OUTER_BOUND ( 'NONE', #6103, .T. ) ;
#8949 = ORIENTED_EDGE ( 'NONE', *, *, #5817, .T. ) ;
#8950 = LINE ( 'NONE', #2523, #4168 ) ;
#8951 = CARTESIAN_POINT ( 'NONE',  ( -72.00000000000001421, 13.00000000000001066, 5.000000000000000000 ) ) ;
#8952 = DIRECTION ( 'NONE',  ( -1.000000000000000000, -1.850371707708594070E-16, 0.000000000000000000 ) ) ;
#8953 = CARTESIAN_POINT ( 'NONE',  ( 6.938893903907228378E-15, -71.99999999999997158, 2.000000000000000000 ) ) ;
#8954 = LINE ( 'NONE', #4032, #5409 ) ;
#8955 = FACE_OUTER_BOUND ( 'NONE', #3829, .T. ) ;
#8956 = EDGE_CURVE ( 'NONE', #1288, #2935, #523, .T. ) ;
#8957 = LINE ( 'NONE', #5909, #2726 ) ;
#8958 = DIRECTION ( 'NONE',  ( 1.000000000000000000, -0.000000000000000000, 1.734723475976808080E-16 ) ) ;
#8959 = AXIS2_PLACEMENT_3D ( 'NONE', #9096, #6880, #9048 ) ;
#8960 = CARTESIAN_POINT ( 'NONE',  ( -64.99999999999997158, 64.99999999999998579, 2.000000000000000000 ) ) ;
#8961 = DIRECTION ( 'NONE',  ( 0.000000000000000000, -0.000000000000000000, 1.000000000000000000 ) ) ;
#8962 = CARTESIAN_POINT ( 'NONE',  ( 75.00000000000000000, -4.999999999999976907, 2.000000000000000000 ) ) ;
#8963 = VERTEX_POINT ( 'NONE', #8439 ) ;
#8964 = ORIENTED_EDGE ( 'NONE', *, *, #7329, .F. ) ;
#8965 = AXIS2_PLACEMENT_3D ( 'NONE', #423, #1431, #5382 ) ;
#8966 = LINE ( 'NONE', #4135, #1466 ) ;
#8967 = EDGE_CURVE ( 'NONE', #6241, #1192, #3462, .T. ) ;
#8968 = DIRECTION ( 'NONE',  ( -2.312964634635742661E-15, -0.000000000000000000, 1.000000000000000000 ) ) ;
#8969 = LINE ( 'NONE', #3384, #3637 ) ;
#8970 = CARTESIAN_POINT ( 'NONE',  ( 74.99999999999998579, 45.00000000000002842, 5.000000000000000000 ) ) ;
#8971 = VERTEX_POINT ( 'NONE', #2631 ) ;
#8972 = DIRECTION ( 'NONE',  ( 0.000000000000000000, 0.000000000000000000, -1.000000000000000000 ) ) ;
#8973 = ORIENTED_EDGE ( 'NONE', *, *, #6531, .F. ) ;
#8974 = VECTOR ( 'NONE', #392, 1000.000000000000000 ) ;
#8975 = ORIENTED_EDGE ( 'NONE', *, *, #2070, .F. ) ;
#8976 = ORIENTED_EDGE ( 'NONE', *, *, #1046, .T. ) ;
#8977 = EDGE_CURVE ( 'NONE', #9229, #3303, #2016, .T. ) ;
#8978 = DIRECTION ( 'NONE',  ( -1.000000000000000000, -1.850371707708594070E-16, -0.000000000000000000 ) ) ;
#8979 = EDGE_CURVE ( 'NONE', #7093, #4088, #1968, .T. ) ;
#8980 = ORIENTED_EDGE ( 'NONE', *, *, #5798, .F. ) ;
#8981 = PLANE ( 'NONE',  #65 ) ;
#8982 = VERTEX_POINT ( 'NONE', #5488 ) ;
#8983 = ORIENTED_EDGE ( 'NONE', *, *, #3882, .F. ) ;
#8984 = FACE_OUTER_BOUND ( 'NONE', #8847, .T. ) ;
#8985 = PLANE ( 'NONE',  #5425 ) ;
#8986 = EDGE_CURVE ( 'NONE', #2663, #2867, #8346, .T. ) ;
#8987 = VERTEX_POINT ( 'NONE', #2105 ) ;
#8988 = CARTESIAN_POINT ( 'NONE',  ( -13.00000000000002487, 75.00000000000002842, 5.000000000000000000 ) ) ;
#8989 = ORIENTED_EDGE ( 'NONE', *, *, #1822, .T. ) ;
#8990 = DIRECTION ( 'NONE',  ( 0.000000000000000000, 0.000000000000000000, -1.000000000000000000 ) ) ;
#8991 = CARTESIAN_POINT ( 'NONE',  ( -60.00000000000000000, -74.99999999999997158, 5.000000000000000000 ) ) ;
#8992 = ORIENTED_EDGE ( 'NONE', *, *, #6825, .T. ) ;
#8993 = LINE ( 'NONE', #6694, #5180 ) ;
#8994 = CARTESIAN_POINT ( 'NONE',  ( 75.00000000000000000, 20.00000000000001776, 1.999999999999999556 ) ) ;
#8995 = ORIENTED_EDGE ( 'NONE', *, *, #7723, .F. ) ;
#8996 = CIRCLE ( 'NONE', #7192, 1.600000000000004974 ) ;
#8997 = CARTESIAN_POINT ( 'NONE',  ( 72.00000000000000000, -24.99999999999998224, 5.000000000000000000 ) ) ;
#8998 = ADVANCED_FACE ( 'NONE', ( #5574 ), #1308, .F. ) ;
#8999 = CARTESIAN_POINT ( 'NONE',  ( -18.00000000000001421, 72.00000000000002842, 2.000000000000000000 ) ) ;
#9000 = DIRECTION ( 'NONE',  ( 0.000000000000000000, 0.000000000000000000, -1.000000000000000000 ) ) ;
#9001 = CARTESIAN_POINT ( 'NONE',  ( 72.00000000000001421, -59.99999999999998579, 5.000000000000000000 ) ) ;
#9002 = PLANE ( 'NONE',  #4768 ) ;
#9003 = LINE ( 'NONE', #3102, #4779 ) ;
#9004 = CARTESIAN_POINT ( 'NONE',  ( 61.99999999999997868, 72.00000000000002842, 5.000000000000000000 ) ) ;
#9005 = LINE ( 'NONE', #5445, #5281 ) ;
#9006 = EDGE_CURVE ( 'NONE', #832, #2744, #607, .T. ) ;
#9007 = ORIENTED_EDGE ( 'NONE', *, *, #6251, .T. ) ;
#9008 = EDGE_CURVE ( 'NONE', #6211, #1681, #657, .T. ) ;
#9009 = AXIS2_PLACEMENT_3D ( 'NONE', #5757, #8480, #4208 ) ;
#9010 = DIRECTION ( 'NONE',  ( 0.000000000000000000, 0.000000000000000000, -1.000000000000000000 ) ) ;
#9011 = LINE ( 'NONE', #2591, #2861 ) ;
#9012 = DIRECTION ( 'NONE',  ( -1.850371707708594316E-16, 1.000000000000000000, -0.000000000000000000 ) ) ;
#9013 = DIRECTION ( 'NONE',  ( -1.850371707708594070E-16, 1.000000000000000000, 0.000000000000000000 ) ) ;
#9014 = AXIS2_PLACEMENT_3D ( 'NONE', #6507, #5302, #8061 ) ;
#9015 = DIRECTION ( 'NONE',  ( -0.000000000000000000, 1.000000000000000000, 8.673617379884028076E-17 ) ) ;
#9017 = ORIENTED_EDGE ( 'NONE', *, *, #5481, .F. ) ;
#9016 = VECTOR ( 'NONE', #3130, 1000.000000000000000 ) ;
#9018 = EDGE_LOOP ( 'NONE', ( #6107, #1120, #8653, #8933 ) ) ;
#9019 = ORIENTED_EDGE ( 'NONE', *, *, #2628, .T. ) ;
#9020 = EDGE_CURVE ( 'NONE', #2429, #4043, #2815, .T. ) ;
#9021 = VECTOR ( 'NONE', #5494, 1000.000000000000000 ) ;
#9022 = VECTOR ( 'NONE', #5095, 1000.000000000000000 ) ;
#9023 = CARTESIAN_POINT ( 'NONE',  ( 50.00000000000000000, -71.99999999999997158, 2.000000000000000000 ) ) ;
#9024 = ORIENTED_EDGE ( 'NONE', *, *, #8945, .T. ) ;
#9025 = LINE ( 'NONE', #413, #4695 ) ;
#9026 = ORIENTED_EDGE ( 'NONE', *, *, #2736, .T. ) ;
#9027 = ORIENTED_EDGE ( 'NONE', *, *, #3062, .T. ) ;
#9028 = VECTOR ( 'NONE', #7413, 1000.000000000000000 ) ;
#9029 = DIRECTION ( 'NONE',  ( 1.000000000000000000, 0.000000000000000000, 0.000000000000000000 ) ) ;
#9030 = CARTESIAN_POINT ( 'NONE',  ( -28.00000000000002487, 75.00000000000002842, 5.000000000000000000 ) ) ;
#9031 = EDGE_CURVE ( 'NONE', #4896, #1609, #7064, .T. ) ;
#9032 = CIRCLE ( 'NONE', #7387, 18.00000000000000000 ) ;
#9033 = ORIENTED_EDGE ( 'NONE', *, *, #8253, .F. ) ;
#9034 = DIRECTION ( 'NONE',  ( 1.000000000000000000, 1.850371707708594070E-16, 0.000000000000000000 ) ) ;
#9035 = ORIENTED_EDGE ( 'NONE', *, *, #5174, .F. ) ;
#9036 = CARTESIAN_POINT ( 'NONE',  ( 52.50000000000002842, -45.00000000000001421, 2.000000000000000000 ) ) ;
#9037 = LINE ( 'NONE', #8335, #3821 ) ;
#9038 = ORIENTED_EDGE ( 'NONE', *, *, #3014, .T. ) ;
#9039 = DIRECTION ( 'NONE',  ( 0.000000000000000000, -0.000000000000000000, 1.000000000000000000 ) ) ;
#9040 = EDGE_CURVE ( 'NONE', #9118, #1911, #6883, .T. ) ;
#9041 = VECTOR ( 'NONE', #561, 1000.000000000000000 ) ;
#9042 = ORIENTED_EDGE ( 'NONE', *, *, #7688, .T. ) ;
#9043 = EDGE_CURVE ( 'NONE', #4819, #939, #3327, .T. ) ;
#9044 = CARTESIAN_POINT ( 'NONE',  ( 71.99999999999998579, 55.00000000000002132, 5.000000000000000000 ) ) ;
#9045 = VECTOR ( 'NONE', #1414, 1000.000000000000000 ) ;
#9046 = LINE ( 'NONE', #1134, #1031 ) ;
#9047 = FACE_OUTER_BOUND ( 'NONE', #1194, .T. ) ;
#9048 = DIRECTION ( 'NONE',  ( 0.000000000000000000, 1.000000000000000000, -8.673617379884039170E-17 ) ) ;
#9049 = DIRECTION ( 'NONE',  ( -1.000000000000000000, -1.850371707708594070E-16, -0.000000000000000000 ) ) ;
#9050 = LINE ( 'NONE', #7161, #7918 ) ;
#9051 = CARTESIAN_POINT ( 'NONE',  ( 75.00000000000000000, 15.00000000000002665, 5.000000000000000000 ) ) ;
#9052 = CARTESIAN_POINT ( 'NONE',  ( 72.00000000000000000, -4.999999999999977796, 5.000000000000000000 ) ) ;
#9053 = EDGE_CURVE ( 'NONE', #3333, #6631, #6930, .T. ) ;
#9054 = CARTESIAN_POINT ( 'NONE',  ( 31.99999999999997868, 72.00000000000002842, 2.000000000000000000 ) ) ;
#9055 = ORIENTED_EDGE ( 'NONE', *, *, #5714, .F. ) ;
#9056 = VECTOR ( 'NONE', #3171, 1000.000000000000000 ) ;
#9057 = VECTOR ( 'NONE', #1396, 1000.000000000000000 ) ;
#9058 = CARTESIAN_POINT ( 'NONE',  ( -43.00000000000002132, 72.00000000000002842, 5.000000000000000000 ) ) ;
#9059 = DIRECTION ( 'NONE',  ( -0.000000000000000000, -1.000000000000000000, -0.000000000000000000 ) ) ;
#9060 = FACE_OUTER_BOUND ( 'NONE', #1021, .T. ) ;
#9061 = PRODUCT_DEFINITION ( 'UNKNOWN', '', #540, #7664 ) ;
#9062 = LINE ( 'NONE', #5496, #5126 ) ;
#9063 = EDGE_CURVE ( 'NONE', #1475, #6902, #2156, .T. ) ;
#9064 = VECTOR ( 'NONE', #2677, 1000.000000000000000 ) ;
#9065 = PLANE ( 'NONE',  #291 ) ;
#9066 = CARTESIAN_POINT ( 'NONE',  ( 61.99999999999997868, 72.00000000000002842, 2.000000000000000000 ) ) ;
#9067 = MANIFOLD_SOLID_BREP ( 'Boss-Extrude2', #3758 ) ;
#9068 = ORIENTED_EDGE ( 'NONE', *, *, #3298, .F. ) ;
#9069 = EDGE_LOOP ( 'NONE', ( #3879, #5750, #465, #5019 ) ) ;
#9070 = VECTOR ( 'NONE', #290, 1000.000000000000000 ) ;
#9071 = DIRECTION ( 'NONE',  ( -1.000000000000000000, 0.000000000000000000, -0.000000000000000000 ) ) ;
#9072 = ORIENTED_EDGE ( 'NONE', *, *, #1142, .F. ) ;
#9073 = EDGE_CURVE ( 'NONE', #4190, #3356, #2244, .T. ) ;
#9074 = DIRECTION ( 'NONE',  ( -0.000000000000000000, 1.000000000000000000, -0.000000000000000000 ) ) ;
#9075 = VERTEX_POINT ( 'NONE', #1453 ) ;
#9076 = ORIENTED_EDGE ( 'NONE', *, *, #5173, .F. ) ;
#9077 = LINE ( 'NONE', #4673, #5461 ) ;
#9078 = ORIENTED_EDGE ( 'NONE', *, *, #5292, .F. ) ;
#9079 = FACE_OUTER_BOUND ( 'NONE', #3254, .T. ) ;
#9080 = ORIENTED_EDGE ( 'NONE', *, *, #9246, .T. ) ;
#9081 = ORIENTED_EDGE ( 'NONE', *, *, #3980, .F. ) ;
#9082 = ADVANCED_FACE ( 'NONE', ( #1591 ), #8584, .F. ) ;
#9083 = CARTESIAN_POINT ( 'NONE',  ( -54.99999999999999289, -71.99999999999997158, 1.999999999999999112 ) ) ;
#9084 = ORIENTED_EDGE ( 'NONE', *, *, #6272, .F. ) ;
#9085 = DIRECTION ( 'NONE',  ( -0.000000000000000000, -1.000000000000000000, -0.000000000000000000 ) ) ;
#9086 = DIRECTION ( 'NONE',  ( 1.000000000000000000, 1.850371707708594070E-16, -0.000000000000000000 ) ) ;
#9087 = ORIENTED_EDGE ( 'NONE', *, *, #1759, .F. ) ;
#9088 = ORIENTED_EDGE ( 'NONE', *, *, #6074, .T. ) ;
#9089 =( LENGTH_UNIT ( ) NAMED_UNIT ( * ) SI_UNIT ( .MILLI., .METRE. ) );
#9090 = DIRECTION ( 'NONE',  ( 0.000000000000000000, -0.000000000000000000, 1.000000000000000000 ) ) ;
#9091 = CARTESIAN_POINT ( 'NONE',  ( 0.000000000000000000, -71.99999999999997158, 5.000000000000000000 ) ) ;
#9092 = ADVANCED_FACE ( 'NONE', ( #7300, #5112, #3700, #7211, #2345, #3745, #4272, #4318, #4366, #7964, #6456, #5210, #145 ), #192, .T. ) ;
#9093 = DIRECTION ( 'NONE',  ( -0.000000000000000000, 1.000000000000000000, -0.000000000000000000 ) ) ;
#9094 = CARTESIAN_POINT ( 'NONE',  ( 75.00000000000001421, -49.99999999999997158, 1.999999999999999556 ) ) ;
#9095 = EDGE_CURVE ( 'NONE', #6620, #3094, #3047, .T. ) ;
#9096 = CARTESIAN_POINT ( 'NONE',  ( -72.00000000000000000, -16.99999999999998579, 1.999999999999999556 ) ) ;
#9097 = CARTESIAN_POINT ( 'NONE',  ( -59.60000000000001563, -3.500000000000003109, 2.000000000000000000 ) ) ;
#9098 = CARTESIAN_POINT ( 'NONE',  ( -5.100000000000010303, -57.99999999999997158, 2.000000000000000000 ) ) ;
#9099 = DIRECTION ( 'NONE',  ( 0.000000000000000000, 0.000000000000000000, -1.000000000000000000 ) ) ;
#9100 = LINE ( 'NONE', #1091, #3320 ) ;
#9101 = LINE ( 'NONE', #6975, #4833 ) ;
#9102 = EDGE_LOOP ( 'NONE', ( #6368, #7417, #6062, #9174 ) ) ;
#9103 = CARTESIAN_POINT ( 'NONE',  ( 72.00000000000000000, -34.99999999999997868, 5.000000000000000000 ) ) ;
#9104 = VECTOR ( 'NONE', #2198, 1000.000000000000000 ) ;
#9105 = CARTESIAN_POINT ( 'NONE',  ( 0.000000000000000000, -45.00000000000001421, 2.000000000000000000 ) ) ;
#9106 = DIRECTION ( 'NONE',  ( -0.000000000000000000, -0.000000000000000000, 1.000000000000000000 ) ) ;
#9107 = EDGE_CURVE ( 'NONE', #7844, #710, #752, .T. ) ;
#9108 = EDGE_LOOP ( 'NONE', ( #99, #1818, #9254, #6543 ) ) ;
#9109 = CARTESIAN_POINT ( 'NONE',  ( 0.000000000000000000, -71.99999999999997158, 0.000000000000000000 ) ) ;
#9110 = VERTEX_POINT ( 'NONE', #6410 ) ;
#9111 = VECTOR ( 'NONE', #4738, 1000.000000000000000 ) ;
#9112 = ORIENTED_EDGE ( 'NONE', *, *, #358, .F. ) ;
#9113 = VERTEX_POINT ( 'NONE', #10 ) ;
#9114 = VECTOR ( 'NONE', #4993, 1000.000000000000000 ) ;
#9115 = EDGE_CURVE ( 'NONE', #2965, #458, #1497, .T. ) ;
#9116 = DIRECTION ( 'NONE',  ( -1.000000000000000000, 0.000000000000000000, 8.673617379884028076E-17 ) ) ;
#9117 = CARTESIAN_POINT ( 'NONE',  ( -72.00000000000001421, 23.00000000000001421, 5.000000000000000000 ) ) ;
#9118 = VERTEX_POINT ( 'NONE', #2863 ) ;
#9119 = VECTOR ( 'NONE', #896, 1000.000000000000000 ) ;
#9120 = LINE ( 'NONE', #728, #6782 ) ;
#9121 = ORIENTED_EDGE ( 'NONE', *, *, #1663, .T. ) ;
#9122 = DIRECTION ( 'NONE',  ( 0.000000000000000000, -0.000000000000000000, -1.000000000000000000 ) ) ;
#9123 = ORIENTED_EDGE ( 'NONE', *, *, #8253, .T. ) ;
#9124 = DIRECTION ( 'NONE',  ( -0.000000000000000000, -0.000000000000000000, -1.000000000000000000 ) ) ;
#9125 = VECTOR ( 'NONE', #1683, 1000.000000000000000 ) ;
#9126 = EDGE_CURVE ( 'NONE', #781, #2829, #3608, .T. ) ;
#9127 = EDGE_LOOP ( 'NONE', ( #5916, #3643, #351, #7798 ) ) ;
#9128 = DIRECTION ( 'NONE',  ( 1.000000000000000000, -0.000000000000000000, 1.734723475976808080E-16 ) ) ;
#9129 = ORIENTED_EDGE ( 'NONE', *, *, #3537, .T. ) ;
#9130 = FACE_OUTER_BOUND ( 'NONE', #1410, .T. ) ;
#9131 = VERTEX_POINT ( 'NONE', #3190 ) ;
#9132 = LINE ( 'NONE', #5011, #1533 ) ;
#9133 = LINE ( 'NONE', #8430, #479 ) ;
#9134 = EDGE_CURVE ( 'NONE', #6338, #5187, #3987, .T. ) ;
#9135 = CARTESIAN_POINT ( 'NONE',  ( 58.00000000000000711, 3.500000000000003109, 5.000000000000000888 ) ) ;
#9136 = CARTESIAN_POINT ( 'NONE',  ( 9.999999999999994671, -74.99999999999997158, 5.000000000000000000 ) ) ;
#9137 = CARTESIAN_POINT ( 'NONE',  ( -68.00000000000002842, 75.00000000000002842, 2.000000000000000000 ) ) ;
#9138 = LINE ( 'NONE', #8130, #2154 ) ;
#9139 = FACE_OUTER_BOUND ( 'NONE', #2213, .T. ) ;
#9140 = MECHANICAL_DESIGN_GEOMETRIC_PRESENTATION_REPRESENTATION (  '', ( #2103 ), #7341 ) ;
#9141 = DIRECTION ( 'NONE',  ( -1.000000000000000000, 0.000000000000000000, 0.000000000000000000 ) ) ;
#9142 = DIRECTION ( 'NONE',  ( -0.000000000000000000, 1.000000000000000000, 8.673617379884028076E-17 ) ) ;
#9143 = DIRECTION ( 'NONE',  ( 0.000000000000000000, 0.000000000000000000, -1.000000000000000000 ) ) ;
#9144 = ORIENTED_EDGE ( 'NONE', *, *, #5616, .F. ) ;
#9145 = VERTEX_POINT ( 'NONE', #3892 ) ;
#9146 = EDGE_CURVE ( 'NONE', #6592, #5165, #940, .T. ) ;
#9147 = EDGE_CURVE ( 'NONE', #1892, #3397, #4553, .T. ) ;
#9148 = AXIS2_PLACEMENT_3D ( 'NONE', #8070, #1646, #6703 ) ;
#9149 = DIRECTION ( 'NONE',  ( -1.000000000000000000, 0.000000000000000000, -1.734723475976807834E-16 ) ) ;
#9150 = LINE ( 'NONE', #3337, #7029 ) ;
#9151 = LINE ( 'NONE', #8448, #6030 ) ;
#9152 = EDGE_LOOP ( 'NONE', ( #8011, #279, #6977, #7991 ) ) ;
#9153 = LINE ( 'NONE', #8450, #5074 ) ;
#9154 = FACE_OUTER_BOUND ( 'NONE', #2340, .T. ) ;
#9155 = VECTOR ( 'NONE', #3801, 1000.000000000000000 ) ;
#9156 = ORIENTED_EDGE ( 'NONE', *, *, #2417, .F. ) ;
#9157 = EDGE_LOOP ( 'NONE', ( #4203, #5547, #7339, #245 ) ) ;
#9158 = ADVANCED_FACE ( 'NONE', ( #7405 ), #6832, .F. ) ;
#9159 = ADVANCED_FACE ( 'NONE', ( #7488 ), #1637, .F. ) ;
#9160 = VECTOR ( 'NONE', #4878, 1000.000000000000000 ) ;
#9161 = CARTESIAN_POINT ( 'NONE',  ( 55.00000000000000711, -74.99999999999997158, 5.000000000000000000 ) ) ;
#9162 = CARTESIAN_POINT ( 'NONE',  ( 72.00000000000001421, -120.0000000000000000, 0.000000000000000000 ) ) ;
#9163 = ORIENTED_EDGE ( 'NONE', *, *, #1800, .F. ) ;
#9164 = CARTESIAN_POINT ( 'NONE',  ( -58.00000000000002132, 72.00000000000002842, 2.000000000000000000 ) ) ;
#9165 = VERTEX_POINT ( 'NONE', #4599 ) ;
#9166 = CARTESIAN_POINT ( 'NONE',  ( 72.00000000000000000, 30.00000000000002132, 5.000000000000000000 ) ) ;
#9167 = ORIENTED_EDGE ( 'NONE', *, *, #1510, .T. ) ;
#9168 = ORIENTED_EDGE ( 'NONE', *, *, #1946, .T. ) ;
#9169 = CARTESIAN_POINT ( 'NONE',  ( 4.137854692725198016E-15, -20.00000000000000000, 5.000000000000000000 ) ) ;
#9170 = AXIS2_PLACEMENT_3D ( 'NONE', #1275, #3292, #4137 ) ;
#9171 = AXIS2_PLACEMENT_3D ( 'NONE', #2049, #8625, #4911 ) ;
#9172 = ORIENTED_EDGE ( 'NONE', *, *, #4585, .F. ) ;
#9173 = DIRECTION ( 'NONE',  ( -0.000000000000000000, -0.000000000000000000, -1.000000000000000000 ) ) ;
#9174 = ORIENTED_EDGE ( 'NONE', *, *, #8947, .T. ) ;
#9175 = AXIS2_PLACEMENT_3D ( 'NONE', #2521, #3230, #6164 ) ;
#9176 = CARTESIAN_POINT ( 'NONE',  ( 7.500000000000000000, -19.99999999999999645, 5.000000000000000888 ) ) ;
#9177 = VECTOR ( 'NONE', #4766, 1000.000000000000000 ) ;
#9178 = VERTEX_POINT ( 'NONE', #6647 ) ;
#9179 = EDGE_CURVE ( 'NONE', #928, #268, #6125, .T. ) ;
#9180 = EDGE_CURVE ( 'NONE', #5893, #4789, #1035, .T. ) ;
#9181 = DIRECTION ( 'NONE',  ( 0.000000000000000000, 0.000000000000000000, -1.000000000000000000 ) ) ;
#9182 = ORIENTED_EDGE ( 'NONE', *, *, #6074, .F. ) ;
#9183 = CYLINDRICAL_SURFACE ( 'NONE', #6307, 1.600000000000005196 ) ;
#9184 = DIRECTION ( 'NONE',  ( 0.000000000000000000, 0.000000000000000000, -1.000000000000000000 ) ) ;
#9185 = AXIS2_PLACEMENT_3D ( 'NONE', #6351, #7759, #3498 ) ;
#9186 = DIRECTION ( 'NONE',  ( -0.000000000000000000, 0.000000000000000000, -1.000000000000000000 ) ) ;
#9187 = LINE ( 'NONE', #9235, #949 ) ;
#9188 = CARTESIAN_POINT ( 'NONE',  ( -120.0000000000000000, 72.00000000000002842, 0.000000000000000000 ) ) ;
#9189 = DIRECTION ( 'NONE',  ( 0.000000000000000000, 0.000000000000000000, -1.000000000000000000 ) ) ;
#9190 = EDGE_CURVE ( 'NONE', #3736, #5989, #8993, .T. ) ;
#9191 = AXIS2_PLACEMENT_3D ( 'NONE', #5504, #6337, #6951 ) ;
#9192 = DIRECTION ( 'NONE',  ( 1.850371707708594070E-16, -1.000000000000000000, 0.000000000000000000 ) ) ;
#9193 = CARTESIAN_POINT ( 'NONE',  ( -72.00000000000001421, -50.00000000000000000, 0.000000000000000000 ) ) ;
#9194 = LINE ( 'NONE', #7065, #782 ) ;
#9195 = CARTESIAN_POINT ( 'NONE',  ( 46.99999999999997158, 72.00000000000002842, 5.000000000000000000 ) ) ;
#9196 = VERTEX_POINT ( 'NONE', #4688 ) ;
#9197 = ORIENTED_EDGE ( 'NONE', *, *, #3747, .F. ) ;
#9198 = VECTOR ( 'NONE', #6998, 1000.000000000000000 ) ;
#9199 = DIRECTION ( 'NONE',  ( 0.000000000000000000, -0.000000000000000000, 1.000000000000000000 ) ) ;
#9200 = VECTOR ( 'NONE', #9000, 1000.000000000000000 ) ;
#9201 = DIRECTION ( 'NONE',  ( 0.000000000000000000, 0.000000000000000000, -1.000000000000000000 ) ) ;
#9202 = LINE ( 'NONE', #3615, #5130 ) ;
#9203 = ORIENTED_EDGE ( 'NONE', *, *, #700, .T. ) ;
#9204 = EDGE_CURVE ( 'NONE', #4472, #8308, #5345, .T. ) ;
#9205 = CARTESIAN_POINT ( 'NONE',  ( 71.99999999999998579, 72.00000000000002842, 2.000000000000000000 ) ) ;
#9206 = DIRECTION ( 'NONE',  ( 1.000000000000000000, 0.000000000000000000, 0.000000000000000000 ) ) ;
#9207 = AXIS2_PLACEMENT_3D ( 'NONE', #8549, #5867, #7318 ) ;
#9208 = AXIS2_PLACEMENT_3D ( 'NONE', #134, #6444, #7196 ) ;
#9209 = ORIENTED_EDGE ( 'NONE', *, *, #424, .F. ) ;
#9210 = EDGE_LOOP ( 'NONE', ( #4520, #6406, #7424, #2877 ) ) ;
#9211 = AXIS2_PLACEMENT_3D ( 'NONE', #1613, #8961, #8794 ) ;
#9212 = CARTESIAN_POINT ( 'NONE',  ( -75.00000000000001421, 75.00000000000002842, 5.000000000000000000 ) ) ;
#9213 = DIRECTION ( 'NONE',  ( -0.000000000000000000, 1.000000000000000000, -0.000000000000000000 ) ) ;
#9214 = ORIENTED_EDGE ( 'NONE', *, *, #8151, .F. ) ;
#9215 = EDGE_CURVE ( 'NONE', #1609, #4478, #2570, .T. ) ;
#9216 = DIRECTION ( 'NONE',  ( -1.000000000000000000, 0.000000000000000000, 0.000000000000000000 ) ) ;
#9217 = EDGE_CURVE ( 'NONE', #5146, #1518, #5384, .T. ) ;
#9218 = EDGE_LOOP ( 'NONE', ( #4937, #1937, #4883, #4683 ) ) ;
#9219 = ORIENTED_EDGE ( 'NONE', *, *, #6650, .F. ) ;
#9220 = LINE ( 'NONE', #732, #7562 ) ;
#9221 = VERTEX_POINT ( 'NONE', #2438 ) ;
#9222 = VERTEX_POINT ( 'NONE', #3798 ) ;
#9223 = CARTESIAN_POINT ( 'NONE',  ( 55.00000000000000711, -71.99999999999997158, 1.999999999999999112 ) ) ;
#9224 = VECTOR ( 'NONE', #707, 1000.000000000000000 ) ;
#9225 = CARTESIAN_POINT ( 'NONE',  ( 75.00000000000000000, 1.387778780781445676E-14, 5.000000000000000000 ) ) ;
#9226 = ORIENTED_EDGE ( 'NONE', *, *, #3526, .F. ) ;
#9227 = LINE ( 'NONE', #2705, #8896 ) ;
#9228 = EDGE_CURVE ( 'NONE', #8466, #6342, #5997, .T. ) ;
#9229 = VERTEX_POINT ( 'NONE', #7350 ) ;
#9230 = LINE ( 'NONE', #7863, #234 ) ;
#9231 = VERTEX_POINT ( 'NONE', #5301 ) ;
#9232 = DIRECTION ( 'NONE',  ( -1.000000000000000000, -1.850371707708594070E-16, 0.000000000000000000 ) ) ;
#9233 = FACE_OUTER_BOUND ( 'NONE', #3438, .T. ) ;
#9234 = EDGE_CURVE ( 'NONE', #9245, #8612, #246, .T. ) ;
#9235 = CARTESIAN_POINT ( 'NONE',  ( -72.00000000000001421, 33.00000000000001421, 5.000000000000000000 ) ) ;
#9236 = LINE ( 'NONE', #6504, #3566 ) ;
#9237 = ORIENTED_EDGE ( 'NONE', *, *, #3379, .F. ) ;
#9238 = LINE ( 'NONE', #1450, #7395 ) ;
#9239 = CARTESIAN_POINT ( 'NONE',  ( 72.00000000000000000, 1.332267629550187849E-14, 1.999999999999999556 ) ) ;
#9240 = ORIENTED_EDGE ( 'NONE', *, *, #1569, .F. ) ;
#9241 = CARTESIAN_POINT ( 'NONE',  ( 41.99999999999997868, 72.00000000000002842, 5.000000000000000000 ) ) ;
#9242 = PLANE ( 'NONE',  #1825 ) ;
#9243 = CARTESIAN_POINT ( 'NONE',  ( -72.00000000000000000, -31.99999999999997868, 2.000000000000000000 ) ) ;
#9244 = ORIENTED_EDGE ( 'NONE', *, *, #6129, .F. ) ;
#9245 = VERTEX_POINT ( 'NONE', #1776 ) ;
#9246 = EDGE_CURVE ( 'NONE', #3886, #8684, #1079, .T. ) ;
#9247 = DIRECTION ( 'NONE',  ( -1.000000000000000000, -1.850371707708594070E-16, -0.000000000000000000 ) ) ;
#9248 = FACE_OUTER_BOUND ( 'NONE', #446, .T. ) ;
#9249 = CARTESIAN_POINT ( 'NONE',  ( -72.00000000000001421, 72.00000000000002842, 2.000000000000000444 ) ) ;
#9250 = VERTEX_POINT ( 'NONE', #3939 ) ;
#9251 = CARTESIAN_POINT ( 'NONE',  ( -28.00000000000002487, 72.00000000000002842, 2.000000000000000000 ) ) ;
#9252 = FACE_BOUND ( 'NONE', #889, .T. ) ;
#9253 = EDGE_LOOP ( 'NONE', ( #7145, #8740, #6575, #7338 ) ) ;
#9254 = ORIENTED_EDGE ( 'NONE', *, *, #7378, .T. ) ;
#9255 = EDGE_CURVE ( 'NONE', #8508, #2091, #1820, .T. ) ;
#9256 = CARTESIAN_POINT ( 'NONE',  ( -20.00000000000000355, -71.99999999999997158, 5.000000000000000000 ) ) ;
#9257 = CARTESIAN_POINT ( 'NONE',  ( -63.00000000000002842, 72.00000000000002842, 5.000000000000000000 ) ) ;
#9258 = EDGE_LOOP ( 'NONE', ( #7312, #5558, #6985, #6678 ) ) ;
#9259 = CARTESIAN_POINT ( 'NONE',  ( 75.00000000000000000, -29.99999999999998579, 5.000000000000000000 ) ) ;
#9260 = DIRECTION ( 'NONE',  ( -0.000000000000000000, 4.336808689942029569E-16, 1.000000000000000000 ) ) ;
#9261 = VERTEX_POINT ( 'NONE', #8157 ) ;
#9262 = ORIENTED_EDGE ( 'NONE', *, *, #5257, .T. ) ;
#9263 = AXIS2_PLACEMENT_3D ( 'NONE', #5802, #7818, #7060 ) ;
#9264 = CARTESIAN_POINT ( 'NONE',  ( 11.99999999999998224, 72.00000000000002842, 5.000000000000000000 ) ) ;
#9265 = ORIENTED_EDGE ( 'NONE', *, *, #2734, .T. ) ;
#9266 = VERTEX_POINT ( 'NONE', #5253 ) ;
#9267 = LINE ( 'NONE', #7041, #7372 ) ;
#9268 = ORIENTED_EDGE ( 'NONE', *, *, #6303, .T. ) ;
#9269 = UNCERTAINTY_MEASURE_WITH_UNIT (LENGTH_MEASURE( 1.000000000000000082E-05 ), #1503, 'distance_accuracy_value', 'NONE');
#9270 = EDGE_CURVE ( 'NONE', #2597, #8595, #8105, .T. ) ;
#9271 = EDGE_CURVE ( 'NONE', #1609, #587, #3504, .T. ) ;
#9272 = AXIS2_PLACEMENT_3D ( 'NONE', #2460, #7425, #445 ) ;
#9273 = DIRECTION ( 'NONE',  ( -0.000000000000000000, -0.000000000000000000, 1.000000000000000000 ) ) ;
#9274 = ORIENTED_EDGE ( 'NONE', *, *, #2452, .T. ) ;
#9275 = LINE ( 'NONE', #7147, #207 ) ;
#9276 = ORIENTED_EDGE ( 'NONE', *, *, #7432, .T. ) ;
#9277 = DIRECTION ( 'NONE',  ( -1.000000000000000000, -1.850371707708594070E-16, 0.000000000000000000 ) ) ;
ENDSEC;
END-ISO-10303-21;
